Crash Number,City/Town Name,Crash Date,Crash Time,Crash Severity,Number of Vehicles,Total Nonfatal Injuries,Total Fatal Injuries,Manner of Collision,Vehicle Action Prior to Crash,Vehicle Travel Directions,Most Harmful Events,Vehicle Configuration,Road Surface Condition,Ambient Light,Weather Condition,At Roadway Intersection,Distance from Nearest Roadway Intersection,Distance from Nearest Milemarker,Distance from Nearest Exit,Distance from Nearest Landmark,Non Motorist Type,X Coordinate,Y Coordinate
3726706,BOSTON,01-Jan-2014,3:00 AM,Not Reported,1,0,0,Single vehicle crash,V1: Travelling straight ahead,V1:Eastbound ,V1: Collision with guardrail ,V1: Passenger car,Dry,Dark - lighted roadway,Clear,,MASSACHUSETTS TURNPIKE Rte I90 E,,Exit IC 19 on Rte 90 EB,RAN INTO GUARDRAIL,,231251.21156,900789.69548
3713403,BOSTON,01-Jan-2014,3:36 AM,Non-fatal injury,2,1,0,Rear-end,V1: Travelling straight ahead / V2:Travelling straight ahead,V1:Eastbound / V2:Eastbound ,V1: Collision with motor vehicle in traffic / V2: Collision with motor vehicle in traffic ,V1: Passenger car / V2:Passenger car,Dry,Dark - lighted roadway,Clear,,Rte 90 E / UNKNOWN,,,,,239023.31587,902297.36925
3726446,BOSTON,01-Jan-2014,3:54 AM,Property damage only (none injured),1,0,0,Single vehicle crash,V1: Leaving traffic lane,V1:Southbound ,V1: Collision with median barrier ,V1: Passenger car,Dry,Dark - lighted roadway,Clear,,Rte 93 S,,Exit 15 on Rte 93,,,236629.62530,897168.50008
3712644,BOSTON,01-Jan-2014,4:02 AM,Non-fatal injury,2,1,0,Angle,V1: Travelling straight ahead / V2:Travelling straight ahead,V1:Eastbound / V2:Northbound ,V1: Collision with motor vehicle in traffic / V2: Collision with motor vehicle in traffic ,"V1: Passenger car / V2:Light truck(van, mini-van, panel, pickup, sport utility) with only four tires",Dry,Dark - lighted roadway,Clear,,FRONTAGE ROAD / SOUTH BOSTON BYPASS ROAD,,,SOUTH BOSTON BY PASS ROAD,,235950.95240,898250.42149
3712643,BOSTON,01-Jan-2014,4:43 AM,Property damage only (none injured),1,0,0,Single vehicle crash,V1: Travelling straight ahead,V1:Eastbound ,V1: Collision with motor vehicle in traffic ,V1: Passenger car,Dry,Dark - lighted roadway,Not Reported,,STORROW DRIVE / DAVID G MUGAR WAY,,,,,235214.68156,900915.47008
3759333,BOSTON,01-Jan-2014,5:30 AM,Not Reported,1,0,0,Not reported,V1: Travelling straight ahead,V1:Westbound ,V1: Not reported ,V1: Passenger car,Dry,Dawn,Clear,,100 feet W from Intersection 240 KELTON STREET / COREY STREET,,,,P2:Pedestrian,229987.30770,899616.73936
3745932,BOSTON (ROXBURY),01-Jan-2014,7:00 AM,Non-fatal injury,2,1,0,Rear-end,V1: Travelling straight ahead / V2:Slowing or stopped in traffic,V1:Southbound / V2:Southbound ,V1: Collision with motor vehicle in traffic / V2: Collision with motor vehicle in traffic ,"V1: Light truck(van, mini-van, panel, pickup, sport utility) with only four tires / V2:Bus (seats for more than 15 people, including driver)",Dry,Daylight,Clear,,2387 WASHINGTON STREET,,,50 feet W from DUDLEY STATION,,234209.49992,897702.16542
3775729,BOSTON,01-Jan-2014,2:00 PM,Not Reported,1,0,0,Angle,V1: Unknown,V1:Not reported ,V1: Collision with other movable object ,V1: Unknown vehicle configuration,Dry,Daylight,Clear,MASSACHUSETTS AVENUE / PROCTOR STREET,,,,,,235646.62575,897542.31832
3711903,BOSTON,01-Jan-2014,5:15 PM,Property damage only (none injured),2,0,0,Rear-end,V1: Entering traffic lane / V2:Travelling straight ahead,V1:Northbound / V2:Northbound ,V1: Collision with motor vehicle in traffic / V2: Collision with motor vehicle in traffic ,V1: Passenger car / V2:Passenger car,Dry,Dark - lighted roadway,Clear,,Rte 93 N / UNKNOWN,,Exit 15 on Rte 93 N,,,236972.24960,896473.42822
3714992,BOSTON,02-Jan-2014,5:40 AM,Property damage only (none injured),3,0,0,Rear-end,V1: Travelling straight ahead / V2:Travelling straight ahead / V3:Travelling straight ahead,V1:Southbound / V2:Southbound / V3:Southbound ,V1: Collision with motor vehicle in traffic / V2: Collision with median barrier / V3: Collision with motor vehicle in traffic ,"V1: Light truck(van, mini-van, panel, pickup, sport utility) with only four tires / V2:Passenger car / V3:Light truck(van, mini-van, panel, pickup, sport utility) with only four tires",Snow,Dark - lighted roadway,"Snow/Blowing sand, snow",,Rte 93 S / UNKNOWN,,Exit 13 on Rte 93 S,,,237399.88656,894072.47201
3763133,BOSTON (DORCHESTER),02-Jan-2014,9:05 AM,Non-fatal injury,2,1,0,Head-on,V1: Slowing or stopped in traffic / V2:Overtaking/passing,V1:Eastbound / V2:Westbound ,V1: Collision with motor vehicle in traffic / V2: Collision with motor vehicle in traffic ,"V1: Light truck(van, mini-van, panel, pickup, sport utility) with only four tires / V2:Light truck(van, mini-van, panel, pickup, sport utility) with only four tires",Snow,Daylight,Snow,,439 QUINCY STREET,,,,,235708.17320,895559.46134
3717462,BOSTON,02-Jan-2014,9:05 AM,Property damage only (none injured),1,0,0,Single vehicle crash,V1: Travelling straight ahead,V1:Eastbound ,V1: Collision with median barrier ,"V1: Light truck(van, mini-van, panel, pickup, sport utility) with only four tires",Snow,Daylight,Not Reported,,Rte 90 E,Rte 90  E Milemarker 137.0,,,,239158.72822,901670.44045
3711906,BOSTON,02-Jan-2014,9:05 AM,Property damage only (none injured),1,0,0,Single vehicle crash,V1: Not reported,V1:Southbound ,V1: Collision with utility pole ,V1: Passenger car,Snow,Daylight,Snow,,LA GRANGE STREET Rte UNKNOW / ENNEKING PARKWAY BRANCH,,,,,229395.12520,891436.37476
3713458,BOSTON,02-Jan-2014,9:08 AM,Property damage only (none injured),1,0,0,Single vehicle crash,V1: Travelling straight ahead,V1:Westbound ,V1: Collision with guardrail ,"V1: Light truck(van, mini-van, panel, pickup, sport utility) with only four tires",Snow,Daylight,Snow,,Rte 90 W / UNKNOWN,,,,,229752.05828,900842.79848
3749979,BOSTON,02-Jan-2014,9:43 AM,Property damage only (none injured),2,0,0,Angle,V1: Slowing or stopped in traffic / V2:Not reported,V1:Northbound / V2:Not reported ,V1: Collision with motor vehicle in traffic / V2: Not reported ,"V1: Light truck(van, mini-van, panel, pickup, sport utility) with only four tires / V2:Not reported",Snow,Daylight,Cloudy/Snow,,JAMAICAWAY / BYNNER STREET,,,,,231761.92206,897172.37487
3712642,BOSTON,02-Jan-2014,9:45 AM,Non-fatal injury,2,1,0,Head-on,V1: Travelling straight ahead / V2:Travelling straight ahead,V1:Southbound / V2:Northbound ,V1: Collision with motor vehicle in traffic / V2: Collision with motor vehicle in traffic ,"V1: Light truck(van, mini-van, panel, pickup, sport utility) with only four tires / V2:Passenger car",Snow,Daylight,Snow,,RIVERWAY,,,,,231989.00999,898153.03759
3710207,BOSTON,02-Jan-2014,9:57 AM,Property damage only (none injured),2,0,0,Rear-end,V1: Slowing or stopped in traffic / V2:Travelling straight ahead,V1:Northbound / V2:Northbound ,V1: Collision with motor vehicle in traffic / V2: Collision with motor vehicle in traffic ,"V1: Light truck(van, mini-van, panel, pickup, sport utility) with only four tires / V2:Light truck(van, mini-van, panel, pickup, sport utility) with only four tires",Ice,Daylight,"Snow/Sleet, hail (freezing rain or drizzle)",,TEMPORARY RAMP Rte 1 N / MAURICE TOBIN BRIDGE,,,,,235848.14063,902282.23359
3712313,BOSTON,02-Jan-2014,10:15 AM,Property damage only (none injured),2,0,0,"Sideswipe, same direction",V1: Travelling straight ahead / V2:Travelling straight ahead,V1:Northbound / V2:Northbound ,V1: Not reported / V2: Not reported ,V1: Passenger car / V2:Truck/trailer,Snow,Daylight,Clear/Snow,ARBORWAY / CENTRE STREET,,,,,,231152.57902,895470.31217
3714091,BOSTON,02-Jan-2014,10:15 AM,Non-fatal injury,2,1,0,Rear-end,V1: Slowing or stopped in traffic / V2:Slowing or stopped in traffic,V1:Northbound / V2:Northbound ,V1: Collision with motor vehicle in traffic / V2: Collision with motor vehicle in traffic ,V1: Passenger car / V2:Passenger car,Snow,Daylight,Snow,CAMBRIDGE STREET / RAMP-RT 90 TO CAMBRIDGE ST EB / RAMP-CAMBRIDGE ST TO SOLDIERS FIELD RD E,,,,CAMBRIDGE STREET,,231486.27144,901228.69682
3713465,BOSTON,02-Jan-2014,11:48 AM,Property damage only (none injured),2,0,0,Angle,V1: Travelling straight ahead / V2:Travelling straight ahead,V1:Eastbound / V2:Eastbound ,V1: Collision with motor vehicle in traffic / V2: Collision with motor vehicle in traffic ,V1: Passenger car / V2:Passenger car,Snow,Daylight,Cloudy/Snow,,Rte 90 E / UNKNOWN,,,,,232547.86857,899858.44083
3720903,BOSTON (DORCHESTER),02-Jan-2014,11:53 AM,Property damage only (none injured),2,0,0,Rear-end,V1: Travelling straight ahead / V2:Slowing or stopped in traffic,V1:Northbound / V2:Northbound ,V1: Collision with motor vehicle in traffic / V2: Collision with motor vehicle in traffic ,"V1: Light truck(van, mini-van, panel, pickup, sport utility) with only four tires / V2:Bus (seats for 7-15 people, including driver)",Snow,Daylight,Snow,BOWDOIN STREET / GENEVA AVENUE,,,,,,235337.17192,894858.18750
3714092,BOSTON,02-Jan-2014,12:09 PM,Property damage only (none injured),1,0,0,Single vehicle crash,V1: Travelling straight ahead,V1:Eastbound ,V1: Collision with motor vehicle in traffic ,V1: Passenger car,Snow,Daylight,Snow,STORROW DRIVE / CHARLESGATE WEST,,,,KENMORE,,233331.51586,900085.81246
3717835,BOSTON,02-Jan-2014,12:10 PM,Non-fatal injury,1,1,0,Not reported,V1: Not reported,V1:Not reported ,V1: Not reported ,V1: Not reported,Snow,Daylight,Snow,,STANIFORD STREET,,,LINDEMANN HURLEY PLAZA,P1:Pedestrian,235932.02895,901392.61606
3711907,BOSTON,02-Jan-2014,1:10 PM,Property damage only (none injured),1,0,0,Single vehicle crash,V1: Not reported,V1:Northbound ,V1: Collision with tree ,"V1: Light truck(van, mini-van, panel, pickup, sport utility) with only four tires",Snow,Daylight,Snow,,95 TURTLE POND PARKWAY,,,OLSEN POOL,,229770.20453,888804.31401
3768120,BOSTON,02-Jan-2014,1:25 PM,Property damage only (none injured),1,0,0,Single vehicle crash,V1: Turning left,V1:Eastbound ,V1: Collision with light pole or other post/support ,V1: Passenger car,Snow,Daylight,"Snow/Blowing sand, snow",BOWDOIN STREET / DERNE STREET,,,,,,236010.29679,901090.37490
3712308,BOSTON,02-Jan-2014,2:00 PM,Property damage only (none injured),2,0,0,Angle,V1: Turning right / V2:Travelling straight ahead,V1:Northbound / V2:Northbound ,V1: Not reported / V2: Collision with motor vehicle in traffic ,"V1: Light truck(van, mini-van, panel, pickup, sport utility) with only four tires / V2:Passenger car",Snow,Daylight,Snow,COMMONWEALTH AVENUE / DARTMOUTH STREET,,,,,,234742.07432,900259.05074
3783225,BOSTON,02-Jan-2014,3:20 PM,Not Reported,1,0,0,Single vehicle crash,V1: Not reported,V1:Not reported ,V1: Not reported ,"V1: Light truck(van, mini-van, panel, pickup, sport utility) with only four tires",Snow,Daylight,Snow,QUINCY STREET / STANLEY STREET,,,,,,235557.65602,895676.31230
3711111,BOSTON,02-Jan-2014,3:52 PM,Property damage only (none injured),1,0,0,Angle,V1: Travelling straight ahead,V1:Westbound ,V1: Other ,"V1: Light truck(van, mini-van, panel, pickup, sport utility) with only four tires",Snow,Dusk,Snow,,RAMP - LEVERETT CONNECTOR TO STORROW DRI Rte SR3A N / EMBANKMENT ROAD Rte SR3A N,,,LEVERETT TUNNEL TO STORROW DRIVE,,235550.63316,901853.04748
3713473,BOSTON,02-Jan-2014,3:55 PM,Non-fatal injury,1,1,0,Single vehicle crash,V1: Travelling straight ahead,V1:Eastbound ,V1: Collision with light pole or other post/support ,"V1: Light truck(van, mini-van, panel, pickup, sport utility) with only four tires",Snow,Dusk,Snow,,MORTON STREET Rte SR203 E / RAMP - RT 203 EB TO AMERICAN LEGION HWY,,,AMERICAN LEGION HWY,,233326.39698,893573.15115
3775727,BOSTON (SOUTH BOSTON),02-Jan-2014,5:05 PM,Not Reported,2,0,0,Angle,V1: Travelling straight ahead / V2:Slowing or stopped in traffic,V1:Eastbound / V2:Not reported ,V1: Not reported / V2: Not reported ,"V1: Passenger car / V2:Unknown heavy truck, cannot classify",Snow,Dark - lighted roadway,Snow,,400 D STREET,,,,,237417.94926,899268.53544
3720709,BOSTON,02-Jan-2014,8:26 PM,Property damage only (none injured),1,0,0,Single vehicle crash,V1: Travelling straight ahead,V1:Westbound ,V1: Collision with guardrail ,V1: Tractor/semi-trailer,Snow,Dark - unknown roadway lighting,Snow,,Rte 90 W,Rte 90  W Milemarker 132.0,,EXITING PRUDENTIAL TUNNEL,,232572.21818,899870.48833
3714084,BOSTON,02-Jan-2014,10:40 PM,Property damage only (none injured),2,0,0,Angle,V1: Travelling straight ahead / V2:Other,V1:Southbound / V2:Southbound ,V1: Collision with motor vehicle in traffic / V2: Collision with motor vehicle in traffic ,"V1: Passenger car / V2:Light truck(van, mini-van, panel, pickup, sport utility) with only four tires",Snow,Dark - lighted roadway,Cloudy/Snow,,Rte 93 S / UNKNOWN,,,,,236518.14380,900338.24280
3716877,BOSTON,02-Jan-2014,11:15 PM,Property damage only (none injured),1,0,0,Single vehicle crash,V1: Travelling straight ahead,V1:Southbound ,V1: Collision with light pole or other post/support ,V1: Passenger car,Snow,Dark - lighted roadway,Snow,JAMAICAWAY / BYNNER STREET,,,,,,231761.92200,897172.37476
3716878,BOSTON,03-Jan-2014,00:00 AM,Property damage only (none injured),1,0,0,Single vehicle crash,V1: Turning left,V1:Northbound ,V1: Collision with curb ,V1: Passenger car,Snow,Dark - lighted roadway,Snow,,CHARLESGATE OVERPASS Rte UNKNOW N / BOYLSTON STREET,,,,,233594.03669,899755.78301
3715420,BOSTON,03-Jan-2014,00:00 AM,Property damage only (none injured),1,0,0,Single vehicle crash,V1: Travelling straight ahead,V1:Southbound ,V1: Collision with median barrier ,"V1: Single-unit truck (2-axle, 6-tire)",Snow,Dark - lighted roadway,Snow,,Rte 93 S,,Exit 15 on Rte 93,ENTER TO HOV,,236629.62530,897168.50008
3715405,BOSTON,03-Jan-2014,3:44 AM,Property damage only (none injured),2,0,0,"Sideswipe, same direction",V1: Overtaking/passing / V2:Other,V1:Eastbound / V2:Eastbound ,V1: Collision with motor vehicle in traffic / V2: Collision with motor vehicle in traffic ,"V1: Truck/trailer / V2:Single-unit truck (2-axle, 6-tire)",Snow,Dark - lighted roadway,Snow,,MASSACHUSETTS TURNPIKE Rte 90 E,,Exit 18 on Rte 90 E,,,230855.35334,900804.56283
3715070,BOSTON,03-Jan-2014,4:50 AM,Property damage only (none injured),1,0,0,Single vehicle crash,V1: Entering traffic lane,V1:Eastbound ,V1: Collision with light pole or other post/support ,"V1: Light truck(van, mini-van, panel, pickup, sport utility) with only four tires",Snow,Dark - roadway not lighted,Snow,,CAMBRIDGE STREET Rte UNKNOW E / MASSACHUSETTS TURNPIKE,,,,,230416.02054,900716.74988
3723052,BOSTON,03-Jan-2014,9:30 AM,Property damage only (none injured),2,0,0,Rear-end,V1: Slowing or stopped in traffic / V2:Travelling straight ahead,V1:Eastbound / V2:Eastbound ,V1: Collision with motor vehicle in traffic / V2: Collision with motor vehicle in traffic ,"V1: Passenger car / V2:Light truck(van, mini-van, panel, pickup, sport utility) with only four tires",Snow,Daylight,"Blowing sand, snow",,GALLIVAN BOULEVARD Rte UNKNOW / NEPONSET AVENUE,,,POPE JOHN PAUL II PARK ENTRANCEW,,237775.37071,892890.04926
3713821,BOSTON,03-Jan-2014,9:40 AM,Property damage only (none injured),2,0,0,Angle,V1: Travelling straight ahead / V2:Travelling straight ahead,V1:Southbound / V2:Eastbound ,V1: Collision with motor vehicle in traffic / V2: Collision with motor vehicle in traffic ,"V1: Passenger car / V2:Bus (seats for more than 15 people, including driver)",Slush,Daylight,Clear,,GALLIVAN BOULEVARD / DORCHESTER AVENUE,,,,,235804.40623,892252.56266
3763234,BOSTON (DORCHESTER),03-Jan-2014,7:18 PM,Not Reported,4,0,0,Not reported,V1: Travelling straight ahead / V2:Travelling straight ahead / V3:Parked / V4:Parked,V1:Not reported / V2:Not reported / V3:Not reported / V4:Not reported ,V1: Collision with parked motor vehicle / V2: Not reported / V3: Not reported / V4: Not reported ,"V1: Passenger car / V2:Light truck(van, mini-van, panel, pickup, sport utility) with only four tires / V3:Passenger car / V4:Passenger car",Not reported,Not reported,Not Reported,,343 PARK STREET,,,,,235650.37563,894113.79072
3716840,BOSTON,03-Jan-2014,10:05 PM,Property damage only (none injured),1,0,0,Single vehicle crash,V1: Travelling straight ahead,V1:Westbound ,V1: Other ,V1: Passenger car,Ice,Dark - lighted roadway,Cloudy,,MASSACHUSETTS TURNPIKE Rte 90 W / TED WILLIAMS TUNNEL,,,D-RAMP,,239051.40276,900924.24386
3720509,BOSTON,04-Jan-2014,00:00 AM,Non-fatal injury,2,1,0,Rear-end,V1: Slowing or stopped in traffic / V2:Slowing or stopped in traffic,V1:Westbound / V2:Westbound ,V1: Collision with motor vehicle in traffic / V2: Collision with motor vehicle in traffic ,V1: Passenger car / V2:Passenger car,Wet,Dark - lighted roadway,Clear,,LEVERETT CIRCLE Rte UNKNOW / NASHUA STREET,,,,,235565.47067,901894.54974
3721043,BOSTON (DORCHESTER),04-Jan-2014,8:30 AM,Non-fatal injury,2,2,0,Head-on,V1: Travelling straight ahead / V2:Backing,V1:Northbound / V2:Westbound ,V1: Collision with motor vehicle in traffic / V2: Collision with motor vehicle in traffic ,"V1: Light truck(van, mini-van, panel, pickup, sport utility) with only four tires / V2:Tractor/semi-trailer",Snow,Daylight,Clear,GENEVA AVENUE / VINSON STREET,,,,,,235966.25659,894364.16433
3785572,BOSTON (ROSLINDALE),04-Jan-2014,8:52 AM,Property damage only (none injured),2,0,0,Rear-end,V1: Slowing or stopped in traffic / V2:Travelling straight ahead,V1:Southbound / V2:Southbound ,V1: Collision with motor vehicle in traffic / V2: Collision with motor vehicle in traffic ,V1: Passenger car / V2:Passenger car,Wet,Daylight,Clear,,,,,STOP SHOP ENTRANCE,,231784.20235,891962.20922
3713471,BOSTON,04-Jan-2014,10:00 AM,Property damage only (none injured),3,0,0,"Sideswipe, same direction",V1: Changing lanes / V2:Travelling straight ahead / V3:Travelling straight ahead,V1:Northbound / V2:Northbound / V3:Northbound ,V1: Collision with motor vehicle in traffic / V2: Collision with motor vehicle in traffic / V3: Collision with motor vehicle in traffic ,"V1: Passenger car / V2:Light truck(van, mini-van, panel, pickup, sport utility) with only four tires / V3:Light truck(van, mini-van, panel, pickup, sport utility) with only four tires",Snow,Daylight,Clear,,Rte 93 N / UNKNOWN,,Exit 16 on Rte 93 N,,,236403.98421,897524.31204
3720511,BOSTON,04-Jan-2014,10:25 AM,Non-fatal injury,2,1,0,"Sideswipe, same direction",V1: Overtaking/passing / V2:Travelling straight ahead,V1:Northbound / V2:Northbound ,V1: Collision with motor vehicle in traffic / V2: Collision with motor vehicle in traffic ,"V1: Light truck(van, mini-van, panel, pickup, sport utility) with only four tires / V2:Passenger car",Snow,Daylight,Clear,,Rte 93 N / UNKNOWN,,Exit 14 on Rte 93 N,,,237258.97956,894483.39736
3725511,BOSTON,04-Jan-2014,10:25 AM,Non-fatal injury,3,2,0,Rear-end,V1: Slowing or stopped in traffic / V2:Slowing or stopped in traffic / V3:Travelling straight ahead,V1:Northbound / V2:Northbound / V3:Northbound ,V1: Collision with motor vehicle in traffic / V2: Collision with motor vehicle in traffic / V3: Collision with motor vehicle in traffic ,"V1: Light truck(van, mini-van, panel, pickup, sport utility) with only four tires / V2:Passenger car / V3:Light truck(van, mini-van, panel, pickup, sport utility) with only four tires",Dry,Daylight,Clear,,Rte 93 N,,Exit 14 on Rte 93 N,,,237258.97956,894483.39736
3716841,BOSTON,04-Jan-2014,11:14 AM,Non-fatal injury,1,1,0,Single vehicle crash,V1: Travelling straight ahead,V1:Southbound ,V1: Other ,"V1: Light truck(van, mini-van, panel, pickup, sport utility) with only four tires",Wet,Daylight,Clear,,Rte 93 S / UNKNOWN,,,,,236903.09473,901022.04840
3713410,BOSTON,04-Jan-2014,11:50 AM,Property damage only (none injured),3,0,0,Rear-end,V1: Travelling straight ahead / V2:Slowing or stopped in traffic / V3:Slowing or stopped in traffic,V1:Northbound / V2:Northbound / V3:Northbound ,V1: Collision with motor vehicle in traffic / V2: Collision with motor vehicle in traffic / V3: Collision with motor vehicle in traffic ,"V1: Passenger car / V2:Light truck(van, mini-van, panel, pickup, sport utility) with only four tires / V3:Light truck(van, mini-van, panel, pickup, sport utility) with only four tires",Snow,Daylight,Clear,,Rte 93 N / UNKNOWN,,Exit 15 on Rte 93 N,,,236972.24960,896473.42822
3768115,BOSTON,04-Jan-2014,1:00 PM,Property damage only (none injured),2,0,0,Angle,V1: Backing / V2:Slowing or stopped in traffic,V1:Southbound / V2:Northbound ,V1: Collision with motor vehicle in traffic / V2: Collision with motor vehicle in traffic ,V1: Passenger car / V2:Unknown vehicle configuration,Slush,Daylight,Clear,SUDBURY STREET / CONGRESS STREET,,,,,,236378.02850,901425.99653
3711899,BOSTON,04-Jan-2014,1:01 PM,Property damage only (none injured),2,0,0,"Sideswipe, opposite direction",V1: Travelling straight ahead / V2:Travelling straight ahead,V1:Northbound / V2:Northbound ,V1: Collision with motor vehicle in traffic / V2: Collision with motor vehicle in traffic ,V1: Passenger car / V2:Passenger car,Wet,Daylight,Clear,,Rte 93 N,Rte 93  N Milemarker 16.8,,100 FT SOUTH OF ONEIL TUNNEL,,236447.50411,899851.49732
3711110,BOSTON,04-Jan-2014,3:04 PM,Non-fatal injury,2,1,0,Rear-end,V1: Travelling straight ahead / V2:Travelling straight ahead,V1:Eastbound / V2:Eastbound ,V1: Collision with motor vehicle in traffic / V2: Collision with motor vehicle in traffic ,V1: Passenger car / V2:Passenger car,Wet,Daylight,Clear,,Rte 90 E / UNKNOWN,,Exit 24 on Rte 90 E,,,236020.75290,899669.46591
3794207,BOSTON (ROXBURY),04-Jan-2014,4:51 PM,Not Reported,2,0,0,Rear-end,V1: Not reported / V2:Not reported,V1:Not reported / V2:Not reported ,V1: Not reported / V2: Not reported ,V1: Passenger car / V2:Passenger car,Dry,Daylight,Clear,BLUE HILL AVENUE / DEVON STREET,,,,,,234496.35938,895679.25016
3713472,BOSTON,04-Jan-2014,5:10 PM,Property damage only (none injured),2,0,0,Rear-end,V1: Making U-turn / V2:Parked,V1:Northbound / V2:Not reported ,V1: Collision with parked motor vehicle / V2: Collision with motor vehicle in traffic ,"V1: Light truck(van, mini-van, panel, pickup, sport utility) with only four tires / V2:Passenger car",Dry,Daylight,Clear,,1880 WILLIAM DAY BOULEVARD / EAST BROADWAY,,,@ MURPHY RINK,,239286.57007,898589.16028
3768116,BOSTON,04-Jan-2014,7:00 PM,Non-fatal injury,1,1,0,Single vehicle crash,V1: Travelling straight ahead,V1:Northbound ,V1: Collision with pedestrian ,"V1: Light truck(van, mini-van, panel, pickup, sport utility) with only four tires",Wet,Dark - lighted roadway,Clear,,17 COURT STREET,,,,P2:Pedestrian,236382.75218,901030.59833
3716578,BOSTON,04-Jan-2014,7:03 PM,Property damage only (none injured),2,0,0,Rear-end,V1: Travelling straight ahead / V2:Travelling straight ahead,V1:Southbound / V2:Southbound ,V1: Collision with motor vehicle in traffic / V2: Collision with motor vehicle in traffic ,V1: Passenger car / V2:Passenger car,Dry,Dark - lighted roadway,Clear,,Rte 93,,Exit 15 on Rte 93,@ EXIT #15,,236629.62530,897168.50008
3711908,BOSTON,04-Jan-2014,8:55 PM,Property damage only (none injured),2,0,0,Head-on,V1: Travelling straight ahead / V2:Travelling straight ahead,V1:Southbound / V2:Northbound ,V1: Not reported / V2: Not reported ,V1: Passenger car / V2:Passenger car,Slush,Dark - lighted roadway,Clear,,740 MORTON STREET Rte 203,,,,,233849.67205,892677.93200
3712532,BOSTON,04-Jan-2014,11:00 PM,Non-fatal injury,1,1,0,Single vehicle crash,V1: Travelling straight ahead,V1:Westbound ,V1: Collision with pedestrian ,V1: Passenger car,Ice,Dark - lighted roadway,Clear,MORTON STREET / LUCERNE STREET,,,,,P3:Pedestrian,233855.99995,892682.56228
3775569,BOSTON (CHARLESTOWN),04-Jan-2014,11:30 PM,Property damage only (none injured),2,0,0,Angle,V1: Travelling straight ahead / V2:Travelling straight ahead,V1:Not reported / V2:Not reported ,V1: Collision with motor vehicle in traffic / V2: Collision with motor vehicle in traffic ,"V1: Light truck(van, mini-van, panel, pickup, sport utility) with only four tires / V2:Passenger car",Dry,Dark - lighted roadway,Clear/Clear,BUNKER HILL STREET / PEARL STREET,,,,,,235934.39381,903308.74955
3716582,BOSTON,04-Jan-2014,11:49 PM,Property damage only (none injured),3,0,0,Rear-end,V1: Parked / V2:Travelling straight ahead / V3:Travelling straight ahead,V1:Westbound / V2:Westbound / V3:Westbound ,V1: Collision with motor vehicle in traffic / V2: Collision with motor vehicle in traffic / V3: Collision with parked motor vehicle ,"V1: Light truck(van, mini-van, panel, pickup, sport utility) with only four tires / V2:Passenger car / V3:Passenger car",Snow,Dark - lighted roadway,Not Reported,,740 MORTON STREET Rte 203 / LUCERNE STREET,,,,"P3:Other non-motorist (wheelchair, etc.)",233855.99996,892682.56227
3728436,BOSTON,05-Jan-2014,1:09 AM,Non-fatal injury,1,1,0,Single vehicle crash,V1: Travelling straight ahead,V1:Eastbound ,V1: Collision with guardrail ,V1: Passenger car,Snow,Dark - lighted roadway,Not Reported,,ENNEKING PARKWAY Rte UNKNOW / SMITH FIELD ROAD,,,,,230079.59393,889809.25002
3712314,BOSTON,05-Jan-2014,1:46 AM,Non-fatal injury,1,1,0,Single vehicle crash,V1: Not reported,V1:Westbound ,V1: Collision with light pole or other post/support ,"V1: Light truck(van, mini-van, panel, pickup, sport utility) with only four tires",Wet,Dark - lighted roadway,Cloudy,,CENTRE STREET,,,,,230945.21034,895028.55114
3711900,BOSTON,05-Jan-2014,9:09 AM,Property damage only (none injured),1,0,0,Single vehicle crash,V1: Travelling straight ahead,V1:Eastbound ,V1: Other ,V1: Passenger car,Wet,Other,Clear,,RAMP-RT 90 EB TO RT 9 (STUART ST/HUNTING,,Exit 22 on Rte 90 E,,,234881.19164,899747.56297
3775579,BOSTON,05-Jan-2014,11:08 AM,Non-fatal injury,1,1,0,Single vehicle crash,V1: Turning left,V1:Northbound ,V1: Collision with light pole or other post/support ,V1: Passenger car,Wet,Daylight,Clear,,181 CAMBRIDGE STREET,,,,,235797.63241,901283.60436
3717841,BOSTON,05-Jan-2014,12:49 PM,Non-fatal injury,2,1,0,Angle,V1: Turning left / V2:Travelling straight ahead,V1:Northbound / V2:Westbound ,V1: Collision with motor vehicle in traffic / V2: Collision with motor vehicle in traffic ,V1: Passenger car / V2:Passenger car,Wet,Daylight,Not Reported,CHARLESGATE EAST / COMMONWEALTH AVENUE,,,,,,233649.97320,899935.85227
3764831,BOSTON (DORCHESTER),05-Jan-2014,9:00 PM,Non-fatal injury,2,1,0,Unknown,V1: Travelling straight ahead / V2:Not reported,V1:Not reported / V2:Not reported ,V1: Collision with motor vehicle in traffic / V2: Not reported ,"V1: Light truck(van, mini-van, panel, pickup, sport utility) with only four tires / V2:Not reported",Wet,Dark - lighted roadway,Clear/Clear,,818 WILLIAM T MORRISSEY BOULEVARD,,,BOSTON BOWL,,237343.54051,893863.57088