Crash Number,City/Town Name,Crash Date,Crash Time,Crash Severity,Number of Vehicles,Total Nonfatal Injuries,Total Fatal Injuries,Manner of Collision,Vehicle Action Prior to Crash,Vehicle Travel Directions,Most Harmful Events,Vehicle Configuration,Road Surface Condition,Ambient Light,Weather Condition,At Roadway Intersection,Distance from Nearest Roadway Intersection,Distance from Nearest Milemarker,Distance from Nearest Exit,Distance from Nearest Landmark,Non Motorist Type,X Coordinate,Y Coordinate
3720387,BOSTON,12-Jan-2014,12:10 PM,Property damage only (none injured),2,0,0,Angle,V1: Travelling straight ahead / V2:Turning left,V1:Southbound / V2:Northbound ,V1: Collision with motor vehicle in traffic / V2: Collision with motor vehicle in traffic ,V1: MOPED / V2:Passenger car,Dry,Daylight,Cloudy,WILLIAM T MORRISSEY BOULEVARD / FREEPORT STREET,,,,,,237149.8439,894580.3748
3720513,BOSTON,12-Jan-2014,2:10 PM,Property damage only (none injured),2,0,0,"Sideswipe, same direction",V1: Travelling straight ahead / V2:Turning left,V1:Southbound / V2:Southbound ,V1: Collision with motor vehicle in traffic / V2: Collision with motor vehicle in traffic ,V1: Passenger car / V2:Passenger car,Dry,Daylight,Cloudy,,Rte 93 S / UNKNOWN,,Exit 15 on Rte 93 S,,,236629.6253,897168.5001
3716847,BOSTON,12-Jan-2014,10:30 PM,Property damage only (none injured),1,0,0,Single vehicle crash,V1: Travelling straight ahead,V1:Southbound ,V1: Collision with median barrier ,V1: Passenger car,Dry,Dark - lighted roadway,Clear,,Rte 93 S / UNKNOWN,,Exit 20 on Rte 93 S,,,236954.209,900826.9442
3723422,BOSTON,13-Jan-2014,6:04 AM,Property damage only (none injured),1,0,0,Single vehicle crash,V1: Travelling straight ahead,V1:Westbound ,V1: Collision with curb ,V1: Passenger car,Dry,Dark - lighted roadway,Clear,,MORTON STREET Rte UNKNOW / JAMES SHEA CIRCLE,,,,,232426.4151,894490.4999
3715416,BOSTON,13-Jan-2014,6:45 AM,Property damage only (none injured),2,0,0,Angle,V1: Changing lanes / V2:Travelling straight ahead,V1:Westbound / V2:Westbound ,V1: Collision with motor vehicle in traffic / V2: Collision with motor vehicle in traffic ,V1: Passenger car / V2:Tractor/semi-trailer,Dry,Daylight,Clear,,Rte 90 W,,Exit 25 on Rte 90,,,238090.4393,899691.5691
3714984,BOSTON,13-Jan-2014,7:58 AM,Non-fatal injury,5,1,0,Rear-end,V1: Slowing or stopped in traffic / V2:Slowing or stopped in traffic / V3:Slowing or stopped in traffic / V4:Travelling straight ahead / V5:Travelling straight ahead,V1:Westbound / V2:Westbound / V3:Westbound / V4:Westbound / V5:Westbound ,V1: Collision with motor vehicle in traffic / V2: Collision with motor vehicle in traffic / V3: Collision with motor vehicle in traffic / V4: Collision with motor vehicle in traffic / V5: Collision with motor vehicle in traffic ,"V1: Light truck(van, mini-van, panel, pickup, sport utility) with only four tires / V2:Passenger car / V3:Light truck(van, mini-van, panel, pickup, sport utility) with only four tires / V4:Passenger car / V5:Passenger car",Dry,Daylight,Clear,,Rte 90 W / UNKNOWN,,,,,235135.1311,899805.8008
3720388,BOSTON,13-Jan-2014,9:45 AM,Property damage only (none injured),2,0,0,Rear-end,V1: Travelling straight ahead / V2:Slowing or stopped in traffic,V1:Northbound / V2:Northbound ,V1: Collision with motor vehicle in traffic / V2: Collision with motor vehicle in traffic ,"V1: Light truck(van, mini-van, panel, pickup, sport utility) with only four tires / V2:Passenger car",Dry,Daylight,Clear,,Rte 93 N / UNKNOWN,,Exit 15 on Rte 93 N,,,236972.2496,896473.4282
3715078,BOSTON,13-Jan-2014,10:38 AM,Property damage only (none injured),2,0,0,Angle,V1: Turning right / V2:Travelling straight ahead,V1:Northbound / V2:Northbound ,V1: Collision with motor vehicle in traffic / V2: Collision with motor vehicle in traffic ,"V1: Passenger car / V2:Light truck(van, mini-van, panel, pickup, sport utility) with only four tires",Dry,Daylight,Clear,FRONTAGE ROAD / WIDETT CIRCLE,,,,,,236004.2736,898158.7919
3720514,BOSTON,13-Jan-2014,12:55 PM,Property damage only (none injured),2,0,0,Angle,V1: Travelling straight ahead / V2:Turning left,V1:Westbound / V2:Northbound ,V1: Collision with motor vehicle in traffic / V2: Collision with motor vehicle in traffic ,V1: Passenger car / V2:Passenger car,Dry,Daylight,Clear,GALLIVAN BOULEVARD / MILTON AVENUE,,,,,,235078.9376,892049.5623
3787031,BOSTON (WEST ROXBURY),13-Jan-2014,6:00 PM,Not Reported,2,0,0,Angle,V1: Turning left / V2:Travelling straight ahead,V1:Not reported / V2:Not reported ,V1: Collision with motor vehicle in traffic / V2: Collision with motor vehicle in traffic ,"V1: Passenger car / V2:Light truck(van, mini-van, panel, pickup, sport utility) with only four tires",Dry,Dark - lighted roadway,Clear/Clear,COREY STREET / VETERANS OF FOREIGN WARS PARKWAY,,,,,,227821.0467,893720.8752
3759131,BOSTON (ROXBURY),13-Jan-2014,6:15 PM,Not Reported,2,0,0,Rear-end,V1: Slowing or stopped in traffic / V2:Travelling straight ahead,V1:Not reported / V2:Not reported ,V1: Collision with motor vehicle in traffic / V2: Collision with motor vehicle in traffic ,"V1: Passenger car / V2:Light truck(van, mini-van, panel, pickup, sport utility) with only four tires",Dry,Unknown,Clear/Clear,SEAVER STREET / COLUMBIA ROAD,,,,,,234425.7346,894944.4999
3716858,BOSTON,14-Jan-2014,7:12 AM,Non-fatal injury,2,1,0,Rear-end,V1: Slowing or stopped in traffic / V2:Slowing or stopped in traffic,V1:Southbound / V2:Southbound ,V1: Collision with motor vehicle in traffic / V2: Collision with motor vehicle in traffic ,"V1: Light truck(van, mini-van, panel, pickup, sport utility) with only four tires / V2:Passenger car","Sand, mud, dirt, oil, gravel",Daylight,Rain,,RAMP - RT 1 SB FROM TOBIN BRIDGE Rte I93 S / JOHN F FITZGERALD EXPRESSWAY Rte I93 S,,,RAMP T-C,,235687.9716,902411.0437
3716884,BOSTON,14-Jan-2014,9:30 AM,Property damage only (none injured),2,0,0,Rear-end,V1: Slowing or stopped in traffic / V2:Travelling straight ahead,V1:Eastbound / V2:Eastbound ,V1: Collision with motor vehicle in traffic / V2: Collision with motor vehicle in traffic ,"V1: Light truck(van, mini-van, panel, pickup, sport utility) with only four tires / V2:Passenger car",Wet,Daylight,Cloudy/Rain,STORROW DRIVE / UNIVERSITY ROAD / BAY STATE. ROAD,,,,,,232286.1875,900193.4999
3775547,BOSTON,14-Jan-2014,10:40 AM,Non-fatal injury,2,1,0,Single vehicle crash,V1: Travelling straight ahead / V2:Travelling straight ahead,V1:Not reported / V2:Not reported ,V1: Collision with motor vehicle in traffic / V2: Collision with motor vehicle in traffic ,V1: Passenger car / V2:Passenger car,Wet,Daylight,Rain/Rain,SPARHAWK STREET / MURDOCK STREET,,,,,,229013.3125,900043.0625
3729181,BOSTON,14-Jan-2014,1:15 PM,Non-fatal injury,2,2,0,"Sideswipe, same direction",V1: Travelling straight ahead / V2:Entering traffic lane,V1:Southbound / V2:Southbound ,V1: Collision with median barrier / V2: Collision with motor vehicle in traffic ,V1: Passenger car / V2:Passenger car,Wet,Daylight,Rain,,Rte 93 S / UNKNOWN,,Exit 15 on Rte 93 S,,,236629.6253,897168.5001
3718379,BOSTON,14-Jan-2014,5:52 PM,Property damage only (none injured),2,0,0,Angle,V1: Travelling straight ahead / V2:Travelling straight ahead,V1:Southbound / V2:Southbound ,V1: Collision with motor vehicle in traffic / V2: Collision with motor vehicle in traffic ,V1: Passenger car / V2:Passenger car,Wet,Dark - lighted roadway,Cloudy/Rain,,RIVERWAY / PARK DRIVE,,,,,232616.6834,899426.035
3779937,BOSTON (DORCHESTER),14-Jan-2014,5:53 PM,Not Reported,1,0,0,Single vehicle crash,V1: Travelling straight ahead,V1:Not reported ,V1: Collision with fence ,V1: Passenger car,Wet,Dark - lighted roadway,Rain/Rain,,74 BOWDOIN STREET,,,,,236010.5102,901125.3262
3717475,BOSTON,14-Jan-2014,7:05 PM,Property damage only (none injured),2,0,0,Rear-end,V1: Travelling straight ahead / V2:Travelling straight ahead,V1:Northbound / V2:Northbound ,V1: Collision with motor vehicle in traffic / V2: Collision with motor vehicle in traffic ,"V1: Light truck(van, mini-van, panel, pickup, sport utility) with only four tires / V2:Passenger car",Wet,Dark - lighted roadway,Rain,,LEVERETT CONNECTOR NORTH / RAMP - STORROW DRIVE TO LEVERETT CONNECT,,,LEVERRETTE RAMP,,236004.4084,901961.1669
3789531,BOSTON,15-Jan-2014,6:55 AM,Non-fatal injury,2,2,0,"Sideswipe, opposite direction",V1: Travelling straight ahead / V2:Travelling straight ahead,V1:Eastbound / V2:Westbound ,V1: Collision with motor vehicle in traffic / V2: Collision with motor vehicle in traffic ,"V1: Light truck(van, mini-van, panel, pickup, sport utility) with only four tires / V2:Light truck(van, mini-van, panel, pickup, sport utility) with only four tires",Wet,Daylight,Cloudy/Rain,,ENNEKING PARKWAY / WASHINGTON STREET,,,,,229642.4842,891696.4999
3727042,BOSTON,15-Jan-2014,8:50 AM,Property damage only (none injured),2,0,0,"Sideswipe, same direction",V1: Changing lanes / V2:Travelling straight ahead,V1:Southbound / V2:Southbound ,V1: Collision with motor vehicle in traffic / V2: Collision with motor vehicle in traffic ,V1: Passenger car / V2:Truck/trailer,Dry,Daylight,Clear,,RAMP - RT 1 SB TO RUTHERFORD AVENUE / RAMP - RT 1 SB TO RUTHERFORD AVENUE,,,CANA LOOP RAMP,,236008.8391,902409.5988
3725892,BOSTON,15-Jan-2014,9:30 AM,Non-fatal injury,2,2,0,Angle,V1: Slowing or stopped in traffic / V2:Turning right,V1:Northbound / V2:Southbound ,V1: Collision with motor vehicle in traffic / V2: Collision with motor vehicle in traffic ,V1: Passenger car / V2:Truck/trailer,Dry,Daylight,Clear,MASSACHUSETTS AVENUE / PROCTOR STREET,,,,,,235646.6257,897542.3183
3729608,BOSTON,15-Jan-2014,2:25 PM,Non-fatal injury,1,1,0,Single vehicle crash,V1: Travelling straight ahead,V1:Westbound ,V1: Collision with light pole or other post/support ,V1: Passenger car,Dry,Daylight,Clear,,MORTON STREET Rte UNKNOW W / JAMES SHEA CIRCLE,,,,,232426.4151,894490.4999
3785600,BOSTON (DORCHESTER),15-Jan-2014,2:38 PM,Non-fatal injury,2,3,0,Rear-end,V1: Slowing or stopped in traffic / V2:Travelling straight ahead,V1:Not reported / V2:Not reported ,V1: Collision with motor vehicle in traffic / V2: Collision with motor vehicle in traffic ,V1: Passenger car / V2:Passenger car,Dry,Daylight,Clear,,1645 DORCHESTER AVENUE,,,,,236127.431,893849.617
3723417,BOSTON,15-Jan-2014,5:02 PM,Non-fatal injury,3,1,0,Rear-end,V1: Slowing or stopped in traffic / V2:Slowing or stopped in traffic / V3:Travelling straight ahead,V1:Southbound / V2:Southbound / V3:Southbound ,V1: Collision with motor vehicle in traffic / V2: Collision with motor vehicle in traffic / V3: Collision with motor vehicle in traffic ,V1: Passenger car / V2:Passenger car / V3:Passenger car,Dry,Dark - lighted roadway,Cloudy,,CHARLES RIVER DAM ROAD Rte SR28 S / CHARLES RIVER DAM ROAD Rte SR28 S,,,MUSEUM OF SCIENCE,,235368.1934,902025.833
3776736,BOSTON (BRIGHTON),15-Jan-2014,5:10 PM,Not Reported,1,0,0,Single vehicle crash,V1: Travelling straight ahead,V1:Not reported ,V1: Not reported ,V1: Passenger car,Wet,Dark - lighted roadway,Rain/Other,ARTHUR STREET / HICHBORN STREET,,,,,,229495.2033,900626.125
3721187,BOSTON,15-Jan-2014,6:52 PM,Non-fatal injury,3,2,0,Rear-end,V1: Travelling straight ahead / V2:Slowing or stopped in traffic / V3:Slowing or stopped in traffic,V1:Eastbound / V2:Eastbound / V3:Eastbound ,V1: Collision with motor vehicle in traffic / V2: Collision with motor vehicle in traffic / V3: Collision with motor vehicle in traffic ,"V1: Passenger car / V2:Light truck(van, mini-van, panel, pickup, sport utility) with only four tires / V3:Passenger car",Dry,Dark - lighted roadway,Clear,,CENTRE STREET Rte UNKNOW / ARBORWAY,,,,,231318.7502,895455.5
3716581,BOSTON,15-Jan-2014,6:53 PM,Property damage only (none injured),2,0,0,Rear-end,V1: Travelling straight ahead / V2:Changing lanes,V1:Southbound / V2:Southbound ,V1: Collision with motor vehicle in traffic / V2: Collision with motor vehicle in traffic ,V1: Passenger car / V2:Passenger car,Dry,Dark - lighted roadway,Clear,,Rte 93 S / UNKNOWN,,Exit 12 on Rte 93 S,,,237620.5493,892713.0989
3720383,BOSTON,15-Jan-2014,11:00 PM,Property damage only (none injured),3,0,0,Rear-end,V1: Slowing or stopped in traffic / V2:Travelling straight ahead / V3:Travelling straight ahead,V1:Westbound / V2:Westbound / V3:Westbound ,V1: Collision with motor vehicle in traffic / V2: Collision with motor vehicle in traffic / V3: Collision with motor vehicle in traffic ,"V1: Passenger car / V2:Light truck(van, mini-van, panel, pickup, sport utility) with only four tires / V3:Passenger car",Wet,Dark - lighted roadway,Not Reported,,STORROW DRIVE Rte SR28 S / CHARLES STREET Rte SR3A N,,,,,235405.6545,901603.4438
3716859,BOSTON,15-Jan-2014,11:16 PM,Property damage only (none injured),2,0,0,Rear-end,V1: Slowing or stopped in traffic / V2:Travelling straight ahead,V1:Westbound / V2:Westbound ,V1: Collision with motor vehicle in traffic / V2: Collision with motor vehicle in traffic ,V1: Passenger car / V2:Passenger car,Dry,Dark - lighted roadway,Clear,,MASSACHUSETTS TURNPIKE Rte I90 W / RAMP - DARTMOUTH STREET TO RT 90 WB,,,PRU TUNNEL ENTRANCE PORTAL,,234579.2034,899785.2626
3728732,BOSTON (MATTAPAN),16-Jan-2014,00:00 AM,Not Reported,2,0,0,"Sideswipe, same direction",V1: Travelling straight ahead / V2:Entering traffic lane,V1:Not reported / V2:Not reported ,V1: Not reported / V2: Collision with motor vehicle in traffic ,"V1: Bus (seats for more than 15 people, including driver) / V2:Passenger car",Wet,Dark - lighted roadway,"Fog, smog, smoke/Fog, smog, smoke",,1511 BLUE HILL AVENUE / Rte 28,,,SIMCOS,,233516.4939,891420.0165
3775578,BOSTON,16-Jan-2014,3:00 AM,Property damage only (none injured),2,0,0,Not reported,V1: Travelling straight ahead / V2:Not reported,V1:Westbound / V2:Southbound ,V1: Collision with motor vehicle in traffic / V2: Not reported ,V1: Passenger car / V2:Passenger car,Not reported,Not reported,Not Reported,MELNEA CASS BOULEVARD / SHAWMUT AVENUE,,,,,,234405.6094,898229.0624
3789532,BOSTON,16-Jan-2014,7:00 AM,Property damage only (none injured),2,0,0,Angle,V1: Turning left / V2:Travelling straight ahead,V1:Eastbound / V2:Westbound ,V1: Collision with motor vehicle in traffic / V2: Collision with motor vehicle in traffic ,"V1: Light truck(van, mini-van, panel, pickup, sport utility) with only four tires / V2:Passenger car",Dry,Daylight,Cloudy,,MORTON STREET / HAVELOCK STREET,,,,,233533.0467,892972.5627
3728534,BOSTON,16-Jan-2014,2:10 PM,Non-fatal injury,1,3,0,Single vehicle crash,V1: Travelling straight ahead,V1:Northbound ,V1: Not reported ,V1: Passenger car,Dry,Daylight,Not Reported,,VETERANS OF FOREIGN WARS PARKWAY Rte UNKNOW / SPRING STREET,,,PRIME MOTORS,,227008.6251,891284.9374
3717853,BOSTON,16-Jan-2014,3:25 PM,Non-fatal injury,2,2,0,Angle,V1: Entering traffic lane / V2:Travelling straight ahead,V1:Northbound / V2:Eastbound ,V1: Collision with motor vehicle in traffic / V2: Collision with motor vehicle in traffic ,"V1: Passenger car / V2:Light truck(van, mini-van, panel, pickup, sport utility) with only four tires",Dry,Daylight,Cloudy,,GALLIVAN BOULEVARD / WILMINGTON AVENUE,,,,,234735.3124,892096.0627
3723049,BOSTON,16-Jan-2014,3:48 PM,Property damage only (none injured),2,0,0,Rear-end,V1: Travelling straight ahead / V2:Slowing or stopped in traffic,V1:Eastbound / V2:Eastbound ,V1: Collision with motor vehicle in traffic / V2: Collision with motor vehicle in traffic ,V1: Passenger car / V2:Passenger car,Dry,Daylight,Cloudy,,RAMP - RT 90 EB TO STUART STREET / STUART STREET Rte SR9 E,,,PRU-TUNNEL,,234763.5952,899778.0854
3726039,BOSTON,16-Jan-2014,4:02 PM,Property damage only (none injured),2,0,0,Rear-end,V1: Travelling straight ahead / V2:Slowing or stopped in traffic,V1:Southbound / V2:Southbound ,V1: Collision with motor vehicle in traffic / V2: Collision with motor vehicle in traffic ,"V1: Light truck(van, mini-van, panel, pickup, sport utility) with only four tires / V2:Light truck(van, mini-van, panel, pickup, sport utility) with only four tires",Dry,Daylight,Clear,,VETERANS OF FOREIGN WARS PARKWAY,,,,,227165.3923,893214.8983
3749980,BOSTON,16-Jan-2014,5:17 PM,Non-fatal injury,2,1,0,"Sideswipe, same direction",V1: Travelling straight ahead / V2:Changing lanes,V1:Eastbound / V2:Eastbound ,V1: Collision with motor vehicle in traffic / V2: Collision with motor vehicle in traffic ,"V1: Passenger car / V2:Light truck(van, mini-van, panel, pickup, sport utility) with only four tires",Dry,Dark - lighted roadway,Cloudy,,STORROW DRIVE / DARTMOUTH STREET,,,,,234656.0206,900510.9343
3785566,BOSTON (DORCHESTER),16-Jan-2014,5:51 PM,Non-fatal injury,1,1,0,Not reported,V1: Travelling straight ahead,V1:Not reported ,V1: Not reported ,V1: Passenger car,Wet,Dark - lighted roadway,"Fog, smog, smoke",,2254 DORCHESTER AVENUE / RICHMOND STREET,,,,P2:Pedestrian,235667.5159,891582.0623
3726451,BOSTON,16-Jan-2014,6:25 PM,Property damage only (none injured),3,0,0,Rear-end,V1: Slowing or stopped in traffic / V2:Travelling straight ahead / V3:Travelling straight ahead,V1:Eastbound / V2:Eastbound / V3:Eastbound ,V1: Collision with motor vehicle in traffic / V2: Collision with motor vehicle in traffic / V3: Collision with motor vehicle in traffic ,"V1: Light truck(van, mini-van, panel, pickup, sport utility) with only four tires / V2:Light truck(van, mini-van, panel, pickup, sport utility) with only four tires / V3:Passenger car",Dry,Dark - lighted roadway,Clear,,GALLIVAN BOULEVARD,,,VICINITY OF ADAMS STREET,,,
3785568,BOSTON (DORCHESTER),16-Jan-2014,7:26 PM,Non-fatal injury,2,1,0,Single vehicle crash,V1: Turning left / V2:Travelling straight ahead,V1:Northbound / V2:Southbound ,V1: Collision with motor vehicle in traffic / V2: Collision with motor vehicle in traffic ,V1: Passenger car / V2:Passenger car,Dry,Dark - lighted roadway,Clear,BOWDOIN STREET / QUINCY STREET,,,,,,235861.8905,895379.9375
3726707,BOSTON,17-Jan-2014,3:51 AM,Property damage only (none injured),1,0,0,Single vehicle crash,V1: Travelling straight ahead,V1:Westbound ,V1: Collision with median barrier ,V1: Passenger car,Dry,Dark - lighted roadway,Cloudy,,MASSACHUSETTS TURNPIKE Rte I90 W,,Exit 18 on Rte I90 W,,,231173.7355,900843.3911
3726708,BOSTON,17-Jan-2014,5:19 AM,Non-fatal injury,2,1,0,Rear-end,V1: Travelling straight ahead / V2:Slowing or stopped in traffic,V1:Southbound / V2:Southbound ,V1: Collision with motor vehicle in traffic / V2: Collision with motor vehicle in traffic ,"V1: Light truck(van, mini-van, panel, pickup, sport utility) with only four tires / V2:Not reported",Dry,Dark - lighted roadway,Clear,,HAUL ROAD Rte UNKNOW,,,HAGGERTY BRIDGE,,236405.8973,897506.9215
3720717,BOSTON,17-Jan-2014,7:35 AM,Property damage only (none injured),2,0,0,"Sideswipe, same direction",V1: Entering traffic lane / V2:Travelling straight ahead,V1:Northbound / V2:Northbound ,V1: Collision with motor vehicle in traffic / V2: Collision with motor vehicle in traffic ,V1: Passenger car / V2:Single-unit truck (3-or-more axles),Dry,Daylight,Clear,,Rte 93 N,,Exit 15 on Rte 93 N,,,236972.2496,896473.4282
3716860,BOSTON,17-Jan-2014,5:05 PM,Property damage only (none injured),3,0,0,Rear-end,V1: Slowing or stopped in traffic / V2:Slowing or stopped in traffic / V3:Travelling straight ahead,V1:Northbound / V2:Northbound / V3:Northbound ,V1: Collision with motor vehicle in traffic / V2: Collision with motor vehicle in traffic / V3: Collision with motor vehicle in traffic ,"V1: Passenger car / V2:Light truck(van, mini-van, panel, pickup, sport utility) with only four tires / V3:Light truck(van, mini-van, panel, pickup, sport utility) with only four tires",Dry,Dark - lighted roadway,Clear/Cloudy,,FRONTAGE ROAD Rte UNKNOW N / WEST FOURTH STREET,,,,,236111.8694,899236.5468
3788131,BOSTON (WEST ROXBURY),17-Jan-2014,9:55 PM,Not Reported,2,0,0,Angle,V1: Travelling straight ahead / V2:Parked,V1:Not reported / V2:Not reported ,V1: Collision with parked motor vehicle / V2: Collision with parked motor vehicle ,V1: Passenger car / V2:Passenger car,Dry,Dark - lighted roadway,Clear/Clear,,84 SANBORN AVENUE,,,,,227531.3172,892466.2387
3907398,BOSTON,18-Jan-2014,3:08 AM,Non-fatal injury,2,1,0,"Sideswipe, opposite direction",V1: Travelling straight ahead / V2:Parked,V1:Not reported / V2:Not reported ,V1: Collision with parked motor vehicle / V2: Not reported ,V1: Unknown vehicle configuration / V2:Unknown vehicle configuration,Dry,Dark - lighted roadway,Clear,,364 HARVARD STREET,,,,,233764.7805,893539.7131
3728439,BOSTON,18-Jan-2014,3:10 AM,Property damage only (none injured),1,0,0,Single vehicle crash,V1: Not reported,V1:Westbound ,V1: Collision with curb ,V1: Passenger car,Dry,Dark - lighted roadway,Clear,,MORTON STREET Rte UNKNOW / JAMES SHEA CIRCLE,,,,,232426.4151,894490.4999
3775721,BOSTON,18-Jan-2014,9:30 AM,Non-fatal injury,2,1,0,Angle,V1: Travelling straight ahead / V2:Travelling straight ahead,V1:Southbound / V2:Eastbound ,V1: Collision with motor vehicle in traffic / V2: Collision with motor vehicle in traffic ,V1: Passenger car / V2:Passenger car,Wet,Daylight,Cloudy/Rain,MASSACHUSETTS AVENUE / POMPEII STREET,,,,,,235472.6251,897822.5625
3716861,BOSTON,18-Jan-2014,10:16 AM,Property damage only (none injured),3,0,0,Angle,V1: Travelling straight ahead / V2:Changing lanes / V3:Travelling straight ahead,V1:Southbound / V2:Southbound / V3:Southbound ,V1: Collision with motor vehicle in traffic / V2: Collision with motor vehicle in traffic / V3: Collision with motor vehicle in traffic ,"V1: Passenger car / V2:Passenger car / V3:Light truck(van, mini-van, panel, pickup, sport utility) with only four tires",Wet,Daylight,Rain,,RAMP-RTS 93 NB/3 NB TO RTS 90/1A NB Rte 1A N,,Exit 20 on Rte 93 S,,,235910.2727,898282.0614
3730351,BOSTON,18-Jan-2014,10:29 AM,Property damage only (none injured),2,0,0,Rear-end,V1: Travelling straight ahead / V2:Travelling straight ahead,V1:Southbound / V2:Southbound ,V1: Collision with motor vehicle in traffic / V2: Collision with motor vehicle in traffic ,"V1: Light truck(van, mini-van, panel, pickup, sport utility) with only four tires / V2:Light truck(van, mini-van, panel, pickup, sport utility) with only four tires",Wet,Daylight,Rain,,JOHN F FITZGERALD EXPRESSWAY Rte I93 S / RAMP - LEVERETT CIRCLE TO RT 93 SB Rte SR3 S,,,O'NEILL TUNNEL,,236196.6507,901834.8446
3728434,BOSTON,18-Jan-2014,12:25 PM,Property damage only (none injured),2,0,0,Head-on,V1: Parked / V2:Other,V1:Not reported / V2:Not reported ,V1: Collision with parked motor vehicle / V2: Collision with parked motor vehicle ,"V1: Passenger car / V2:Light truck(van, mini-van, panel, pickup, sport utility) with only four tires",Snow,Daylight,Cloudy/Snow,,1850 SOLDIERS FIELD ROAD EXTENSION,,,PARKING LOT OF I HOP,,,
3721181,BOSTON,18-Jan-2014,12:43 PM,Property damage only (none injured),1,0,0,Single vehicle crash,V1: Travelling straight ahead,V1:Westbound ,V1: Collision with guardrail ,V1: Passenger car,Snow,Daylight,Snow,,MASSACHUSETTS TURNPIKE Rte I90 W,,,,,,
3776739,BOSTON (BRIGHTON),18-Jan-2014,1:25 PM,Property damage only (none injured),2,0,0,Angle,V1: Travelling straight ahead / V2:Travelling straight ahead,V1:Not reported / V2:Not reported ,V1: Collision with motor vehicle in traffic / V2: Collision with motor vehicle in traffic ,V1: Passenger car / V2:Passenger car,Snow,Daylight,"Snow/Blowing sand, snow",COMMONWEALTH AVENUE / KINROSS ROAD,,,,,,228810.8354,898992.0571
3725498,BOSTON,18-Jan-2014,2:26 PM,Property damage only (none injured),2,0,0,Rear-end,V1: Slowing or stopped in traffic / V2:Travelling straight ahead,V1:Southbound / V2:Southbound ,V1: Collision with motor vehicle in traffic / V2: Collision with motor vehicle in traffic ,"V1: Light truck(van, mini-van, panel, pickup, sport utility) with only four tires / V2:Passenger car",Slush,Daylight,Snow,,TEMPORARY RAMP Rte 1 S / MAURICE TOBIN BRIDGE,,,TOLL PLAZA,,235853.0976,902245.2623
3723419,BOSTON,18-Jan-2014,4:47 PM,Property damage only (none injured),2,0,0,Angle,V1: Travelling straight ahead / V2:Turning left,V1:Southbound / V2:Westbound ,V1: Collision with motor vehicle in traffic / V2: Collision with motor vehicle in traffic ,V1: Passenger car / V2:Passenger car,Dry,Dark - lighted roadway,Cloudy,CAMBRIDGE STREET / ALLSTON TOLL PLAZA,,,,CAMBRIDGE STREET,,231431.5939,901216.5624
3729170,BOSTON,18-Jan-2014,8:29 PM,Property damage only (none injured),2,0,0,Rear-end,V1: Changing lanes / V2:Travelling straight ahead,V1:Southbound / V2:Southbound ,V1: Collision with motor vehicle in traffic / V2: Collision with motor vehicle in traffic ,V1: Passenger car / V2:Passenger car,Dry,Dark - lighted roadway,Clear,,JOHN F FITZGERALD EXPRESSWAY Rte I93 S,,,ALBANY SREET ONRAMP,,235997.8881,899053.912
3728421,BOSTON,18-Jan-2014,8:46 PM,Property damage only (none injured),1,0,0,Angle,V1: Leaving traffic lane,V1:Northbound ,V1: Collision with median barrier ,V1: Passenger car,Dry,Dark - lighted roadway,Clear,,Rte 93 N / UNKNOWN,,Exit 26 on Rte 93 N,,,236402.7433,901600.0342
3730938,BOSTON,18-Jan-2014,10:35 PM,Property damage only (none injured),1,0,0,"Sideswipe, opposite direction",V1: Travelling straight ahead,V1:Northbound ,V1: Collision with motor vehicle in traffic ,"V1: Light truck(van, mini-van, panel, pickup, sport utility) with only four tires",Wet,Dark - lighted roadway,Not Reported,,RIVERWAY / JAMAICAWAY,,,RIVERWAY AT HUNTINGTON OVERPASS,,231902.727,898003.6606
3726185,BOSTON,18-Jan-2014,11:17 PM,Property damage only (none injured),2,0,0,"Sideswipe, same direction",V1: Travelling straight ahead / V2:Entering traffic lane,V1:Southbound / V2:Southbound ,V1: Collision with motor vehicle in traffic / V2: Collision with motor vehicle in traffic ,"V1: Light truck(van, mini-van, panel, pickup, sport utility) with only four tires / V2:Light truck(van, mini-van, panel, pickup, sport utility) with only four tires",Wet,Dark - lighted roadway,Snow,SOUTHBOUND FRONTAGE ROAD / JOHN F FITZGERALD EXPRESSWAY Rte I93 S,,,,SOUTH BAY MALL,,236397.8357,897503.8646
3718371,BOSTON,19-Jan-2014,00:00 AM,Property damage only (none injured),1,0,0,Single vehicle crash,V1: Leaving traffic lane,V1:Eastbound ,V1: Collision with median barrier ,V1: Passenger car,Wet,Dark - lighted roadway,Snow,,RAMP-RT 90 EB TO RT 9 (STUART ST/HUNTING,,Exit 22 on Rte 90 E,,,234766.0858,899774.6207