Crash Number,City/Town Name,Crash Date,Crash Time,Crash Severity,Number of Vehicles,Total Nonfatal Injuries,Total Fatal Injuries,Manner of Collision,Vehicle Action Prior to Crash,Vehicle Travel Directions,Most Harmful Events,Vehicle Configuration,Road Surface Condition,Ambient Light,Weather Condition,At Roadway Intersection,Distance from Nearest Roadway Intersection,Distance from Nearest Milemarker,Distance from Nearest Exit,Distance from Nearest Landmark,Non Motorist Type,X Coordinate,Y Coordinate
3728432,BOSTON,19-Jan-2014,1:18 AM,Non-fatal injury,1,1,0,Single vehicle crash,V1: Travelling straight ahead,V1:Westbound ,V1: Collision with pedestrian ,"V1: Light truck(van, mini-van, panel, pickup, sport utility) with only four tires",Wet,Dark - lighted roadway,Not Reported,,PARK DRIVE Rte UNKNOW / BROOKLINE AVENUE,,,,P2:Pedestrian,232742.1496,899278.3204
3718313,BOSTON,19-Jan-2014,2:10 AM,Property damage only (none injured),1,0,0,Single vehicle crash,V1: Leaving traffic lane,V1:Westbound ,V1: Collision with median barrier ,"V1: Light truck(van, mini-van, panel, pickup, sport utility) with only four tires",Wet,Dark - lighted roadway,Snow,,Rte 90 W / UNKNOWN,,Exit 24 on Rte 90 W,D RAMP,,238090.4393,899691.5691
3726178,BOSTON,19-Jan-2014,2:18 AM,Property damage only (none injured),1,0,0,Single vehicle crash,V1: Travelling straight ahead,V1:Westbound ,V1: Collision with guardrail ,V1: Passenger car,Dry,Dark - lighted roadway,Clear,,Rte 90 W,,Exit 24 on Rte 90 W,D RAMP,,238090.4393,899691.5691
3729182,BOSTON,19-Jan-2014,3:00 AM,Non-fatal injury,1,1,0,Single vehicle crash,V1: Travelling straight ahead,V1:Southbound ,V1: Collision with guardrail ,V1: Passenger car,Wet,Dark - lighted roadway,Snow,,Rte 93 S / UNKNOWN,,Exit 15 on Rte 93 S,,,236629.6253,897168.5001
3726712,BOSTON,19-Jan-2014,11:38 AM,Property damage only (none injured),2,0,0,Angle,V1: Travelling straight ahead / V2:Turning left,V1:Westbound / V2:Westbound ,V1: Collision with motor vehicle in traffic / V2: Collision with motor vehicle in traffic ,V1: Passenger car / V2:Passenger car,Dry,Daylight,Clear,TRANSPORTATION WAY / PORTER STREET,,,,,,238880.9359,902169.5081
3718372,BOSTON,19-Jan-2014,1:51 PM,Property damage only (none injured),3,0,0,Rear-end,V1: Travelling straight ahead / V2:Travelling straight ahead / V3:Travelling straight ahead,V1:Northbound / V2:Northbound / V3:Northbound ,V1: Collision with motor vehicle in traffic / V2: Collision with motor vehicle in traffic / V3: Collision with motor vehicle in traffic ,V1: Passenger car / V2:Passenger car / V3:Passenger car,Dry,Daylight,Clear,,LEVERETT CONNECTOR NORTH / RAMP - STORROW DRIVE TO LEVERETT CONNECT,,,,,236003.4738,901976.566
3799620,BOSTON,19-Jan-2014,2:20 PM,Non-fatal injury,2,1,0,Angle,V1: Turning left / V2:Travelling straight ahead,V1:Westbound / V2:Southbound ,V1: Collision with motor vehicle in traffic / V2: Collision with motor vehicle in traffic ,"V1: Light truck(van, mini-van, panel, pickup, sport utility) with only four tires / V2:Passenger car",Dry,Daylight,Clear,,MORTON STREET Rte 203 / COURTLAND ROAD,,,,,233533.0467,892972.5627
3729604,BOSTON,19-Jan-2014,9:15 PM,Property damage only (none injured),3,0,0,Rear-end,V1: Slowing or stopped in traffic / V2:Travelling straight ahead / V3:Travelling straight ahead,V1:Northbound / V2:Northbound / V3:Northbound ,V1: Collision with motor vehicle in traffic / V2: Collision with motor vehicle in traffic / V3: Collision with motor vehicle in traffic ,V1: Passenger car / V2:Passenger car / V3:Passenger car,Dry,Dark - lighted roadway,Clear,,HARBORSIDE DRIVE,,,,,,
3729177,BOSTON,19-Jan-2014,9:29 PM,Non-fatal injury,2,1,0,Rear-end,V1: Slowing or stopped in traffic / V2:Changing lanes,V1:Eastbound / V2:Eastbound ,V1: Collision with motor vehicle in traffic / V2: Collision with motor vehicle in traffic ,"V1: Light truck(van, mini-van, panel, pickup, sport utility) with only four tires / V2:Light truck(van, mini-van, panel, pickup, sport utility) with only four tires",Dry,Dark - lighted roadway,Clear,,SOLDIERS FIELD ROAD Rte UNKNOW E / EVERETT STREET,,,,,230032.9845,901646.3752
3724831,BOSTON,19-Jan-2014,11:25 PM,Property damage only (none injured),1,0,0,Single vehicle crash,V1: Travelling straight ahead,V1:Eastbound ,V1: Collision with guardrail ,"V1: Light truck(van, mini-van, panel, pickup, sport utility) with only four tires",Dry,Dark - lighted roadway,Clear,,SOLDIERS FIELD ROAD / RAMP - WESTERN AVE TO SOLDIERS FIELD RD,,,0 feet S from DOUBLETREE HOTEL,,231500.3818,901022.3074
3727129,BOSTON,19-Jan-2014,11:50 PM,Non-fatal injury,2,2,0,"Sideswipe, same direction",V1: Travelling straight ahead / V2:Travelling straight ahead,V1:Southbound / V2:Eastbound ,V1: Collision with motor vehicle in traffic / V2: Collision with motor vehicle in traffic ,"V1: Bus (seats for more than 15 people, including driver) / V2:Passenger car",Dry,Dark - lighted roadway,Clear,WASHINGTON STREET / BALL STREET,,,,,,234557.8542,898200.3868
3720688,BOSTON,20-Jan-2014,4:08 AM,Property damage only (none injured),1,0,0,Single vehicle crash,V1: Leaving traffic lane,V1:Southbound ,V1: Collision with guardrail ,V1: Passenger car,Dry,Dark - lighted roadway,Clear,,COLUMBIA ROAD / KOSCIUSZKO CIRCLE,,,,,236980.4846,896866.3749
3776740,BOSTON,20-Jan-2014,8:11 AM,Non-fatal injury,2,1,0,Single vehicle crash,V1: Travelling straight ahead / V2:Turning left,V1:Not reported / V2:Not reported ,V1: Collision with motor vehicle in traffic / V2: Collision with motor vehicle in traffic ,V1: Passenger car / V2:Passenger car,Dry,Daylight,Clear/Clear,COREY ROAD / JORDAN ROAD,,,,,,229896.7967,899453.5003
3730011,BOSTON,20-Jan-2014,10:05 AM,Non-fatal injury,1,1,0,Single vehicle crash,V1: Travelling straight ahead,V1:Northbound ,V1: Collision with embankment ,"V1: Unknown heavy truck, cannot classify",Dry,Daylight,Clear/Cloudy,,Rte 93 N,,Exit 14 on Rte 93 N,NEAR DORCHESTER YACHT CLUB,,237258.9796,894483.3974
3723420,BOSTON,20-Jan-2014,12:49 PM,Property damage only (none injured),1,0,0,Single vehicle crash,V1: Travelling straight ahead,V1:Eastbound ,V1: Collision with guardrail ,V1: Passenger car,Dry,Daylight,Clear,SOLDIERS FIELD ROAD / SOLDIERS FIELD ROAD EXTENSION,,,,HARVARD STADIUM,,230737.2815,902263.1877
3720508,BOSTON,20-Jan-2014,6:15 PM,Property damage only (none injured),2,0,0,Rear-end,V1: Travelling straight ahead / V2:Travelling straight ahead,V1:Southbound / V2:Southbound ,V1: Collision with motor vehicle in traffic / V2: Collision with motor vehicle in traffic ,"V1: Passenger car / V2:Light truck(van, mini-van, panel, pickup, sport utility) with only four tires",Dry,Dusk,Cloudy,,Rte 93 S / UNKNOWN,,Exit 20 on Rte 93 S,,,236954.209,900826.9442
3785577,BOSTON (DORCHESTER),20-Jan-2014,7:08 PM,Not Reported,2,0,0,Not reported,V1: Travelling straight ahead / V2:Travelling straight ahead,V1:Southbound / V2:Westbound ,V1: Unknown / V2: Collision with motor vehicle in traffic ,V1: Passenger car / V2:Passenger car,Not reported,Not reported,Not Reported,DORCHESTER AVENUE / GALLIVAN BOULEVARD,,,,,,235804.4062,892252.5627
3775724,BOSTON,21-Jan-2014,11:01 AM,Property damage only (none injured),2,0,0,Angle,V1: Turning left / V2:Travelling straight ahead,V1:Westbound / V2:Southbound ,V1: Collision with motor vehicle in traffic / V2: Collision with motor vehicle in traffic ,"V1: Light truck(van, mini-van, panel, pickup, sport utility) with only four tires / V2:Passenger car",Dry,Daylight,Cloudy,SUMMER STREET / D STREET,,,,,,237728.4951,899633.9545
3785574,BOSTON (DORCHESTER),21-Jan-2014,11:15 AM,Property damage only (none injured),2,0,0,Angle,V1: Travelling straight ahead / V2:Travelling straight ahead,V1:Northbound / V2:Eastbound ,V1: Collision with motor vehicle in traffic / V2: Collision with motor vehicle in traffic ,V1: Passenger car / V2:Passenger car,Dry,Daylight,Cloudy/Unknown,CHURCH STREET / ADAMS STREET,,,,,,235954.3521,895410.1061
3721186,BOSTON,21-Jan-2014,3:56 PM,Property damage only (none injured),2,0,0,Rear-end,V1: Slowing or stopped in traffic / V2:Travelling straight ahead,V1:Northbound / V2:Northbound ,V1: Collision with motor vehicle in traffic / V2: Collision with motor vehicle in traffic ,"V1: Light truck(van, mini-van, panel, pickup, sport utility) with only four tires / V2:Passenger car",Dry,Dark - lighted roadway,Cloudy,,JOHN F FITZGERALD EXPRESSWAY Rte I93 N / SILVER LINE WAY,,,AT RAMP D MERGE,,236456.0445,899871.1516
3790477,BOSTON (DORCHESTER),21-Jan-2014,5:58 PM,Non-fatal injury,2,1,0,"Sideswipe, opposite direction",V1: Travelling straight ahead / V2:Travelling straight ahead,V1:Northbound / V2:Southbound ,"V1: Collision with motor vehicle in traffic / V2: Collision with railway vehicle (e.g., train, engine) ","V1: Light truck(van, mini-van, panel, pickup, sport utility) with only four tires / V2:Passenger car",Snow,Dark - lighted roadway,Snow,ADAMS STREET / FOX STREET,,,,,,236097.6404,895240.2501
3772669,BOSTON,21-Jan-2014,6:00 PM,Property damage only (none injured),2,0,0,Angle,V1: Making U-turn / V2:Turning right,V1:Eastbound / V2:Northbound ,V1: Collision with motor vehicle in traffic / V2: Collision with motor vehicle in traffic ,V1: Passenger car / V2:Passenger car,Snow,Dark - lighted roadway,Cloudy/Snow,,DAVID G MUGAR WAY / BEACON STREET,,,MUGAR WAY BY BEACON ST.,,235194.4263,900630.1929
3726186,BOSTON,21-Jan-2014,6:45 PM,Property damage only (none injured),2,0,0,Rear-end,V1: Slowing or stopped in traffic / V2:Travelling straight ahead,V1:Northbound / V2:Northbound ,V1: Collision with motor vehicle in traffic / V2: Collision with motor vehicle in traffic ,"V1: Passenger car / V2:Light truck(van, mini-van, panel, pickup, sport utility) with only four tires",Wet,Dark - lighted roadway,Snow,,Rte 93 N / UNKNOWN,,Exit 13 on Rte 93 N,,,237420.1414,894076.5227
3723050,BOSTON,21-Jan-2014,8:30 PM,Property damage only (none injured),1,0,0,Single vehicle crash,V1: Travelling straight ahead,V1:Westbound ,V1: Collision with overhead sign support ,V1: Passenger car,Snow,Dark - lighted roadway,Snow,,Rte 90 W / UNKNOWN,,,,,232572.2182,899870.4883
3727038,BOSTON,21-Jan-2014,9:08 PM,Property damage only (none injured),2,0,0,"Sideswipe, same direction",V1: Travelling straight ahead / V2:Travelling straight ahead,V1:Westbound / V2:Westbound ,V1: Collision with motor vehicle in traffic / V2: Collision with motor vehicle in traffic ,"V1: Light truck(van, mini-van, panel, pickup, sport utility) with only four tires / V2:Single-unit truck (2-axle, 6-tire)",Snow,Dark - lighted roadway,Snow,,ALLSTON TOLL PLAZA,,,0 feet W from RAMP FROM CAMBRIDGE STREET T I90,,230862.5037,900865.018
3723408,BOSTON,21-Jan-2014,9:10 PM,Property damage only (none injured),2,0,0,Rear-end,V1: Slowing or stopped in traffic / V2:Slowing or stopped in traffic,V1:Westbound / V2:Westbound ,V1: Collision with motor vehicle in traffic / V2: Collision with motor vehicle in traffic ,"V1: Passenger car / V2:Light truck(van, mini-van, panel, pickup, sport utility) with only four tires",Snow,Dark - roadway not lighted,Snow,,MASSACHUSETTS TURNPIKE Rte I90 W / MASSACHUSETTS TURNPIKE Rte I90 W,,,@ ALBANY STREET,,236171.5937,899653.6939
3723424,BOSTON,21-Jan-2014,10:01 PM,Not Reported,1,0,0,Single vehicle crash,V1: Slowing or stopped in traffic,V1:Eastbound ,V1: Not reported ,V1: Passenger car,Snow,Dark - lighted roadway,Snow,,MORTON STREET Rte UNKNOW / WILDWOOD STREET,,,,,233901.0974,892582.753
3724003,BOSTON,21-Jan-2014,11:18 PM,Property damage only (none injured),1,0,0,Single vehicle crash,V1: Slowing or stopped in traffic,V1:Eastbound ,V1: Collision with other movable object ,V1: Passenger car,Snow,Dark - lighted roadway,Snow,STORROW DRIVE Rte SR28 N / RAMP TO CHARLES CIRCLE,,,,RAMP TO CHARLES CIRCLE,,235254.3907,901130.5454
3785565,BOSTON (DORCHESTER),22-Jan-2014,4:23 AM,Not Reported,4,0,0,"Sideswipe, opposite direction",V1: Backing / V2:Parked / V3:Parked / V4:Parked,V1:Not reported / V2:Not reported / V3:Not reported / V4:Not reported ,V1: Collision with parked motor vehicle / V2: Not reported / V3: Collision with parked motor vehicle / V4: Collision with parked motor vehicle ,"V1: Passenger car / V2:Light truck(van, mini-van, panel, pickup, sport utility) with only four tires / V3:Passenger car / V4:Passenger car",Snow,Dark - lighted roadway,Snow/Snow,,10 SUMNER TERRACE / SUMNER STREET,,,THE JAMES BLAKE HOUSE,,236162.7658,896609.6873
3738727,BOSTON,22-Jan-2014,5:42 AM,Property damage only (none injured),2,0,0,Angle,V1: Travelling straight ahead / V2:Travelling straight ahead,V1:Northbound / V2:Northbound ,V1: Collision with motor vehicle in traffic / V2: Collision with motor vehicle in traffic ,"V1: Light truck(van, mini-van, panel, pickup, sport utility) with only four tires / V2:Passenger car",Ice,Daylight,Snow,,Rte 93 N / UNKNOWN,,Exit 15 on Rte 93 N,,,236972.2496,896473.4282
3726709,BOSTON,22-Jan-2014,3:46 PM,Non-fatal injury,1,2,0,Single vehicle crash,V1: Leaving traffic lane,V1:Southbound ,V1: Collision with median barrier ,"V1: Light truck(van, mini-van, panel, pickup, sport utility) with only four tires","Sand, mud, dirt, oil, gravel",Dark - lighted roadway,Cloudy,,RAMP - LEVERETT CIRCLE TO RT 93 SB Rte SR3 S / JOHN F FITZGERALD EXPRESSWAY Rte I93 S,,,,,236007.1152,902002.2619
3725499,BOSTON,22-Jan-2014,5:56 PM,Property damage only (none injured),3,0,0,Rear-end,V1: Travelling straight ahead / V2:Slowing or stopped in traffic / V3:Slowing or stopped in traffic,V1:Southbound / V2:Southbound / V3:Southbound ,V1: Collision with motor vehicle in traffic / V2: Collision with motor vehicle in traffic / V3: Collision with motor vehicle in traffic ,"V1: Passenger car / V2:Passenger car / V3:Light truck(van, mini-van, panel, pickup, sport utility) with only four tires","Sand, mud, dirt, oil, gravel",Dark - lighted roadway,Cloudy,,LEVERETT CONNECTOR SOUTH / RAMP - LEVERETT CONNECTOR TO NASHUA STRE,,,BOSTON GARDEN,,235888.9025,901846.2535
3726452,BOSTON,22-Jan-2014,8:50 PM,Property damage only (none injured),2,0,0,Angle,V1: Turning left / V2:Travelling straight ahead,V1:Eastbound / V2:Westbound ,V1: Collision with light pole or other post/support / V2: Collision with motor vehicle in traffic ,"V1: Light truck(van, mini-van, panel, pickup, sport utility) with only four tires / V2:Passenger car",Dry,Dark - lighted roadway,Clear,,GALLIVAN BOULEVARD / DORCHESTER AVENUE,,,,,235804.4062,892252.5627
3723995,BOSTON,23-Jan-2014,6:50 AM,Property damage only (none injured),1,0,0,Angle,V1: Travelling straight ahead,V1:Eastbound ,V1: Collision with utility pole ,V1: Passenger car,Wet,Dawn,Cloudy,,TEMPORARY RAMP Rte 1 S / MAURICE TOBIN BRIDGE,,,RAMP L-T TO RUTHERFORD AVE,,235853.0976,902245.2623
3725573,BOSTON,23-Jan-2014,7:32 AM,Non-fatal injury,2,1,0,Angle,V1: Changing lanes / V2:Travelling straight ahead,V1:Southbound / V2:Southbound ,V1: Collision with motor vehicle in traffic / V2: Collision with motor vehicle in traffic ,V1: Passenger car / V2:Passenger car,Dry,Daylight,Clear,,Rte 93,,Exit 15 on Rte 93,,,236629.6253,897168.5001
3725500,BOSTON,23-Jan-2014,8:20 AM,Property damage only (none injured),3,0,0,Rear-end,V1: Travelling straight ahead / V2:Travelling straight ahead / V3:Travelling straight ahead,V1:Southbound / V2:Southbound / V3:Southbound ,V1: Collision with motor vehicle in traffic / V2: Collision with motor vehicle in traffic / V3: Collision with motor vehicle in traffic ,"V1: Passenger car / V2:Passenger car / V3:Light truck(van, mini-van, panel, pickup, sport utility) with only four tires",Dry,Daylight,Clear,,INTERSTATE 93 Rte I93 S,,Exit 26 on Rte I93 S,LOWER DECK,,234852.7499,903704.8858
3785573,BOSTON (DORCHESTER),23-Jan-2014,8:50 AM,Property damage only (none injured),2,0,0,Not reported,V1: Turning left / V2:Turning right,V1:Not reported / V2:Not reported ,V1: Collision with motor vehicle in traffic / V2: Collision with motor vehicle in traffic ,V1: Passenger car / V2:Passenger car,Not reported,Not reported,Not Reported,FREEPORT STREET / CLAYTON STREET,,,,,,236610.6874,894988.0624
3726710,BOSTON,23-Jan-2014,9:01 AM,Non-fatal injury,2,1,0,Rear-end,V1: Travelling straight ahead / V2:Travelling straight ahead,V1:Southbound / V2:Southbound ,V1: Collision with motor vehicle in traffic / V2: Collision with motor vehicle in traffic ,V1: Passenger car / V2:Passenger car,Dry,Daylight,Clear,,Rte 93 S / UNKNOWN,,Exit 24 on Rte 93 S,,,236397.1933,901565.6511
3729183,BOSTON,23-Jan-2014,10:16 AM,Property damage only (none injured),3,0,0,Rear-end,V1: Slowing or stopped in traffic / V2:Travelling straight ahead / V3:Travelling straight ahead,V1:Northbound / V2:Northbound / V3:Northbound ,V1: Collision with motor vehicle in traffic / V2: Collision with motor vehicle in traffic / V3: Collision with motor vehicle in traffic ,"V1: Passenger car / V2:Light truck(van, mini-van, panel, pickup, sport utility) with only four tires / V3:Passenger car",Dry,Daylight,Clear,,Rte 93 N / UNKNOWN,,Exit 14 on Rte 93 N,,,237258.9796,894483.3974
3778558,BOSTON,23-Jan-2014,10:47 AM,Property damage only (none injured),2,0,0,Rear-end,V1: Slowing or stopped in traffic / V2:Travelling straight ahead,V1:Not reported / V2:Eastbound ,V1: Collision with motor vehicle in traffic / V2: Collision with motor vehicle in traffic ,V1: Passenger car / V2:Passenger car,Dry,Daylight,Clear,ENNEKING PARKWAY / SMITH FIELD ROAD,,,,,,230079.5939,889809.25
3725501,BOSTON,23-Jan-2014,12:16 PM,Property damage only (none injured),2,0,0,Rear-end,V1: Travelling straight ahead / V2:Travelling straight ahead,V1:Southbound / V2:Southbound ,V1: Collision with motor vehicle in traffic / V2: Collision with motor vehicle in traffic ,"V1: Light truck(van, mini-van, panel, pickup, sport utility) with only four tires / V2:Light truck(van, mini-van, panel, pickup, sport utility) with only four tires",Dry,Daylight,Clear,,INTERSTATE 93 Rte I93 S,,Exit 26 on Rte I93 S,LOWER DECK,,234853.1849,903697.0588
3725775,BOSTON,23-Jan-2014,2:45 PM,Property damage only (none injured),2,0,0,"Sideswipe, same direction",V1: Travelling straight ahead / V2:Travelling straight ahead,V1:Eastbound / V2:Eastbound ,V1: Collision with motor vehicle in traffic / V2: Collision with motor vehicle in traffic ,"V1: Light truck(van, mini-van, panel, pickup, sport utility) with only four tires / V2:Tractor/semi-trailer",Dry,Dark - lighted roadway,Clear,,Rte 90 E,,Exit 20 on Rte 90,,,231437.7943,900554.1631
3776742,BOSTON (BRIGHTON),23-Jan-2014,3:14 PM,Property damage only (none injured),2,0,0,Rear-end,V1: Backing / V2:Parked,V1:Northbound / V2:Not reported ,V1: Collision with motor vehicle in traffic / V2: Collision with parked motor vehicle ,V1: Unknown vehicle configuration / V2:Unknown vehicle configuration,Dry,Daylight,Clear/Clear,,1925 COMMONWEALTH AVENUE,,,,,228561.1233,898689.4223
3785569,BOSTON (DORCHESTER),23-Jan-2014,3:35 PM,Not Reported,1,0,0,Not reported,V1: Travelling straight ahead,V1:Not reported ,V1: Not reported ,V1: Passenger car,Dry,Daylight,Clear,,622 ADAMS STREET / ASHMONT STREET,,,,P2:Pedestrian,236671.6564,893180.6251
3785632,BOSTON (ROSLINDALE),23-Jan-2014,4:48 PM,Not Reported,1,0,0,Not reported,V1: Travelling straight ahead,V1:Not reported ,V1: Collision with pedestrian ,V1: Passenger car,Dry,Daylight,Clear,WASHINGTON STREET / WELLSMERE ROAD,,,,,P2:Pedestrian,230112.3752,892246.9373
3730009,BOSTON,23-Jan-2014,5:30 PM,Property damage only (none injured),3,0,0,Rear-end,V1: Slowing or stopped in traffic / V2:Slowing or stopped in traffic / V3:Travelling straight ahead,V1:Eastbound / V2:Eastbound / V3:Eastbound ,V1: Collision with motor vehicle in traffic / V2: Collision with motor vehicle in traffic / V3: Collision with motor vehicle in traffic ,"V1: Light truck(van, mini-van, panel, pickup, sport utility) with only four tires / V2:Passenger car / V3:Passenger car",Dry,Dark - lighted roadway,Clear,,Rte 90 E,,Exit 22 on Rte 90 E,PRU TUNNEL,,234741.7413,899775.696
3729606,BOSTON,23-Jan-2014,6:07 PM,Property damage only (none injured),2,0,0,Rear-end,V1: Travelling straight ahead / V2:Travelling straight ahead,V1:Eastbound / V2:Eastbound ,V1: Collision with motor vehicle in traffic / V2: Collision with motor vehicle in traffic ,V1: Passenger car / V2:Passenger car,Dry,Dark - lighted roadway,Clear,,SOLDIERS FIELD ROAD Rte UNKNOW E / 400,,,ONRAMP,,231518.2408,901078.3912
3727043,BOSTON,23-Jan-2014,7:35 PM,Property damage only (none injured),2,0,0,Rear-end,V1: Travelling straight ahead / V2:Not reported,V1:Northbound / V2:Not reported ,V1: Collision with motor vehicle in traffic / V2: Not reported ,V1: Passenger car / V2:Not reported,Dry,Dark - lighted roadway,Clear/Cloudy,,Rte 93 N,,Exit 26 on Rte 93 N,O&AMP;APOS;NIELL  TUNNEL,,236402.7433,901600.0342
3729968,BOSTON,23-Jan-2014,9:53 PM,Non-fatal injury,2,1,0,Rear-end,V1: Slowing or stopped in traffic / V2:Travelling straight ahead,V1:Eastbound / V2:Eastbound ,V1: Collision with motor vehicle in traffic / V2: Collision with motor vehicle in traffic ,"V1: Passenger car / V2:Light truck(van, mini-van, panel, pickup, sport utility) with only four tires",Dry,Dark - lighted roadway,Cloudy,,125 ARBORWAY,,,ARBORETUM,,231334.1175,895389.2864
3725777,BOSTON,24-Jan-2014,1:08 AM,Property damage only (none injured),1,0,0,Single vehicle crash,V1: Travelling straight ahead,V1:Westbound ,V1: Collision with guardrail ,V1: Passenger car,Dry,Dark - lighted roadway,Clear,,RAMP - RT 90 WB/CONGRESS STREET TO RT 93 Rte SR1A S / RAMP - RT 90 WB TO RT 93 SB Rte SR1A S,,,D RAMP,,236486.1849,899733.0352
3725502,BOSTON,24-Jan-2014,6:50 AM,Property damage only (none injured),2,0,0,Rear-end,V1: Travelling straight ahead / V2:Slowing or stopped in traffic,V1:Southbound / V2:Southbound ,V1: Collision with motor vehicle in traffic / V2: Collision with motor vehicle in traffic ,V1: Passenger car / V2:Passenger car,Dry,Daylight,Clear,,RAMP - RT 1 SB FROM TOBIN BRIDGE Rte US1 S / RAMP - RT 1 SB TO LEVERETT CONNECTOR,,,CANA LOOP SOUTH,,235469.1595,902478.2067
3724011,BOSTON,24-Jan-2014,7:45 AM,Non-fatal injury,2,1,0,Rear-end,V1: Slowing or stopped in traffic / V2:Slowing or stopped in traffic,V1:Northbound / V2:Northbound ,V1: Collision with motor vehicle in traffic / V2: Collision with motor vehicle in traffic ,"V1: Light truck(van, mini-van, panel, pickup, sport utility) with only four tires / V2:Passenger car",Slush,Daylight,Not Reported,,MONSIGNOR CASEY HIGHWAY Rte SR203 W / ARBORWAY,,,FOREST HILLS OVERPASS,,232182.2243,894633.681
3730010,BOSTON,24-Jan-2014,8:50 AM,Non-fatal injury,2,1,0,Rear-end,V1: Travelling straight ahead / V2:Changing lanes,V1:Southbound / V2:Southbound ,V1: Collision with motor vehicle in traffic / V2: Collision with motor vehicle in traffic ,"V1: Light truck(van, mini-van, panel, pickup, sport utility) with only four tires / V2:Passenger car",Dry,Daylight,Clear,,Rte 93 S,Rte 93  S Milemarker 18.3,,,,235973.6096,902105.2145
3738728,BOSTON,24-Jan-2014,9:12 AM,Property damage only (none injured),2,0,0,Rear-end,V1: Slowing or stopped in traffic / V2:Travelling straight ahead,V1:Northbound / V2:Northbound ,V1: Collision with motor vehicle in traffic / V2: Collision with motor vehicle in traffic ,V1: Passenger car / V2:Passenger car,Dry,Daylight,Clear,,Rte 93 N / UNKNOWN,,Exit 14 on Rte 93 N,,,237258.9796,894483.3974
3725780,BOSTON,24-Jan-2014,9:44 AM,Property damage only (none injured),2,0,0,Rear-end,V1: Travelling straight ahead / V2:Travelling straight ahead,V1:Southbound / V2:Southbound ,V1: Collision with motor vehicle in traffic / V2: Collision with motor vehicle in traffic ,"V1: Single-unit truck (2-axle, 6-tire) / V2:Light truck(van, mini-van, panel, pickup, sport utility) with only four tires",Dry,Daylight,Clear,,Rte 93 S,Rte 93  S Milemarker 19.0,,,,235147.9246,902866.8394
3729171,BOSTON,24-Jan-2014,10:16 AM,Property damage only (none injured),2,0,0,"Sideswipe, same direction",V1: Entering traffic lane / V2:Travelling straight ahead,V1:Eastbound / V2:Eastbound ,V1: Collision with motor vehicle in traffic / V2: Collision with motor vehicle in traffic ,"V1: Passenger car / V2:Light truck(van, mini-van, panel, pickup, sport utility) with only four tires",Dry,Daylight,Clear,,MASSACHUSETTS TURNPIKE Rte I90 E,,,I/C 19 TOLL PLAZA,,231248.3448,900790.4339
3728537,BOSTON,24-Jan-2014,2:16 PM,Property damage only (none injured),2,0,0,Angle,V1: Travelling straight ahead / V2:Turning right,V1:Northbound / V2:Northbound ,V1: Collision with motor vehicle in traffic / V2: Collision with motor vehicle in traffic ,"V1: Passenger car / V2:Light truck(van, mini-van, panel, pickup, sport utility) with only four tires",Dry,Daylight,Not Reported,TRUMAN HIGHWAY / FAIRMOUNT AVENUE,,,,,,231503.1562,889184.7498
3726189,BOSTON,24-Jan-2014,3:05 PM,Property damage only (none injured),2,0,0,Rear-end,V1: Travelling straight ahead / V2:Slowing or stopped in traffic,V1:Eastbound / V2:Eastbound ,V1: Collision with motor vehicle in traffic / V2: Collision with motor vehicle in traffic ,V1: Passenger car / V2:Passenger car,Dry,Daylight,Clear,GALLIVAN BOULEVARD / DORCHESTER AVENUE,,,,,,235804.4062,892252.5627
3723410,BOSTON,24-Jan-2014,3:14 PM,Property damage only (none injured),2,0,0,Angle,V1: Turning left / V2:Travelling straight ahead,V1:Westbound / V2:Eastbound ,V1: Other / V2: Collision with motor vehicle in traffic ,V1: Passenger car / V2:Passenger car,Dry,Other,Clear/Other,NORTHERN AVENUE / SEAPORT LANE,,,,,,237841.0752,900007.7448
3723409,BOSTON,24-Jan-2014,3:25 PM,Property damage only (none injured),2,0,0,Rear-end,V1: Travelling straight ahead / V2:Travelling straight ahead,V1:Northbound / V2:Northbound ,V1: Collision with motor vehicle in traffic / V2: Collision with motor vehicle in traffic ,V1: Passenger car / V2:Passenger car,Dry,Daylight,Clear,,Rte 1 N / UNKNOWN,,,CANA TUNNEL,,236056.7704,902374.6159
3729172,BOSTON,24-Jan-2014,4:33 PM,Property damage only (none injured),2,0,0,Rear-end,V1: Travelling straight ahead / V2:Slowing or stopped in traffic,V1:Westbound / V2:Westbound ,V1: Collision with motor vehicle in traffic / V2: Collision with motor vehicle in traffic ,"V1: Light truck(van, mini-van, panel, pickup, sport utility) with only four tires / V2:Light truck(van, mini-van, panel, pickup, sport utility) with only four tires",Dry,Daylight,Cloudy,,MASSACHUSETTS TURNPIKE Rte I90 W / RAMP - MASSACHUSETTS AVENUE TO RT 90 WB,,,MASS AVE RAMP,,233953.2323,899770.0784