Crash Number,City/Town Name,Crash Date,Crash Time,Crash Severity,Number of Vehicles,Total Nonfatal Injuries,Total Fatal Injuries,Manner of Collision,Vehicle Action Prior to Crash,Vehicle Travel Directions,Most Harmful Events,Vehicle Configuration,Road Surface Condition,Ambient Light,Weather Condition,At Roadway Intersection,Distance from Nearest Roadway Intersection,Distance from Nearest Milemarker,Distance from Nearest Exit,Distance from Nearest Landmark,Non Motorist Type,X Coordinate,Y Coordinate
3726190,BOSTON,24-Jan-2014,4:53 PM,Property damage only (none injured),2,0,0,Angle,V1: Travelling straight ahead / V2:Changing lanes,V1:Southbound / V2:Southbound ,V1: Collision with motor vehicle in traffic / V2: Collision with motor vehicle in traffic ,"V1: Light truck(van, mini-van, panel, pickup, sport utility) with only four tires / V2:Passenger car",Dry,Dark - lighted roadway,Cloudy,,WILLIAM T MORRISSEY BOULEVARD Rte UNKNOW S / RAMP - MORRISSEY BLVD TO RT 93 SB,,,,,237685.8851,893079.7488
3736260,BOSTON,24-Jan-2014,6:20 PM,Property damage only (none injured),2,0,0,Rear-end,V1: Slowing or stopped in traffic / V2:Travelling straight ahead,V1:Westbound / V2:Westbound ,V1: Collision with motor vehicle in traffic / V2: Collision with motor vehicle in traffic ,"V1: Light truck(van, mini-van, panel, pickup, sport utility) with only four tires / V2:Passenger car",Dry,Dark - lighted roadway,Cloudy,,NEPONSET VALLEY PARKWAY / YUILL CIRCLE,,,,,230502.3201,887439.1124
3775612,BOSTON,24-Jan-2014,7:18 PM,Non-fatal injury,1,1,0,Single vehicle crash,V1: Unknown,V1:Westbound ,V1: Collision with pedestrian ,"V1: Light truck(van, mini-van, panel, pickup, sport utility) with only four tires",Dry,Dark - lighted roadway,Cloudy/Clear,,1601 WASHINGTON STREET,,,,P2:Pedestrian,235050.4482,898715.1041
3735279,BOSTON,24-Jan-2014,7:19 PM,Non-fatal injury,1,1,0,Unknown,V1: Turning left,V1:Southbound ,V1: Collision with pedestrian ,"V1: Bus (seats for more than 15 people, including driver)",Wet,Dark - unknown roadway lighting,Clear/Unknown,FRANKLIN STREET / DEVONSHIRE STREET,,,,,P3:Pedestrian,236467.6421,900647.318
3783224,BOSTON,24-Jan-2014,10:53 PM,Not Reported,2,0,0,Not reported,V1: Not reported / V2:Not reported,V1:Not reported / V2:Not reported ,V1: Not reported / V2: Not reported ,V1: Passenger car / V2:Passenger car,Not reported,Not reported,Not Reported,PLEASANT STREET Rte 109 / SAVIN HILL AVENUE Rte 109,,,,,,236366.1875,895903.5625
3725572,BOSTON,24-Jan-2014,11:05 PM,Non-fatal injury,1,1,0,Single vehicle crash,V1: Travelling straight ahead,V1:Southbound ,V1: Collision with tree ,V1: Passenger car,Dry,Dark - lighted roadway,Not Reported,,JAMAICAWAY Rte UNKNOW / PERKINS STREET,,,,,231606.1562,896796.9999
3737950,BOSTON,25-Jan-2014,00:00 AM,Property damage only (none injured),1,0,0,Single vehicle crash,V1: Travelling straight ahead,V1:Southbound ,V1: Collision with median barrier ,V1: Passenger car,Ice,Dark - lighted roadway,Clear,,RAMP-RTS 93 SB/3 SB TO CALLAHAN TUNNEL,,Exit 24A on Rte 93 S,,,236697.1179,901385.2997
3738419,BOSTON,25-Jan-2014,1:10 AM,Property damage only (none injured),2,0,0,Rear-end,V1: Turning left / V2:Travelling straight ahead,V1:Eastbound / V2:Eastbound ,V1: Collision with fence / V2: Collision with motor vehicle in traffic ,V1: Passenger car / V2:Passenger car,Dry,Dark - lighted roadway,Clear,,STORROW DRIVE / DAVID G MUGAR WAY,,,TUNNEL,,235214.6816,900915.4701
3786537,BOSTON (DORCHESTER),25-Jan-2014,2:46 AM,Non-fatal injury,2,2,0,Angle,V1: Travelling straight ahead / V2:Travelling straight ahead,V1:Eastbound / V2:Northbound ,V1: Collision with motor vehicle in traffic / V2: Collision with motor vehicle in traffic ,V1: Passenger car / V2:Passenger car,Dry,Dark - lighted roadway,Clear,SOUTHERN AVENUE / TALBOT AVENUE,,,,,,235189.3596,893435
3730364,BOSTON,25-Jan-2014,3:55 AM,Non-fatal injury,2,1,0,Not reported,V1: Not reported / V2:Parked,V1:Eastbound / V2:Not reported ,V1: Reported but invalid / V2: Collision with motor vehicle in traffic ,V1: Passenger car / V2:Passenger car,Dry,Dark - lighted roadway,Clear,,ESTELLA STREET,,,,,233510.2219,893047.4433
3728322,BOSTON,25-Jan-2014,9:10 AM,Property damage only (none injured),1,0,0,Single vehicle crash,V1: Turning right,V1:Southbound ,V1: Collision with guardrail ,V1: Passenger car,Dry,Daylight,Clear,,RAMP - RT 1 SB FROM TOBIN BRIDGE Rte US1 S / RAMP - RT 1 SB FROM TOBIN BRIDGE Rte US1 S,,,CANA LOOP TO I93 SOUTH,,236044.9406,902400.6194
3748639,BOSTON,25-Jan-2014,2:50 PM,Non-fatal injury,2,1,0,Angle,V1: Turning left / V2:Travelling straight ahead,V1:Northbound / V2:Southbound ,V1: Collision with motor vehicle in traffic / V2: Collision with motor vehicle in traffic ,V1: Passenger car / V2:Passenger car,Dry,Daylight,Cloudy,,OLD COLONY AVENUE / OCALLAGHAN WAY,,,,,236891.6126,897193.1266
3729173,BOSTON,25-Jan-2014,3:52 PM,Non-fatal injury,3,1,0,Rear-end,V1: Slowing or stopped in traffic / V2:Slowing or stopped in traffic / V3:Slowing or stopped in traffic,V1:Northbound / V2:Northbound / V3:Northbound ,V1: Collision with motor vehicle in traffic / V2: Collision with motor vehicle in traffic / V3: Collision with motor vehicle in traffic ,"V1: Light truck(van, mini-van, panel, pickup, sport utility) with only four tires / V2:Passenger car / V3:Passenger car",Dry,Daylight,Clear,,INTERSTATE 93 Rte 93 N,,Exit 28 on Rte 93 N,,,,
3725504,BOSTON,25-Jan-2014,7:50 PM,Non-fatal injury,1,1,0,Single vehicle crash,V1: Travelling straight ahead,V1:Northbound ,V1: Collision with median barrier ,V1: Passenger car,Wet,Dark - lighted roadway,Rain/Snow,JOHN F FITZGERALD EXPRESSWAY Rte I93 N / RAMP - RT 93 NB TO NORTH STREET,,,Exit 23 on Rte I93 N,,,236958.6478,900940.4628
3785570,BOSTON (DORCHESTER),25-Jan-2014,9:30 PM,Property damage only (none injured),2,0,0,Single vehicle crash,V1: Turning left / V2:Travelling straight ahead,V1:Not reported / V2:Not reported ,V1: Not reported / V2: Not reported ,V1: Passenger car / V2:Passenger car,Wet,Dark - lighted roadway,Snow,DORCHESTER AVENUE / VICTORIA STREET,,,,,,236547.3751,896198.8124
3728422,BOSTON,25-Jan-2014,10:41 PM,Property damage only (none injured),1,0,0,Single vehicle crash,V1: Travelling straight ahead,V1:Southbound ,V1: Collision with median barrier ,V1: Passenger car,Wet,Dark - lighted roadway,Rain,,RAMP - RT 93 SB TO RT 90 WB / JOHN F FITZGERALD EXPRESSWAY Rte I93 S,,Exit 20B on Rte 93 SB,,,236954.3053,900824.6046
3728323,BOSTON,26-Jan-2014,00:00 AM,Property damage only (none injured),1,0,0,Single vehicle crash,V1: Travelling straight ahead,V1:Southbound ,V1: Collision with median barrier ,V1: Passenger car,Dry,Dark - lighted roadway,Clear,RAMP - RT 90 EB TO RT 93 / RAMP - RT 90 EB TO RT 93 SB / RAMP - RT 90 EB TO RT 93 NB,,,,RAMP D,,236391.6062,899676.0005
3723421,BOSTON,26-Jan-2014,1:00 AM,Property damage only (none injured),1,0,0,Single vehicle crash,V1: Travelling straight ahead,V1:Westbound ,V1: Collision with guardrail ,V1: Passenger car,Dry,Dark - lighted roadway,Clear,,SOLDIERS FIELD ROAD / RAMP - WESTERN AVE TO SOLDIERS FIELD RD,,,WEEKS FOOT BRIDGE,,231364.6545,901975.7672
3735699,BOSTON,26-Jan-2014,1:43 AM,Non-fatal injury,2,3,0,Angle,V1: Travelling straight ahead / V2:Travelling straight ahead,V1:Northbound / V2:Northbound ,V1: Collision with motor vehicle in traffic / V2: Collision with motor vehicle in traffic ,V1: Passenger car / V2:Passenger car,Ice,Dark - lighted roadway,Cloudy,,RAMP - LEVERETT CONNECTOR TO RT 1 NB / RAMP - LEVERETT CONNECTOR TO RT 1 NB,,,,,235458.0263,902509.1606
3785571,BOSTON,26-Jan-2014,2:34 AM,Not Reported,2,0,0,Rear-end,V1: Parked / V2:Travelling straight ahead,V1:Not reported / V2:Not reported ,V1: Not reported / V2: Not reported ,V1: Passenger car / V2:Passenger car,"Sand, mud, dirt, oil, gravel",Dark - lighted roadway,Cloudy,,351 BOWDOIN STREET / DOWNER COURT,,,,,235952.7029,895543.6249
3730356,BOSTON,26-Jan-2014,2:37 AM,Property damage only (none injured),1,0,0,Single vehicle crash,V1: Travelling straight ahead,V1:Eastbound ,V1: Collision with curb ,V1: Passenger car,Dry,Dark - lighted roadway,Clear,,STORROW DRIVE / RAMP - BERKELEY ST TO RT 28 NB,,,EXITING TUNNEL,,235156.3508,900732.7765
3724004,BOSTON,26-Jan-2014,2:38 AM,Property damage only (none injured),1,0,0,Single vehicle crash,V1: Turning left,V1:Eastbound ,V1: Collision with curb ,V1: Passenger car,Wet,Dark - lighted roadway,Clear/Cloudy,,STORROW DRIVE Rte SR28 N / RAMP TO CHARLES CIRCLE,,,S CURVE,,235229.0349,901238.1026
3790221,BOSTON,26-Jan-2014,3:50 AM,Property damage only (none injured),1,0,0,"Sideswipe, same direction",V1: Other,V1:Northbound ,V1: Collision with motor vehicle in traffic ,V1: Passenger car,Ice,Dark - lighted roadway,Clear,,Rte 203 / UNKNOWN,,,SHEA ROTARY,,232473.2971,894531.5629
3725505,BOSTON,26-Jan-2014,4:45 PM,Property damage only (none injured),2,0,0,Rear-end,V1: Slowing or stopped in traffic / V2:Travelling straight ahead,V1:Westbound / V2:Westbound ,V1: Collision with motor vehicle in traffic / V2: Collision with motor vehicle in traffic ,"V1: Passenger car / V2:Light truck(van, mini-van, panel, pickup, sport utility) with only four tires",Dry,Daylight,Clear,,Rte 93 S,,Exit 26 on Rte 93 S,STATION TUNNEL,,234851.4113,903728.5151
3854434,BOSTON (DORCHESTER),26-Jan-2014,7:00 PM,Not Reported,2,0,0,Head-on,V1: Not reported / V2:Not reported,V1:Not reported / V2:Not reported ,V1: Not reported / V2: Not reported ,V1: Passenger car / V2:Passenger car,Dry,Dark - lighted roadway,Clear,GENEVA AVENUE / CHARLES STREET,,,,,,235860.3125,894445.8125
3725506,BOSTON,27-Jan-2014,1:45 AM,Non-fatal injury,1,1,0,Single vehicle crash,V1: Travelling straight ahead,V1:Northbound ,V1: Collision with median barrier ,V1: Passenger car,Dry,Dark - lighted roadway,Clear,,Rte 93,,Exit 23 on Rte 93,,,236957.4837,900943.9828
3727039,BOSTON,27-Jan-2014,7:00 AM,Property damage only (none injured),2,0,0,"Sideswipe, same direction",V1: Entering traffic lane / V2:Travelling straight ahead,V1:Westbound / V2:Westbound ,V1: Collision with motor vehicle in traffic / V2: Collision with motor vehicle in traffic ,"V1: Passenger car / V2:Single-unit truck (2-axle, 6-tire)",Dry,Daylight,Cloudy,,Rte I90 W / MASSACHUSETTS TURNPIKE Rte I90 W,,Exit 20 on Rte 90,,,231125.5901,900852.1989
3729971,BOSTON,27-Jan-2014,4:20 PM,Property damage only (none injured),2,0,0,"Sideswipe, same direction",V1: Travelling straight ahead / V2:Travelling straight ahead,V1:Northbound / V2:Northbound ,V1: Not reported / V2: Not reported ,V1: Passenger car / V2:Single-unit truck (3-or-more axles),Dry,Daylight,Clear,,VETERANS OF FOREIGN WARS PARKWAY / SPRING STREET,,,,,227008.6251,891284.9375
3733019,BOSTON,27-Jan-2014,8:02 PM,Non-fatal injury,1,1,0,Single vehicle crash,V1: Leaving traffic lane,V1:Southbound ,V1: Collision with light pole or other post/support ,"V1: Light truck(van, mini-van, panel, pickup, sport utility) with only four tires",Dry,Dark - lighted roadway,Cloudy,,RAMP-PILGRIM HIGHWAY SB TO CRANBERRY HIG,,,SACT RAMP,,236591.8936,901344.3589
3728731,BOSTON,28-Jan-2014,5:24 AM,Property damage only (none injured),2,0,0,"Sideswipe, same direction",V1: Travelling straight ahead / V2:Travelling straight ahead,V1:Eastbound / V2:Eastbound ,V1: Collision with motor vehicle in traffic / V2: Collision with motor vehicle in traffic ,"V1: Bus (seats for more than 15 people, including driver) / V2:Unknown heavy truck, cannot classify",Dry,Daylight,Clear/Clear,,28 STATE STREET / CONGRESS STREET,,,CITY HALL PLAZA,,236509.0156,901025.4999
3738717,BOSTON,28-Jan-2014,8:26 AM,Property damage only (none injured),2,0,0,Rear-end,V1: Travelling straight ahead / V2:Slowing or stopped in traffic,V1:Eastbound / V2:Eastbound ,V1: Collision with motor vehicle in traffic / V2: Collision with motor vehicle in traffic ,"V1: Light truck(van, mini-van, panel, pickup, sport utility) with only four tires / V2:Light truck(van, mini-van, panel, pickup, sport utility) with only four tires",Dry,Daylight,Clear,,SOLDIERS FIELD ROAD / RAMP - WESTERN AVE TO SOLDIERS FIELD RD,,,DOUBLETREE HOTEL ENTRANCE,,231489.2854,900977.3235
3732517,BOSTON,28-Jan-2014,9:53 AM,Not Reported,2,0,0,Rear-end,V1: Travelling straight ahead / V2:Travelling straight ahead,V1:Southbound / V2:Southbound ,V1: Collision with motor vehicle in traffic / V2: Collision with motor vehicle in traffic ,"V1: Light truck(van, mini-van, panel, pickup, sport utility) with only four tires / V2:Light truck(van, mini-van, panel, pickup, sport utility) with only four tires",Wet,Daylight,Not Reported,,CHARLESGATE EAST / CHARLESGATE OVERPASS,,,RAMP TO BOWKEROVERPASS,,233740.6464,900167.2604
3730888,BOSTON,28-Jan-2014,10:39 AM,Property damage only (none injured),1,0,0,Single vehicle crash,V1: Slowing or stopped in traffic,V1:Not reported ,V1: Collision with light pole or other post/support ,"V1: Light truck(van, mini-van, panel, pickup, sport utility) with only four tires",Dry,Daylight,Not Reported,,,,,CENTRAL PARKING GARAGE LOGAN,,,
3730013,BOSTON,28-Jan-2014,10:55 AM,Property damage only (none injured),2,0,0,"Sideswipe, same direction",V1: Turning left / V2:Travelling straight ahead,V1:Eastbound / V2:Eastbound ,V1: Collision with motor vehicle in traffic / V2: Collision with motor vehicle in traffic ,"V1: Tractor/semi-trailer / V2:Light truck(van, mini-van, panel, pickup, sport utility) with only four tires",Dry,Daylight,Clear,,KOSCIUSZKO CIRCLE,,,,,237020.6238,896892.1848
3737855,BOSTON,28-Jan-2014,8:15 PM,Property damage only (none injured),2,0,0,"Sideswipe, same direction",V1: Travelling straight ahead / V2:Travelling straight ahead,V1:Westbound / V2:Westbound ,V1: Collision with motor vehicle in traffic / V2: Collision with motor vehicle in traffic ,V1: Passenger car / V2:Passenger car,Dry,Dark - unknown roadway lighting,Clear,,RAMP - DARTMOUTH STREET TO RT 90 WB / MASSACHUSETTS TURNPIKE Rte I90 W,,,PRIOR TO PRU TUNNEL,,234676.7645,899794.9614
3729188,BOSTON,28-Jan-2014,9:00 PM,Property damage only (none injured),2,0,0,Rear-end,V1: Slowing or stopped in traffic / V2:Travelling straight ahead,V1:Southbound / V2:Southbound ,V1: Collision with motor vehicle in traffic / V2: Collision with motor vehicle in traffic ,V1: Passenger car / V2:Passenger car,Dry,Dark - lighted roadway,Clear,,Rte 93 S / UNKNOWN,,Exit 15 on Rte 93 S,,,236629.6253,897168.5001
3747132,BOSTON (DORCHESTER),29-Jan-2014,00:00 AM,Property damage only (none injured),2,0,0,Angle,V1: Turning right / V2:Travelling straight ahead,V1:Northbound / V2:Not reported ,V1: Collision with motor vehicle in traffic / V2: Collision with motor vehicle in traffic ,"V1: Unknown heavy truck, cannot classify / V2:Light truck(van, mini-van, panel, pickup, sport utility) with only four tires",Dry,Daylight,Clear,,45 GEORGIA STREET,,,,,234289.9285,895570.3135
3779932,BOSTON (DORCHESTER),29-Jan-2014,12:30 PM,Non-fatal injury,2,3,0,Head-on,V1: Turning left / V2:Travelling straight ahead,V1:Not reported / V2:Not reported ,V1: Collision with motor vehicle in traffic / V2: Collision with motor vehicle in traffic ,V1: Unknown vehicle configuration / V2:Unknown vehicle configuration,Dry,Daylight,Clear,HANCOCK STREET / HIGH STREET,,,,,,236213.8593,895617.8127
3731108,BOSTON,29-Jan-2014,12:50 PM,Property damage only (none injured),3,0,0,Rear-end,V1: Slowing or stopped in traffic / V2:Slowing or stopped in traffic / V3:Slowing or stopped in traffic,V1:Southbound / V2:Southbound / V3:Southbound ,V1: Collision with motor vehicle in traffic / V2: Collision with motor vehicle in traffic / V3: Collision with motor vehicle in traffic ,"V1: Light truck(van, mini-van, panel, pickup, sport utility) with only four tires / V2:Light truck(van, mini-van, panel, pickup, sport utility) with only four tires / V3:Passenger car",Dry,Daylight,Clear,,1179 BOYLSTON STREET / PARK DRIVE,,,,,233465.2977,899578.1798
3730362,BOSTON,29-Jan-2014,3:03 PM,Non-fatal injury,2,1,0,"Sideswipe, same direction",V1: Changing lanes / V2:Travelling straight ahead,V1:Northbound / V2:Northbound ,V1: Collision with motor vehicle in traffic / V2: Collision with motor vehicle in traffic ,"V1: Light truck(van, mini-van, panel, pickup, sport utility) with only four tires / V2:Light truck(van, mini-van, panel, pickup, sport utility) with only four tires",Dry,Daylight,Clear,,GALLIVAN BOULEVARD Rte UNKNOW S / NEPONSET AVENUE,,,,,237735.2263,892889.9254
3728531,BOSTON,29-Jan-2014,3:52 PM,Property damage only (none injured),3,0,0,Rear-end,V1: Travelling straight ahead / V2:Slowing or stopped in traffic / V3:Slowing or stopped in traffic,V1:Westbound / V2:Westbound / V3:Westbound ,V1: Collision with motor vehicle in traffic / V2: Collision with motor vehicle in traffic / V3: Collision with motor vehicle in traffic ,V1: Passenger car / V2:Passenger car / V3:Passenger car,Dry,Daylight,Clear,,STORROW DRIVE / RAMP - STORROW DR TO RT 2A WB,,,,,233831.9796,900253.5738
3729189,BOSTON,29-Jan-2014,5:24 PM,Property damage only (none injured),3,0,0,Rear-end,V1: Slowing or stopped in traffic / V2:Slowing or stopped in traffic / V3:Travelling straight ahead,V1:Southbound / V2:Southbound / V3:Southbound ,V1: Collision with motor vehicle in traffic / V2: Collision with motor vehicle in traffic / V3: Collision with motor vehicle in traffic ,"V1: Passenger car / V2:Light truck(van, mini-van, panel, pickup, sport utility) with only four tires / V3:Light truck(van, mini-van, panel, pickup, sport utility) with only four tires",Dry,Dark - lighted roadway,Clear,,Rte 93 S / UNKNOWN,,Exit 15 on Rte 93 S,,,236629.6253,897168.5001
3783226,BOSTON,29-Jan-2014,9:38 PM,Not Reported,2,0,0,Head-on,V1: Not reported / V2:Not reported,V1:Not reported / V2:Not reported ,V1: Not reported / V2: Not reported ,"V1: Light truck(van, mini-van, panel, pickup, sport utility) with only four tires / V2:Passenger car",Dry,Dark - lighted roadway,Clear,,20 LEVANT STREET,,,,,235503.6874,894864.1274
3727047,BOSTON,29-Jan-2014,11:37 PM,Property damage only (none injured),2,0,0,Angle,V1: Overtaking/passing / V2:Travelling straight ahead,V1:Northbound / V2:Northbound ,V1: Collision with motor vehicle in traffic / V2: Collision with motor vehicle in traffic ,"V1: Passenger car / V2:Light truck(van, mini-van, panel, pickup, sport utility) with only four tires",Dry,Dark - lighted roadway,Clear,,Rte 93 N,,Exit 11 on Rte 93,NEPONSET,,237094.7253,891674.8051
3749284,BOSTON,30-Jan-2014,7:16 AM,Property damage only (none injured),2,0,0,Rear-end,V1: Slowing or stopped in traffic / V2:Travelling straight ahead,V1:Southbound / V2:Southbound ,V1: Collision with motor vehicle in traffic / V2: Collision with motor vehicle in traffic ,"V1: Single-unit truck (2-axle, 6-tire) / V2:Tractor/semi-trailer",Dry,Daylight,Clear,,Rte 1 S,,,CANA TUNNEL,,236056.7704,902374.6159
3732757,BOSTON,30-Jan-2014,8:15 AM,Non-fatal injury,2,7,0,Rear-end,V1: Slowing or stopped in traffic / V2:Travelling straight ahead,V1:Eastbound / V2:Eastbound ,V1: Collision with motor vehicle in traffic / V2: Collision with motor vehicle in traffic ,"V1: Bus (seats for more than 15 people, including driver) / V2:Bus (seats for more than 15 people, including driver)",Dry,Daylight,Clear,,Rte 90 E,Rte 90  E Milemarker 133.0,,,,234145.2812,899758.6639
3826250,BOSTON,30-Jan-2014,9:46 AM,Property damage only (none injured),1,0,0,Single vehicle crash,V1: Turning left,V1:Not reported ,"V1: Collision with cyclist (bicycle, tricycle, unicycle, pedal car) ","V1: Light truck(van, mini-van, panel, pickup, sport utility) with only four tires",Dry,Daylight,Clear/Clear,CAMBRIDGE STREET / NORTH HARVARD STREET,,,,,"P2:Pedalcyclist (bicycle, tricycle, unicycle, pedal car)",230776.5125,900884.8729
3726711,BOSTON,30-Jan-2014,10:39 AM,Property damage only (none injured),2,0,0,Rear-end,V1: Slowing or stopped in traffic / V2:Travelling straight ahead,V1:Southbound / V2:Southbound ,V1: Collision with motor vehicle in traffic / V2: Collision with motor vehicle in traffic ,V1: Passenger car / V2:Passenger car,Dry,Daylight,Clear,,Rte 93 S / UNKNOWN,,Exit 24 on Rte 93 S,,,236397.1933,901565.6511
3785567,BOSTON,30-Jan-2014,1:55 PM,Not Reported,1,0,0,Single vehicle crash,V1: Backing,V1:Westbound ,V1: Collision with pedestrian ,V1: Passenger car,Dry,Daylight,Clear/Clear,,AVERY STREET / TREMONT STREET,,,,P2:Pedestrian,235901.7031,900413.5626
3730078,BOSTON,30-Jan-2014,3:40 PM,Property damage only (none injured),2,0,0,Angle,V1: Travelling straight ahead / V2:Turning left,V1:Southbound / V2:Eastbound ,V1: Collision with motor vehicle in traffic / V2: Collision with motor vehicle in traffic ,V1: Passenger car / V2:Passenger car,Dry,Daylight,Clear,CENTRE STREET / WHITCOMB AVENUE,,,,,,230817.5467,894658.3124
3730072,BOSTON,30-Jan-2014,4:00 PM,Property damage only (none injured),3,0,0,Rear-end,V1: Travelling straight ahead / V2:Travelling straight ahead / V3:Travelling straight ahead,V1:Southbound / V2:Southbound / V3:Southbound ,V1: Collision with motor vehicle in traffic / V2: Collision with motor vehicle in traffic / V3: Collision with motor vehicle in traffic ,"V1: Light truck(van, mini-van, panel, pickup, sport utility) with only four tires / V2:Passenger car / V3:Passenger car",Dry,Daylight,Clear,,ALBANY STREET Rte 16 S / Rte 93,,,0 feet S from RT. 93,,235956.6798,898950.3127
3729603,BOSTON,30-Jan-2014,4:45 PM,Non-fatal injury,2,1,0,Rear-end,V1: Travelling straight ahead / V2:Travelling straight ahead,V1:Southbound / V2:Southbound ,V1: Collision with motor vehicle in traffic / V2: Collision with motor vehicle in traffic ,"V1: Passenger car / V2:Light truck(van, mini-van, panel, pickup, sport utility) with only four tires",Dry,Daylight,Clear,,Rte 1 S / UNKNOWN,,,CANA TUNNEL,,236056.7704,902374.6159
3728423,BOSTON,31-Jan-2014,8:50 AM,Property damage only (none injured),2,0,0,"Sideswipe, same direction",V1: Travelling straight ahead / V2:Travelling straight ahead,V1:Southbound / V2:Southbound ,V1: Collision with motor vehicle in traffic / V2: Collision with motor vehicle in traffic ,"V1: Light truck(van, mini-van, panel, pickup, sport utility) with only four tires / V2:Passenger car",Dry,Daylight,Cloudy,,TEMPORARY RAMP Rte 1 S / MAURICE TOBIN BRIDGE,,,,,235853.0976,902245.2623
3732409,BOSTON,31-Jan-2014,3:50 PM,Property damage only (none injured),3,0,0,Rear-end,V1: Travelling straight ahead / V2:Slowing or stopped in traffic / V3:Slowing or stopped in traffic,V1:Northbound / V2:Northbound / V3:Northbound ,V1: Collision with motor vehicle in traffic / V2: Collision with motor vehicle in traffic / V3: Collision with motor vehicle in traffic ,"V1: Light truck(van, mini-van, panel, pickup, sport utility) with only four tires / V2:Light truck(van, mini-van, panel, pickup, sport utility) with only four tires / V3:Light truck(van, mini-van, panel, pickup, sport utility) with only four tires",Dry,Daylight,Clear,,LEVERETT CONNECTOR NORTH / INTERSTATE 93 Rte I93 N,,,LEVERETT CONNECTO RAMPTO RTE 93N,,234867.608,903827.7051
3732514,BOSTON,31-Jan-2014,5:10 PM,Property damage only (none injured),3,0,0,Rear-end,V1: Travelling straight ahead / V2:Slowing or stopped in traffic / V3:Slowing or stopped in traffic,V1:Southbound / V2:Southbound / V3:Southbound ,V1: Collision with motor vehicle in traffic / V2: Collision with motor vehicle in traffic / V3: Collision with motor vehicle in traffic ,"V1: Passenger car / V2:Light truck(van, mini-van, panel, pickup, sport utility) with only four tires / V3:Light truck(van, mini-van, panel, pickup, sport utility) with only four tires",Dry,Dusk,Clear,,LEVERETT CONNECTOR SOUTH,,Exit 26 on Rte 93 S,,,234846.733,903689.608
3728324,BOSTON,31-Jan-2014,8:45 PM,Property damage only (none injured),2,0,0,Rear-end,V1: Travelling straight ahead / V2:Travelling straight ahead,V1:Southbound / V2:Southbound ,V1: Not reported / V2: Collision with motor vehicle in traffic ,V1: Passenger car / V2:Passenger car,Dry,Dark - lighted roadway,Clear,,SOUTHBOUND FRONTAGE ROAD / SOUTHBOUND FRONTAGE ROAD,,,SOUTHBAY MALL,,236134.8219,897850.6397
3748636,BOSTON,01-Feb-2014,1:45 AM,Non-fatal injury,1,1,0,Single vehicle crash,V1: Turning left,V1:Westbound ,V1: Collision with guardrail ,V1: Passenger car,Dry,Dark - lighted roadway,Clear,,SOLDIERS FIELD ROAD / RAMP - WESTERN AVE TO SOLDIERS FIELD RD,,,WEEKS FOOT BRIDGE,,231371.124,901973.095
3737951,BOSTON,01-Feb-2014,2:41 AM,Property damage only (none injured),2,0,0,Rear-end,V1: Not reported / V2:Slowing or stopped in traffic,V1:Southbound / V2:Southbound ,V1: Collision with motor vehicle in traffic / V2: Collision with motor vehicle in traffic ,V1: Passenger car / V2:Passenger car,Dry,Dark - lighted roadway,Clear,,MAURICE TOBIN BRIDGE Rte US1 S / TOBIN BRIDGE Rte US1 S,,,TOLL PLAZA,,237028.6481,903577.501
3745160,BOSTON,01-Feb-2014,3:02 AM,Not Reported,1,0,0,Single vehicle crash,V1: Travelling straight ahead,V1:Southbound ,V1: Collision with median barrier ,"V1: Light truck(van, mini-van, panel, pickup, sport utility) with only four tires",Dry,Dark - lighted roadway,Clear,,RAMP - RT 1 SB TO RUTHERFORD AVENUE / RAMP - RT 1 SB TO RUTHERFORD AVENUE,,,RAMP T-L,,235810.7713,902419.3951
3728433,BOSTON,01-Feb-2014,5:55 AM,Property damage only (none injured),1,0,0,Single vehicle crash,V1: Travelling straight ahead,V1:Southbound ,V1: Collision with curb ,V1: Passenger car,Dry,Dark - lighted roadway,Not Reported,,JAMAICAWAY / PERKINS STREET,,,@ PERKINS,,231606.1562,896796.9999
3738831,BOSTON,01-Feb-2014,11:50 AM,Property damage only (none injured),2,0,0,"Sideswipe, same direction",V1: Travelling straight ahead / V2:Travelling straight ahead,V1:Southbound / V2:Northbound ,V1: Collision with motor vehicle in traffic / V2: Collision with motor vehicle in traffic ,"V1: Passenger car / V2:Light truck(van, mini-van, panel, pickup, sport utility) with only four tires",Dry,Daylight,Clear,,KOSCIUSZKO CIRCLE / COLUMBIA ROAD,,,KOSCIUZKO CIRCLE,,236960.1656,896881.028
3735729,BOSTON,01-Feb-2014,11:50 AM,Property damage only (none injured),2,0,0,Angle,V1: Travelling straight ahead / V2:Changing lanes,V1:Eastbound / V2:Eastbound ,V1: Collision with motor vehicle in traffic / V2: Collision with motor vehicle in traffic ,"V1: Light truck(van, mini-van, panel, pickup, sport utility) with only four tires / V2:Passenger car",Dry,Daylight,Clear,STORROW DRIVE Rte SR28 N N / RAMP - STORROW DRIVE TO LEVERETT CONNECT,,,,LEVERETT CIRCLE,,235446.4686,901669.7367
3752723,BOSTON,01-Feb-2014,9:35 PM,Non-fatal injury,2,1,0,Angle,V1: Turning left / V2:Travelling straight ahead,V1:Westbound / V2:Southbound ,V1: Collision with motor vehicle in traffic / V2: Collision with motor vehicle in traffic ,V1: Passenger car / V2:Passenger car,Dry,Dark - lighted roadway,Clear,,TRUMAN HIGHWAY Rte UNKNOW / WARREN AVENUE,,,,,231543.9742,889275.6682