Crash Number,City/Town Name,Crash Date,Crash Time,Crash Severity,Number of Vehicles,Total Nonfatal Injuries,Total Fatal Injuries,Manner of Collision,Vehicle Action Prior to Crash,Vehicle Travel Directions,Most Harmful Events,Vehicle Configuration,Road Surface Condition,Ambient Light,Weather Condition,At Roadway Intersection,Distance from Nearest Roadway Intersection,Distance from Nearest Milemarker,Distance from Nearest Exit,Distance from Nearest Landmark,Non Motorist Type,X Coordinate,Y Coordinate
3732410,BOSTON,02-Feb-2014,1:14 AM,Non-fatal injury,1,1,0,Single vehicle crash,V1: Travelling straight ahead,V1:Northbound ,V1: Reported but invalid ,"V1: Light truck(van, mini-van, panel, pickup, sport utility) with only four tires",Dry,Dark - lighted roadway,Clear,,Rte 93 N / UNKNOWN,,Exit 20 on Rte 93 N,,,235935.6734,898219.8317
3779832,BOSTON (DORCHESTER),02-Feb-2014,3:20 AM,Non-fatal injury,1,1,0,Not reported,V1: Travelling straight ahead,V1:Not reported ,V1: Collision with pedestrian ,V1: Unknown vehicle configuration,Not reported,Not reported,Not Reported,GENEVA AVENUE / CHARLES STREET,,,,,,235860.3125,894445.8125
3779732,BOSTON (DORCHESTER),02-Feb-2014,4:40 AM,Non-fatal injury,2,3,0,Angle,V1: Travelling straight ahead / V2:Travelling straight ahead,V1:Not reported / V2:Not reported ,V1: Collision with motor vehicle in traffic / V2: Collision with motor vehicle in traffic ,"V1: Light truck(van, mini-van, panel, pickup, sport utility) with only four tires / V2:Passenger car",Dry,Dark - lighted roadway,Clear/Clear,COLUMBIA ROAD / QUINCY STREET,,,,,,235432.4218,895739.2499
3979055,BOSTON,02-Feb-2014,4:52 AM,Unknown,1,0,0,Not reported,V1: Not reported,V1:Not reported ,V1: Not reported ,"V1: Light truck(van, mini-van, panel, pickup, sport utility) with only four tires",Not reported,Not reported,Not Reported,MASSACHUSETTS AVENUE / ALBANY STREET,,,,,P2:Pedestrian,235158.7194,898212.7833
4063142,BOSTON,02-Feb-2014,4:52 AM,Property damage only (none injured),1,0,0,Not reported,V1: Other,V1:Not reported ,V1: Collision with pedestrian ,"V1: Light truck(van, mini-van, panel, pickup, sport utility) with only four tires",Not reported,Dark - lighted roadway,Cloudy,MASSACHUSETTS AVENUE / ALBANY STREET,,,,,P2:Pedestrian,235158.7194,898212.7833
3735700,BOSTON,02-Feb-2014,5:18 AM,Property damage only (none injured),1,0,0,Single vehicle crash,V1: Leaving traffic lane,V1:Northbound ,V1: Collision with motor vehicle in traffic ,V1: Passenger car,Dry,Dark - lighted roadway,Snow,,RAMP-RT 93 NB TO RT 3 NB (STORROW DR) Rte 3A N,,Exit 26 on Rte 93 N,,,236368.5424,901672.1339
3737958,BOSTON,02-Feb-2014,6:20 AM,Property damage only (none injured),1,0,0,Single vehicle crash,V1: Travelling straight ahead,V1:Northbound ,V1: Collision with curb ,"V1: Light truck(van, mini-van, panel, pickup, sport utility) with only four tires",Wet,Dark - lighted roadway,Cloudy/Rain,,Rte 203 / UNKNOWN,,,SHEA ROTARY,,232473.2971,894531.5629
3738706,BOSTON,02-Feb-2014,2:22 PM,Property damage only (none injured),1,0,0,Single vehicle crash,V1: Travelling straight ahead,V1:Southbound ,V1: Collision with median barrier ,V1: Passenger car,Wet,Daylight,Cloudy,,RAMP - LEVERETT CIRCLE TO RT 93 SB Rte SR3 S / STORROW DRIVE Rte SR3A S,,,LC-S,,235622.0367,901857.1324
3732411,BOSTON,02-Feb-2014,10:02 PM,Non-fatal injury,1,1,0,Single vehicle crash,V1: Travelling straight ahead,V1:Northbound ,V1: Collision with median barrier ,V1: Passenger car,Dry,Dark - lighted roadway,Not Reported,,Rte 93 N / UNKNOWN,,Exit 23 on Rte 93 N,,,236957.4837,900943.9828
3732755,BOSTON,03-Feb-2014,9:26 AM,Property damage only (none injured),2,0,0,Angle,V1: Travelling straight ahead / V2:Travelling straight ahead,V1:Westbound / V2:Westbound ,V1: Collision with motor vehicle in traffic / V2: Collision with motor vehicle in traffic ,V1: Single-unit truck (3-or-more axles) / V2:Passenger car,Dry,Daylight,Clear,,Rte 90 W,Rte 90  W Milemarker 130.0,,,,229752.0583,900842.7985
3735280,BOSTON,03-Feb-2014,11:40 AM,Property damage only (none injured),2,0,0,"Sideswipe, same direction",V1: Travelling straight ahead / V2:Parked,V1:Westbound / V2:Not reported ,V1: Unknown / V2: Not reported ,"V1: Bus (seats for more than 15 people, including driver) / V2:Light truck(van, mini-van, panel, pickup, sport utility) with only four tires",Wet,Daylight,Snow/Cloudy,,75 MALCOLM X BOULEVARD,,,,,233652.7077,897943.2295
3826252,BOSTON,03-Feb-2014,11:52 AM,Not Reported,2,0,0,Not reported,V1: Not reported / V2:Not reported,V1:Not reported / V2:Not reported ,V1: Not reported / V2: Not reported ,V1: Passenger car / V2:Passenger car,Snow,Daylight,Snow,,424 CAMBRIDGE STREET,,,,,230087.6099,900527.0281
3740734,BOSTON,03-Feb-2014,1:24 PM,Property damage only (none injured),4,0,0,Rear-end,V1: Travelling straight ahead / V2:Travelling straight ahead / V3:Slowing or stopped in traffic / V4:Slowing or stopped in traffic,V1:Northbound / V2:Northbound / V3:Northbound / V4:Northbound ,V1: Other / V2: Collision with motor vehicle in traffic / V3: Collision with motor vehicle in traffic / V4: Collision with motor vehicle in traffic ,V1: Truck/trailer / V2:Passenger car / V3:Passenger car / V4:Passenger car,Dry,Daylight,Clear,,Rte 93 N,,Exit 14 on Rte 93 N,,,237258.9796,894483.3974
3735730,BOSTON,03-Feb-2014,1:48 PM,Property damage only (none injured),2,0,0,Rear-end,V1: Parked / V2:Travelling straight ahead,V1:Eastbound / V2:Eastbound ,V1: Other / V2: Collision with motor vehicle in traffic ,V1: Passenger car / V2:Passenger car,Snow,Daylight,Clear,,PARKMAN DRIVE / PARKMAN DRIVE,,,,,231058.342,896098.8339
3789343,BOSTON,03-Feb-2014,2:08 PM,Non-fatal injury,2,1,0,"Sideswipe, opposite direction",V1: Turning left / V2:Travelling straight ahead,V1:Eastbound / V2:Westbound ,V1: Collision with motor vehicle in traffic / V2: Collision with motor vehicle in traffic ,"V1: Light truck(van, mini-van, panel, pickup, sport utility) with only four tires / V2:Light truck(van, mini-van, panel, pickup, sport utility) with only four tires",Dry,Daylight,Not Reported,MORTON STREET / HAVELOCK STREET,,,,,,233533.0467,892972.5627
3748368,BOSTON,03-Feb-2014,5:10 PM,Property damage only (none injured),2,0,0,Angle,V1: Travelling straight ahead / V2:Entering traffic lane,V1:Westbound / V2:Westbound ,V1: Collision with motor vehicle in traffic / V2: Collision with moped ,"V1: Light truck(van, mini-van, panel, pickup, sport utility) with only four tires / V2:Passenger car",Wet,Daylight,Snow,,PARK DRIVE / RIVERWAY,,,CHURCH ST,,232684.0766,899344.5644
3732515,BOSTON,03-Feb-2014,11:17 PM,Property damage only (none injured),1,0,0,Single vehicle crash,V1: Travelling straight ahead,V1:Eastbound ,V1: Collision with motor vehicle in traffic ,V1: Passenger car,Wet,Dark - lighted roadway,Snow,,RAMP - STORROW DRIVE TO LEVERETT CONNECT / STORROW DRIVE Rte SR28 N,,,SN TUNNEL,,235589.4792,901857.298
3730017,BOSTON,04-Feb-2014,3:30 AM,Property damage only (none injured),2,0,0,Head-on,V1: Travelling straight ahead / V2:Travelling straight ahead,V1:Northbound / V2:Southbound ,V1: Collision with motor vehicle in traffic / V2: Collision with motor vehicle in traffic ,"V1: Passenger car / V2:Unknown heavy truck, cannot classify",Ice,Dark - lighted roadway,Clear,,JOHN F FITZGERALD EXPRESSWAY Rte I93 S / RAMP - RT 93 SB TO RT 3A SB Rte SR3A S,,Exit 12 on Rte I93 S,,,237608.306,892689.8268
3779731,BOSTON (DORCHESTER),04-Feb-2014,6:42 AM,Not Reported,1,0,0,Head-on,V1: Travelling straight ahead,V1:Southbound ,V1: Collision with light pole or other post/support ,V1: Unknown vehicle configuration,Snow,Daylight,"Snow/Sleet, hail (freezing rain or drizzle)",,1080 ADAMS STREET / BURKE STREET,,,,,236085.0481,891644.833
3783222,BOSTON (DORCHESTER),04-Feb-2014,7:35 AM,Not Reported,1,0,0,Single vehicle crash,V1: Not reported,V1:Not reported ,V1: Not reported ,V1: Passenger car,Unknown,Daylight,Clear,DORCHESTER AVENUE / CENTRE STREET,,,,,P2:Pedestrian,236112.4065,893779
3748358,BOSTON,04-Feb-2014,8:52 AM,Property damage only (none injured),2,0,0,Rear-end,V1: Travelling straight ahead / V2:Slowing or stopped in traffic,V1:Northbound / V2:Northbound ,V1: Collision with motor vehicle in traffic / V2: Collision with motor vehicle in traffic ,V1: Passenger car / V2:Passenger car,Dry,Daylight,Clear,,Rte 93 N / UNKNOWN,,Exit 26 on Rte 93 N,,,236402.7433,901600.0342
3732518,BOSTON,04-Feb-2014,10:27 AM,Property damage only (none injured),2,0,0,"Sideswipe, same direction",V1: Travelling straight ahead / V2:Travelling straight ahead,V1:Eastbound / V2:Eastbound ,V1: Collision with motor vehicle in traffic / V2: Collision with motor vehicle in traffic ,V1: Passenger car / V2:Passenger car,Dry,Daylight,Cloudy,,STORROW DRIVE / CHARLESGATE OVERPASS,,,,,233517.434,900133.5122
3735831,BOSTON,04-Feb-2014,12:20 PM,Property damage only (none injured),2,0,0,Rear-end,V1: Slowing or stopped in traffic / V2:Slowing or stopped in traffic,V1:Eastbound / V2:Eastbound ,V1: Collision with motor vehicle in traffic / V2: Collision with motor vehicle in traffic ,V1: Passenger car / V2:Passenger car,Dry,Daylight,Clear,,EMBANKMENT ROAD Rte 28 N / RAMP TO CHARLES CIRCLE,,,,,235296.186,901393.079
4110513,BOSTON,04-Feb-2014,8:04 PM,Fatal injury,1,0,1,Not reported,V1: Not reported,V1:Not reported ,V1: Collision with pedestrian ,V1: Unknown vehicle configuration,Not reported,Not reported,Not Reported,,DORCHESTER AVENUE,,,,,236513.4356,897790.5752
3730075,BOSTON,05-Feb-2014,00:00 AM,Property damage only (none injured),1,0,0,Single vehicle crash,V1: Not reported,V1:Not reported ,V1: Not reported ,V1: Passenger car,Dry,Dark - lighted roadway,Clear,,Rte 93 S,,Exit 12 on Rte 93 S,,,237620.5493,892713.0989
3784290,BOSTON,05-Feb-2014,6:27 AM,Non-fatal injury,1,1,0,Single vehicle crash,V1: Travelling straight ahead,V1:Not reported ,V1: Collision with light pole or other post/support ,V1: Passenger car,Snow,Dawn,Snow/Snow,,254 WASHINGTON STREET,,,,,236421.6254,900927.2913
3730940,BOSTON,05-Feb-2014,6:38 AM,Property damage only (none injured),2,0,0,Not reported,V1: Travelling straight ahead / V2:Travelling straight ahead,V1:Northbound / V2:Northbound ,V1: Collision with light pole or other post/support / V2: Collision with light pole or other post/support ,"V1: Light truck(van, mini-van, panel, pickup, sport utility) with only four tires / V2:Passenger car",Snow,Dawn,Snow,,WILLIAM T MORRISSEY BOULEVARD / FREEPORT STREET,,,,,237179.8204,894570.591
3784307,BOSTON (ROXBURY),05-Feb-2014,8:35 AM,Non-fatal injury,2,1,0,Rear-end,V1: Travelling straight ahead / V2:Travelling straight ahead,V1:Eastbound / V2:Eastbound ,V1: Collision with motor vehicle in traffic / V2: Collision with motor vehicle in traffic ,"V1: Passenger car / V2:Light truck(van, mini-van, panel, pickup, sport utility) with only four tires",Snow,Daylight,Cloudy/Clear,DUDLEY STREET / HARRISON AVENUE,,,,,,234390.0625,897652.5627
3732761,BOSTON,05-Feb-2014,9:15 AM,Property damage only (none injured),2,0,0,Rear-end,V1: Travelling straight ahead / V2:Slowing or stopped in traffic,V1:Northbound / V2:Northbound ,V1: Collision with motor vehicle in traffic / V2: Collision with motor vehicle in traffic ,"V1: Light truck(van, mini-van, panel, pickup, sport utility) with only four tires / V2:Light truck(van, mini-van, panel, pickup, sport utility) with only four tires",Snow,Daylight,Snow,,Rte 93 N / SOUTHAMPTON STREET,,Exit 16 on Rte 93,,,236177.2184,897849.5222
3749662,BOSTON,05-Feb-2014,9:24 AM,Property damage only (none injured),2,0,0,"Sideswipe, opposite direction",V1: Travelling straight ahead / V2:Travelling straight ahead,V1:Northbound / V2:Southbound ,V1: Collision with motor vehicle in traffic / V2: Collision with motor vehicle in traffic ,"V1: Light truck(van, mini-van, panel, pickup, sport utility) with only four tires / V2:Passenger car",Snow,Daylight,Snow,,JAMAICAWAY / POND STREET,,,,,231573.1563,896192.375
3731110,BOSTON,05-Feb-2014,9:41 AM,Property damage only (none injured),2,0,0,Angle,V1: Travelling straight ahead / V2:Travelling straight ahead,V1:Westbound / V2:Westbound ,V1: Collision with motor vehicle in traffic / V2: Collision with motor vehicle in traffic ,"V1: Bus (seats for 7-15 people, including driver) / V2:Light truck(van, mini-van, panel, pickup, sport utility) with only four tires",Snow,Daylight,Snow,,RAMP TO CHARLES CIRCLE / STORROW DRIVE Rte SR28 N,,,CHARLES CIRCLE,,235255.0691,901133.5089
3735842,BOSTON,05-Feb-2014,10:05 AM,Property damage only (none injured),2,0,0,Rear-end,V1: Travelling straight ahead / V2:Other,V1:Northbound / V2:Northbound ,V1: Collision with motor vehicle in traffic / V2: Collision with motor vehicle in traffic ,"V1: Light truck(van, mini-van, panel, pickup, sport utility) with only four tires / V2:Passenger car",Snow,Daylight,"Snow/Blowing sand, snow",,Rte 93 N / UNKNOWN,,Exit 11 on Rte 93 N,,,237094.7253,891674.8051
3736259,BOSTON,05-Feb-2014,5:40 PM,Property damage only (none injured),1,0,0,Single vehicle crash,V1: Travelling straight ahead,V1:Eastbound ,V1: Collision with utility pole ,V1: Passenger car,Snow,Dark - lighted roadway,Snow,,ARBORWAY / CENTRE STREET,,,,,231269.4377,895461.1869
3735853,BOSTON,05-Feb-2014,9:09 PM,Property damage only (none injured),1,0,0,Rear-end,V1: Slowing or stopped in traffic,V1:Westbound ,V1: Collision with motor vehicle in traffic ,V1: Passenger car,Dry,Dark - lighted roadway,Cloudy,RESERVATION ROAD / SMITH FIELD ROAD,,,,,,230088.3312,889420.215
3732412,BOSTON,06-Feb-2014,5:31 AM,Property damage only (none injured),1,0,0,Single vehicle crash,V1: Travelling straight ahead,V1:Westbound ,V1: Collision with median barrier ,"V1: Light truck(van, mini-van, panel, pickup, sport utility) with only four tires",Wet,Dark - lighted roadway,Cloudy,,Rte 90 W / UNKNOWN,,,TED WILLIAMS TUNNEL,,237502.2072,899862.5469
3736964,BOSTON,06-Feb-2014,7:54 AM,Property damage only (none injured),1,0,0,Single vehicle crash,V1: Travelling straight ahead,V1:Eastbound ,V1: Collision with bridge overhead structure ,V1: Passenger car,Dry,Daylight,Clear,,CHELSEA STREET BRIDGE / CHELSEA STREET,,,,,239295.7231,904103.2207
3732417,BOSTON,06-Feb-2014,8:12 AM,Property damage only (none injured),2,0,0,Angle,V1: Travelling straight ahead / V2:Travelling straight ahead,V1:Southbound / V2:Southbound ,V1: Collision with motor vehicle in traffic / V2: Collision with motor vehicle in traffic ,V1: Passenger car / V2:Passenger car,Wet,Daylight,Clear,,PREBLE STREET / OLD COLONY AVENUE,,,PREBBLE CIRCLE,,236869.4374,897748.4377
3740832,BOSTON,06-Feb-2014,9:10 AM,Property damage only (none injured),2,0,0,Rear-end,V1: Travelling straight ahead / V2:Slowing or stopped in traffic,V1:Southbound / V2:Southbound ,V1: Collision with motor vehicle in traffic / V2: Collision with moped ,V1: Passenger car / V2:Passenger car,Dry,Daylight,Cloudy,,Rte 93 S,,Exit 15 on Rte 93,93 SOUTH EXIT 15,,236629.6253,897168.5001
3732519,BOSTON,06-Feb-2014,9:30 AM,Property damage only (none injured),1,0,0,Single vehicle crash,V1: Travelling straight ahead,V1:Southbound ,V1: Reported but invalid ,V1: Passenger car,Dry,Daylight,Clear,,Rte 93,,Exit 15 on Rte 93,SOUTH OF EXIT 15 ONRAMP,,236629.6253,897168.5001
3785532,BOSTON,06-Feb-2014,12:38 PM,Non-fatal injury,1,1,0,Single vehicle crash,V1: Turning left,V1:Westbound ,V1: Collision with pedestrian ,V1: Passenger car,Wet,Daylight,Cloudy/Cloudy,BEDFORD STREET / LINCOLN STREET,,,,,P2:Pedestrian,236429.2393,900410.572
3737856,BOSTON,06-Feb-2014,3:20 PM,Property damage only (none injured),2,0,0,Rear-end,V1: Travelling straight ahead / V2:Slowing or stopped in traffic,V1:Westbound / V2:Westbound ,V1: Collision with motor vehicle in traffic / V2: Collision with motor vehicle in traffic ,"V1: Passenger car / V2:Light truck(van, mini-van, panel, pickup, sport utility) with only four tires",Dry,Dark - lighted roadway,Cloudy,,MASSACHUSETTS TURNPIKE Rte 90 W / TED WILLIAMS TUNNEL,,,TWT,,239051.4028,900924.2439
3779831,BOSTON,06-Feb-2014,5:37 PM,Non-fatal injury,1,1,0,"Sideswipe, same direction",V1: Travelling straight ahead,V1:Not reported ,V1: Not reported ,V1: Passenger car,Wet,Dark - lighted roadway,Snow,,690 WASHINGTON STREET,,,,,236010.4125,900169.6635
3733109,BOSTON,06-Feb-2014,11:55 PM,Property damage only (none injured),2,0,0,"Sideswipe, same direction",V1: Travelling straight ahead / V2:Parked,V1:Eastbound / V2:Not reported ,V1: Collision with parked motor vehicle / V2: Collision with motor vehicle in traffic ,V1: Passenger car / V2:Passenger car,Dry,Dark - lighted roadway,Clear,,MORTON STREET Rte UNKNOW E / 627 HAVELOCK STREET,,,,,233533.0467,892972.5627
4020107,BOSTON,07-Feb-2014,8:00 AM,Unknown,4,0,0,"Sideswipe, same direction",V1: Travelling straight ahead / V2:Parked / V3:Not reported / V4:Not reported,V1:Westbound / V2:Not reported / V3:Not reported / V4:Not reported ,V1: Not reported / V2: Not reported / V3: Not reported / V4: Not reported ,V1: Passenger car / V2:Passenger car / V3:Passenger car / V4:Passenger car,Dry,Daylight,Clear,,28 SEAVER STREET,,,,,233513.9061,895824.1252
3732413,BOSTON,07-Feb-2014,8:07 AM,Property damage only (none injured),4,0,0,Rear-end,V1: Slowing or stopped in traffic / V2:Slowing or stopped in traffic / V3:Slowing or stopped in traffic / V4:Travelling straight ahead,V1:Westbound / V2:Westbound / V3:Westbound / V4:Westbound ,V1: Collision with motor vehicle in traffic / V2: Collision with motor vehicle in traffic / V3: Collision with motor vehicle in traffic / V4: Collision with motor vehicle in traffic ,"V1: Passenger car / V2:Passenger car / V3:Light truck(van, mini-van, panel, pickup, sport utility) with only four tires / V4:Light truck(van, mini-van, panel, pickup, sport utility) with only four tires",Dry,Daylight,Clear,,SUMNER TUNNEL / EAST BOSTON EXPRESSWAY,,,,,237974.5437,902602.3837
3784308,BOSTON,07-Feb-2014,8:30 AM,Non-fatal injury,2,2,0,Rear-end,V1: Travelling straight ahead / V2:Travelling straight ahead,V1:Southbound / V2:Not reported ,V1: Collision with motor vehicle in traffic / V2: Collision with motor vehicle in traffic ,V1: Unknown vehicle configuration / V2:Unknown vehicle configuration,Dry,Daylight,Clear/Other,JEWISH WAR VETERANS DRIVE /  / BLUE HILL AVENUE,,,,,,234215.2186,894861.2498
3732520,BOSTON,07-Feb-2014,10:00 AM,Non-fatal injury,5,4,0,Rear-end,V1: Slowing or stopped in traffic / V2:Slowing or stopped in traffic / V3:Slowing or stopped in traffic / V4:Travelling straight ahead / V5:Travelling straight ahead,V1:Northbound / V2:Northbound / V3:Northbound / V4:Northbound / V5:Northbound ,V1: Collision with motor vehicle in traffic / V2: Collision with motor vehicle in traffic / V3: Collision with motor vehicle in traffic / V4: Collision with motor vehicle in traffic / V5: Collision with motor vehicle in traffic ,"V1: Passenger car / V2:Light truck(van, mini-van, panel, pickup, sport utility) with only four tires / V3:Passenger car / V4:Passenger car / V5:Passenger car",Dry,Daylight,Clear,,Rte 93 N,,Exit 13 on Rte 93 N,BETWEEN EXIT 13 AND 14,,237420.1414,894076.5227
3736253,BOSTON,07-Feb-2014,1:30 PM,Property damage only (none injured),2,0,0,Angle,V1: Travelling straight ahead / V2:Turning left,V1:Westbound / V2:Northbound ,V1: Collision with motor vehicle in traffic / V2: Collision with motor vehicle in traffic ,"V1: Passenger car / V2:Light truck(van, mini-van, panel, pickup, sport utility) with only four tires",Dry,Daylight,Clear,,CHARLESGATE EAST / COMMONWEALTH AVENUE,,,,,233649.9732,899935.8523
3738707,BOSTON,07-Feb-2014,2:10 PM,Property damage only (none injured),2,0,0,Angle,V1: Travelling straight ahead / V2:Changing lanes,V1:Northbound / V2:Southbound ,V1: Collision with motor vehicle in traffic / V2: Collision with motor vehicle in traffic ,V1: Passenger car / V2:Passenger car,Wet,Daylight,Cloudy,,Rte 93 S / UNKNOWN,,Exit 20 on Rte 93 S,,,236954.209,900826.9442
3740168,BOSTON,07-Feb-2014,4:00 PM,Property damage only (none injured),2,0,0,"Sideswipe, same direction",V1: Travelling straight ahead / V2:Changing lanes,V1:Westbound / V2:Westbound ,V1: Collision with motor vehicle in traffic / V2: Collision with motor vehicle in traffic ,"V1: Light truck(van, mini-van, panel, pickup, sport utility) with only four tires / V2:Light truck(van, mini-van, panel, pickup, sport utility) with only four tires",Dry,Daylight,Clear,,Rte 90 W / UNKNOWN,,,,,228154.8166,900866.0695
3745161,BOSTON,07-Feb-2014,4:35 PM,Property damage only (none injured),2,0,0,Rear-end,V1: Slowing or stopped in traffic / V2:Travelling straight ahead,V1:Eastbound / V2:Eastbound ,V1: Collision with motor vehicle in traffic / V2: Collision with motor vehicle in traffic ,V1: Passenger car / V2:Passenger car,Dry,Dark - lighted roadway,Cloudy,,Rte 90 E / UNKNOWN,,,AFTER RAMP L  EB,,237625.023,899814.442
3788331,BOSTON,07-Feb-2014,9:00 PM,Non-fatal injury,2,2,0,Rear-end,V1: Travelling straight ahead / V2:Parked,V1:Not reported / V2:Not reported ,V1: Not reported / V2: Not reported ,V1: Passenger car / V2:Passenger car,Ice,Dark - lighted roadway,"Snow/Sleet, hail (freezing rain or drizzle)",,150 POPLAR STREET,,,,,230677.0323,892562.2576
3732516,BOSTON,08-Feb-2014,1:18 AM,Property damage only (none injured),1,0,0,Single vehicle crash,V1: Travelling straight ahead,V1:Southbound ,V1: Collision with median barrier ,V1: Passenger car,Dry,Other,Clear,,Rte 93 S / UNKNOWN,,Exit 20 on Rte 93 S,,,236954.209,900826.9442
3784310,BOSTON,08-Feb-2014,2:07 AM,Not Reported,2,0,0,Angle,V1: Not reported / V2:Not reported,V1:Not reported / V2:Not reported ,V1: Not reported / V2: Not reported ,V1: Passenger car / V2:Passenger car,Dry,Dark - lighted roadway,Clear/Clear,MAGAZINE STREET / NORFOLK AVENUE,,,,,,235319.8279,897444
3785601,BOSTON (DORCHESTER),08-Feb-2014,9:05 AM,Non-fatal injury,2,1,0,Not reported,V1: Travelling straight ahead / V2:Backing,V1:Not reported / V2:Not reported ,V1: Collision with motor vehicle in traffic / V2: Collision with motor vehicle in traffic ,V1: Passenger car / V2:Passenger car,Not reported,Not reported,Not Reported,ADAMS STREET / DICKENS STREET,,,,,,236344.7029,894553.6248
3737853,BOSTON,08-Feb-2014,12:50 PM,Property damage only (none injured),2,0,0,Head-on,V1: Travelling straight ahead / V2:Slowing or stopped in traffic,V1:Northbound / V2:Southbound ,V1: Collision with motor vehicle in traffic / V2: Collision with motor vehicle in traffic ,"V1: Light truck(van, mini-van, panel, pickup, sport utility) with only four tires / V2:Light truck(van, mini-van, panel, pickup, sport utility) with only four tires",Wet,Daylight,Clear,,UNKNOWN,,,CONSTITUTION BEACH PARKING LOT,,,
3732521,BOSTON,08-Feb-2014,12:50 PM,Property damage only (none injured),2,0,0,Rear-end,V1: Slowing or stopped in traffic / V2:Travelling straight ahead,V1:Northbound / V2:Northbound ,V1: Collision with motor vehicle in traffic / V2: Collision with motor vehicle in traffic ,V1: Passenger car / V2:Passenger car,Dry,Daylight,Clear,,Rte 93 N / UNKNOWN,,Exit 13 on Rte 93 N,,,237420.1414,894076.5227
3732522,BOSTON,08-Feb-2014,1:00 PM,Property damage only (none injured),3,0,0,Rear-end,V1: Changing lanes / V2:Travelling straight ahead / V3:Travelling straight ahead,V1:Northbound / V2:Northbound / V3:Northbound ,V1: Collision with motor vehicle in traffic / V2: Collision with motor vehicle in traffic / V3: Collision with motor vehicle in traffic ,"V1: Light truck(van, mini-van, panel, pickup, sport utility) with only four tires / V2:Passenger car / V3:Light truck(van, mini-van, panel, pickup, sport utility) with only four tires",Dry,Daylight,Clear,,Rte 93 N / UNKNOWN,,Exit 13 on Rte 93 N,,,237420.1414,894076.5227
3732764,BOSTON,08-Feb-2014,1:55 PM,Property damage only (none injured),2,0,0,Angle,V1: Travelling straight ahead / V2:Changing lanes,V1:Eastbound / V2:Eastbound ,V1: Collision with motor vehicle in traffic / V2: Collision with motor vehicle in traffic ,"V1: Passenger car / V2:Light truck(van, mini-van, panel, pickup, sport utility) with only four tires",Dry,Daylight,Clear,,COLUMBIA ROAD / Rte 93,,,INBOUND BEFORE RT 93,,236787.0013,896862.7653
3785583,BOSTON (HYDE PARK),08-Feb-2014,10:26 PM,Not Reported,2,0,0,"Sideswipe, same direction",V1: Not reported / V2:Not reported,V1:Not reported / V2:Not reported ,V1: Not reported / V2: Not reported ,"V1: Passenger car / V2:Light truck(van, mini-van, panel, pickup, sport utility) with only four tires",Dry,Dark - lighted roadway,Clear,,26 HYDE PARK AVENUE,,,,,231827.5115,894377.0398
3732765,BOSTON,09-Feb-2014,4:46 AM,Property damage only (none injured),2,0,0,Angle,V1: Travelling straight ahead / V2:Changing lanes,V1:Southbound / V2:Southbound ,V1: Collision with motor vehicle in traffic / V2: Collision with motor vehicle in traffic ,V1: Truck/trailer / V2:Passenger car,Dry,Dark - lighted roadway,Clear,,Rte 93 S,,Exit 12 on Rte 93 S,,,237620.5493,892713.0989
3738832,BOSTON,09-Feb-2014,6:11 AM,Not Reported,1,0,0,Single vehicle crash,V1: Travelling straight ahead,V1:Northbound ,V1: Collision with median barrier ,V1: Passenger car,Dry,Dark - lighted roadway,Clear,,300 feet S from Intersection WILLIAM T MORRISSEY BOULEVARD / MOUNT VERNON STREET,,,NEAR SANTANDER BANK,,237094.6944,896696.8636
3732523,BOSTON,09-Feb-2014,6:50 AM,Property damage only (none injured),2,0,0,Angle,V1: Travelling straight ahead / V2:Travelling straight ahead,V1:Westbound / V2:Southbound ,V1: Collision with motor vehicle in traffic / V2: Collision with motor vehicle in traffic ,"V1: Passenger car / V2:Light truck(van, mini-van, panel, pickup, sport utility) with only four tires",Dry,Daylight,Clear,GALLIVAN BOULEVARD / WASHINGTON STREET,,,,,,235509.2971,892128.6873
3784292,BOSTON (ALLSTON),09-Feb-2014,8:40 AM,Property damage only (none injured),2,0,0,Angle,V1: Travelling straight ahead / V2:Travelling straight ahead,V1:Southbound / V2:Not reported ,V1: Collision with motor vehicle in traffic / V2: Collision with motor vehicle in traffic ,V1: Passenger car / V2:Passenger car,Dry,Dark - lighted roadway,Clear,COMMONWEALTH AVENUE / HARVARD AVENUE,,,,,,230403.9531,900047.9373
3738833,BOSTON,09-Feb-2014,10:35 AM,Property damage only (none injured),2,0,0,Rear-end,V1: Slowing or stopped in traffic / V2:Travelling straight ahead,V1:Northbound / V2:Northbound ,V1: Collision with motor vehicle in traffic / V2: Collision with motor vehicle in traffic ,"V1: Light truck(van, mini-van, panel, pickup, sport utility) with only four tires / V2:Passenger car",Dry,Daylight,Clear,GALLIVAN BOULEVARD Rte 203 E / ADAMS STREET,,,,,,236381.9376,892485.5001