Crash Number,City/Town Name,Crash Date,Crash Time,Crash Severity,Number of Vehicles,Total Nonfatal Injuries,Total Fatal Injuries,Manner of Collision,Vehicle Action Prior to Crash,Vehicle Travel Directions,Most Harmful Events,Vehicle Configuration,Road Surface Condition,Ambient Light,Weather Condition,At Roadway Intersection,Distance from Nearest Roadway Intersection,Distance from Nearest Milemarker,Distance from Nearest Exit,Distance from Nearest Landmark,Non Motorist Type,X Coordinate,Y Coordinate
3784309,BOSTON,09-Feb-2014,1:00 PM,Non-fatal injury,2,3,0,"Sideswipe, opposite direction",V1: Travelling straight ahead / V2:Turning left,V1:Southbound / V2:Westbound ,V1: Collision with motor vehicle in traffic / V2: Collision with motor vehicle in traffic ,V1: Passenger car / V2:Passenger car,Dry,Daylight,Clear/Clear,,2855 WASHINGTON STREET / MARCELLA STREET,,,,,233537.1089,896781.3721
3743359,BOSTON,09-Feb-2014,1:40 PM,Non-fatal injury,2,2,0,Angle,V1: Turning left / V2:Travelling straight ahead,V1:Northbound / V2:Eastbound ,V1: Collision with motor vehicle in traffic / V2: Collision with motor vehicle in traffic ,"V1: Light truck(van, mini-van, panel, pickup, sport utility) with only four tires / V2:Passenger car",Dry,Daylight,Cloudy,,MORTON STREET Rte UNKNOW / HARVARD STREET,,,,,233493.5311,893100.9999
3736254,BOSTON,09-Feb-2014,9:49 PM,Non-fatal injury,2,1,0,"Sideswipe, same direction",V1: Travelling straight ahead / V2:Slowing or stopped in traffic,V1:Not reported / V2:Southbound ,V1: Collision with light pole or other post/support / V2: Collision with motor vehicle in traffic ,V1: Passenger car / V2:Passenger car,Wet,Dark - lighted roadway,Cloudy,,LONGFELLOW BRIDGE / CHARLES STREET CIRCLE,,,,,235347.5491,901249.6724
3775232,BOSTON,09-Feb-2014,11:38 PM,Property damage only (none injured),1,0,0,Single vehicle crash,V1: Travelling straight ahead,V1:Northbound ,V1: Collision with median barrier ,V1: Passenger car,Dry,Dark - lighted roadway,Clear,,Rte 93 N / UNKNOWN,,Exit PRIOR on Rte 93 NB,,,,
3743355,BOSTON,10-Feb-2014,7:55 AM,Non-fatal injury,1,1,0,Single vehicle crash,V1: Travelling straight ahead,V1:Westbound ,V1: Collision with guardrail ,V1: Passenger car,Wet,Daylight,Cloudy,,SOLDIERS FIELD ROAD / SOLDIERS FIELD ROAD EXTENSION,,,ELIOT BRIDGE,,230690.4475,902503.7087
3743829,BOSTON,10-Feb-2014,8:49 AM,Property damage only (none injured),2,0,0,Rear-end,V1: Travelling straight ahead / V2:Slowing or stopped in traffic,V1:Southbound / V2:Southbound ,V1: Collision with motor vehicle in traffic / V2: Collision with motor vehicle in traffic ,V1: Passenger car / V2:Truck/trailer,Wet,Daylight,Clear,AUSTIN STREET / NEW RUTHERFORD AVENUE,,,,RAMP T-C,,235578.5794,902724.6958
3749663,BOSTON,10-Feb-2014,9:45 AM,Property damage only (none injured),2,0,0,Rear-end,V1: Travelling straight ahead / V2:Travelling straight ahead,V1:Westbound / V2:Westbound ,V1: Collision with motor vehicle in traffic / V2: Collision with motor vehicle in traffic ,V1: Passenger car / V2:Passenger car,Dry,Daylight,Clear,,STORROW DRIVE Rte SR3A N / CHARLES STREET Rte SR3A N,,,,,235409.1789,901613.3539
3743444,BOSTON,10-Feb-2014,11:26 AM,Property damage only (none injured),1,0,0,Single vehicle crash,V1: Travelling straight ahead,V1:Southbound ,V1: Other ,"V1: Light truck(van, mini-van, panel, pickup, sport utility) with only four tires",Wet,Daylight,Clear,,RAMP - STORROW DRIVE TO LEVERETT CONNECT / STORROW DIVE Rte SR28 N,,,RAMP LC-S,,235599.2346,901860.2841
3979065,BOSTON,10-Feb-2014,11:32 AM,Fatal injury,1,0,1,Not reported,V1: Turning left,V1:Not reported ,V1: Collision with pedestrian ,"V1: Bus (seats for more than 15 people, including driver)",Not reported,Not reported,Not Reported,,595 COLUMBIA ROAD,,,,,235875.4226,896382.7186
3732759,BOSTON,10-Feb-2014,11:44 AM,Property damage only (none injured),2,0,0,"Sideswipe, same direction",V1: Travelling straight ahead / V2:Travelling straight ahead,V1:Northbound / V2:Northbound ,V1: Collision with motor vehicle in traffic / V2: Collision with motor vehicle in traffic ,V1: Passenger car / V2:Truck/trailer,Dry,Daylight,Clear,,Rte 93 N,,Exit 23 on Rte 93,,,236957.4837,900943.9828
3745102,BOSTON,10-Feb-2014,5:16 PM,Property damage only (none injured),1,0,0,Single vehicle crash,V1: Travelling straight ahead,V1:Eastbound ,V1: Collision with median barrier ,V1: Passenger car,"Sand, mud, dirt, oil, gravel",Dark - lighted roadway,Clear,,RAMP-RT 90 EB TO RT 9 (STUART ST/HUNTING,,Exit 22 on Rte 90 E,,,234883.6864,899741.9974
3737952,BOSTON,11-Feb-2014,6:05 AM,Property damage only (none injured),4,0,0,Rear-end,V1: Slowing or stopped in traffic / V2:Travelling straight ahead / V3:Travelling straight ahead / V4:Travelling straight ahead,V1:Westbound / V2:Westbound / V3:Westbound / V4:Westbound ,V1: Collision with motor vehicle in traffic / V2: Collision with motor vehicle in traffic / V3: Collision with motor vehicle in traffic / V4: Collision with motor vehicle in traffic ,"V1: Light truck(van, mini-van, panel, pickup, sport utility) with only four tires / V2:Passenger car / V3:Passenger car / V4:Light truck(van, mini-van, panel, pickup, sport utility) with only four tires",Dry,Daylight,Clear,,RAMP - LEVERETT CONNECTOR TO STORROW DRI Rte SR3A N,,,STATION TUNNEL TO STORROW DRIVE,,235638.2598,901891.1598
3734754,BOSTON,11-Feb-2014,7:50 AM,Property damage only (none injured),4,0,0,Rear-end,V1: Slowing or stopped in traffic / V2:Slowing or stopped in traffic / V3:Slowing or stopped in traffic / V4:Travelling straight ahead,V1:Southbound / V2:Southbound / V3:Southbound / V4:Southbound ,V1: Collision with motor vehicle in traffic / V2: Collision with motor vehicle in traffic / V3: Collision with motor vehicle in traffic / V4: Collision with motor vehicle in traffic ,V1: Passenger car / V2:Passenger car / V3:Passenger car / V4:Passenger car,Dry,Daylight,Clear,,Rte 93 S / UNKNOWN,,Exit 24 on Rte 93 S,,,236397.1933,901565.6511
3752719,BOSTON,11-Feb-2014,7:55 AM,Non-fatal injury,2,1,0,Rear-end,V1: Slowing or stopped in traffic / V2:Travelling straight ahead,V1:Southbound / V2:Southbound ,V1: Collision with motor vehicle in traffic / V2: Collision with motor vehicle in traffic ,"V1: Light truck(van, mini-van, panel, pickup, sport utility) with only four tires / V2:Passenger car",Dry,Daylight,Clear,,Rte 93 S / UNKNOWN,,Exit 15 on Rte 93 S,,,236629.6253,897168.5001
3789534,BOSTON,11-Feb-2014,8:26 AM,Non-fatal injury,2,2,0,Angle,V1: Travelling straight ahead / V2:Turning left,V1:Westbound / V2:Eastbound ,V1: Collision with motor vehicle in traffic / V2: Collision with motor vehicle in traffic ,"V1: Light truck(van, mini-van, panel, pickup, sport utility) with only four tires / V2:Light truck(van, mini-van, panel, pickup, sport utility) with only four tires",Ice,Daylight,Not Reported,,TRUMAN HIGHWAY / DANA AVENUE,,,,,231159.8029,888909.0317
3740084,BOSTON,11-Feb-2014,8:58 AM,Property damage only (none injured),2,0,0,Angle,V1: Turning left / V2:Travelling straight ahead,V1:Westbound / V2:Southbound ,V1: Collision with motor vehicle in traffic / V2: Collision with motor vehicle in traffic ,V1: Passenger car / V2:Passenger car,Dry,Daylight,Clear,CAMBRIDGE STREET / MASSACHUSETTS TURNPIKE,,,,,,230416.0205,900716.7499
3734074,BOSTON,11-Feb-2014,11:17 AM,Property damage only (none injured),2,0,0,Angle,V1: Travelling straight ahead / V2:Travelling straight ahead,V1:Southbound / V2:Eastbound ,V1: Collision with motor vehicle in traffic / V2: Collision with motor vehicle in traffic ,"V1: Passenger car / V2:Light truck(van, mini-van, panel, pickup, sport utility) with only four tires",Dry,Daylight,Clear,WILLIAM T MORRISSEY BOULEVARD / FREEPORT STREET,,,,,,237149.8439,894580.3748
3785535,BOSTON,11-Feb-2014,12:09 PM,Property damage only (none injured),2,0,0,Angle,V1: Travelling straight ahead / V2:Entering traffic lane,V1:Southbound / V2:Southbound ,V1: Collision with motor vehicle in traffic / V2: Collision with motor vehicle in traffic ,"V1: Light truck(van, mini-van, panel, pickup, sport utility) with only four tires / V2:Light truck(van, mini-van, panel, pickup, sport utility) with only four tires",Dry,Daylight,Clear,,142 CAMBRIDGE STREET,,,,,235899.5029,901275.0697
3743356,BOSTON,11-Feb-2014,1:25 PM,Property damage only (none injured),2,0,0,Head-on,V1: Travelling straight ahead / V2:Turning left,V1:Northbound / V2:Southbound ,V1: Collision with motor vehicle in traffic / V2: Collision with motor vehicle in traffic ,V1: Passenger car / V2:Passenger car,Dry,Daylight,Clear,,RAMP - N HARVARD ST TO SOLDIERS FIELD EB / NORTH HARVARD STREET,,,NORTH HARVARD STREET BRIDGE,,230988.1939,902039.7549
3734700,BOSTON,11-Feb-2014,5:50 PM,Property damage only (none injured),3,0,0,Rear-end,V1: Travelling straight ahead / V2:Slowing or stopped in traffic / V3:Slowing or stopped in traffic,V1:Northbound / V2:Northbound / V3:Northbound ,V1: Collision with motor vehicle in traffic / V2: Collision with motor vehicle in traffic / V3: Collision with motor vehicle in traffic ,"V1: Light truck(van, mini-van, panel, pickup, sport utility) with only four tires / V2:Light truck(van, mini-van, panel, pickup, sport utility) with only four tires / V3:Passenger car",Dry,Dark - roadway not lighted,Clear,,LEVERETT CONNECTOR NORTH / INTERSTATE 93 Rte I93 N,,,LEVERETT COONECTOR ON RAMP,,234868.2786,903820.1132
3785602,BOSTON,11-Feb-2014,6:30 PM,Property damage only (none injured),2,0,0,Rear-end,V1: Parked / V2:Travelling straight ahead,V1:Not reported / V2:Not reported ,V1: Not reported / V2: Collision with parked motor vehicle ,V1: Passenger car / V2:Passenger car,Dry,Dark - lighted roadway,Clear/Clear,,1916 DORCHESTER AVENUE / FULLER STREET,,,TAVOLO RISTORANTE,,235895.5781,892705.25
3734072,BOSTON,11-Feb-2014,10:20 PM,Property damage only (none injured),2,0,0,"Sideswipe, opposite direction",V1: Turning right / V2:Parked,V1:Eastbound / V2:Not reported ,V1: Collision with parked motor vehicle / V2: Collision with motor vehicle in traffic ,"V1: Tractor/semi-trailer / V2:Light truck(van, mini-van, panel, pickup, sport utility) with only four tires",Dry,Dark - lighted roadway,Clear,CONGRESS STREET / WEST SERVICE HAUL ROAD CONNECTOR,,,,,,237306.4289,899994.8874
3752689,BOSTON,11-Feb-2014,11:07 PM,Property damage only (none injured),1,0,0,Single vehicle crash,V1: Travelling straight ahead,V1:Northbound ,V1: Collision with median barrier ,"V1: Light truck(van, mini-van, panel, pickup, sport utility) with only four tires",Wet,Dark - lighted roadway,Cloudy,,Rte 93 N / UNKNOWN,,Exit 23 on Rte 93 N,,,236957.4837,900943.9828
3740101,BOSTON,12-Feb-2014,6:20 AM,Non-fatal injury,1,1,0,Single vehicle crash,V1: Travelling straight ahead,V1:Northbound ,V1: Collision with curb ,"V1: Light truck(van, mini-van, panel, pickup, sport utility) with only four tires",Wet,Dawn,Cloudy,,MORTON STREET Rte UNKNOW / CANTERBURY STREET,,,,,233302.1557,893677.645
3785540,BOSTON,12-Feb-2014,11:05 AM,Not Reported,1,0,0,Not reported,V1: Not reported,V1:Southbound ,V1: Not reported ,"V1: Light truck(van, mini-van, panel, pickup, sport utility) with only four tires",Not reported,Not reported,Not Reported,NORTH WASHINGTON STREET / NEW CHARDON STREET / RAMP-I93 TO CALLAHAN TUNNEL,,,,,,236377.0019,901573.2651
3738408,BOSTON,12-Feb-2014,3:00 PM,Property damage only (none injured),2,0,0,"Sideswipe, same direction",V1: Travelling straight ahead / V2:Not reported,V1:Southbound / V2:Not reported ,V1: Collision with motor vehicle in traffic / V2: Not reported ,V1: Passenger car / V2:Not reported,Dry,Daylight,Clear/Cloudy,,Rte 93 S,,Exit 23 on Rte 93 S,,,236856.2793,901152.8251
3748370,BOSTON,12-Feb-2014,3:14 PM,Property damage only (none injured),2,0,0,Rear-end,V1: Slowing or stopped in traffic / V2:Travelling straight ahead,V1:Eastbound / V2:Eastbound ,V1: Collision with motor vehicle in traffic / V2: Collision with motor vehicle in traffic ,"V1: Light truck(van, mini-van, panel, pickup, sport utility) with only four tires / V2:Light truck(van, mini-van, panel, pickup, sport utility) with only four tires",Dry,Daylight,Clear,,SOLDIERS FIELD ROAD / RAMP - WESTERN AVE TO SOLDIERS FIELD RD,,,DOUBLE TREE,,231510.0467,901106.9729
3738421,BOSTON,12-Feb-2014,5:23 PM,Property damage only (none injured),2,0,0,Rear-end,V1: Travelling straight ahead / V2:Travelling straight ahead,V1:Northbound / V2:Northbound ,V1: Collision with motor vehicle in traffic / V2: Collision with motor vehicle in traffic ,"V1: Light truck(van, mini-van, panel, pickup, sport utility) with only four tires / V2:Light truck(van, mini-van, panel, pickup, sport utility) with only four tires",Wet,Dark - lighted roadway,Cloudy,,VETERANS OF FOREIGN WARS PARKWAY / EASTWOOD PLACE,,,,,227120.9083,890916.3061
3737960,BOSTON,12-Feb-2014,5:44 PM,Property damage only (none injured),4,0,0,Angle,V1: Turning left / V2:Travelling straight ahead / V3:Parked / V4:Parked,V1:Westbound / V2:Eastbound / V3:Not reported / V4:Not reported ,V1: Collision with motor vehicle in traffic / V2: Collision with motor vehicle in traffic / V3: Collision with motor vehicle in traffic / V4: Collision with motor vehicle in traffic ,V1: Passenger car / V2:Passenger car / V3:Passenger car / V4:Passenger car,Dry,Daylight,Clear,,TRUMAN HIGHWAY / 751 NEPOSET AVENUE,,,,,231258.8658,888995.5866
3735249,BOSTON,12-Feb-2014,6:18 PM,Property damage only (none injured),4,0,0,Rear-end,V1: Travelling straight ahead / V2:Slowing or stopped in traffic / V3:Parked / V4:Parked,V1:Northbound / V2:Southbound / V3:Eastbound / V4:Eastbound ,V1: Collision with motor vehicle in traffic / V2: Collision with motor vehicle in traffic / V3: Collision with motor vehicle in traffic / V4: Collision with motor vehicle in traffic ,"V1: Passenger car / V2:Passenger car / V3:Light truck(van, mini-van, panel, pickup, sport utility) with only four tires / V4:Passenger car",Dry,Dark - lighted roadway,Clear,,WILLIAM T MORRISSEY BOULEVARD / VICTORY ROAD,,,,,237177.5625,894270.7504
3794916,BOSTON,12-Feb-2014,9:19 PM,Property damage only (none injured),1,0,0,Single vehicle crash,V1: Not reported,V1:Not reported ,V1: Not reported ,V1: Passenger car,Ice,Dark - roadway not lighted,Snow/Rain,TREMONT STREET / HAMILTON PLACE,,,,,,236098.8231,900777.5009
3795032,BOSTON,13-Feb-2014,00:00 AM,Not Reported,1,0,0,Single vehicle crash,V1: Turning left,V1:Not reported ,V1: Collision with motor vehicle in traffic ,V1: Passenger car,Snow,Daylight,Snow/Snow,FRANKLIN STREET / ARCH STREET,,,,,P2:Pedestrian,236412.4062,900648.9377
3741437,BOSTON,13-Feb-2014,8:00 AM,Property damage only (none injured),2,0,0,"Sideswipe, same direction",V1: Travelling straight ahead / V2:Changing lanes,V1:Southbound / V2:Southbound ,V1: Collision with motor vehicle in traffic / V2: Collision with motor vehicle in traffic ,V1: Tractor/semi-trailer / V2:Passenger car,Wet,Daylight,Cloudy/Rain,,Rte 93 S,,Exit 18 on Rte 93 S,,,236013.2783,899092.9981
3784311,BOSTON,13-Feb-2014,9:01 AM,Not Reported,2,0,0,Not reported,V1: Not reported / V2:Not reported,V1:Not reported / V2:Not reported ,V1: Not reported / V2: Not reported ,V1: Passenger car / V2:Passenger car,Not reported,Not reported,Not Reported,FRANCIS STREET / BINNEY STREET,,,,,,232286.0856,898495.7151
3734755,BOSTON,13-Feb-2014,9:50 AM,Property damage only (none injured),1,0,0,Single vehicle crash,V1: Travelling straight ahead,V1:Northbound ,V1: Collision with median barrier ,V1: Passenger car,Slush,Daylight,Snow,,Rte 93 N / UNKNOWN,,,,,234862.3102,903500.1468
3748381,BOSTON,13-Feb-2014,1:24 PM,Property damage only (none injured),2,0,0,Angle,V1: Travelling straight ahead / V2:Travelling straight ahead,V1:Eastbound / V2:Eastbound ,V1: Collision with motor vehicle in traffic / V2: Collision with motor vehicle in traffic ,V1: Passenger car / V2:Passenger car,Snow,Daylight,Snow,,MORTON STREET Rte UNKNOW / CANTERBURY STREET,,,,,233302.1557,893677.645
3776251,BOSTON,13-Feb-2014,1:29 PM,Property damage only (none injured),3,0,0,Angle,V1: Entering traffic lane / V2:Travelling straight ahead / V3:Travelling straight ahead,V1:Southbound / V2:Southbound / V3:Southbound ,V1: Collision with motor vehicle in traffic / V2: Collision with motor vehicle in traffic / V3: Collision with motor vehicle in traffic ,"V1: Passenger car / V2:Light truck(van, mini-van, panel, pickup, sport utility) with only four tires / V3:Passenger car",Snow,Daylight,"Snow/Blowing sand, snow",,0 feet N from Intersection GALLIVAN BOULEVARD / DORCHESTER AVENUE,,,GALLIVAN @ DORCHESTER AVE,,235804.4062,892252.5627
3748382,BOSTON,13-Feb-2014,1:49 PM,Property damage only (none injured),2,0,0,Rear-end,V1: Slowing or stopped in traffic / V2:Slowing or stopped in traffic,V1:Southbound / V2:Westbound ,V1: Collision with motor vehicle in traffic / V2: Collision with motor vehicle in traffic ,V1: Passenger car / V2:Passenger car,Snow,Daylight,"Sleet, hail (freezing rain or drizzle)",,MORTON STREET Rte UNKNOW / FOREST HILLS AVENUE,,,,,232598.4532,894496.6249
3748653,BOSTON,13-Feb-2014,2:00 PM,Property damage only (none injured),2,0,0,Rear-end,V1: Slowing or stopped in traffic / V2:Slowing or stopped in traffic,V1:Westbound / V2:Westbound ,V1: Collision with motor vehicle in traffic / V2: Collision with motor vehicle in traffic ,"V1: Bus (seats for 7-15 people, including driver) / V2:Passenger car",Snow,Daylight,"Sleet, hail (freezing rain or drizzle)",,MORTON STREET / FOREST HILLS AVENUE,,,,,232598.4532,894496.6249
3746935,BOSTON,13-Feb-2014,2:12 PM,Property damage only (none injured),2,0,0,"Sideswipe, same direction",V1: Other / V2:Not reported,V1:Westbound / V2:Westbound ,V1: Collision with parked motor vehicle / V2: Not reported ,"V1: Bus (seats for more than 15 people, including driver) / V2:Light truck(van, mini-van, panel, pickup, sport utility) with only four tires",Snow,Daylight,Snow/Rain,,BUICK STREET,,,,,231658.665,900150.8303
3735103,BOSTON,13-Feb-2014,2:50 PM,Non-fatal injury,2,1,0,Rear-end,V1: Slowing or stopped in traffic / V2:Slowing or stopped in traffic,V1:Westbound / V2:Westbound ,V1: Collision with motor vehicle in traffic / V2: Collision with motor vehicle in traffic ,"V1: Light truck(van, mini-van, panel, pickup, sport utility) with only four tires / V2:Single-unit truck (2-axle, 6-tire)",Snow,Daylight,"Snow/Sleet, hail (freezing rain or drizzle)",HAUL ROAD / FARGO STREET,,,,,,237627.2291,899817.3934
3735848,BOSTON,13-Feb-2014,4:25 PM,Non-fatal injury,2,1,0,Angle,V1: Entering traffic lane / V2:Travelling straight ahead,V1:Eastbound / V2:Southbound ,V1: Collision with motor vehicle in traffic / V2: Collision with motor vehicle in traffic ,V1: Passenger car / V2:Passenger car,"Water (standing, moving)",Daylight,"Sleet, hail (freezing rain or drizzle)",WILLIAM T MORRISSEY BOULEVARD / TOLMAN STREET,,,,,,237478.0779,893387.4373
3735701,BOSTON,13-Feb-2014,10:46 PM,Non-fatal injury,1,1,0,Single vehicle crash,V1: Leaving traffic lane,V1:Southbound ,V1: Not reported ,"V1: Light truck(van, mini-van, panel, pickup, sport utility) with only four tires",Wet,Dark - lighted roadway,Rain,RAMP - LEVERETT CIRCLE TO RT 93 SB Rte SR3 S / JOHN F FITZGERALD EXPRESSWAY,,,,RAMP LC-S,,236192.3118,901840.5409
3736256,BOSTON,14-Feb-2014,2:30 AM,Non-fatal injury,1,1,0,Single vehicle crash,V1: Travelling straight ahead,V1:Eastbound ,V1: Collision with guardrail ,V1: Passenger car,Wet,Dark - lighted roadway,Rain,,SOLDIERS FIELD ROAD / UNIVERSITY ROAD,,,PRIOR TO BU BRIDGE,,232031.3857,900224.34
3743343,BOSTON,14-Feb-2014,8:47 AM,Property damage only (none injured),2,0,0,Angle,V1: Travelling straight ahead / V2:Turning left,V1:Northbound / V2:Northbound ,V1: Collision with motor vehicle in traffic / V2: Collision with motor vehicle in traffic ,"V1: Light truck(van, mini-van, panel, pickup, sport utility) with only four tires / V2:Passenger car",Wet,Daylight,Cloudy,MASSACHUSETTS AVENUE CONNECTOR / FRONTAGE ROAD,,,,MASS AVE EXTENTION,,235865.0173,898419.1854
3789535,BOSTON,14-Feb-2014,10:00 AM,Property damage only (none injured),2,0,0,Rear-end,V1: Travelling straight ahead / V2:Travelling straight ahead,V1:Eastbound / V2:Eastbound ,V1: Collision with motor vehicle in traffic / V2: Collision with motor vehicle in traffic ,"V1: Light truck(van, mini-van, panel, pickup, sport utility) with only four tires / V2:Passenger car",Dry,Daylight,Not Reported,CENTRE STREET,MURRAY CIRCLE / ARBORWAY,,,CENTRE ST.,,231165.0938,895488.1252
3735840,BOSTON,14-Feb-2014,3:10 PM,Property damage only (none injured),2,0,0,Angle,V1: Travelling straight ahead / V2:Turning left,V1:Westbound / V2:Eastbound ,V1: Collision with motor vehicle in traffic / V2: Collision with motor vehicle in traffic ,V1: Passenger car / V2:Passenger car,Dry,Daylight,Clear,,WESTERN AVENUE Rte UNKNOW / BIRMINGHAM PARKWAY,,,,,229180.0376,901281.697
3772749,BOSTON,14-Feb-2014,3:19 PM,Property damage only (none injured),2,0,0,"Sideswipe, same direction",V1: Travelling straight ahead / V2:Parked,V1:Not reported / V2:Not reported ,V1: Collision with parked motor vehicle / V2: Collision with motor vehicle in traffic ,V1: Passenger car / V2:Passenger car,Wet,Daylight,Clear,,LOGAN AIRPORT TERMINAL A / LOGAN AIRPORT TERMINAL B,,,,,239562.9935,901655.2366
3735833,BOSTON,14-Feb-2014,4:44 PM,Non-fatal injury,2,2,0,Rear-end,V1: Slowing or stopped in traffic / V2:Slowing or stopped in traffic,V1:Northbound / V2:Northbound ,V1: Collision with motor vehicle in traffic / V2: Collision with motor vehicle in traffic ,V1: Passenger car / V2:Passenger car,Wet,Daylight,Clear,,PARK DRIVE Rte UNKNOW / FENWAY CONNECTOR TO PARK DRIVE,,,,,232960.4003,899010.1568
3748464,BOSTON,14-Feb-2014,5:15 PM,Non-fatal injury,1,1,0,Single vehicle crash,V1: Entering traffic lane,V1:Northbound ,V1: Collision with pedestrian ,V1: Passenger car,Dry,Daylight,Not Reported,,SAINT THOMAS MORE ROAD Rte UNKNOW / COMMONWEALTH AVENUE,,,,P2:Pedestrian,227513.9025,898878.2282
3775735,BOSTON,14-Feb-2014,5:58 PM,Property damage only (none injured),1,0,0,Single vehicle crash,V1: Travelling straight ahead,V1:Eastbound ,V1: Collision with other movable object ,"V1: Single-unit truck (2-axle, 6-tire)",Dry,Dark - lighted roadway,Not Reported,,88 BLACK FALCON AVENUE,,,,,238884.3551,899471.5005
3735834,BOSTON,14-Feb-2014,6:30 PM,Property damage only (none injured),2,0,0,Angle,V1: Changing lanes / V2:Travelling straight ahead,V1:Eastbound / V2:Eastbound ,V1: Collision with motor vehicle in traffic / V2: Collision with motor vehicle in traffic ,"V1: Passenger car / V2:Light truck(van, mini-van, panel, pickup, sport utility) with only four tires",Wet,Dark - lighted roadway,Clear,STORROW DRIVE Rte SR28 N / RAMP TO CHARLES CIRCLE,,,,LEVERETT CIR,,235254.3907,901130.5454
3738708,BOSTON,14-Feb-2014,7:00 PM,Property damage only (none injured),2,0,0,Rear-end,V1: Slowing or stopped in traffic / V2:Travelling straight ahead,V1:Northbound / V2:Northbound ,V1: Collision with motor vehicle in traffic / V2: Collision with motor vehicle in traffic ,V1: Passenger car / V2:Passenger car,Dry,Dusk,Cloudy,,RAMP - RT 90 WB TO RT 93 NB / RAMP - RT 90 WB TO RT 93 SB Rte SR1A S,,,D RAMP,,236474.7648,899747.9921
3735702,BOSTON,14-Feb-2014,7:08 PM,Property damage only (none injured),2,0,0,Rear-end,V1: Travelling straight ahead / V2:Slowing or stopped in traffic,V1:Northbound / V2:Northbound ,V1: Collision with motor vehicle in traffic / V2: Collision with motor vehicle in traffic ,V1: Passenger car / V2:Passenger car,Dry,Dark - lighted roadway,Cloudy,,Rte 93 N / UNKNOWN,,Exit 18 on Rte 93 N,,,236146.0342,897892.2406
3735703,BOSTON,15-Feb-2014,2:31 AM,Property damage only (none injured),1,0,0,Single vehicle crash,V1: Turning left,V1:Eastbound ,V1: Collision with median barrier ,V1: Passenger car,Wet,Dark - lighted roadway,Clear,MASSACHUSETTS AVENUE CONNECTOR / MASSACHUSETTS AVENUE CONNECTOR / FRONTAGE ROAD,,,,MASS AVE CONNECTOR,,235865.0173,898419.1854
3772640,BOSTON,15-Feb-2014,2:35 AM,Property damage only (none injured),2,0,0,"Sideswipe, same direction",V1: Travelling straight ahead / V2:Changing lanes,V1:Westbound / V2:Westbound ,V1: Collision with motor vehicle in traffic / V2: Collision with motor vehicle in traffic ,V1: Passenger car / V2:Passenger car,Dry,Dark - lighted roadway,Clear,,MASSACHUSETTS TURNPIKE Rte 90,Rte 90  W Milemarker 132.0,,,,232572.5411,899870.4067
3735849,BOSTON,15-Feb-2014,2:55 AM,Property damage only (none injured),2,0,0,"Sideswipe, same direction",V1: Changing lanes / V2:Travelling straight ahead,V1:Southbound / V2:Southbound ,V1: Collision with motor vehicle in traffic / V2: Collision with motor vehicle in traffic ,"V1: Light truck(van, mini-van, panel, pickup, sport utility) with only four tires / V2:Passenger car",Dry,Dark - lighted roadway,Clear,,Rte 93 S / UNKNOWN,,Exit 15 on Rte 93 S,,,236629.6253,897168.5001
3748801,BOSTON,15-Feb-2014,3:06 AM,Property damage only (none injured),2,0,0,Rear-end,V1: Slowing or stopped in traffic / V2:Travelling straight ahead,V1:Southbound / V2:Southbound ,V1: Collision with motor vehicle in traffic / V2: Collision with motor vehicle in traffic ,"V1: Light truck(van, mini-van, panel, pickup, sport utility) with only four tires / V2:Passenger car",Wet,Dark - lighted roadway,Snow,,Rte 93 S / UNKNOWN,,Exit 18 on Rte 93 S,,,236013.2783,899092.9981
3772668,BOSTON,15-Feb-2014,7:15 AM,Property damage only (none injured),2,0,0,"Sideswipe, opposite direction",V1: Travelling straight ahead / V2:Travelling straight ahead,V1:Eastbound / V2:Northbound ,V1: Collision with motor vehicle in traffic / V2: Collision with motor vehicle in traffic ,"V1: Light truck(van, mini-van, panel, pickup, sport utility) with only four tires / V2:Passenger car",Dry,Daylight,Not Reported,,CHARLESGATE EAST Rte UNKNOW / BEACON STREET,,,,,233644.865,900055.8984
3740093,BOSTON,15-Feb-2014,10:35 AM,Property damage only (none injured),2,0,0,"Sideswipe, same direction",V1: Turning left / V2:Turning right,V1:Southbound / V2:Southbound ,V1: Collision with motor vehicle in traffic / V2: Collision with motor vehicle in traffic ,V1: Passenger car / V2:Passenger car,Dry,Daylight,Cloudy,,ALBANY STREET,,Exit 18 on Rte 93 S,,,235910.9151,898937.7073