Crash Number,City/Town Name,Crash Date,Crash Time,Crash Severity,Number of Vehicles,Total Nonfatal Injuries,Total Fatal Injuries,Manner of Collision,Vehicle Action Prior to Crash,Vehicle Travel Directions,Most Harmful Events,Vehicle Configuration,Road Surface Condition,Ambient Light,Weather Condition,At Roadway Intersection,Distance from Nearest Roadway Intersection,Distance from Nearest Milemarker,Distance from Nearest Exit,Distance from Nearest Landmark,Non Motorist Type,X Coordinate,Y Coordinate
3738709,BOSTON,15-Feb-2014,12:35 PM,Property damage only (none injured),2,0,0,Rear-end,V1: Travelling straight ahead / V2:Turning left,V1:Northbound / V2:Northbound ,V1: Collision with motor vehicle in traffic / V2: Collision with motor vehicle in traffic ,"V1: Light truck(van, mini-van, panel, pickup, sport utility) with only four tires / V2:Passenger car",Dry,Daylight,Cloudy,HAUL ROAD / FRONTAGE ROAD,,,,BYPASS RD,,235950.9524,898250.4215
3783220,BOSTON (DORCHESTER),15-Feb-2014,1:39 PM,Non-fatal injury,2,1,0,Head-on,V1: Travelling straight ahead / V2:Travelling straight ahead,V1:Not reported / V2:Not reported ,V1: Collision with motor vehicle in traffic / V2: Collision with motor vehicle in traffic ,V1: Passenger car / V2:Passenger car,Snow,Daylight,Cloudy/Snow,,262 BOWDOIN STREET,,,,,235739.755,895224.2933
3785579,BOSTON (MATTAPAN),15-Feb-2014,4:57 PM,Non-fatal injury,2,3,0,Rear-end,V1: Slowing or stopped in traffic / V2:Travelling straight ahead,V1:Southbound / V2:Westbound ,V1: Collision with motor vehicle in traffic / V2: Collision with motor vehicle in traffic ,"V1: Passenger car / V2:Light truck(van, mini-van, panel, pickup, sport utility) with only four tires",Snow,Dark - lighted roadway,Snow,HOLLINGSWORTH STREET / RECTOR ROAD,,,,,,232929.3281,890742.4376
3740178,BOSTON,15-Feb-2014,7:14 PM,Non-fatal injury,1,1,0,Single vehicle crash,V1: Changing lanes,V1:Northbound ,V1: Reported but invalid ,V1: Passenger car,Snow,Dark - lighted roadway,Snow,,Rte 93 N,,Exit 27 on Rte 93 N,NORTH OF X27,,235655.07,902467.5364
3784306,BOSTON (ROXBURY),15-Feb-2014,11:48 PM,Non-fatal injury,1,3,0,Not reported,V1: Unknown,V1:Southbound ,V1: Collision with utility pole ,V1: Passenger car,Not reported,Not reported,Not Reported,MAGAZINE STREET / CEDRIC STREET,,,,,,235264.5626,897405.9999
3738409,BOSTON,16-Feb-2014,2:44 AM,Property damage only (none injured),1,0,0,Single vehicle crash,V1: Travelling straight ahead,V1:Northbound ,V1: Collision with median barrier ,V1: Passenger car,Slush,Dark - lighted roadway,Snow,,Rte 93 N,,Exit 28 on Rte 93,,,234953.5188,903173.3157
3737857,BOSTON,16-Feb-2014,3:25 AM,Property damage only (none injured),1,0,0,Single vehicle crash,V1: Travelling straight ahead,V1:Southbound ,V1: Collision with median barrier ,V1: Passenger car,Wet,Dark - lighted roadway,Other,,Rte 93 S / UNKNOWN,,Exit 23 on Rte 93 S,,,236856.2793,901152.8251
3735862,BOSTON,16-Feb-2014,7:40 AM,Property damage only (none injured),1,0,0,Single vehicle crash,V1: Travelling straight ahead,V1:Westbound ,V1: Collision with median barrier ,V1: Passenger car,Ice,Daylight,Clear,,MORTON STREET Rte UNKNOW W / CANTERBURY STREET,,,,,233302.1557,893677.645
3740633,BOSTON,16-Feb-2014,10:15 AM,Non-fatal injury,2,1,0,Angle,V1: Travelling straight ahead / V2:Travelling straight ahead,V1:Southbound / V2:Eastbound ,V1: Collision with motor vehicle in traffic / V2: Collision with motor vehicle in traffic ,"V1: Light truck(van, mini-van, panel, pickup, sport utility) with only four tires / V2:Passenger car",Dry,Daylight,Not Reported,,CHARLESGATE WEST / COMMONWEALTH AVENUE,,,,,233546.2737,899931.2545
3738839,BOSTON,16-Feb-2014,10:30 AM,Non-fatal injury,2,2,0,Rear-end,V1: Slowing or stopped in traffic / V2:Travelling straight ahead,V1:Northbound / V2:Northbound ,V1: Collision with motor vehicle in traffic / V2: Collision with motor vehicle in traffic ,"V1: Light truck(van, mini-van, panel, pickup, sport utility) with only four tires / V2:Passenger car",Dry,Daylight,Clear,HALLET STREET / GALLIVAN BOULEVARD,,,,,,237384.4843,892709.3752
3783221,BOSTON (DORCHESTER),16-Feb-2014,10:54 AM,Property damage only (none injured),2,0,0,Head-on,V1: Travelling straight ahead / V2:Not reported,V1:Not reported / V2:Not reported ,V1: Collision with motor vehicle in traffic / V2: Not reported ,V1: Unknown vehicle configuration / V2:Unknown vehicle configuration,Wet,Daylight,Clear,ADAMS STREET / LINDEN STREET,,,,,,236154.1565,895080.4375
3735836,BOSTON,16-Feb-2014,3:58 PM,Non-fatal injury,2,1,0,"Sideswipe, same direction",V1: Travelling straight ahead / V2:Travelling straight ahead,V1:Northbound / V2:Northbound ,V1: Collision with motor vehicle in traffic / V2: Collision with motor vehicle in traffic ,"V1: Passenger car / V2:Light truck(van, mini-van, panel, pickup, sport utility) with only four tires",Dry,Daylight,Not Reported,,MASSACHUSETTS AVENUE Rte 2A W / MASSACHUSETTS AVENUE Rte 2AWB,,,MASS AVE BRIDGE,,233650.2084,900587.5357
3740094,BOSTON,17-Feb-2014,00:00 AM,Non-fatal injury,1,1,0,Single vehicle crash,V1: Travelling straight ahead,V1:Westbound ,V1: Other ,V1: Passenger car,Dry,Dark - lighted roadway,Clear,RAMP - RT 90 WB TO RT 93 SB Rte SR1A S / RAMP - RT 90 WB TO RT 93 NB / RAMP - RT 90 WB/CONGRESS STREET TO RT 93 Rte SR1A S,,,,RAMP D,,236475.7222,899745.5214
3748644,BOSTON,17-Feb-2014,00:00 AM,Non-fatal injury,2,3,0,Angle,V1: Turning left / V2:Travelling straight ahead,V1:Westbound / V2:Eastbound ,V1: Collision with motor vehicle in traffic / V2: Collision with motor vehicle in traffic ,V1: Passenger car / V2:Passenger car,Dry,Dark - lighted roadway,Clear,GALLIVAN BOULEVARD Rte 203 E / ADAMS STREET,,,,,,236381.9376,892485.5001
3785550,BOSTON,17-Feb-2014,1:00 AM,Not Reported,2,0,0,Not reported,V1: Parked / V2:Unknown,V1:Not reported / V2:Not reported ,V1: Collision with parked motor vehicle / V2: Not reported ,V1: Passenger car / V2:Unknown vehicle configuration,Not reported,Not reported,Not Reported,,357 COMMERCIAL STREET,,,,,236966.3706,901820.2025
3785548,BOSTON,17-Feb-2014,2:12 AM,Non-fatal injury,1,1,0,Single vehicle crash,V1: Travelling straight ahead,V1:Not reported ,V1: Collision with pedestrian ,V1: Passenger car,Wet,Dark - lighted roadway,Clear,STUART STREET / WARRENTON STREET,,,,,P2:Pedestrian,235754.2758,900159.4841
3743344,BOSTON,17-Feb-2014,2:31 AM,Non-fatal injury,1,1,0,Single vehicle crash,V1: Travelling straight ahead,V1:Southbound ,V1: Collision with median barrier ,V1: Passenger car,Dry,Dark - lighted roadway,Clear,,Rte 93 S / UNKNOWN,,Exit 15 on Rte 93 S,,,236629.6253,897168.5001
3736255,BOSTON,17-Feb-2014,4:05 AM,Non-fatal injury,1,1,0,Single vehicle crash,V1: Travelling straight ahead,V1:Northbound ,V1: Collision with tree ,V1: Passenger car,Dry,Dark - lighted roadway,Clear,,JAMAICAWAY / PERKINS STREET,,,,,231606.1562,896796.9999
3748646,BOSTON,17-Feb-2014,4:30 AM,Non-fatal injury,1,2,0,Single vehicle crash,V1: Not reported,V1:Southbound ,V1: Collision with guardrail ,V1: Passenger car,Dry,Dark - lighted roadway,Clear,,GENERAL CASIMIR PULASKI SKYWAY Rte I93 S,,,SAVIN HILL,,236852.7842,895732.0969
3748466,BOSTON,17-Feb-2014,6:05 AM,Property damage only (none injured),2,0,0,"Sideswipe, same direction",V1: Changing lanes / V2:Travelling straight ahead,V1:Westbound / V2:Westbound ,V1: Collision with motor vehicle in traffic / V2: Collision with motor vehicle in traffic ,"V1: Light truck(van, mini-van, panel, pickup, sport utility) with only four tires / V2:Passenger car",Not reported,Daylight,Cloudy,,COLUMBIA ROAD Rte UNKNOW / KOSCIUSZKO CIRCLE,,,,,236980.4846,896866.3749
3735704,BOSTON,17-Feb-2014,12:52 PM,Property damage only (none injured),2,0,0,"Sideswipe, same direction",V1: Travelling straight ahead / V2:Slowing or stopped in traffic,V1:Northbound / V2:Northbound ,V1: Collision with motor vehicle in traffic / V2: Collision with motor vehicle in traffic ,"V1: Light truck(van, mini-van, panel, pickup, sport utility) with only four tires / V2:Passenger car",Wet,Daylight,Not Reported,,LOGAN AIRPORT TERMINAL C / LOGAN AIRPORT TERMINAL B,,,,,239757.4245,901888.774
3738712,BOSTON,17-Feb-2014,1:37 PM,Property damage only (none injured),2,0,0,Angle,V1: Parked / V2:Other,V1:Southbound / V2:Northbound ,V1: Collision with motor vehicle in traffic / V2: Collision with motor vehicle in traffic ,"V1: Light truck(van, mini-van, panel, pickup, sport utility) with only four tires / V2:Light truck(van, mini-van, panel, pickup, sport utility) with only four tires",Dry,Daylight,Clear,,LOGAN CELL PHONE LOT,,,CELL PHONE PARKING LOT,,,
3752716,BOSTON,17-Feb-2014,2:41 PM,Property damage only (none injured),2,0,0,Rear-end,V1: Travelling straight ahead / V2:Changing lanes,V1:Westbound / V2:Westbound ,V1: Collision with motor vehicle in traffic / V2: Collision with motor vehicle in traffic ,"V1: Light truck(van, mini-van, panel, pickup, sport utility) with only four tires / V2:Passenger car",Dry,Daylight,Clear,,STORROW DRIVE / CHARLESGATE OVERPASS,,,,,233242.925,900102.3676
3784298,BOSTON (BRIGHTON),17-Feb-2014,3:07 PM,Not Reported,2,0,0,Angle,V1: Travelling straight ahead / V2:Travelling straight ahead,V1:Not reported / V2:Not reported ,V1: Collision with motor vehicle in traffic / V2: Collision with motor vehicle in traffic ,V1: Passenger car / V2:Unknown vehicle configuration,Wet,Daylight,Clear,FANEUIL STREET / PARSONS STREET,,,,,,228329.4689,900596.5002
3752690,BOSTON,17-Feb-2014,5:03 PM,Property damage only (none injured),1,0,0,Single vehicle crash,V1: Travelling straight ahead,V1:Westbound ,V1: Other ,V1: Passenger car,Dry,Dusk,Clear,HARBORSIDE DRIVE / TOMAHAWK STREET / HOTEL DRIVE,,,,,,239115.9147,901723.3359
3738710,BOSTON,17-Feb-2014,7:29 PM,Property damage only (none injured),2,0,0,"Sideswipe, same direction",V1: Travelling straight ahead / V2:Not reported,V1:Southbound / V2:Southbound ,V1: Collision with motor vehicle in traffic / V2: Collision with motor vehicle in traffic ,"V1: Passenger car / V2:Light truck(van, mini-van, panel, pickup, sport utility) with only four tires",Dry,Dark - roadway not lighted,Cloudy,,TEMPORARY RAMP Rte 1 S / MAURICE TOBIN BRIDGE,,,,,235853.0976,902245.2623
3776255,BOSTON,18-Feb-2014,6:40 AM,Property damage only (none injured),2,0,0,"Sideswipe, same direction",V1: Travelling straight ahead / V2:Travelling straight ahead,V1:Northbound / V2:Northbound ,V1: Collision with motor vehicle in traffic / V2: Collision with motor vehicle in traffic ,"V1: Passenger car / V2:Light truck(van, mini-van, panel, pickup, sport utility) with only four tires",Dry,Daylight,Clear/Cloudy,,RAMP - RT 3A NB TO RT 93 NB Rte SR3A N / REDFIELD STREET,,,ON RAMP NEPONSET CIRCLE,,237719.117,893193.6686
3801678,BOSTON,18-Feb-2014,2:30 PM,Non-fatal injury,2,2,0,Rear-end,V1: Slowing or stopped in traffic / V2:Travelling straight ahead,V1:Not reported / V2:Not reported ,V1: Collision with motor vehicle in traffic / V2: Collision with motor vehicle in traffic ,V1: Passenger car / V2:Passenger car,Snow,Daylight,Snow,,3924 WASHINGTON STREET,,,,,231384.2686,893863.6771
3748647,BOSTON,19-Feb-2014,6:45 AM,Property damage only (none injured),3,0,0,Rear-end,V1: Travelling straight ahead / V2:Slowing or stopped in traffic / V3:Slowing or stopped in traffic,V1:Northbound / V2:Northbound / V3:Northbound ,V1: Collision with motor vehicle in traffic / V2: Collision with motor vehicle in traffic / V3: Collision with motor vehicle in traffic ,"V1: Light truck(van, mini-van, panel, pickup, sport utility) with only four tires / V2:Passenger car / V3:Passenger car",Dry,Daylight,Clear,,Rte 93 N,,Exit 12 on Rte 93,,,237641.3431,892708.5028
3784283,BOSTON (BRIGHTON),19-Feb-2014,8:00 AM,Not Reported,4,0,0,Rear-end,V1: Turning left / V2:Slowing or stopped in traffic / V3:Slowing or stopped in traffic / V4:Slowing or stopped in traffic,V1:Not reported / V2:Not reported / V3:Not reported / V4:Not reported ,V1: Collision with motor vehicle in traffic / V2: Collision with motor vehicle in traffic / V3: Collision with motor vehicle in traffic / V4: Collision with motor vehicle in traffic ,V1: Passenger car / V2:Passenger car / V3:Passenger car / V4:Passenger car,Slush,Daylight,Rain,,98 FOSTER STREET,,,,,236733.796,902012.9377
3748931,BOSTON,19-Feb-2014,8:48 AM,Non-fatal injury,3,1,0,Rear-end,V1: Slowing or stopped in traffic / V2:Slowing or stopped in traffic / V3:Slowing or stopped in traffic,V1:Westbound / V2:Westbound / V3:Westbound ,V1: Collision with motor vehicle in traffic / V2: Collision with motor vehicle in traffic / V3: Collision with motor vehicle in traffic ,"V1: Passenger car / V2:Light truck(van, mini-van, panel, pickup, sport utility) with only four tires / V3:Passenger car",Dry,Daylight,Clear,,FENWAY Rte UNKNOW / 300,,,,,233037.0994,898819.1715
3772593,BOSTON,19-Feb-2014,10:10 AM,Non-fatal injury,2,1,0,Angle,V1: Changing lanes / V2:Slowing or stopped in traffic,V1:Northbound / V2:Northbound ,V1: Collision with motor vehicle in traffic / V2: Collision with motor vehicle in traffic ,"V1: Light truck(van, mini-van, panel, pickup, sport utility) with only four tires / V2:Passenger car",Dry,Daylight,Cloudy,,RAMP-RT 90 EB TO CAMBRIDGE ST EB,,Exit 18 on Rte 90 E,,,231321.7384,901147.3639
3748374,BOSTON,19-Feb-2014,10:10 AM,Non-fatal injury,2,2,0,Angle,V1: Travelling straight ahead / V2:Turning left,V1:Westbound / V2:Southbound ,V1: Collision with motor vehicle in traffic / V2: Collision with motor vehicle in traffic ,V1: Passenger car / V2:Passenger car,Dry,Daylight,Clear,GALLIVAN BOULEVARD / OWENCROFT ROAD,,,,,,235581.1415,892160.9674
3748467,BOSTON,19-Feb-2014,4:46 PM,Non-fatal injury,2,2,0,Rear-end,V1: Slowing or stopped in traffic / V2:Slowing or stopped in traffic,V1:Westbound / V2:Westbound ,V1: Collision with motor vehicle in traffic / V2: Collision with motor vehicle in traffic ,V1: Passenger car / V2:Passenger car,Dry,Daylight,Cloudy,,GALLIVAN BOULEVARD Rte UNKNOW / 574,,,,,236873.1961,892610.551
3748375,BOSTON,19-Feb-2014,6:00 PM,Not Reported,1,0,0,Rear-end,V1: Parked,V1:Northbound ,V1: Collision with motor vehicle in traffic ,V1: Passenger car,Dry,Daylight,Not Reported,,GALLIVAN BOULEVARD Rte SR203 W / 330 BECKET STREET,,,,,235929.3771,892299.3457
3748468,BOSTON,20-Feb-2014,6:30 AM,Property damage only (none injured),2,0,0,Rear-end,V1: Slowing or stopped in traffic / V2:Slowing or stopped in traffic,V1:Northbound / V2:Northbound ,V1: Collision with motor vehicle in traffic / V2: Collision with motor vehicle in traffic ,"V1: Light truck(van, mini-van, panel, pickup, sport utility) with only four tires / V2:Passenger car",Ice,Daylight,Clear,,Rte 93 N / UNKNOWN,,Exit 15 on Rte 93 N,,,236972.2496,896473.4282
3738711,BOSTON,20-Feb-2014,7:27 AM,Property damage only (none injured),2,0,0,Rear-end,V1: Slowing or stopped in traffic / V2:Slowing or stopped in traffic,V1:Southbound / V2:Southbound ,V1: Collision with motor vehicle in traffic / V2: Collision with motor vehicle in traffic ,V1: Passenger car / V2:Passenger car,Wet,Daylight,Clear,,JOHN F FITZGERALD EXPRESSWAY Rte I93 S / RAMP - LEVERETT CIRCLE TO RT 93 SB Rte SR3 S,,,LOWER DECK,,236096.2952,901960.1468
3801677,BOSTON,20-Feb-2014,7:58 AM,Non-fatal injury,2,4,0,Angle,V1: Turning left / V2:Travelling straight ahead,V1:Not reported / V2:Not reported ,V1: Collision with motor vehicle in traffic / V2: Collision with motor vehicle in traffic ,"V1: Passenger car / V2:Light truck(van, mini-van, panel, pickup, sport utility) with only four tires",Ice,Daylight,Clear,WEST BOUNDARY ROAD / GEORGETOWNE DRIVE,,,,,,229247.6093,889923.125
3783701,BOSTON (DORCHESTER),20-Feb-2014,8:30 AM,Non-fatal injury,2,1,0,Not reported,V1: Slowing or stopped in traffic / V2:Slowing or stopped in traffic,V1:Not reported / V2:Not reported ,V1: Collision with motor vehicle in traffic / V2: Collision with motor vehicle in traffic ,V1: Passenger car / V2:Passenger car,Not reported,Not reported,Not Reported,GENEVA AVENUE / BLOOMFIELD STREET,,,,,,235826.3905,894472.1876
3748376,BOSTON,20-Feb-2014,10:07 AM,Property damage only (none injured),3,0,0,Rear-end,V1: Travelling straight ahead / V2:Slowing or stopped in traffic / V3:Slowing or stopped in traffic,V1:Northbound / V2:Northbound / V3:Northbound ,V1: Collision with motor vehicle in traffic / V2: Collision with motor vehicle in traffic / V3: Collision with motor vehicle in traffic ,V1: Passenger car / V2:Passenger car / V3:Passenger car,Dry,Daylight,Clear,,Rte 93 N / UNKNOWN,,Exit 14 on Rte 93 N,,,237258.9796,894483.3974
3801675,BOSTON,20-Feb-2014,12:45 PM,Non-fatal injury,2,3,0,Angle,V1: Travelling straight ahead / V2:Entering traffic lane,V1:Not reported / V2:Not reported ,V1: Collision with motor vehicle in traffic / V2: Collision with motor vehicle in traffic ,V1: Passenger car / V2:Passenger car,Dry,Daylight,Clear,LA GRANGE STREET / LASELL STREET,,,,,,227485.6248,893225.8752
3796699,BOSTON,20-Feb-2014,4:40 PM,Property damage only (none injured),2,0,0,Head-on,V1: Travelling straight ahead / V2:Slowing or stopped in traffic,V1:Southbound / V2:Not reported ,V1: Collision with motor vehicle in traffic / V2: Collision with motor vehicle in traffic ,"V1: Passenger car / V2:Light truck(van, mini-van, panel, pickup, sport utility) with only four tires",Wet,Dusk,Clear,SURFACE ROAD / MILK STREET,,,,,,236893.7589,901004.8873
3743386,BOSTON,20-Feb-2014,5:00 PM,Property damage only (none injured),2,0,0,Rear-end,V1: Slowing or stopped in traffic / V2:Travelling straight ahead,V1:Northbound / V2:Northbound ,V1: Collision with motor vehicle in traffic / V2: Collision with motor vehicle in traffic ,V1: Passenger car / V2:Passenger car,Dry,Dusk,Cloudy,,Rte 93 N / UNKNOWN,,Exit 20 on Rte 93 N,,,235935.6734,898219.8317
3748449,BOSTON,20-Feb-2014,5:39 PM,Property damage only (none injured),3,0,0,Rear-end,V1: Slowing or stopped in traffic / V2:Slowing or stopped in traffic / V3:Slowing or stopped in traffic,V1:Northbound / V2:Northbound / V3:Northbound ,V1: Collision with motor vehicle in traffic / V2: Collision with motor vehicle in traffic / V3: Collision with motor vehicle in traffic ,"V1: Passenger car / V2:Light truck(van, mini-van, panel, pickup, sport utility) with only four tires / V3:Light truck(van, mini-van, panel, pickup, sport utility) with only four tires",Dry,Dark - lighted roadway,Cloudy,JOHN F FITZGERALD EXPRESSWAY Rte I93 N / RAMP - RT 90 TO RT 93 NB,,,,D-RAMP MERGE,,236586.4586,900220.4936
3748469,BOSTON,20-Feb-2014,6:07 PM,Non-fatal injury,3,3,0,Rear-end,V1: Slowing or stopped in traffic / V2:Slowing or stopped in traffic / V3:Travelling straight ahead,V1:Southbound / V2:Southbound / V3:Southbound ,V1: Collision with motor vehicle in traffic / V2: Collision with motor vehicle in traffic / V3: Collision with motor vehicle in traffic ,"V1: Passenger car / V2:Light truck(van, mini-van, panel, pickup, sport utility) with only four tires / V3:Light truck(van, mini-van, panel, pickup, sport utility) with only four tires",Dry,Dark - lighted roadway,Cloudy,,Rte 93 S / UNKNOWN,,Exit 12 on Rte 93 S,,,237620.5493,892713.0989
3748377,BOSTON,20-Feb-2014,6:39 PM,Non-fatal injury,1,1,0,Single vehicle crash,V1: Travelling straight ahead,V1:Eastbound ,V1: Collision with pedestrian ,V1: Passenger car,Dry,Dark - lighted roadway,Clear,,WILLIAM DAY BOULEVARD Rte UNKNOW / I STREET,,,,P2:Pedestrian,237929.5154,897835.3748
3785555,BOSTON (CHARLESTOWN),20-Feb-2014,10:07 PM,Not Reported,1,0,0,Single vehicle crash,V1: Travelling straight ahead,V1:Westbound ,V1: Collision with ditch ,V1: Unknown vehicle configuration,Wet,Dark - lighted roadway,Rain/Unknown,ARLINGTON AVENUE / DORRANCE STREET,,,,,,235008.1095,904166.5625
3786536,BOSTON,21-Feb-2014,00:00 AM,Unknown,1,0,0,Single vehicle crash,V1: Travelling straight ahead,V1:Northbound ,V1: Collision with tree ,V1: Passenger car,Dry,Dark - lighted roadway,Clear/Clear,,150 feet N from Intersection AMERICAN LEGION HIGHWAY / KINGBIRD ROAD,,,,,233459.3291,893749.7847
3738724,BOSTON,21-Feb-2014,11:15 AM,Property damage only (none injured),1,0,0,Single vehicle crash,V1: Slowing or stopped in traffic,V1:Westbound ,V1: Collision with light pole or other post/support ,V1: Passenger car,Wet,Daylight,Cloudy/Rain,,NORTH BEACON STREET Rte UNKNOW / BROOKS STREET,,,,,227994.0736,900990.3301
3777774,BOSTON,21-Feb-2014,11:55 AM,Property damage only (none injured),2,0,0,"Sideswipe, same direction",V1: Parked / V2:Travelling straight ahead,V1:Eastbound / V2:Not reported ,V1: Collision with motor vehicle in traffic / V2: Collision with parked motor vehicle ,"V1: Light truck(van, mini-van, panel, pickup, sport utility) with only four tires / V2:Tractor/semi-trailer",Wet,Daylight,Cloudy/Rain,,45 FRANCIS STREET,,,,,232460.2599,898345.0559
3748805,BOSTON,21-Feb-2014,2:18 PM,Property damage only (none injured),2,0,0,Rear-end,V1: Slowing or stopped in traffic / V2:Slowing or stopped in traffic,V1:Eastbound / V2:Eastbound ,V1: Not reported / V2: Not reported ,V1: Passenger car / V2:Passenger car,Dry,Daylight,Clear,RAMP - RT 90 EB TO HOTEL DRIVE / HOTEL DRIVE / RAMP - AIRPORT ROAD TO HOTEL DRIVE,,,,,,239150.2356,902066.9176
3772594,BOSTON,21-Feb-2014,2:25 PM,Property damage only (none injured),3,0,0,Angle,V1: Changing lanes / V2:Travelling straight ahead / V3:Travelling straight ahead,V1:Eastbound / V2:Eastbound / V3:Eastbound ,V1: Collision with motor vehicle in traffic / V2: Collision with motor vehicle in traffic / V3: Collision with motor vehicle in traffic ,V1: Passenger car / V2:Passenger car / V3:Passenger car,Dry,Daylight,Cloudy,,Rte 90 E,,Exit 18 on Rte 90 E,I/C 18/19,,230714.9765,900764.6942
3784300,BOSTON (BRIGHTON),21-Feb-2014,3:35 PM,Non-fatal injury,1,1,0,Single vehicle crash,V1: Travelling straight ahead,V1:Westbound ,V1: Collision with pedestrian ,"V1: Light truck(van, mini-van, panel, pickup, sport utility) with only four tires",Wet,Daylight,"Rain/Fog, smog, smoke",COMMONWEALTH AVENUE / SOUTH STREET,,,,,P2:Pedestrian,228200.2293,898858.2008
3785558,BOSTON (CHARLESTOWN),21-Feb-2014,4:42 PM,Property damage only (none injured),3,0,0,Rear-end,V1: Slowing or stopped in traffic / V2:Slowing or stopped in traffic / V3:Slowing or stopped in traffic,V1:Northbound / V2:Northbound / V3:Northbound ,V1: Collision with motor vehicle in traffic / V2: Collision with motor vehicle in traffic / V3: Collision with motor vehicle in traffic ,"V1: Light truck(van, mini-van, panel, pickup, sport utility) with only four tires / V2:Passenger car / V3:Light truck(van, mini-van, panel, pickup, sport utility) with only four tires",Wet,Dusk,Rain/Rain,SULLIVAN SQUARE / ALFORD STREET,,,,,,235183.8592,903917.6875
3740185,BOSTON,21-Feb-2014,5:40 PM,Property damage only (none injured),2,0,0,Rear-end,V1: Slowing or stopped in traffic / V2:Travelling straight ahead,V1:Eastbound / V2:Eastbound ,V1: Collision with motor vehicle in traffic / V2: Collision with motor vehicle in traffic ,V1: Passenger car / V2:Passenger car,Wet,Daylight,Cloudy/Rain,,CHARLESGATE OVERPASS / CHARLESGATE EAST,,,RAMP FROM BOWKER,,233787.5718,900184.1843
3748649,BOSTON,21-Feb-2014,6:38 PM,Property damage only (none injured),2,0,0,Angle,V1: Turning right / V2:Travelling straight ahead,V1:Westbound / V2:Westbound ,V1: Collision with motor vehicle in traffic / V2: Collision with motor vehicle in traffic ,"V1: Light truck(van, mini-van, panel, pickup, sport utility) with only four tires / V2:Passenger car",Dry,Dark - lighted roadway,Cloudy,,MOUNT VERNON STREET / WILLIAM T MORRISSEY BOULEVARD,,,,,237017.1331,896806.9717
3738716,BOSTON,21-Feb-2014,7:50 PM,Non-fatal injury,1,2,0,Head-on,V1: Changing lanes,V1:Eastbound ,V1: Collision with light pole or other post/support ,"V1: Light truck(van, mini-van, panel, pickup, sport utility) with only four tires",Wet,Dark - lighted roadway,Cloudy,,STORROW DRIVE / CHARLESGATE OVERPASS,,,STORROW DRIVE E/B BY FAIRFIED ST,,234263.3552,900361.7184
3745732,BOSTON (SOUTH BOSTON),21-Feb-2014,7:57 PM,Non-fatal injury,2,1,0,Angle,V1: Travelling straight ahead / V2:Travelling straight ahead,V1:Northbound / V2:Westbound ,V1: Collision with motor vehicle in traffic / V2: Collision with motor vehicle in traffic ,"V1: Light truck(van, mini-van, panel, pickup, sport utility) with only four tires / V2:Other",Wet,Dark - lighted roadway,Rain,WEST FOURTH STREET / A STREET,,,,,,236559.0784,899052.2498
3772672,BOSTON,21-Feb-2014,8:41 PM,Non-fatal injury,2,2,0,Angle,V1: Travelling straight ahead / V2:Travelling straight ahead,V1:Westbound / V2:Northbound ,V1: Collision with motor vehicle in traffic / V2: Collision with motor vehicle in traffic ,"V1: Light truck(van, mini-van, panel, pickup, sport utility) with only four tires / V2:Passenger car",Dry,Dark - lighted roadway,Clear,,NORTH BEACON STREET Rte UNKNOW / PARSONS STREET,,,,,228152.7188,900975.5
3748378,BOSTON,21-Feb-2014,11:15 PM,Property damage only (none injured),2,0,0,"Sideswipe, same direction",V1: Travelling straight ahead / V2:Travelling straight ahead,V1:Southbound / V2:Southbound ,V1: Collision with motor vehicle in traffic / V2: Collision with motor vehicle in traffic ,"V1: Passenger car / V2:Light truck(van, mini-van, panel, pickup, sport utility) with only four tires",Wet,Dark - lighted roadway,Clear,,JOHN F FITZGERALD EXPRESSWAY Rte I93 S,,,800 WILLIAM T MORRISSEY BOULEVAR,,237451.607,893941.3554
3801796,BOSTON (ROXBURY),22-Feb-2014,2:20 AM,Not Reported,2,0,0,Not reported,V1: Parked / V2:Not reported,V1:Not reported / V2:Not reported ,V1: Not reported / V2: Not reported ,V1: Passenger car / V2:Not reported,Not reported,Not reported,Not Reported,,318 DUDLEY STREET,,,,,234837.1864,897550.1213
3748470,BOSTON,22-Feb-2014,2:23 AM,Non-fatal injury,2,1,0,Angle,V1: Travelling straight ahead / V2:Turning left,V1:Southbound / V2:Westbound ,V1: Collision with motor vehicle in traffic / V2: Collision with motor vehicle in traffic ,V1: Passenger car / V2:Passenger car,Ice,Dark - lighted roadway,Clear,WILLIAM T MORRISSEY BOULEVARD / FREEPORT STREET,,,,,,237149.8439,894580.3748
3784302,BOSTON,22-Feb-2014,2:30 AM,Not Reported,3,0,0,"Sideswipe, same direction",V1: Not reported / V2:Not reported / V3:Not reported,V1:Westbound / V2:Not reported / V3:Not reported ,V1: Not reported / V2: Not reported / V3: Not reported ,V1: Unknown vehicle configuration / V2:Unknown vehicle configuration / V3:Unknown vehicle configuration,Ice,Dark - lighted roadway,Rain/Other,,BEACON STREET / CHESTNUT HILL AVENUE,,,MDC SKAKING RINK,,228769.047,898446.7499