Crash Number,City/Town Name,Crash Date,Crash Time,Crash Severity,Number of Vehicles,Total Nonfatal Injuries,Total Fatal Injuries,Manner of Collision,Vehicle Action Prior to Crash,Vehicle Travel Directions,Most Harmful Events,Vehicle Configuration,Road Surface Condition,Ambient Light,Weather Condition,At Roadway Intersection,Distance from Nearest Roadway Intersection,Distance from Nearest Milemarker,Distance from Nearest Exit,Distance from Nearest Landmark,Non Motorist Type,X Coordinate,Y Coordinate
3743830,BOSTON,22-Feb-2014,4:45 AM,Non-fatal injury,2,1,0,Rear-end,V1: Slowing or stopped in traffic / V2:Slowing or stopped in traffic,V1:Eastbound / V2:Eastbound ,V1: Collision with motor vehicle in traffic / V2: Collision with motor vehicle in traffic ,"V1: Unknown heavy truck, cannot classify / V2:Passenger car",Ice,Dark - lighted roadway,Clear,,UNIVERSITY ROAD / STORROW DRIVE,,,,,232283.4152,900191.3244
3743387,BOSTON,22-Feb-2014,5:55 AM,Non-fatal injury,2,2,0,Rear-end,V1: Travelling straight ahead / V2:Travelling straight ahead,V1:Northbound / V2:Northbound ,V1: Collision with motor vehicle in traffic / V2: Collision with motor vehicle in traffic ,V1: Passenger car / V2:Passenger car,Dry,Dawn,Clear,,RAMP-RTS 93 NB/1 NB TO RT 1 NB (TOBIN BR Rte 1 N,,Exit 27 on Rte 93 N,,,235589.822,902504.5581
3748811,BOSTON,22-Feb-2014,6:00 AM,Non-fatal injury,2,1,0,Angle,V1: Travelling straight ahead / V2:Travelling straight ahead,V1:Eastbound / V2:Eastbound ,V1: Collision with motor vehicle in traffic / V2: Collision with motor vehicle in traffic ,"V1: Passenger car / V2:Light truck(van, mini-van, panel, pickup, sport utility) with only four tires",Dry,Dark - lighted roadway,Cloudy,,MORTON STREET,,,,,,
3772782,BOSTON,22-Feb-2014,6:25 AM,Property damage only (none injured),1,0,0,Single vehicle crash,V1: Turning left,V1:Southbound ,V1: Collision with guardrail ,V1: Passenger car,Ice,Dark - lighted roadway,"Sleet, hail (freezing rain or drizzle)",,PARKMAN DRIVE Rte UNKNOW N / PERKINS STREET,,,,,231007.4685,896603.125
3776371,BOSTON,22-Feb-2014,7:00 AM,Non-fatal injury,2,1,0,Head-on,V1: Not reported / V2:Turning right,V1:Eastbound / V2:Westbound ,V1: Collision with motor vehicle in traffic / V2: Not reported ,V1: Passenger car / V2:Truck/trailer,Ice,Dawn,Clear,DEXTER STREET / ALFORD STREET,,,,,,235616.6348,904947.6349
3740461,BOSTON,22-Feb-2014,5:23 PM,Property damage only (none injured),3,0,0,Rear-end,V1: Slowing or stopped in traffic / V2:Travelling straight ahead / V3:Travelling straight ahead,V1:Southbound / V2:Southbound / V3:Southbound ,V1: Collision with motor vehicle in traffic / V2: Collision with motor vehicle in traffic / V3: Collision with motor vehicle in traffic ,"V1: Passenger car / V2:Light truck(van, mini-van, panel, pickup, sport utility) with only four tires / V3:Passenger car",Dry,Dusk,Cloudy,,Rte 93 S,,Exit 24 on Rte 93 S,,,236397.1933,901565.6511
3748802,BOSTON,22-Feb-2014,5:24 PM,Non-fatal injury,2,1,0,Rear-end,V1: Slowing or stopped in traffic / V2:Travelling straight ahead,V1:Southbound / V2:Southbound ,V1: Collision with motor vehicle in traffic / V2: Collision with motor vehicle in traffic ,"V1: Light truck(van, mini-van, panel, pickup, sport utility) with only four tires / V2:Light truck(van, mini-van, panel, pickup, sport utility) with only four tires",Dry,Daylight,Cloudy,,INTERSTATE 93 Rte 93 S,,Exit 24 on Rte 93 S,,,,
3746931,BOSTON,22-Feb-2014,5:25 PM,Not Reported,2,0,0,"Sideswipe, same direction",V1: Travelling straight ahead / V2:Travelling straight ahead,V1:Southbound / V2:Not reported ,V1: Collision with motor vehicle in traffic / V2: Collision with motor vehicle in traffic ,"V1: Passenger car / V2:Bus (seats for more than 15 people, including driver)",Dry,Dusk,Clear/Clear,SURFACE ARTERY / KNEELAND STREET,,,,,,236274.497,900050.9872
3743363,BOSTON,22-Feb-2014,6:34 PM,Non-fatal injury,2,1,0,Angle,V1: Travelling straight ahead / V2:Travelling straight ahead,V1:Northbound / V2:Eastbound ,V1: Collision with motor vehicle in traffic / V2: Collision with motor vehicle in traffic ,"V1: Light truck(van, mini-van, panel, pickup, sport utility) with only four tires / V2:Passenger car",Dry,Dark - lighted roadway,Cloudy,,MORTON STREET Rte UNKNOW / HARVARD STREET,,,,,233493.5311,893100.9999
3748810,BOSTON,23-Feb-2014,11:13 AM,Non-fatal injury,3,1,0,Rear-end,V1: Slowing or stopped in traffic / V2:Slowing or stopped in traffic / V3:Travelling straight ahead,V1:Northbound / V2:Northbound / V3:Eastbound ,V1: Collision with motor vehicle in traffic / V2: Collision with motor vehicle in traffic / V3: Collision with motor vehicle in traffic ,V1: Passenger car / V2:Passenger car / V3:Passenger car,Dry,Daylight,Clear,,Rte 93 N / UNKNOWN,,Exit 16 on Rte 93 N,,,236403.9842,897524.312
3752720,BOSTON,23-Feb-2014,12:56 PM,Property damage only (none injured),2,0,0,Rear-end,V1: Travelling straight ahead / V2:Slowing or stopped in traffic,V1:Westbound / V2:Westbound ,V1: Collision with motor vehicle in traffic / V2: Collision with motor vehicle in traffic ,"V1: Passenger car / V2:Light truck(van, mini-van, panel, pickup, sport utility) with only four tires",Dry,Daylight,Clear,,KOSCIUSZKO CIRCLE / WILLIAM T MORRISSEY BOULEVARD,,,ROTARY,,237022.2896,896898.0947
3748359,BOSTON,23-Feb-2014,1:46 PM,Property damage only (none injured),2,0,0,Rear-end,V1: Travelling straight ahead / V2:Slowing or stopped in traffic,V1:Southbound / V2:Southbound ,V1: Collision with motor vehicle in traffic / V2: Collision with motor vehicle in traffic ,V1: Passenger car / V2:Passenger car,Dry,Daylight,Clear,,Rte 93 S / UNKNOWN,,Exit 24 on Rte 93 S,,,236397.1933,901565.6511
3784304,BOSTON,23-Feb-2014,4:00 PM,Property damage only (none injured),2,0,0,Angle,V1: Travelling straight ahead / V2:Turning left,V1:Not reported / V2:Not reported ,V1: Collision with motor vehicle in traffic / V2: Collision with motor vehicle in traffic ,V1: Passenger car / V2:Passenger car,Wet,Daylight,Clear/Clear,,101 WASHINGTON STREET / EASTON STREET,,,,,236427.3556,901019.4767
3745831,BOSTON,23-Feb-2014,5:45 PM,Property damage only (none injured),2,0,0,Angle,V1: Entering traffic lane / V2:Travelling straight ahead,V1:Westbound / V2:Westbound ,V1: Collision with motor vehicle in traffic / V2: Collision with motor vehicle in traffic ,"V1: Passenger car / V2:Bus (seats for more than 15 people, including driver)",Dry,Dark - lighted roadway,Clear,IPSWICH STREET / LANSDOWNE STREET,,,,JULIANS BAR,,233420.203,899708.0624
3772641,BOSTON,23-Feb-2014,6:35 PM,Property damage only (none injured),2,0,0,Rear-end,V1: Travelling straight ahead / V2:Travelling straight ahead,V1:Southbound / V2:Southbound ,V1: Collision with motor vehicle in traffic / V2: Collision with motor vehicle in traffic ,V1: Passenger car / V2:Passenger car,Dry,Dark - lighted roadway,Clear,,JOHN F FITZGERALD EXPRESSWAY Rte I93 S / SOUTHBOUND FRONTAGE ROAD,,,SOUTHAMPTON ST,,236247.13,897716.5824
3743358,BOSTON,24-Feb-2014,7:56 AM,Property damage only (none injured),2,0,0,Rear-end,V1: Travelling straight ahead / V2:Travelling straight ahead,V1:Eastbound / V2:Eastbound ,V1: Collision with motor vehicle in traffic / V2: Collision with motor vehicle in traffic ,V1: Passenger car / V2:Passenger car,Dry,Daylight,Clear,,SOLDIERS FIELD ROAD / RAMP - WESTERN AVE TO SOLDIERS FIELD RD,,,DOUBLETREE HOTEL,,231509.8018,901114.8505
3867598,BOSTON,24-Feb-2014,8:29 AM,Not Reported,2,0,0,Angle,V1: Not reported / V2:Not reported,V1:Westbound / V2:Eastbound ,V1: Not reported / V2: Not reported ,"V1: Light truck(van, mini-van, panel, pickup, sport utility) with only four tires / V2:Passenger car",Dry,Daylight,Clear,BEACON STREET / PARK DRIVE,,,,,,232535.3748,899651.148
3790521,BOSTON (DORCHESTER),24-Feb-2014,6:00 PM,Non-fatal injury,2,2,0,Head-on,V1: Turning left / V2:Travelling straight ahead,V1:Not reported / V2:Not reported ,V1: Collision with motor vehicle in traffic / V2: Collision with motor vehicle in traffic ,V1: Passenger car / V2:Passenger car,Dry,Dark - lighted roadway,Clear/Clear,,79 FREEPORT STREET / LINDEN STREET,,,,,236475.4063,895145.7503
3749981,BOSTON,24-Feb-2014,7:35 PM,Non-fatal injury,2,1,0,Angle,V1: Turning left / V2:Travelling straight ahead,V1:Northbound / V2:Westbound ,V1: Collision with motor vehicle in traffic / V2: Collision with motor vehicle in traffic ,"V1: Light truck(van, mini-van, panel, pickup, sport utility) with only four tires / V2:Passenger car",Wet,Dark - lighted roadway,Clear,VETERANS OF FOREIGN WARS PARKWAY / LA GRANGE STREET,,,,,,227356.7344,893407.1877
3867618,BOSTON,24-Feb-2014,11:50 PM,Non-fatal injury,2,2,0,Rear-end,V1: Slowing or stopped in traffic / V2:Travelling straight ahead,V1:Westbound / V2:Westbound ,V1: Collision with motor vehicle in traffic / V2: Collision with motor vehicle in traffic ,"V1: Passenger car / V2:Light truck(van, mini-van, panel, pickup, sport utility) with only four tires",Dry,Dark - roadway not lighted,Clear,COLUMBUS AVENUE / WEST RUTLAND SQUARE,,,,,,234673.8728,899218.6539
3785559,BOSTON,25-Feb-2014,6:15 AM,Not Reported,2,0,0,Not reported,V1: Not reported / V2:Not reported,V1:Not reported / V2:Not reported ,V1: Not reported / V2: Not reported ,"V1: Passenger car / V2:Light truck(van, mini-van, panel, pickup, sport utility) with only four tires",Not reported,Not reported,Not Reported,,73 CHELSEA STREET,,,,,238165.503,902466.1855
3786535,BOSTON (MATTAPAN),25-Feb-2014,12:00 PM,Property damage only (none injured),2,0,0,Angle,V1: Turning right / V2:Not reported,V1:Not reported / V2:Not reported ,V1: Collision with impact attenuator/crash cushion / V2: Not reported ,V1: Passenger car / V2:Not reported,Dry,Dark - lighted roadway,Clear/Clear,WOODMERE STREET / MORTON STREET,,,,,,234675.7498,892082.6253
3745166,BOSTON,25-Feb-2014,2:15 PM,Property damage only (none injured),2,0,0,Angle,V1: Slowing or stopped in traffic / V2:Turning left,V1:Eastbound / V2:Northbound ,V1: Collision with motor vehicle in traffic / V2: Collision with motor vehicle in traffic ,"V1: Light truck(van, mini-van, panel, pickup, sport utility) with only four tires / V2:Passenger car",Dry,Daylight,Clear,,MORTON STREET Rte UNKNOW / HARVARD STREET,,,,,233493.5311,893100.9999
3748650,BOSTON,25-Feb-2014,4:23 PM,Property damage only (none injured),2,0,0,Angle,V1: Entering traffic lane / V2:Travelling straight ahead,V1:Eastbound / V2:Eastbound ,V1: Collision with motor vehicle in traffic / V2: Collision with motor vehicle in traffic ,V1: Passenger car / V2:Passenger car,Dry,Daylight,Clear,,GRANITE AVENUE Rte 203 / GALLIVAN BOULEVARD,,,,,236643.2967,892556.1249
3772642,BOSTON,25-Feb-2014,6:09 PM,Property damage only (none injured),2,0,0,Rear-end,V1: Slowing or stopped in traffic / V2:Travelling straight ahead,V1:Northbound / V2:Northbound ,V1: Collision with motor vehicle in traffic / V2: Collision with motor vehicle in traffic ,"V1: Passenger car / V2:Light truck(van, mini-van, panel, pickup, sport utility) with only four tires",Dry,Dark - lighted roadway,Clear,,JOHN F FITZGERALD EXPRESSWAY Rte I93 N / RAMP - RT 1 NB TO TOBIN BRIDGE Rte US1 N,,,EXIT PORTALE,,235942.1834,902171.7332
3743388,BOSTON,25-Feb-2014,6:45 PM,Non-fatal injury,2,1,0,Rear-end,V1: Slowing or stopped in traffic / V2:Travelling straight ahead,V1:Southbound / V2:Southbound ,V1: Collision with motor vehicle in traffic / V2: Collision with motor vehicle in traffic ,"V1: Light truck(van, mini-van, panel, pickup, sport utility) with only four tires / V2:Passenger car",Dry,Dark - roadway not lighted,Clear/Cloudy,,RAMP - RT 93 NB TO STORROW DRIVE Rte SR3A N / JOHN F FITZGERALD EXPRESSWAY Rte US1 N,,Exit 26 on Rte I93 N,STATION TUNNEL,,236401.3667,901602.937
3748450,BOSTON,25-Feb-2014,10:24 PM,Property damage only (none injured),2,0,0,Angle,V1: Travelling straight ahead / V2:Turning left,V1:Northbound / V2:Northbound ,V1: Collision with motor vehicle in traffic / V2: Collision with motor vehicle in traffic ,"V1: Light truck(van, mini-van, panel, pickup, sport utility) with only four tires / V2:Light truck(van, mini-van, panel, pickup, sport utility) with only four tires",Dry,Dark - lighted roadway,Clear,MASSACHUSETTS AVENUE CONNECTOR / FRONTAGE ROAD,,,,FRONTAGE ROAD NB @ MASS AVE CONN,,235865.0173,898419.1854
3749664,BOSTON,26-Feb-2014,7:30 AM,Property damage only (none injured),2,0,0,Rear-end,V1: Changing lanes / V2:Travelling straight ahead,V1:Northbound / V2:Northbound ,V1: Collision with motor vehicle in traffic / V2: Collision with motor vehicle in traffic ,V1: Passenger car / V2:Passenger car,Dry,Daylight,Cloudy,JAMAICAWAY / BURROUGHS STREET,,,,,,231450.8052,896076.5069
3772643,BOSTON,26-Feb-2014,7:36 AM,Property damage only (none injured),2,0,0,"Sideswipe, same direction",V1: Travelling straight ahead / V2:Travelling straight ahead,V1:Southbound / V2:Southbound ,V1: Collision with median barrier / V2: Collision with motor vehicle in traffic ,V1: Passenger car / V2:Not reported,Dry,Daylight,Cloudy,JOHN F FITZGERALD EXPRESSWAY Rte I93 N / RAMP - FRONTAGE ROAD TO RT 93 NB,,,,AT THE LL RAMP,,236017.558,899013.108
3794912,BOSTON,26-Feb-2014,1:55 PM,Property damage only (none injured),2,0,0,Angle,V1: Turning left / V2:Parked,V1:Eastbound / V2:Not reported ,V1: Not reported / V2: Not reported ,"V1: Light truck(van, mini-van, panel, pickup, sport utility) with only four tires / V2:Passenger car",Dry,Dark - lighted roadway,Clear,BOWKER STREET / HAWKINS STREET,,,,,,236233.7761,901388.9221
3772644,BOSTON,26-Feb-2014,2:58 PM,Property damage only (none injured),3,0,0,Rear-end,V1: Slowing or stopped in traffic / V2:Travelling straight ahead / V3:Travelling straight ahead,V1:Southbound / V2:Southbound / V3:Southbound ,V1: Collision with motor vehicle in traffic / V2: Collision with motor vehicle in traffic / V3: Collision with motor vehicle in traffic ,"V1: Light truck(van, mini-van, panel, pickup, sport utility) with only four tires / V2:Light truck(van, mini-van, panel, pickup, sport utility) with only four tires / V3:Passenger car",Dry,Daylight,Clear,JOHN F FITZGERALD EXPRESSWAY Rte I93 N / RAMP - RT 93 NB TO STORROW DRIVE Rte SR3A N,,,,STATION TUNNEL,,236402.7438,901600.034
3778783,BOSTON,26-Feb-2014,3:15 PM,Property damage only (none injured),3,0,0,Rear-end,V1: Slowing or stopped in traffic / V2:Slowing or stopped in traffic / V3:Travelling straight ahead,V1:Eastbound / V2:Eastbound / V3:Eastbound ,V1: Collision with motor vehicle in traffic / V2: Collision with motor vehicle in traffic / V3: Collision with motor vehicle in traffic ,"V1: Light truck(van, mini-van, panel, pickup, sport utility) with only four tires / V2:Passenger car / V3:Passenger car",Dry,Daylight,Not Reported,,SOLDIERS FIELD ROAD / CAMBRIDGE STREET,,,0 feet E from CAMBRIDGE STREET,,231497.2189,901228.0458
3748808,BOSTON,26-Feb-2014,3:17 PM,Non-fatal injury,1,1,0,Single vehicle crash,V1: Travelling straight ahead,V1:Southbound ,V1: Collision with guardrail ,V1: Passenger car,Dry,Daylight,Clear,CAMBRIDGE STREET / ALLSTON TOLL PLAZA / RAMP - WESTERN AVE TO SOLDIERS FIELD RD,,,,CAMBRIDGE STREET,,231486.5756,901224.159
3783317,BOSTON,26-Feb-2014,3:25 PM,Non-fatal injury,4,1,0,Rear-end,V1: Travelling straight ahead / V2:Slowing or stopped in traffic / V3:Slowing or stopped in traffic / V4:Slowing or stopped in traffic,V1:Eastbound / V2:Eastbound / V3:Eastbound / V4:Eastbound ,V1: Collision with motor vehicle in traffic / V2: Collision with motor vehicle in traffic / V3: Collision with motor vehicle in traffic / V4: Collision with motor vehicle in traffic ,"V1: Passenger car / V2:Light truck(van, mini-van, panel, pickup, sport utility) with only four tires / V3:Passenger car / V4:Passenger car",Dry,Daylight,Clear,,SOLDIERS FIELD ROAD / RAMP - WESTERN AVE TO SOLDIERS FIELD RD,,,0 feet W from CAMBRIDGE STREET,,231494.3519,901250.6885
3748360,BOSTON,26-Feb-2014,4:57 PM,Property damage only (none injured),3,0,0,Rear-end,V1: Slowing or stopped in traffic / V2:Slowing or stopped in traffic / V3:Travelling straight ahead,V1:Eastbound / V2:Eastbound / V3:Eastbound ,V1: Collision with motor vehicle in traffic / V2: Collision with motor vehicle in traffic / V3: Collision with motor vehicle in traffic ,"V1: Light truck(van, mini-van, panel, pickup, sport utility) with only four tires / V2:Passenger car / V3:Passenger car",Dry,Daylight,Cloudy,,Rte 90 E / UNKNOWN,,,,,234145.2812,899758.6639
3752721,BOSTON,26-Feb-2014,5:04 PM,Non-fatal injury,2,2,0,Rear-end,V1: Slowing or stopped in traffic / V2:Travelling straight ahead,V1:Eastbound / V2:Eastbound ,V1: Collision with motor vehicle in traffic / V2: Collision with motor vehicle in traffic ,"V1: Light truck(van, mini-van, panel, pickup, sport utility) with only four tires / V2:Passenger car",Dry,Daylight,Not Reported,,WILLIAM DAY BOULEVARD Rte UNKNOW / 125 KOSCIUSZKO CIRCLE,,,,,237000,896933.5626
3748451,BOSTON,26-Feb-2014,6:27 PM,Property damage only (none injured),1,0,0,Single vehicle crash,V1: Travelling straight ahead,V1:Northbound ,V1: Other ,V1: Passenger car,Dry,Dark - lighted roadway,Clear,JOHN F FITZGERALD EXPRESSWAY Rte I93 N / RAMP - RT 90 TO RT 93 NB,,,,RAMP D MERGE,,236586.4586,900220.4936
3785477,BOSTON,27-Feb-2014,1:55 AM,Property damage only (none injured),1,0,0,Single vehicle crash,V1: Turning right,V1:Southbound ,V1: Collision with guardrail ,V1: Passenger car,Dry,Dark - lighted roadway,Not Reported,GALLIVAN BOULEVARD / NEPONSET AVENUE / WILLIAM T MORRISSEY BOULEVARD,,,,NEPONSET BRIDGE,,237731.8737,892907.403
3792171,BOSTON (DORCHESTER),27-Feb-2014,6:46 AM,Non-fatal injury,1,1,0,Single vehicle crash,V1: Travelling straight ahead,V1:Not reported ,V1: Collision with pedestrian ,"V1: Light truck(van, mini-van, panel, pickup, sport utility) with only four tires",Dry,Daylight,Clear/Clear,WASHINGTON STREET / ELDON STREET,,,,,P2:Pedestrian,234776.2344,894806.8124
3748361,BOSTON,27-Feb-2014,8:30 AM,Property damage only (none injured),2,0,0,Rear-end,V1: Slowing or stopped in traffic / V2:Travelling straight ahead,V1:Southbound / V2:Southbound ,V1: Collision with motor vehicle in traffic / V2: Collision with motor vehicle in traffic ,"V1: Light truck(van, mini-van, panel, pickup, sport utility) with only four tires / V2:Light truck(van, mini-van, panel, pickup, sport utility) with only four tires",Dry,Daylight,Clear,,RAMP - MARKET STREET TO RT 93 SB / RAMP - RT 93 SB TO SEAPORT BOULEVARD,,,HAYMARKET RAMP TO 93S,,236851.3212,901158.8266
3748453,BOSTON,27-Feb-2014,10:00 AM,Non-fatal injury,2,1,0,Rear-end,V1: Slowing or stopped in traffic / V2:Slowing or stopped in traffic,V1:Southbound / V2:Southbound ,V1: Collision with motor vehicle in traffic / V2: Collision with motor vehicle in traffic ,"V1: Light truck(van, mini-van, panel, pickup, sport utility) with only four tires / V2:Passenger car",Dry,Daylight,Clear,,Rte 93 S / UNKNOWN,,Exit 18 on Rte 93 S,,,236013.2783,899092.9981
3867617,BOSTON,27-Feb-2014,1:00 PM,Property damage only (none injured),2,0,0,Not reported,V1: Travelling straight ahead / V2:Travelling straight ahead,V1:Not reported / V2:Not reported ,V1: Collision with motor vehicle in traffic / V2: Collision with motor vehicle in traffic ,V1: Passenger car / V2:Passenger car,Not reported,Not reported,Not Reported,COMMONWEALTH AVENUE / ESSEX STREET,,,,,,232056.9154,900089.59
3748932,BOSTON,27-Feb-2014,3:22 PM,Property damage only (none injured),3,0,0,Rear-end,V1: Slowing or stopped in traffic / V2:Slowing or stopped in traffic / V3:Travelling straight ahead,V1:Southbound / V2:Southbound / V3:Southbound ,V1: Collision with motor vehicle in traffic / V2: Collision with motor vehicle in traffic / V3: Collision with motor vehicle in traffic ,V1: Passenger car / V2:Passenger car / V3:Passenger car,Dry,Daylight,Clear,,SOLDIERS FIELD ROAD Rte UNKNOW E / 400,,,,,231518.2408,901078.3912
3752718,BOSTON,27-Feb-2014,7:36 PM,Property damage only (none injured),3,0,0,Angle,V1: Turning left / V2:Travelling straight ahead / V3:Slowing or stopped in traffic,V1:Westbound / V2:Southbound / V3:Northbound ,V1: Collision with motor vehicle in traffic / V2: Collision with motor vehicle in traffic / V3: Collision with light pole or other post/support ,V1: Passenger car / V2:Passenger car / V3:Passenger car,Dry,Dark - lighted roadway,Clear,,CAMBRIDGE STREET / ALLSTON TOLL PLAZA,,,SOLDIERS FIELD ROAD,,231403.3796,901197.2557
3785563,BOSTON,28-Feb-2014,1:23 AM,Unknown,1,0,0,Single vehicle crash,V1: Travelling straight ahead,V1:Not reported ,V1: Collision with unknown fixed object ,V1: Passenger car,Other,Dark - unknown roadway lighting,Clear,,CHARLES STREET / BEACON STREET,,,,,235472.1213,900720.2388
3748803,BOSTON,28-Feb-2014,2:00 AM,Non-fatal injury,1,1,0,Single vehicle crash,V1: Travelling straight ahead,V1:Northbound ,V1: Collision with motor vehicle in traffic ,V1: Passenger car,Dry,Dark - lighted roadway,Clear,,Rte 1 N / UNKNOWN Rte MAURIC,,,CANA TUNNEL,,236056.7704,902374.6159
3745431,BOSTON,28-Feb-2014,2:25 AM,Non-fatal injury,1,2,0,Single vehicle crash,V1: Travelling straight ahead,V1:Southbound ,V1: Collision with median barrier ,V1: Passenger car,Dry,Dark - lighted roadway,Clear,,GENERAL CASIMIR PULASKI SKYWAY Rte 93 S / COLUMBIA ROAD,,Exit 15 on Rte 93 S,,,236787.0013,896862.7653
3802431,BOSTON (ROXBURY),28-Feb-2014,6:08 AM,Non-fatal injury,3,3,0,Not reported,V1: Travelling straight ahead / V2:Slowing or stopped in traffic / V3:Travelling straight ahead,V1:Not reported / V2:Southbound / V3:Westbound ,V1: Not reported / V2: Not reported / V3: Not reported ,"V1: Unknown heavy truck, cannot classify / V2:Passenger car / V3:Passenger car",Not reported,Not reported,Not Reported,HARRISON AVENUE / DUDLEY STREET,,,,,,234390.0625,897652.5627
3752794,BOSTON,28-Feb-2014,6:45 AM,Non-fatal injury,3,3,0,Rear-end,V1: Slowing or stopped in traffic / V2:Travelling straight ahead / V3:Slowing or stopped in traffic,V1:Eastbound / V2:Eastbound / V3:Eastbound ,V1: Collision with motor vehicle in traffic / V2: Collision with motor vehicle in traffic / V3: Collision with motor vehicle in traffic ,"V1: Light truck(van, mini-van, panel, pickup, sport utility) with only four tires / V2:Passenger car / V3:Bus (seats for more than 15 people, including driver)",Dry,Daylight,Clear,,GALLIVAN BOULEVARD / MORTON STREET,,,,,234631.4265,892127.267
3748380,BOSTON,28-Feb-2014,9:10 AM,Non-fatal injury,3,1,0,Rear-end,V1: Slowing or stopped in traffic / V2:Travelling straight ahead / V3:Travelling straight ahead,V1:Northbound / V2:Northbound / V3:Northbound ,V1: Collision with motor vehicle in traffic / V2: Collision with motor vehicle in traffic / V3: Collision with motor vehicle in traffic ,"V1: Light truck(van, mini-van, panel, pickup, sport utility) with only four tires / V2:Light truck(van, mini-van, panel, pickup, sport utility) with only four tires / V3:Light truck(van, mini-van, panel, pickup, sport utility) with only four tires",Dry,Daylight,Clear,,Rte 93 N / UNKNOWN,,Exit 15 on Rte 93 N,,,236972.2496,896473.4282
3748362,BOSTON,28-Feb-2014,12:38 PM,Property damage only (none injured),2,0,0,Rear-end,V1: Slowing or stopped in traffic / V2:Travelling straight ahead,V1:Southbound / V2:Southbound ,V1: Collision with motor vehicle in traffic / V2: Collision with motor vehicle in traffic ,"V1: Light truck(van, mini-van, panel, pickup, sport utility) with only four tires / V2:Passenger car",Dry,Other,Clear,,Rte 93 S / UNKNOWN,,,,,236729.8046,901281.485
3749381,BOSTON,28-Feb-2014,2:16 PM,Property damage only (none injured),2,0,0,Rear-end,V1: Travelling straight ahead / V2:Travelling straight ahead,V1:Not reported / V2:Southbound ,V1: Collision with motor vehicle in traffic / V2: Collision with motor vehicle in traffic ,"V1: Light truck(van, mini-van, panel, pickup, sport utility) with only four tires / V2:Passenger car",Dry,Daylight,Clear/Clear,,286 RUTHERFORD AVENUE,,,,,235468.8851,902990.3359
3748363,BOSTON,28-Feb-2014,2:19 PM,Non-fatal injury,2,1,0,Angle,V1: Changing lanes / V2:Travelling straight ahead,V1:Southbound / V2:Southbound ,V1: Collision with median barrier / V2: Collision with motor vehicle in traffic ,V1: Passenger car / V2:Passenger car,Dry,Daylight,Clear,,JOHN F FITZGERALD EXPRESSWAY Rte I93 S,,,ZAKIM BRIDGE,,236023.8088,902046.0144
3749665,BOSTON,28-Feb-2014,3:13 PM,Property damage only (none injured),2,0,0,Angle,V1: Travelling straight ahead / V2:Turning left,V1:Southbound / V2:Southbound ,V1: Collision with motor vehicle in traffic / V2: Collision with motor vehicle in traffic ,V1: Passenger car / V2:Passenger car,Dry,Daylight,Clear,JAMAICAWAY / POND STREET,,,,,,231573.1563,896192.375
3748454,BOSTON,28-Feb-2014,3:43 PM,Non-fatal injury,3,1,0,Rear-end,V1: Slowing or stopped in traffic / V2:Changing lanes / V3:Travelling straight ahead,V1:Southbound / V2:Southbound / V3:Southbound ,V1: Collision with motor vehicle in traffic / V2: Collision with motor vehicle in traffic / V3: Collision with motor vehicle in traffic ,"V1: Light truck(van, mini-van, panel, pickup, sport utility) with only four tires / V2:Passenger car / V3:Passenger car",Dry,Daylight,Clear/Cloudy,,RAMP - RT 93 NB TO STORROW DRIVE Rte SR3A N / JOHN F FITZGERALD EXPRESSWAY Rte I93 N,,,,,236402.0457,901601.5057
3752796,BOSTON,28-Feb-2014,7:03 PM,Property damage only (none injured),2,0,0,Rear-end,V1: Slowing or stopped in traffic / V2:Travelling straight ahead,V1:Northbound / V2:Northbound ,V1: Collision with motor vehicle in traffic / V2: Collision with motor vehicle in traffic ,V1: Passenger car / V2:Passenger car,Dry,Dark - lighted roadway,Clear,,JOHN F FITZGERALD EXPRESSWAY Rte I93 N / RAMP - RT 93 NB TO SOUTHAMPTON ST,,Exit 15 on Rte I93 N,,,236412.756,897509.9692
3772645,BOSTON,28-Feb-2014,7:36 PM,Property damage only (none injured),2,0,0,Rear-end,V1: Travelling straight ahead / V2:Slowing or stopped in traffic,V1:Westbound / V2:Westbound ,V1: Collision with motor vehicle in traffic / V2: Collision with motor vehicle in traffic ,"V1: Light truck(van, mini-van, panel, pickup, sport utility) with only four tires / V2:Light truck(van, mini-van, panel, pickup, sport utility) with only four tires",Dry,Dark - lighted roadway,Clear,,MASSACHUSETTS TURNPIKE Rte I90 W,,Exit 19 on Rte 90 WB,PRIOR  TO  THE  TOLL  AREA,,231255.979,900821.6501
3792331,BOSTON,01-Mar-2014,3:59 AM,Property damage only (none injured),2,0,0,Not reported,V1: Travelling straight ahead / V2:Not reported,V1:Not reported / V2:Not reported ,V1: Collision with impact attenuator/crash cushion / V2: Not reported ,V1: Passenger car / V2:Not reported,Not reported,Not reported,Not Reported,,253 NORFOLK STREET / STANTON STREET,,,,,234606.9688,892863.8123