Crash Number,City/Town Name,Crash Date,Crash Time,Crash Severity,Number of Vehicles,Total Nonfatal Injuries,Total Fatal Injuries,Manner of Collision,Vehicle Action Prior to Crash,Vehicle Travel Directions,Most Harmful Events,Vehicle Configuration,Road Surface Condition,Ambient Light,Weather Condition,At Roadway Intersection,Distance from Nearest Roadway Intersection,Distance from Nearest Milemarker,Distance from Nearest Exit,Distance from Nearest Landmark,Non Motorist Type,X Coordinate,Y Coordinate
3748657,BOSTON,01-Mar-2014,5:48 AM,Property damage only (none injured),1,0,0,Single vehicle crash,V1: Not reported,V1:Southbound ,V1: Collision with guardrail ,V1: Passenger car,Dry,Dawn,Clear,,RAMP - RUTHERFORD AVENUE TO RT 1 SB,,,RAMP FROM RUTHERFORD TO 93 S/B-S,,235791.048,902271.7147
3772795,BOSTON,01-Mar-2014,8:35 AM,Property damage only (none injured),3,0,0,Rear-end,V1: Slowing or stopped in traffic / V2:Slowing or stopped in traffic / V3:Travelling straight ahead,V1:Northbound / V2:Northbound / V3:Northbound ,V1: Collision with motor vehicle in traffic / V2: Collision with motor vehicle in traffic / V3: Collision with motor vehicle in traffic ,"V1: Light truck(van, mini-van, panel, pickup, sport utility) with only four tires / V2:Passenger car / V3:Passenger car",Dry,Daylight,Clear,,JOHN F FITZGERALD EXPRESSWAY Rte I93 N / RAMP - RT 3A NB TO RT 93 NB Rte SR3A N,,,,,237627.9789,893503.8259
3792164,BOSTON (DORCHESTER),01-Mar-2014,11:10 AM,Property damage only (none injured),2,0,0,"Sideswipe, same direction",V1: Travelling straight ahead / V2:Travelling straight ahead,V1:Not reported / V2:Not reported ,V1: Collision with motor vehicle in traffic / V2: Collision with motor vehicle in traffic ,V1: Passenger car / V2:Passenger car,Dry,Daylight,Clear,,7 SAXTON STREET / SAVIN HILL AVENUE,,,,,236687.7189,895856.375
3772796,BOSTON,01-Mar-2014,12:20 PM,Property damage only (none injured),2,0,0,Rear-end,V1: Slowing or stopped in traffic / V2:Slowing or stopped in traffic,V1:Northbound / V2:Northbound ,V1: Collision with motor vehicle in traffic / V2: Collision with motor vehicle in traffic ,V1: Passenger car / V2:Passenger car,Dry,Daylight,Clear,,Rte 93 N / UNKNOWN,,Exit 11 on Rte 93 N,,,237094.7253,891674.8051
3793225,BOSTON (BRIGHTON),01-Mar-2014,1:31 PM,Not Reported,2,0,0,Single vehicle crash,V1: Turning left / V2:Travelling straight ahead,V1:Not reported / V2:Not reported ,V1: Not reported / V2: Not reported ,"V1: Passenger car / V2:Light truck(van, mini-van, panel, pickup, sport utility) with only four tires",Dry,Daylight,Clear,WASHINGTON STREET / OAK SQUARE AVENUE,,,,,,227661.8905,899961.375
3792214,BOSTON (DORCHESTER),01-Mar-2014,3:22 PM,Property damage only (none injured),2,0,0,Head-on,V1: Slowing or stopped in traffic / V2:Travelling straight ahead,V1:Northbound / V2:Southbound ,V1: Collision with motor vehicle in traffic / V2: Collision with motor vehicle in traffic ,"V1: Unknown heavy truck, cannot classify / V2:Passenger car",Dry,Daylight,Cloudy/Cloudy,,FREEPORT STREET / DORCHESTER AVENUE,,,,,236407.2347,895327.0622
3748804,BOSTON,01-Mar-2014,3:31 PM,Property damage only (none injured),2,0,0,Angle,V1: Travelling straight ahead / V2:Turning right,V1:Eastbound / V2:Eastbound ,V1: Collision with motor vehicle in traffic / V2: Collision with motor vehicle in traffic ,V1: Passenger car / V2:Passenger car,Dry,Daylight,Cloudy,RAMP-CONGRESS ST TO RTS 93/1A SB / CONGRESS STREET,,,,,,237603.6449,899966.4448
3748656,BOSTON,01-Mar-2014,6:30 PM,Property damage only (none injured),2,0,0,Head-on,V1: Travelling straight ahead / V2:Travelling straight ahead,V1:Westbound / V2:Eastbound ,V1: Collision with motor vehicle in traffic / V2: Collision with motor vehicle in traffic ,"V1: Passenger car / V2:Light truck(van, mini-van, panel, pickup, sport utility) with only four tires",Dry,Dark - lighted roadway,Cloudy,,NEPONSET VALLEY PARKWAY / RIVER STREET,,,,,230016.8463,888352.0791
3775730,BOSTON,01-Mar-2014,6:31 PM,Property damage only (none injured),2,0,0,Angle,V1: Turning left / V2:Travelling straight ahead,V1:Eastbound / V2:Northbound ,V1: Collision with motor vehicle in traffic / V2: Collision with motor vehicle in traffic ,V1: Passenger car / V2:Passenger car,Dry,Dark - lighted roadway,Not Reported,,HAUL ROAD / SOUTHBOUND FRONTAGE ROAD,,,HEGARTY BRIDGE,,235914.74,898240.0349
3772646,BOSTON,02-Mar-2014,00:00 AM,Property damage only (none injured),1,0,0,Single vehicle crash,V1: Travelling straight ahead,V1:Westbound ,V1: Collision with median barrier ,V1: Passenger car,Dry,Dark - lighted roadway,Clear,,EAST BOSTON EXPRESSWAY Rte 1A W / SUMNER TUNNEL,,,SUMNER TUNNEL RAMP ST-S,,238041.3696,902662.0925
3775731,BOSTON,02-Mar-2014,00:00 AM,Non-fatal injury,2,1,0,Rear-end,V1: Travelling straight ahead / V2:Slowing or stopped in traffic,V1:Southbound / V2:Southbound ,V1: Collision with motor vehicle in traffic / V2: Collision with motor vehicle in traffic ,"V1: Light truck(van, mini-van, panel, pickup, sport utility) with only four tires / V2:Passenger car",Dry,Dark - lighted roadway,Other,,Rte 93 S,,Exit 20 on Rte 93 S,,,236954.209,900826.9442
3792217,BOSTON (DORCHESTER),02-Mar-2014,1:23 AM,Non-fatal injury,2,1,0,Single vehicle crash,V1: Turning left / V2:Travelling straight ahead,V1:Not reported / V2:Not reported ,V1: Collision with motor vehicle in traffic / V2: Collision with motor vehicle in traffic ,V1: Passenger car / V2:Passenger car,Dry,Dark - lighted roadway,Clear/Clear,QUINCY STREET / CLARKSON STREET,,,,,,235756.7344,895499.7501
3801652,BOSTON,02-Mar-2014,2:27 AM,Non-fatal injury,2,2,0,Rear-end,V1: Changing lanes / V2:Not reported,V1:Westbound / V2:Not reported ,V1: Collision with other movable object / V2: Not reported ,V1: Passenger car / V2:Not reported,Dry,Dark - lighted roadway,Not Reported,,NONANTUM ROAD / BROOKS STREET,,,,,227893.8746,900926.2354
3776252,BOSTON,02-Mar-2014,3:50 AM,Property damage only (none injured),1,0,0,Single vehicle crash,V1: Entering traffic lane,V1:Northbound ,V1: Collision with curb ,V1: Passenger car,Dry,Dark - lighted roadway,Clear,,KOSCIUSZKO CIRCLE / WILLIAM T MORRISSEY BOULEVARD,,,,,237017.0782,896879.6065
3774427,BOSTON,02-Mar-2014,9:14 AM,Property damage only (none injured),2,0,0,Not reported,V1: Travelling straight ahead / V2:Travelling straight ahead,V1:Southbound / V2:Southbound ,V1: Collision with motor vehicle in traffic / V2: Collision with motor vehicle in traffic ,"V1: Light truck(van, mini-van, panel, pickup, sport utility) with only four tires / V2:Passenger car",Dry,Daylight,Clear,HAUL ROAD / FRONTAGE ROAD,,,,@ BYPASS RD,,235950.9524,898250.4215
3776253,BOSTON,02-Mar-2014,7:00 PM,Property damage only (none injured),2,0,0,Rear-end,V1: Slowing or stopped in traffic / V2:Travelling straight ahead,V1:Northbound / V2:Northbound ,V1: Collision with motor vehicle in traffic / V2: Collision with motor vehicle in traffic ,V1: Passenger car / V2:Passenger car,Dry,Dark - lighted roadway,Clear,,Rte 93 N,,Exit 15 on Rte 93 N,,,236972.2496,896473.4282
3776270,BOSTON,02-Mar-2014,9:27 PM,Property damage only (none injured),2,0,0,"Sideswipe, same direction",V1: Not reported / V2:Not reported,V1:Not reported / V2:Not reported ,V1: Not reported / V2: Not reported ,V1: Passenger car / V2:Not reported,Dry,Dark - lighted roadway,Clear,,Rte 93 S,,Exit 12 on Rte 93 S,,,237620.5493,892713.0989
3772800,BOSTON,02-Mar-2014,9:27 PM,Property damage only (none injured),1,0,0,"Sideswipe, same direction",V1: Travelling straight ahead,V1:Southbound ,V1: Collision with motor vehicle in traffic ,V1: Passenger car,Dry,Dark - lighted roadway,Clear,,Rte 93 S / UNKNOWN,,Exit 12 on Rte 93 S,,,237620.5493,892713.0989
3772801,BOSTON,03-Mar-2014,9:40 AM,Property damage only (none injured),2,0,0,"Sideswipe, same direction",V1: Travelling straight ahead / V2:Not reported,V1:Northbound / V2:Not reported ,V1: Collision with motor vehicle in traffic / V2: Not reported ,V1: Passenger car / V2:Not reported,Wet,Daylight,Cloudy,,RAMP - RT 3A NB TO RT 93 NB Rte SR3A N / GENERAL CASIMIR PULASKI SKYWAY Rte US1 N,,,ONRAMP FROM NEPONSET CIRCLE,,237634.8368,893471.4211
3792226,BOSTON,03-Mar-2014,11:51 AM,Non-fatal injury,2,2,0,Angle,V1: Travelling straight ahead / V2:Travelling straight ahead,V1:Northbound / V2:Westbound ,V1: Collision with motor vehicle in traffic / V2: Collision with motor vehicle in traffic ,V1: Passenger car / V2:Passenger car,Dry,Daylight,Cloudy,HARVARD STREET / COURTLAND ROAD,,,,,,233311.4219,892919.6249
3789685,BOSTON (DORCHESTER),03-Mar-2014,12:01 PM,Non-fatal injury,2,2,0,Angle,V1: Travelling straight ahead / V2:Turning left,V1:Westbound / V2:Eastbound ,V1: Collision with motor vehicle in traffic / V2: Collision with motor vehicle in traffic ,"V1: Passenger car / V2:Light truck(van, mini-van, panel, pickup, sport utility) with only four tires",Dry,Daylight,Clear/Cloudy,DORCHESTER AVENUE / BELLFLOWER STREET,,,,,,236527.6472,897162.3283
3772802,BOSTON,03-Mar-2014,12:38 PM,Non-fatal injury,1,1,0,Single vehicle crash,V1: Travelling straight ahead,V1:Southbound ,V1: Collision with pedestrian ,V1: Passenger car,Dry,Daylight,Clear,,900 WILLIAM T MORRISSEY BOULEVARD / CONLEY STREET,,,NEAR THE COMFORT INN,P2:Pedestrian,237303.7327,893638.7022
3752797,BOSTON,03-Mar-2014,1:30 PM,Property damage only (none injured),2,0,0,"Sideswipe, same direction",V1: Travelling straight ahead / V2:Changing lanes,V1:Northbound / V2:Northbound ,V1: Collision with motor vehicle in traffic / V2: Collision with motor vehicle in traffic ,"V1: Passenger car / V2:Single-unit truck (2-axle, 6-tire)",Dry,Daylight,Clear,,Rte 93 N / SOUTHAMPTON STREET,,Exit 16 on Rte 93,,,236177.2184,897849.5222
3772647,BOSTON,03-Mar-2014,2:20 PM,Non-fatal injury,3,1,0,Rear-end,V1: Travelling straight ahead / V2:Slowing or stopped in traffic / V3:Slowing or stopped in traffic,V1:Southbound / V2:Southbound / V3:Southbound ,V1: Collision with motor vehicle in traffic / V2: Collision with motor vehicle in traffic / V3: Collision with motor vehicle in traffic ,V1: Passenger car / V2:Passenger car / V3:Passenger car,Dry,Daylight,Clear,,TEMPORARY RAMP Rte 1 S / MAURICE TOBIN BRIDGE,,,,,235853.0976,902245.2623
3772684,BOSTON,03-Mar-2014,4:15 PM,Property damage only (none injured),1,0,0,Single vehicle crash,V1: Travelling straight ahead,V1:Northbound ,V1: Collision with utility pole ,"V1: Light truck(van, mini-van, panel, pickup, sport utility) with only four tires",Dry,Daylight,Clear,,WEST ROXBURY PARKWAY Rte UNKNOW / 707,,,,,229248.1163,892360.201
3772803,BOSTON,03-Mar-2014,4:26 PM,Property damage only (none injured),1,0,0,"Sideswipe, same direction",V1: Turning left,V1:Westbound ,V1: Collision with motor vehicle in traffic ,V1: Passenger car,Dry,Daylight,Clear,Rte 203 / NEVADA STREET,,,,,,235285.4999,892048.0627
3775732,BOSTON,03-Mar-2014,6:00 PM,Property damage only (none injured),2,0,0,Angle,V1: Turning left / V2:Turning left,V1:Westbound / V2:Westbound ,V1: Collision with motor vehicle in traffic / V2: Collision with motor vehicle in traffic ,"V1: Light truck(van, mini-van, panel, pickup, sport utility) with only four tires / V2:Passenger car",Dry,Dark - lighted roadway,Clear,MASSACHUSETTS AVENUE CONNECTOR / FRONTAGE ROAD,,,,MASS AVE CONNECTOR,,235865.0173,898419.1854
3772804,BOSTON,03-Mar-2014,8:45 PM,Non-fatal injury,3,2,0,Angle,V1: Travelling straight ahead / V2:Travelling straight ahead / V3:Travelling straight ahead,V1:Southbound / V2:Southbound / V3:Southbound ,V1: Collision with motor vehicle in traffic / V2: Collision with motor vehicle in traffic / V3: Collision with motor vehicle in traffic ,"V1: Passenger car / V2:Passenger car / V3:Light truck(van, mini-van, panel, pickup, sport utility) with only four tires",Dry,Dark - lighted roadway,Cloudy,,Rte 93 S / UNKNOWN,,Exit 12 on Rte 93 S,,,237620.5493,892713.0989
3776277,BOSTON,03-Mar-2014,11:10 PM,Property damage only (none injured),1,0,0,Single vehicle crash,V1: Turning right,V1:Westbound ,V1: Collision with light pole or other post/support ,V1: Truck/trailer,Dry,Dark - lighted roadway,Clear,,WEST ROXBURY PARKWAY / WASHINGTON STREET,,,,,229642.4842,891711.8123
3792142,BOSTON (DORCHESTER),04-Mar-2014,1:33 AM,Non-fatal injury,1,2,0,Single vehicle crash,V1: Travelling straight ahead,V1:Westbound ,V1: Collision with curb ,V1: Passenger car,Dry,Dark - lighted roadway,Clear/Clear,,255 FREEPORT STREET / PARK STREET,,,,,236892.6875,894813.9997
3772648,BOSTON,04-Mar-2014,6:50 AM,Non-fatal injury,1,1,0,Head-on,V1: Changing lanes,V1:Southbound ,V1: Other ,V1: Passenger car,Dry,Daylight,Clear,,RAMP - STORROW DRIVE TO LEVERETT CONNECT / RAMP - LEVERETT CIRCLE TO LEVERETT CONNE,,,ROUTE 93/STORROW SPLIT,,235685.6452,901860.9301
3789700,BOSTON (BRIGHTON),04-Mar-2014,7:20 PM,Property damage only (none injured),2,0,0,"Sideswipe, same direction",V1: Turning right / V2:Slowing or stopped in traffic,V1:Eastbound / V2:Eastbound ,V1: Collision with motor vehicle in traffic / V2: Collision with motor vehicle in traffic ,"V1: Single-unit truck (2-axle, 6-tire) / V2:Passenger car",Dry,Dark - lighted roadway,Clear,CAMBRIDGE STREET / WARREN STREET,,,,,,229132.3033,900055.5814
3776254,BOSTON,05-Mar-2014,6:21 AM,Non-fatal injury,2,1,0,Rear-end,V1: Turning right / V2:Slowing or stopped in traffic,V1:Northbound / V2:Northbound ,V1: Collision with motor vehicle in traffic / V2: Collision with motor vehicle in traffic ,V1: Tractor/semi-trailer / V2:Passenger car,Dry,Dawn,Cloudy,CONLEY STREET / WILLIAM T MORRISSEY BOULEVARD,,,,COMFORT INN,,237314.5625,893607.5
3782111,BOSTON,05-Mar-2014,6:45 AM,Property damage only (none injured),2,0,0,Rear-end,V1: Slowing or stopped in traffic / V2:Travelling straight ahead,V1:Southbound / V2:Southbound ,V1: Collision with motor vehicle in traffic / V2: Collision with motor vehicle in traffic ,"V1: Passenger car / V2:Light truck(van, mini-van, panel, pickup, sport utility) with only four tires",Dry,Daylight,Cloudy,,LEVERETT CONNECTOR SOUTH / RAMP - RT 1 SB TO LEVERETT CONNECTOR,,,SAND & GRAVEL PIT,,235717.6519,902320.1034
3784005,BOSTON,05-Mar-2014,7:00 AM,Property damage only (none injured),2,0,0,Rear-end,V1: Slowing or stopped in traffic / V2:Travelling straight ahead,V1:Eastbound / V2:Eastbound ,V1: Collision with motor vehicle in traffic / V2: Collision with motor vehicle in traffic ,V1: Passenger car / V2:Passenger car,Dry,Daylight,Cloudy,,SOLDIERS FIELD ROAD / RAMP - SOLDIERS FIELD RD EB TO WESTERN A,,, WESTERN AVENUE UNDERPASS,,231463.2297,901589.6163
3782652,BOSTON,05-Mar-2014,10:00 AM,Property damage only (none injured),2,0,0,Rear-end,V1: Slowing or stopped in traffic / V2:Changing lanes,V1:Northbound / V2:Northbound ,V1: Collision with motor vehicle in traffic / V2: Collision with motor vehicle in traffic ,V1: Passenger car / V2:Passenger car,Dry,Daylight,Cloudy,,LEVERETT CONNECTOR SOUTH / RAMP-RT 93 TO RTS 3 NB/28 SB (STORROW DR Rte 3 N,,,STATION TUNNEL,,235770.417,901864.321
3792224,BOSTON (DORCHESTER),05-Mar-2014,12:01 PM,Property damage only (none injured),1,0,0,Single vehicle crash,V1: Not reported,V1:Not reported ,V1: Not reported ,V1: MOPED,Dry,Daylight,Cloudy,,303 GENEVA AVENUE / BOWDOIN STREET,,,STAR 50 CONVIENCE,P3:Pedestrian,235337.1719,894858.1875
3786475,BOSTON,05-Mar-2014,1:46 PM,Property damage only (none injured),2,0,0,"Sideswipe, same direction",V1: Turning left / V2:Travelling straight ahead,V1:Northbound / V2:Northbound ,V1: Collision with motor vehicle in traffic / V2: Collision with motor vehicle in traffic ,"V1: Passenger car / V2:Light truck(van, mini-van, panel, pickup, sport utility) with only four tires",Dry,Daylight,Clear,,FRONTAGE ROAD / SOUTHAMPTON STREET,,,MASS AVE CONNECTOR,,236246.0308,897831.0996
3772649,BOSTON,05-Mar-2014,2:32 PM,Non-fatal injury,2,1,0,Rear-end,V1: Slowing or stopped in traffic / V2:Changing lanes,V1:Southbound / V2:Southbound ,V1: Collision with motor vehicle in traffic / V2: Collision with motor vehicle in traffic ,"V1: Light truck(van, mini-van, panel, pickup, sport utility) with only four tires / V2:Light truck(van, mini-van, panel, pickup, sport utility) with only four tires",Dry,Daylight,Clear,,Rte 93 S / UNKNOWN,,Exit 18 on Rte 93 S,,,236013.2783,899092.9981
3776256,BOSTON,05-Mar-2014,3:00 PM,Property damage only (none injured),2,0,0,Rear-end,V1: Travelling straight ahead / V2:Slowing or stopped in traffic,V1:Northbound / V2:Northbound ,V1: Collision with motor vehicle in traffic / V2: Collision with motor vehicle in traffic ,V1: Passenger car / V2:Passenger car,Wet,Daylight,Snow,,Rte 93 N,,Exit 11 on Rte 93,,,237094.7253,891674.8051
3772650,BOSTON,05-Mar-2014,6:07 PM,Non-fatal injury,2,1,0,Rear-end,V1: Slowing or stopped in traffic / V2:Travelling straight ahead,V1:Northbound / V2:Northbound ,V1: Collision with motor vehicle in traffic / V2: Collision with motor vehicle in traffic ,V1: Passenger car / V2:Passenger car,Dry,Dark - lighted roadway,Clear,,JOHN F FITZGERALD EXPRESSWAY Rte I93 N / SILVER LINE WAY,,,PRIOR TO O'NEILL TUNNEL,,236450.6586,899858.7296
3797821,BOSTON,05-Mar-2014,6:20 PM,Property damage only (none injured),2,0,0,Rear-end,V1: Slowing or stopped in traffic / V2:Travelling straight ahead,V1:Northbound / V2:Northbound ,V1: Collision with motor vehicle in traffic / V2: Collision with motor vehicle in traffic ,V1: Passenger car / V2:Passenger car,Not reported,Dark - lighted roadway,Not Reported,,MASSACHUSETTS AVENUE Rte 2A N,,,ON MASS AVE BRIDGE,,233758.25,900295.5231
3790207,BOSTON,05-Mar-2014,6:23 PM,Property damage only (none injured),2,0,0,Rear-end,V1: Slowing or stopped in traffic / V2:Travelling straight ahead,V1:Westbound / V2:Westbound ,V1: Collision with motor vehicle in traffic / V2: Collision with motor vehicle in traffic ,"V1: Light truck(van, mini-van, panel, pickup, sport utility) with only four tires / V2:Light truck(van, mini-van, panel, pickup, sport utility) with only four tires",Dry,Dark - lighted roadway,Cloudy,,STORROW DRIVE Rte SR28 S / RAMP - RT 3 TO RT 28 SB,,,@ LONGFELLOW BRIDGE,,235197.3587,901310.4249
3790208,BOSTON,05-Mar-2014,6:38 PM,Property damage only (none injured),2,0,0,Rear-end,V1: Slowing or stopped in traffic / V2:Travelling straight ahead,V1:Northbound / V2:Northbound ,V1: Collision with motor vehicle in traffic / V2: Collision with motor vehicle in traffic ,"V1: Light truck(van, mini-van, panel, pickup, sport utility) with only four tires / V2:Passenger car",Dry,Dark - lighted roadway,Cloudy,,BOYLSTON STREET Rte UNKNOW / CHARLESGATE OVERPASS,,,,,233594.0367,899755.7829
3772806,BOSTON,05-Mar-2014,9:20 PM,Property damage only (none injured),2,0,0,Angle,V1: Turning left / V2:Travelling straight ahead,V1:Southbound / V2:Eastbound ,V1: Collision with motor vehicle in traffic / V2: Collision with motor vehicle in traffic ,V1: Passenger car / V2:Passenger car,Dry,Dark - lighted roadway,Clear,,GALLIVAN BOULEVARD Rte UNKNOW / WASHINGTON STREET,,,,,235509.2971,892128.6873
3794574,BOSTON (CHARLESTOWN),05-Mar-2014,10:04 PM,Non-fatal injury,1,1,0,Single vehicle crash,V1: Not reported,V1:Not reported ,V1: Not reported ,"V1: Light truck(van, mini-van, panel, pickup, sport utility) with only four tires",Dry,Dark - lighted roadway,Clear,DORRANCE STREET / MAIN STREET,,,,,P2:Pedestrian,234903.0103,903996.362
3787841,BOSTON,06-Mar-2014,3:09 AM,Not Reported,2,0,0,Not reported,V1: Travelling straight ahead / V2:Parked,V1:Not reported / V2:Not reported ,V1: Collision with impact attenuator/crash cushion / V2: Collision with impact attenuator/crash cushion ,V1: Passenger car / V2:Passenger car,Not reported,Not reported,Not Reported,,11 WHITFIELD STREET,,,,,235200.224,893367.3397
3791845,BOSTON (DORCHESTER),06-Mar-2014,7:52 AM,Property damage only (none injured),2,0,0,"Sideswipe, opposite direction",V1: Travelling straight ahead / V2:Travelling straight ahead,V1:Not reported / V2:Not reported ,V1: Collision with motor vehicle in traffic / V2: Collision with motor vehicle in traffic ,"V1: Passenger car / V2:Bus (seats for more than 15 people, including driver)",Ice,Daylight,Clear,,82 WALDECK STREET,,,,,235805.7194,894343.5794
3772827,BOSTON,06-Mar-2014,8:26 AM,Property damage only (none injured),2,0,0,Rear-end,V1: Travelling straight ahead / V2:Slowing or stopped in traffic,V1:Eastbound / V2:Eastbound ,V1: Collision with motor vehicle in traffic / V2: Collision with motor vehicle in traffic ,"V1: Passenger car / V2:Light truck(van, mini-van, panel, pickup, sport utility) with only four tires",Dry,Daylight,Clear,,170 MORTON STREET,,,SHATTUCK HOSPITAL,,232374.0716,894489.5638
3822429,BOSTON,06-Mar-2014,8:47 AM,Property damage only (none injured),2,0,0,Rear-end,V1: Travelling straight ahead / V2:Travelling straight ahead,V1:Eastbound / V2:Not reported ,V1: Collision with motor vehicle in traffic / V2: Collision with motor vehicle in traffic ,"V1: Light truck(van, mini-van, panel, pickup, sport utility) with only four tires / V2:Passenger car",Dry,Daylight,Clear,,JAMAICAWAY Rte UNKNOW / BYNNER STREET,,,,,231761.9221,897172.3749
3772807,BOSTON,06-Mar-2014,9:33 AM,Non-fatal injury,4,3,0,Rear-end,V1: Travelling straight ahead / V2:Travelling straight ahead / V3:Slowing or stopped in traffic / V4:Travelling straight ahead,V1:Southbound / V2:Southbound / V3:Southbound / V4:Southbound ,V1: Collision with motor vehicle in traffic / V2: Collision with motor vehicle in traffic / V3: Collision with motor vehicle in traffic / V4: Collision with motor vehicle in traffic ,V1: Passenger car / V2:Passenger car / V3:Passenger car / V4:Passenger car,Dry,Daylight,Clear,,Rte 93 S / UNKNOWN,,Exit 12 on Rte 93 S,RAMADA CUTOUT,,237620.5493,892713.0989
3776257,BOSTON,06-Mar-2014,9:50 AM,Property damage only (none injured),2,0,0,"Sideswipe, same direction",V1: Entering traffic lane / V2:Travelling straight ahead,V1:Northbound / V2:Northbound ,V1: Collision with motor vehicle in traffic / V2: Collision with motor vehicle in traffic ,V1: Passenger car / V2:Truck/trailer,Dry,Daylight,Clear,,Rte 93 N,,Exit 13 on Rte 93 N,,,237420.1414,894076.5227
3772808,BOSTON,06-Mar-2014,11:45 AM,Non-fatal injury,2,1,0,"Sideswipe, same direction",V1: Travelling straight ahead / V2:Travelling straight ahead,V1:Northbound / V2:Northbound ,V1: Collision with motor vehicle in traffic / V2: Collision with motor vehicle in traffic ,"V1: Passenger car / V2:Light truck(van, mini-van, panel, pickup, sport utility) with only four tires",Dry,Daylight,Clear,,WILLIAM T MORRISSEY BOULEVARD,,,,,,
3776259,BOSTON,06-Mar-2014,12:00 PM,Property damage only (none injured),2,0,0,Rear-end,V1: Slowing or stopped in traffic / V2:Travelling straight ahead,V1:Northbound / V2:Northbound ,V1: Collision with motor vehicle in traffic / V2: Collision with motor vehicle in traffic ,V1: Passenger car / V2:Passenger car,Dry,Daylight,Clear,,GALLIVAN BOULEVARD / DORCHESTER AVENUE,,,GALLIVAN BLVD @ DORCHESTER AVE,,235804.4062,892252.5627
3772652,BOSTON,06-Mar-2014,12:14 PM,Non-fatal injury,3,2,0,Angle,V1: Travelling straight ahead / V2:Changing lanes / V3:Slowing or stopped in traffic,V1:Westbound / V2:Westbound / V3:Westbound ,V1: Collision with motor vehicle in traffic / V2: Collision with motor vehicle in traffic / V3: Collision with motor vehicle in traffic ,"V1: Passenger car / V2:Passenger car / V3:Light truck(van, mini-van, panel, pickup, sport utility) with only four tires",Dry,Daylight,Clear,,MASSACHUSETTS AVENUE CONNECTOR,,,,,235279.9209,898131.185
3775733,BOSTON,06-Mar-2014,4:50 PM,Property damage only (none injured),3,0,0,Rear-end,V1: Travelling straight ahead / V2:Travelling straight ahead / V3:Travelling straight ahead,V1:Northbound / V2:Northbound / V3:Northbound ,V1: Collision with motor vehicle in traffic / V2: Collision with motor vehicle in traffic / V3: Collision with motor vehicle in traffic ,V1: Passenger car / V2:Passenger car / V3:Passenger car,Dry,Dark - lighted roadway,Clear,,Rte 93 N,,Exit 26 on Rte 93 N,,,236402.7433,901600.0342
3795062,BOSTON,06-Mar-2014,5:16 PM,Non-fatal injury,2,1,0,"Sideswipe, same direction",V1: Turning right / V2:Parked,V1:Southbound / V2:Not reported ,V1: Collision with parked motor vehicle / V2: Collision with parked motor vehicle ,"V1: Light truck(van, mini-van, panel, pickup, sport utility) with only four tires / V2:Passenger car",Unknown,Dark - roadway not lighted,Clear/Unknown,,21 ARLINGTON AVENUE / ALFORD STREET,,,,,235151.0727,904060.7573
3968109,BOSTON,06-Mar-2014,5:43 PM,Property damage only (none injured),3,0,0,Rear-end,V1: Travelling straight ahead / V2:Slowing or stopped in traffic / V3:Slowing or stopped in traffic,V1:Northbound / V2:Northbound / V3:Northbound ,V1: Collision with motor vehicle in traffic / V2: Collision with motor vehicle in traffic / V3: Collision with motor vehicle in traffic ,"V1: Passenger car / V2:Passenger car / V3:Light truck(van, mini-van, panel, pickup, sport utility) with only four tires",Dry,Dark - lighted roadway,Cloudy,,JOHN F FITZGERALD EXPRESSWAY Rte 93 N / RAMP-RTS 93 NB/3 NB TO NORTH ST STREET,,Exit 28 on Rte 93,,,236961.0324,900598.7988
3772732,BOSTON,06-Mar-2014,5:52 PM,Property damage only (none injured),2,0,0,Rear-end,V1: Travelling straight ahead / V2:Slowing or stopped in traffic,V1:Northbound / V2:Northbound ,V1: Collision with motor vehicle in traffic / V2: Collision with motor vehicle in traffic ,"V1: Passenger car / V2:Light truck(van, mini-van, panel, pickup, sport utility) with only four tires",Dry,Daylight,Clear/Cloudy,,TEMPORARY RAMP Rte 1 N / MAURICE TOBIN BRIDGE,,,,,235848.1406,902282.2336
3772828,BOSTON,06-Mar-2014,7:56 PM,Non-fatal injury,1,2,0,Single vehicle crash,V1: Travelling straight ahead,V1:Eastbound ,V1: Collision with tree ,"V1: Light truck(van, mini-van, panel, pickup, sport utility) with only four tires",Dry,Dark - lighted roadway,Cloudy,,ENNEKING PARKWAY,,,,,,
3785478,BOSTON,06-Mar-2014,9:08 PM,Non-fatal injury,2,1,0,Angle,V1: Travelling straight ahead / V2:Turning left,V1:Eastbound / V2:Westbound ,V1: Collision with motor vehicle in traffic / V2: Collision with motor vehicle in traffic ,"V1: Light truck(van, mini-van, panel, pickup, sport utility) with only four tires / V2:Passenger car",Dry,Dark - lighted roadway,Cloudy,,MORTON STREET / NORFOLK STREET,,,,,234066.8436,892435.125
3752722,BOSTON,06-Mar-2014,10:32 PM,Property damage only (none injured),1,0,0,Single vehicle crash,V1: Other,V1:Southbound ,V1: Collision with overhead sign support ,V1: Passenger car,Dry,Dark - lighted roadway,Clear,,731 WILLIAM T MORRISSEY BOULEVARD / MORRISSEY SERVICE ROAD,,,STOP &AMP;SHOP PARKING LOT,,237252.918,894060.0859