Crash Number,City/Town Name,Crash Date,Crash Time,Crash Severity,Number of Vehicles,Total Nonfatal Injuries,Total Fatal Injuries,Manner of Collision,Vehicle Action Prior to Crash,Vehicle Travel Directions,Most Harmful Events,Vehicle Configuration,Road Surface Condition,Ambient Light,Weather Condition,At Roadway Intersection,Distance from Nearest Roadway Intersection,Distance from Nearest Milemarker,Distance from Nearest Exit,Distance from Nearest Landmark,Non Motorist Type,X Coordinate,Y Coordinate
3772743,BOSTON,14-Mar-2014,9:10 AM,Property damage only (none injured),2,0,0,Rear-end,V1: Slowing or stopped in traffic / V2:Slowing or stopped in traffic,V1:Southbound / V2:Southbound ,V1: Collision with motor vehicle in traffic / V2: Collision with motor vehicle in traffic ,"V1: Light truck(van, mini-van, panel, pickup, sport utility) with only four tires / V2:Light truck(van, mini-van, panel, pickup, sport utility) with only four tires",Dry,Daylight,Clear,,Rte 93 S / UNKNOWN,,Exit 24 on Rte 93 S,,,236397.1933,901565.6511
3775178,BOSTON,14-Mar-2014,11:35 AM,Property damage only (none injured),2,0,0,Rear-end,V1: Slowing or stopped in traffic / V2:Travelling straight ahead,V1:Northbound / V2:Northbound ,V1: Collision with motor vehicle in traffic / V2: Collision with motor vehicle in traffic ,"V1: Light truck(van, mini-van, panel, pickup, sport utility) with only four tires / V2:Passenger car",Dry,Daylight,Clear,,Rte 93 N / UNKNOWN,,Exit 13 on Rte 93 N,,,237420.1414,894076.5227
3772744,BOSTON,14-Mar-2014,4:50 PM,Non-fatal injury,3,1,0,Rear-end,V1: Travelling straight ahead / V2:Slowing or stopped in traffic / V3:Slowing or stopped in traffic,V1:Southbound / V2:Southbound / V3:Southbound ,V1: Collision with motor vehicle in traffic / V2: Collision with motor vehicle in traffic / V3: Collision with motor vehicle in traffic ,V1: Passenger car / V2:Passenger car / V3:Passenger car,Dry,Daylight,Clear/Cloudy,,Rte 93 S / UNKNOWN,,Exit 23 on Rte 93 S,SOUTH OF EXIT 23,,236856.2793,901152.8251
3789618,BOSTON (DORCHESTER),14-Mar-2014,6:20 PM,Non-fatal injury,2,1,0,Angle,V1: Travelling straight ahead / V2:Travelling straight ahead,V1:Not reported / V2:Not reported ,V1: Collision with motor vehicle in traffic / V2: Collision with motor vehicle in traffic ,V1: Passenger car / V2:Passenger car,Dry,Dawn,Clear/Clear,DORCHESTER AVENUE / LINDEN STREET,,,,,,236377.453,895152.5624
3781159,BOSTON,14-Mar-2014,7:33 PM,Non-fatal injury,3,1,0,Rear-end,V1: Slowing or stopped in traffic / V2:Slowing or stopped in traffic / V3:Travelling straight ahead,V1:Eastbound / V2:Eastbound / V3:Eastbound ,V1: Collision with motor vehicle in traffic / V2: Collision with motor vehicle in traffic / V3: Collision with motor vehicle in traffic ,"V1: Light truck(van, mini-van, panel, pickup, sport utility) with only four tires / V2:Passenger car / V3:Passenger car",Dry,Dark - roadway not lighted,Clear,,Rte 90 E / UNKNOWN,,,,,229761.5309,900823.963
3772745,BOSTON,14-Mar-2014,8:05 PM,Property damage only (none injured),3,0,0,Rear-end,V1: Slowing or stopped in traffic / V2:Slowing or stopped in traffic / V3:Travelling straight ahead,V1:Northbound / V2:Northbound / V3:Northbound ,V1: Collision with motor vehicle in traffic / V2: Collision with motor vehicle in traffic / V3: Collision with motor vehicle in traffic ,V1: Passenger car / V2:Passenger car / V3:Passenger car,Dry,Dark - lighted roadway,Clear,,JOHN F FITZGERALD EXPRESSWAY Rte US1 N / SILVER LINE WAY,,,INSIDE PORTAL TO O'NIEL TUNNEL,,236459.0618,899878.9505
3775233,BOSTON,14-Mar-2014,9:43 PM,Non-fatal injury,2,3,0,Angle,V1: Turning left / V2:Travelling straight ahead,V1:Eastbound / V2:Westbound ,V1: Collision with motor vehicle in traffic / V2: Collision with motor vehicle in traffic ,"V1: Light truck(van, mini-van, panel, pickup, sport utility) with only four tires / V2:Passenger car",Dry,Dark - lighted roadway,Clear,,GALLIVAN BOULEVARD Rte UNKNOW / DORCHESTER AVENUE,,,,,235804.4062,892252.5627
3774428,BOSTON,14-Mar-2014,10:50 PM,Property damage only (none injured),2,0,0,Angle,V1: Changing lanes / V2:Travelling straight ahead,V1:Westbound / V2:Westbound ,V1: Collision with motor vehicle in traffic / V2: Collision with motor vehicle in traffic ,"V1: Light truck(van, mini-van, panel, pickup, sport utility) with only four tires / V2:Light truck(van, mini-van, panel, pickup, sport utility) with only four tires",Dry,Dark - lighted roadway,Clear,,Rte 90 W / UNKNOWN,,,,,233045.4818,899787.7
3772687,BOSTON,15-Mar-2014,00:00 AM,Property damage only (none injured),1,0,0,Single vehicle crash,V1: Travelling straight ahead,V1:Southbound ,V1: Collision with tree ,V1: Passenger car,Dry,Dark - lighted roadway,Clear,,MORTON STREET,,,,,,
3772688,BOSTON,15-Mar-2014,00:00 AM,Property damage only (none injured),2,0,0,"Sideswipe, same direction",V1: Travelling straight ahead / V2:Parked,V1:Northbound / V2:Northbound ,V1: Collision with parked motor vehicle / V2: Collision with motor vehicle in traffic ,"V1: Passenger car / V2:Light truck(van, mini-van, panel, pickup, sport utility) with only four tires",Dry,Dark - lighted roadway,Clear,,202 ARBORWAY,,,"204, INNER",,231395.2119,895187.4172
3775173,BOSTON,15-Mar-2014,2:46 AM,Property damage only (none injured),1,0,0,Single vehicle crash,V1: Travelling straight ahead,V1:Northbound ,V1: Collision with median barrier ,"V1: Light truck(van, mini-van, panel, pickup, sport utility) with only four tires",Dry,Dark - lighted roadway,Clear,,LEVERETT CONNECTOR NORTH / INTERSTATE 93 Rte I93 N,,,LEVERETT CONNECTOR NORTH,,234804.1988,903361.3375
3789602,BOSTON (DORCHESTER),15-Mar-2014,12:12 PM,Non-fatal injury,2,3,0,Head-on,V1: Turning left / V2:Travelling straight ahead,V1:Westbound / V2:Southbound ,V1: Collision with motor vehicle in traffic / V2: Collision with motor vehicle in traffic ,V1: Passenger car / V2:Passenger car,Dry,Daylight,Cloudy/Cloudy,DORCHESTER AVENUE / HANCOCK STREET,,,,,,236415.7967,895386.25
3776759,BOSTON,15-Mar-2014,12:45 PM,Property damage only (none injured),3,0,0,Rear-end,V1: Slowing or stopped in traffic / V2:Slowing or stopped in traffic / V3:Travelling straight ahead,V1:Northbound / V2:Northbound / V3:Northbound ,V1: Collision with motor vehicle in traffic / V2: Collision with motor vehicle in traffic / V3: Collision with motor vehicle in traffic ,"V1: Light truck(van, mini-van, panel, pickup, sport utility) with only four tires / V2:Light truck(van, mini-van, panel, pickup, sport utility) with only four tires / V3:Passenger car",Dry,Daylight,Cloudy,,Rte 93 N,,Exit 12 on Rte 93,NEPONSET CIRCLE,,237641.3431,892708.5028
3789619,BOSTON (DORCHESTER),15-Mar-2014,1:44 PM,Non-fatal injury,2,2,0,Head-on,V1: Travelling straight ahead / V2:Travelling straight ahead,V1:Not reported / V2:Not reported ,V1: Collision with motor vehicle in traffic / V2: Collision with motor vehicle in traffic ,V1: Passenger car / V2:Passenger car,Dry,Dark - lighted roadway,Clear/Clear,WASHINGTON STREET / EPPING STREET,,,,,,235337.625,893354.4998
3776271,BOSTON,15-Mar-2014,3:37 PM,Property damage only (none injured),2,0,0,"Sideswipe, same direction",V1: Leaving traffic lane / V2:Travelling straight ahead,V1:Eastbound / V2:Eastbound ,V1: Collision with motor vehicle in traffic / V2: Collision with motor vehicle in traffic ,"V1: Passenger car / V2:Light truck(van, mini-van, panel, pickup, sport utility) with only four tires",Dry,Daylight,Clear,,757 GALLIVAN BOULEVARD,,,WALGREENS,,237603.6994,892825.0471
3783377,BOSTON,15-Mar-2014,4:00 PM,Property damage only (none injured),2,0,0,Rear-end,V1: Travelling straight ahead / V2:Travelling straight ahead,V1:Northbound / V2:Northbound ,V1: Collision with motor vehicle in traffic / V2: Collision with motor vehicle in traffic ,"V1: Light truck(van, mini-van, panel, pickup, sport utility) with only four tires / V2:Light truck(van, mini-van, panel, pickup, sport utility) with only four tires",Dry,Daylight,Clear,,264 NEPONSET VALLEY PARKWAY,,,MOBIL GAS STATION,,230735.1694,887361.8522
3772784,BOSTON,15-Mar-2014,5:35 PM,Property damage only (none injured),2,0,0,"Sideswipe, same direction",V1: Turning left / V2:Travelling straight ahead,V1:Westbound / V2:Westbound ,V1: Collision with motor vehicle in traffic / V2: Collision with motor vehicle in traffic ,V1: Passenger car / V2:Passenger car,Dry,Daylight,Clear,,NASHUA STREET Rte UNKNOW E / LEVERETT CIRCLE,,,,,235565.4707,901894.5498
3784255,BOSTON,15-Mar-2014,7:17 PM,Non-fatal injury,2,1,0,Angle,V1: Travelling straight ahead / V2:Overtaking/passing,V1:Southbound / V2:Southbound ,V1: Collision with motor vehicle in traffic / V2: Collision with motor vehicle in traffic ,"V1: Light truck(van, mini-van, panel, pickup, sport utility) with only four tires / V2:Passenger car",Dry,Dusk,Clear,,RAMP - RUTHERFORD AVENUE TO RT 1 SB / NEW RUTHERFORD AVENUE Rte SR99 S,,,,,235959.6956,902346.2061
3772790,BOSTON,15-Mar-2014,7:58 PM,Non-fatal injury,2,5,0,Angle,V1: Travelling straight ahead / V2:Travelling straight ahead,V1:Southbound / V2:Eastbound ,V1: Collision with motor vehicle in traffic / V2: Collision with motor vehicle in traffic ,V1: Passenger car / V2:Passenger car,Dry,Dark - lighted roadway,Cloudy,,,,,,,229145.8136,901210.5666
3782117,BOSTON,15-Mar-2014,11:35 PM,Non-fatal injury,1,1,0,Single vehicle crash,V1: Travelling straight ahead,V1:Northbound ,V1: Collision with median barrier ,V1: Passenger car,Dry,Dark - lighted roadway,Cloudy,,Rte 93 N / UNKNOWN,,Exit 14 on Rte 93 N,BY NORTH HOV BUILDING,,237258.9796,894483.3974
3781167,BOSTON,16-Mar-2014,1:58 AM,Non-fatal injury,2,2,0,Angle,V1: Travelling straight ahead / V2:Turning left,V1:Eastbound / V2:Southbound ,V1: Collision with motor vehicle in traffic / V2: Collision with motor vehicle in traffic ,V1: Passenger car / V2:Passenger car,Dry,Daylight,Clear,,COLUMBIA ROAD Rte UNKNOW / BUTTONWOOD STREET,,,,,236609.5872,896844.6625
3772680,BOSTON,16-Mar-2014,4:22 AM,Property damage only (none injured),2,0,0,"Sideswipe, same direction",V1: Travelling straight ahead / V2:Travelling straight ahead,V1:Southbound / V2:Southbound ,V1: Collision with motor vehicle in traffic / V2: Collision with motor vehicle in traffic ,V1: Passenger car / V2:Passenger car,Dry,Dark - lighted roadway,Clear,,Rte 93 S / UNKNOWN,,Exit 11 on Rte 93 S,,,237076.8671,891681.5326
3772752,BOSTON,16-Mar-2014,10:04 AM,Property damage only (none injured),2,0,0,Rear-end,V1: Slowing or stopped in traffic / V2:Slowing or stopped in traffic,V1:Eastbound / V2:Eastbound ,V1: Collision with motor vehicle in traffic / V2: Collision with motor vehicle in traffic ,"V1: Light truck(van, mini-van, panel, pickup, sport utility) with only four tires / V2:Passenger car",Dry,Daylight,Clear,,CONGRESS STREET / B STREET,,,,,237556.4972,899979.8424
3914131,BOSTON (DORCHESTER),16-Mar-2014,4:54 PM,Unknown,2,0,0,Unknown,V1: Unknown / V2:Parked,V1:Not reported / V2:Not reported ,V1: Collision with motor vehicle in traffic / V2: Collision with motor vehicle in traffic ,V1: Passenger car / V2:Passenger car,Dry,Daylight,Clear/Clear,,74 AMERICAN LEGION HIGHWAY,,,,,233746.3274,894156.8629
3793711,BOSTON,16-Mar-2014,5:20 PM,Property damage only (none injured),2,0,0,Rear-end,V1: Travelling straight ahead / V2:Travelling straight ahead,V1:Not reported / V2:Not reported ,V1: Not reported / V2: Collision with motor vehicle in traffic ,"V1: Light truck(van, mini-van, panel, pickup, sport utility) with only four tires / V2:Light truck(van, mini-van, panel, pickup, sport utility) with only four tires",Dry,Daylight,Clear,OLD COLONY AVENUE / COLUMBIA ROAD ROTARY,,,,,,236914.0075,897778.485
3776272,BOSTON,16-Mar-2014,11:23 PM,Property damage only (none injured),2,0,0,Angle,V1: Turning left / V2:Travelling straight ahead,V1:Not reported / V2:Westbound ,V1: Collision with motor vehicle in traffic / V2: Collision with motor vehicle in traffic ,V1: Passenger car / V2:Passenger car,Dry,Dark - lighted roadway,Cloudy,,0 feet W from Intersection COLUMBIA ROAD / DORCHESTER AVENUE,,,,,236535.6564,896787.6252
3781959,BOSTON,17-Mar-2014,1:10 AM,Property damage only (none injured),2,0,0,Rear-end,V1: Travelling straight ahead / V2:Travelling straight ahead,V1:Northbound / V2:Northbound ,V1: Collision with motor vehicle in traffic / V2: Collision with motor vehicle in traffic ,V1: Passenger car / V2:Passenger car,Dry,Dark - lighted roadway,Clear,,Rte 93 N / UNKNOWN,,Exit 28 on Rte 93 N,,,234953.5188,903173.3157
3772785,BOSTON,17-Mar-2014,4:10 AM,Property damage only (none injured),1,0,0,Single vehicle crash,V1: Travelling straight ahead,V1:Westbound ,V1: Collision with median barrier ,V1: Passenger car,Dry,Dark - lighted roadway,Not Reported,,STORROW DRIVE / BERKELEY STREET,,,COPLEY EXIT,,234797.4655,900581.2023
3789423,BOSTON,17-Mar-2014,7:14 AM,Property damage only (none injured),2,0,0,Rear-end,V1: Changing lanes / V2:Travelling straight ahead,V1:Westbound / V2:Westbound ,V1: Collision with motor vehicle in traffic / V2: Collision with motor vehicle in traffic ,V1: Tractor/semi-trailer / V2:Passenger car,Dry,Daylight,Cloudy,,MASSACHUSETTS TURNPIKE Rte I90 W,,Exit 26 on Rte I90 W,CONNECTOR TUNNEL,,238097.4785,899692.6835
3802022,BOSTON,17-Mar-2014,8:50 AM,Non-fatal injury,2,1,0,Rear-end,V1: Slowing or stopped in traffic / V2:Travelling straight ahead,V1:Westbound / V2:Westbound ,V1: Collision with motor vehicle in traffic / V2: Collision with motor vehicle in traffic ,V1: Passenger car / V2:Passenger car,Dry,Daylight,Clear,NORTH BEACON STREET Rte US20 W / SOLDIERS FIELD ROAD,,,,NORTH BEACON CIRCLE,,228076.4974,901010.8434
3772746,BOSTON,17-Mar-2014,12:50 PM,Non-fatal injury,1,1,0,Single vehicle crash,V1: Travelling straight ahead,V1:Northbound ,V1: Other ,V1: Passenger car,Dry,Daylight,Clear,,INTERSTATE 93 Rte 93 N,,Exit 26 on Rte 93 N,,,236402.7433,901600.0342
3796679,BOSTON (HYDE PARK),17-Mar-2014,2:30 PM,Non-fatal injury,2,4,0,Rear-end,V1: Slowing or stopped in traffic / V2:Travelling straight ahead,V1:Not reported / V2:Not reported ,V1: Collision with motor vehicle in traffic / V2: Collision with motor vehicle in traffic ,V1: Passenger car / V2:Passenger car,Dry,Daylight,Clear/Clear,HYDE PARK AVENUE / WILLOW STREET,931 HYDE PARK AVENUE,,,,,231274.3423,890912.1965
3772821,BOSTON,17-Mar-2014,2:51 PM,Property damage only (none injured),3,0,0,Rear-end,V1: Slowing or stopped in traffic / V2:Slowing or stopped in traffic / V3:Travelling straight ahead,V1:Northbound / V2:Northbound / V3:Northbound ,V1: Collision with motor vehicle in traffic / V2: Collision with motor vehicle in traffic / V3: Collision with motor vehicle in traffic ,"V1: Passenger car / V2:Passenger car / V3:Light truck(van, mini-van, panel, pickup, sport utility) with only four tires",Dry,Daylight,Clear,,Rte 93 S / UNKNOWN,,Exit 16 on Rte 93 S,,,236388.1605,897517.5198
3801797,BOSTON,17-Mar-2014,3:40 PM,Non-fatal injury,2,2,0,"Sideswipe, opposite direction",V1: Slowing or stopped in traffic / V2:Travelling straight ahead,V1:Not reported / V2:Not reported ,V1: Collision with motor vehicle in traffic / V2: Collision with motor vehicle in traffic ,V1: Passenger car / V2:Passenger car,Dry,Daylight,Clear,TREMONT STREET / PRENTISS STREET,,,,,,233591.5002,898131.9375
3785466,BOSTON,17-Mar-2014,6:49 PM,Property damage only (none injured),2,0,0,"Sideswipe, same direction",V1: Travelling straight ahead / V2:Turning left,V1:Northbound / V2:Northbound ,V1: Collision with motor vehicle in traffic / V2: Collision with motor vehicle in traffic ,V1: Single-unit truck (3-or-more axles) / V2:Passenger car,Dry,Dusk,Clear,FRONTAGE ROAD / WEST FOURTH STREET,,,,,,236111.8694,899236.5468
3783315,BOSTON,18-Mar-2014,6:10 AM,Property damage only (none injured),2,0,0,Angle,V1: Turning left / V2:Turning right,V1:Eastbound / V2:Eastbound ,V1: Collision with motor vehicle in traffic / V2: Collision with motor vehicle in traffic ,"V1: Light truck(van, mini-van, panel, pickup, sport utility) with only four tires / V2:Single-unit truck (2-axle, 6-tire)",Dry,Dawn,Clear,,ARBORWAY / CENTRE STREET,,,CENTRE STREET ROTARY,,231269.4377,895461.1869
3772747,BOSTON,18-Mar-2014,7:43 AM,Property damage only (none injured),2,0,0,Rear-end,V1: Travelling straight ahead / V2:Slowing or stopped in traffic,V1:Eastbound / V2:Eastbound ,V1: Collision with motor vehicle in traffic / V2: Collision with motor vehicle in traffic ,"V1: Passenger car / V2:Light truck(van, mini-van, panel, pickup, sport utility) with only four tires",Dry,Daylight,Clear,,MASSACHUSETTS TURNPIKE Rte I90 E,,Exit 22 on Rte I90 E,PRUDENTIAL TUNNEL,,234665.4013,899773.2875
3979077,BOSTON,18-Mar-2014,9:04 AM,Fatal injury,4,0,1,Not reported,V1: Travelling straight ahead / V2:Not reported / V3:Not reported / V4:Not reported,V1:Not reported / V2:Not reported / V3:Not reported / V4:Not reported ,V1: Collision with parked motor vehicle / V2: Not reported / V3: Not reported / V4: Not reported ,V1: Passenger car / V2:Passenger car / V3:Passenger car / V4:Passenger car,Not reported,Not reported,Not Reported,,71 BUSINESS STREET,,,,,230710.9814,889213.3532
3789539,BOSTON,18-Mar-2014,10:10 AM,Non-fatal injury,2,2,0,Rear-end,V1: Turning left / V2:Travelling straight ahead,V1:Not reported / V2:Eastbound ,V1: Collision with motor vehicle in traffic / V2: Collision with motor vehicle in traffic ,V1: Passenger car / V2:Passenger car,Dry,Daylight,Clear,,TRUMAN HIGHWAY / FAIRMOUNT AVENUE,,,,,231503.1562,889184.7498
3795063,BOSTON,18-Mar-2014,10:48 AM,Non-fatal injury,2,3,0,Not reported,V1: Turning left / V2:Travelling straight ahead,V1:Eastbound / V2:Westbound ,V1: Collision with motor vehicle in traffic / V2: Collision with motor vehicle in traffic ,V1: Passenger car / V2:Passenger car,Not reported,Not reported,Not Reported,,635 AMERICAN LEGION HIGHWAY,,,PLAZA,,232079.4922,892813.4284
3775159,BOSTON,18-Mar-2014,10:50 AM,Property damage only (none injured),2,0,0,Rear-end,V1: Slowing or stopped in traffic / V2:Travelling straight ahead,V1:Northbound / V2:Northbound ,V1: Collision with motor vehicle in traffic / V2: Collision with motor vehicle in traffic ,"V1: Passenger car / V2:Light truck(van, mini-van, panel, pickup, sport utility) with only four tires",Dry,Daylight,Clear,,Rte 93 N / UNKNOWN,,Exit 13 on Rte 93 N,,,237420.1414,894076.5227
3784048,BOSTON,18-Mar-2014,12:30 PM,Property damage only (none injured),2,0,0,"Sideswipe, same direction",V1: Travelling straight ahead / V2:Travelling straight ahead,V1:Westbound / V2:Westbound ,V1: Collision with motor vehicle in traffic / V2: Collision with motor vehicle in traffic ,"V1: Light truck(van, mini-van, panel, pickup, sport utility) with only four tires / V2:Passenger car",Dry,Daylight,Clear,STORROW DRIVE Rte SR28 S / CHARLES STREET,,,,CHARLES CIRCLE OFF RAMP,,235407.2811,901607.8748
3777068,BOSTON,18-Mar-2014,3:10 PM,Non-fatal injury,1,1,0,Single vehicle crash,V1: Turning left,V1:Southbound ,V1: Collision with other movable object ,"V1: Light truck(van, mini-van, panel, pickup, sport utility) with only four tires",Dry,Daylight,Clear,,COLUMBIA ROAD / Rte 93,,,UNDER 93,"P2:Other non-motorist (wheelchair, etc.)",236781.1123,896875.477
3772748,BOSTON,18-Mar-2014,3:56 PM,Property damage only (none injured),2,0,0,"Sideswipe, same direction",V1: Turning right / V2:Travelling straight ahead,V1:Southbound / V2:Southbound ,V1: Collision with motor vehicle in traffic / V2: Collision with motor vehicle in traffic ,"V1: Passenger car / V2:Light truck(van, mini-van, panel, pickup, sport utility) with only four tires",Dry,Daylight,Clear,,JOHN F FITZGERALD EXPRESSWAY Rte I93 S,,,ZAKIM BRIDGE,,235981.8075,902095.5467
3774429,BOSTON,18-Mar-2014,4:31 PM,Property damage only (none injured),2,0,0,Rear-end,V1: Slowing or stopped in traffic / V2:Travelling straight ahead,V1:Southbound / V2:Southbound ,V1: Collision with motor vehicle in traffic / V2: Collision with motor vehicle in traffic ,"V1: Light truck(van, mini-van, panel, pickup, sport utility) with only four tires / V2:Passenger car",Dry,Daylight,Clear,LEVERETT CONNECTOR SOUTH / RAMP - LEVERETT CONNECTOR TO NASHUA STRE,,,,STATION TUNNEL,,235824.4551,901854.1765
3777069,BOSTON,18-Mar-2014,7:55 PM,Property damage only (none injured),2,0,0,Rear-end,V1: Slowing or stopped in traffic / V2:Travelling straight ahead,V1:Southbound / V2:Southbound ,V1: Collision with motor vehicle in traffic / V2: Collision with motor vehicle in traffic ,"V1: Light truck(van, mini-van, panel, pickup, sport utility) with only four tires / V2:Passenger car",Dry,Dark - lighted roadway,Clear,,256 FREEPORT STREET Rte 93 S,,,IBEW,,236892.6873,894813.9999
4129391,BOSTON,19-Mar-2014,6:03 AM,Property damage only (none injured),1,0,0,Not reported,V1: Not reported,V1:Not reported ,V1: Collision with pedestrian ,V1: Passenger car,Not reported,Not reported,Not Reported,,395 MASSACHUSETTS AVENUE,,,,,234349.7636,899084.6849
3777070,BOSTON,19-Mar-2014,6:50 AM,Property damage only (none injured),2,0,0,Rear-end,V1: Travelling straight ahead / V2:Slowing or stopped in traffic,V1:Southbound / V2:Southbound ,V1: Collision with motor vehicle in traffic / V2: Collision with motor vehicle in traffic ,"V1: Light truck(van, mini-van, panel, pickup, sport utility) with only four tires / V2:Passenger car",Dry,Dawn,Clear,,Rte 93 S / UNKNOWN,,Exit 15 on Rte 93 S,,,236629.6253,897168.5001
3793567,BOSTON (BRIGHTON),19-Mar-2014,7:51 AM,Not Reported,2,0,0,Rear-end,V1: Travelling straight ahead / V2:Slowing or stopped in traffic,V1:Not reported / V2:Not reported ,V1: Collision with motor vehicle in traffic / V2: Collision with motor vehicle in traffic ,"V1: Passenger car / V2:Light truck(van, mini-van, panel, pickup, sport utility) with only four tires",Dry,Daylight,Clear/Clear,,497 WASHINGTON STREET,,,,,236128.2101,900546.4245
3775174,BOSTON,19-Mar-2014,8:08 AM,Property damage only (none injured),3,0,0,Rear-end,V1: Travelling straight ahead / V2:Travelling straight ahead / V3:Slowing or stopped in traffic,V1:Southbound / V2:Southbound / V3:Not reported ,V1: Collision with motor vehicle in traffic / V2: Collision with motor vehicle in traffic / V3: Collision with motor vehicle in traffic ,V1: Passenger car / V2:Passenger car / V3:Passenger car,Dry,Daylight,Clear,,Rte 93 S / UNKNOWN,,Exit 24 on Rte 93 S,,,236397.1933,901565.6511
3802023,BOSTON,19-Mar-2014,8:40 AM,Property damage only (none injured),2,0,0,Rear-end,V1: Travelling straight ahead / V2:Slowing or stopped in traffic,V1:Eastbound / V2:Eastbound ,V1: Collision with motor vehicle in traffic / V2: Collision with motor vehicle in traffic ,"V1: Passenger car / V2:Light truck(van, mini-van, panel, pickup, sport utility) with only four tires",Dry,Daylight,Clear,,STORROW DRIVE / CHARLESGATE WEST,,,,,232992.6865,900114.2035
3788772,BOSTON,19-Mar-2014,8:43 AM,Property damage only (none injured),2,0,0,Rear-end,V1: Travelling straight ahead / V2:Travelling straight ahead,V1:Southbound / V2:Southbound ,V1: Collision with motor vehicle in traffic / V2: Collision with motor vehicle in traffic ,V1: Passenger car / V2:Passenger car,Dry,Daylight,Clear,,JOHN F FITZGERALD EXPRESSWAY Rte I93 S / WASHINGTON STREET Rte US1 S,,,O'NEIL TUNNEL EXIT,,236267.8755,899985.4396
3782112,BOSTON,19-Mar-2014,9:35 AM,Property damage only (none injured),3,0,0,Rear-end,V1: Slowing or stopped in traffic / V2:Slowing or stopped in traffic / V3:Travelling straight ahead,V1:Eastbound / V2:Eastbound / V3:Eastbound ,V1: Collision with motor vehicle in traffic / V2: Collision with motor vehicle in traffic / V3: Collision with motor vehicle in traffic ,"V1: Light truck(van, mini-van, panel, pickup, sport utility) with only four tires / V2:Light truck(van, mini-van, panel, pickup, sport utility) with only four tires / V3:Light truck(van, mini-van, panel, pickup, sport utility) with only four tires",Dry,Other,Clear,,Rte 90 E / UNKNOWN,,,PRUNDENTAL TUNNEL,,234145.2812,899758.6639
3777071,BOSTON,19-Mar-2014,10:05 AM,Property damage only (none injured),2,0,0,Rear-end,V1: Travelling straight ahead / V2:Travelling straight ahead,V1:Northbound / V2:Northbound ,V1: Collision with motor vehicle in traffic / V2: Collision with motor vehicle in traffic ,"V1: Light truck(van, mini-van, panel, pickup, sport utility) with only four tires / V2:Light truck(van, mini-van, panel, pickup, sport utility) with only four tires",Dry,Daylight,Clear,WILLIAM T MORRISSEY BOULEVARD / RAMP - RT 93 NB TO MORRISSEY BLVD,,,,,,237259.4913,894834.6611
3778557,BOSTON,19-Mar-2014,10:07 AM,Property damage only (none injured),2,0,0,Rear-end,V1: Slowing or stopped in traffic / V2:Slowing or stopped in traffic,V1:Eastbound / V2:Eastbound ,V1: Collision with motor vehicle in traffic / V2: Collision with motor vehicle in traffic ,"V1: Light truck(van, mini-van, panel, pickup, sport utility) with only four tires / V2:Passenger car",Dry,Dark - lighted roadway,Clear,,STORROW DRIVE / RAMP - STORROW DRIVE TO BEACON STREET,,,TUNNEL,,234989.0421,900641.056
3782669,BOSTON,19-Mar-2014,10:22 AM,Non-fatal injury,3,1,0,Rear-end,V1: Travelling straight ahead / V2:Slowing or stopped in traffic / V3:Slowing or stopped in traffic,V1:Northbound / V2:Northbound / V3:Northbound ,V1: Collision with motor vehicle in traffic / V2: Collision with motor vehicle in traffic / V3: Collision with motor vehicle in traffic ,"V1: Light truck(van, mini-van, panel, pickup, sport utility) with only four tires / V2:Passenger car / V3:Light truck(van, mini-van, panel, pickup, sport utility) with only four tires",Dry,Daylight,Not Reported,,VETERANS OF FOREIGN WARS PARKWAY Rte UNKNOW / WEST ROXBURY VFW PARKWAY ROTARY,,,,,229244.3438,894033.7502
3775175,BOSTON,19-Mar-2014,10:34 AM,Property damage only (none injured),3,0,0,Rear-end,V1: Slowing or stopped in traffic / V2:Slowing or stopped in traffic / V3:Slowing or stopped in traffic,V1:Southbound / V2:Southbound / V3:Southbound ,V1: Collision with motor vehicle in traffic / V2: Collision with motor vehicle in traffic / V3: Collision with motor vehicle in traffic ,"V1: Light truck(van, mini-van, panel, pickup, sport utility) with only four tires / V2:Light truck(van, mini-van, panel, pickup, sport utility) with only four tires / V3:Light truck(van, mini-van, panel, pickup, sport utility) with only four tires",Dry,Daylight,Clear,,Rte 93 S / UNKNOWN,,,,,236518.1438,900338.2428
3790766,BOSTON,19-Mar-2014,11:45 AM,Non-fatal injury,2,2,0,Angle,V1: Changing lanes / V2:Travelling straight ahead,V1:Westbound / V2:Westbound ,V1: Collision with motor vehicle in traffic / V2: Collision with motor vehicle in traffic ,"V1: Light truck(van, mini-van, panel, pickup, sport utility) with only four tires / V2:Passenger car",Dry,Daylight,Clear,,ARBORWAY Rte UNKNOW W / 14 KELLEY CIRCLE,,,,,231127.3231,895910.3818