Crash Number,City/Town Name,Crash Date,Crash Time,Crash Severity,Number of Vehicles,Total Nonfatal Injuries,Total Fatal Injuries,Manner of Collision,Vehicle Action Prior to Crash,Vehicle Travel Directions,Most Harmful Events,Vehicle Configuration,Road Surface Condition,Ambient Light,Weather Condition,At Roadway Intersection,Distance from Nearest Roadway Intersection,Distance from Nearest Milemarker,Distance from Nearest Exit,Distance from Nearest Landmark,Non Motorist Type,X Coordinate,Y Coordinate
3776842,BOSTON,19-Mar-2014,3:33 PM,Property damage only (none injured),2,0,0,"Sideswipe, same direction",V1: Travelling straight ahead / V2:Travelling straight ahead,V1:Southbound / V2:Southbound ,V1: Collision with motor vehicle in traffic / V2: Collision with motor vehicle in traffic ,"V1: Light truck(van, mini-van, panel, pickup, sport utility) with only four tires / V2:Truck/trailer",Dry,Daylight,Clear/Cloudy,,RAMP-RT 1 SB TO RTS 3 NB/28 (LEVERETT CO / LEVERETT CONNECTOR SOUTH,,,,,235851.2301,902165.1999
4094643,BOSTON,19-Mar-2014,4:46 PM,Unknown,1,0,0,Angle,V1: Turning left,V1:Westbound ,"V1: Collision with cyclist (bicycle, tricycle, unicycle, pedal car) ",V1: Passenger car,Dry,Daylight,Clear,MASS AVENUE / HARRISON AVENUE,,,,,"P2:Pedalcyclist (bicycle, tricycle, unicycle, pedal car)",235020.8926,898366.6311
3776844,BOSTON,20-Mar-2014,5:05 AM,Property damage only (none injured),2,0,0,Angle,V1: Changing lanes / V2:Travelling straight ahead,V1:Northbound / V2:Northbound ,V1: Collision with motor vehicle in traffic / V2: Collision with motor vehicle in traffic ,"V1: Light truck(van, mini-van, panel, pickup, sport utility) with only four tires / V2:Truck/trailer",Dry,Dark - lighted roadway,Clear,,FRONTAGE ROAD / WEST FOURTH STREET,,,,,236111.8694,899236.5468
3774430,BOSTON,20-Mar-2014,8:34 AM,Property damage only (none injured),2,0,0,Angle,V1: Changing lanes / V2:Travelling straight ahead,V1:Westbound / V2:Westbound ,V1: Collision with motor vehicle in traffic / V2: Collision with motor vehicle in traffic ,"V1: Passenger car / V2:Light truck(van, mini-van, panel, pickup, sport utility) with only four tires",Wet,Daylight,Cloudy,,SEAPORT BOULEVARD / SLEEPER STREET,,,MOAKLEY BRIDGE,,237089.8578,900474.5601
3775231,BOSTON,20-Mar-2014,9:25 AM,Property damage only (none injured),2,0,0,"Sideswipe, same direction",V1: Travelling straight ahead / V2:Changing lanes,V1:Eastbound / V2:Eastbound ,V1: Collision with motor vehicle in traffic / V2: Collision with motor vehicle in traffic ,V1: Passenger car / V2:Passenger car,Dry,Daylight,Clear,,Rte 90 E / UNKNOWN,,,,,231835.1332,900212.0973
3782118,BOSTON,20-Mar-2014,8:17 PM,Non-fatal injury,3,4,0,Rear-end,V1: Slowing or stopped in traffic / V2:Slowing or stopped in traffic / V3:Travelling straight ahead,V1:Northbound / V2:Northbound / V3:Northbound ,V1: Collision with motor vehicle in traffic / V2: Collision with motor vehicle in traffic / V3: Collision with motor vehicle in traffic ,"V1: Passenger car / V2:Light truck(van, mini-van, panel, pickup, sport utility) with only four tires / V3:Passenger car",Dry,Dark - lighted roadway,Clear,,Rte 93 N / UNKNOWN,,Exit 13 on Rte 93 N,,,237420.1414,894076.5227
3836034,BOSTON,21-Mar-2014,8:17 AM,Non-fatal injury,2,1,0,Rear-end,V1: Slowing or stopped in traffic / V2:Travelling straight ahead,V1:Westbound / V2:Westbound ,V1: Collision with motor vehicle in traffic / V2: Collision with motor vehicle in traffic ,"V1: Passenger car / V2:Light truck(van, mini-van, panel, pickup, sport utility) with only four tires",Dry,Daylight,Clear/Clear,,150 feet W from Intersection 250 HANOVER STREET / RICHMOND STREET,,,,,236658.4568,901518.2103
3789561,BOSTON (DORCHESTER),21-Mar-2014,8:30 AM,Non-fatal injury,1,1,0,Single vehicle crash,V1: Travelling straight ahead,V1:Not reported ,V1: Collision with pedestrian ,V1: Passenger car,Dry,Daylight,Not Reported,,751 WASHINGTON STREET,,,,P2:Pedestrian,235971.99,900066.3208
3797490,BOSTON,21-Mar-2014,8:50 AM,Property damage only (none injured),2,0,0,"Sideswipe, same direction",V1: Travelling straight ahead / V2:Travelling straight ahead,V1:Northbound / V2:Northbound ,V1: Collision with motor vehicle in traffic / V2: Collision with motor vehicle in traffic ,"V1: Light truck(van, mini-van, panel, pickup, sport utility) with only four tires / V2:Passenger car",Dry,Daylight,Clear,,JAMAICAWAY / MORAINE STREET,,,@ MORAINE ST,,231573.4062,896703.2502
3796424,BOSTON,21-Mar-2014,9:25 AM,Non-fatal injury,2,1,0,Angle,V1: Travelling straight ahead / V2:Slowing or stopped in traffic,V1:Not reported / V2:Not reported ,V1: Collision with motor vehicle in traffic / V2: Collision with motor vehicle in traffic ,V1: Passenger car / V2:Passenger car,Dry,Daylight,Cloudy,WEST SECOND STREET / D STREET,,,,,,237140.953,898945.5624
3785141,BOSTON,21-Mar-2014,11:38 AM,Property damage only (none injured),3,0,0,Rear-end,V1: Changing lanes / V2:Travelling straight ahead / V3:Travelling straight ahead,V1:Southbound / V2:Southbound / V3:Southbound ,V1: Collision with motor vehicle in traffic / V2: Collision with motor vehicle in traffic / V3: Collision with motor vehicle in traffic ,V1: Passenger car / V2:Passenger car / V3:Passenger car,Dry,Daylight,Clear,,Rte 93 S / UNKNOWN,,Exit 23 on Rte 93 S,,,236856.2793,901152.8251
3783383,BOSTON,21-Mar-2014,11:49 AM,Non-fatal injury,1,1,0,Single vehicle crash,V1: Travelling straight ahead,V1:Eastbound ,V1: Reported but invalid ,V1: Single-unit truck (3-or-more axles),Dry,Daylight,Clear,,RAMP-RT 90 EB TO RT 9 EB (STUART ST) / RAMP-RT 90 EB TO RT 9 (STUART ST/HUNTING,,Exit 22 on Rte 90 E,,,234736.7885,899688.1405
3784002,BOSTON,21-Mar-2014,12:20 PM,Property damage only (none injured),2,0,0,Rear-end,V1: Slowing or stopped in traffic / V2:Slowing or stopped in traffic,V1:Southbound / V2:Southbound ,V1: Collision with motor vehicle in traffic / V2: Collision with motor vehicle in traffic ,"V1: Light truck(van, mini-van, panel, pickup, sport utility) with only four tires / V2:Passenger car",Dry,Daylight,Clear,,RIVERWAY Rte UNKNOW / SHORT STREET,,,,,232342.6611,899064.8999
3788779,BOSTON,21-Mar-2014,2:05 PM,Property damage only (none injured),2,0,0,Rear-end,V1: Travelling straight ahead / V2:Slowing or stopped in traffic,V1:Northbound / V2:Northbound ,V1: Collision with motor vehicle in traffic / V2: Collision with motor vehicle in traffic ,"V1: Light truck(van, mini-van, panel, pickup, sport utility) with only four tires / V2:Passenger car",Dry,Daylight,Clear,,RAMP - COLUMBIA RD TO RT 93 NB / JOHN F FITZGERALD EXPESSWAY Rte I93 N,,,,,236674.6633,897130.6177
3783382,BOSTON,21-Mar-2014,2:24 PM,Property damage only (none injured),2,0,0,Rear-end,V1: Travelling straight ahead / V2:Travelling straight ahead,V1:Eastbound / V2:Eastbound ,V1: Collision with motor vehicle in traffic / V2: Collision with motor vehicle in traffic ,"V1: Truck tractor (bobtail) / V2:Light truck(van, mini-van, panel, pickup, sport utility) with only four tires",Dry,Other,Clear,,Rte 90 E,,Exit 22 on Rte 90 E,,,234741.7413,899775.696
3854436,BOSTON (DORCHESTER),21-Mar-2014,4:22 PM,Property damage only (none injured),2,0,0,Angle,V1: Slowing or stopped in traffic / V2:Not reported,V1:Southbound / V2:Not reported ,V1: Collision with motor vehicle in traffic / V2: Not reported ,V1: Passenger car / V2:Not reported,Dry,Daylight,Clear,DORCHESTER AVENUE / LYON STREET,,,,,,236389.6407,895232.6873
3781960,BOSTON,21-Mar-2014,10:00 PM,Property damage only (none injured),1,0,0,Single vehicle crash,V1: Other,V1:Southbound ,V1: Other ,V1: Passenger car,Dry,Dark - lighted roadway,Cloudy,,EAST BOSTON EXPRESSWAY Rte 1A S / SUMNER TUNNEL,,,SUMNER TOLLS,,238041.3696,902662.0925
3785154,BOSTON,21-Mar-2014,11:27 PM,Property damage only (none injured),2,0,0,Rear-end,V1: Slowing or stopped in traffic / V2:Travelling straight ahead,V1:Northbound / V2:Northbound ,V1: Collision with motor vehicle in traffic / V2: Collision with motor vehicle in traffic ,V1: Passenger car / V2:Passenger car,Dry,Dark - lighted roadway,Clear,,TRUMAN HIGHWAY Rte UNKNOW / WAKEFIELD AVENUE,,,,,230847.7655,888090.3749
3783318,BOSTON,22-Mar-2014,1:30 AM,Non-fatal injury,2,1,0,"Sideswipe, opposite direction",V1: Travelling straight ahead / V2:Travelling straight ahead,V1:Eastbound / V2:Northbound ,V1: Collision with motor vehicle in traffic / V2: Collision with motor vehicle in traffic ,"V1: Light truck(van, mini-van, panel, pickup, sport utility) with only four tires / V2:Light truck(van, mini-van, panel, pickup, sport utility) with only four tires",Dry,Dark - lighted roadway,Clear,BACK STREET / BERKELEY STREET,,,,,,235009.6998,900623.457
3789971,BOSTON,22-Mar-2014,4:45 AM,Property damage only (none injured),2,0,0,Rear-end,V1: Parked / V2:Travelling straight ahead,V1:Westbound / V2:Westbound ,V1: Collision with parked motor vehicle / V2: Collision with parked motor vehicle ,V1: Passenger car / V2:Passenger car,Dry,Dark - lighted roadway,Clear,,GALLIVAN BOULEVARD Rte UNKNOW / 350,,,,,236000.7074,892329.2473
3789554,BOSTON (DORCHESTER),22-Mar-2014,3:30 PM,Non-fatal injury,2,1,0,Unknown,V1: Slowing or stopped in traffic / V2:Not reported,V1:Not reported / V2:Not reported ,V1: Collision with motor vehicle in traffic / V2: Not reported ,V1: Passenger car / V2:Passenger car,Dry,Daylight,Clear/Clear,,546 WASHINGTON STREET,,,,,236073.1668,900471.3543
3776242,BOSTON,22-Mar-2014,4:01 PM,Non-fatal injury,1,1,0,Single vehicle crash,V1: Travelling straight ahead,V1:Westbound ,V1: Collision with median barrier ,"V1: Light truck(van, mini-van, panel, pickup, sport utility) with only four tires",Dry,Daylight,Not Reported,,STORROW DRIVE / DAVID G MUGAR WAY Rte SR28 S,,,STORROW DR@  FIEDLER FOOT BRIDGE,,235126.2092,900717.5525
3836036,BOSTON (CHARLESTOWN),22-Mar-2014,4:40 PM,Non-fatal injury,1,1,0,Not reported,V1: Turning left,V1:Southbound ,V1: Collision with pedestrian ,"V1: Light truck(van, mini-van, panel, pickup, sport utility) with only four tires",Not reported,Not reported,Not Reported,BUNKER HILL STREET / MONUMENT STREET,,,,,P3:Pedestrian,236247.4844,903154.4998
3789551,BOSTON (DORCHESTER),22-Mar-2014,5:15 PM,Not Reported,1,0,0,Rear-end,V1: Parked,V1:Not reported ,V1: Not reported ,V1: Passenger car,Dry,Daylight,Clear,,725 WILLIAM T MORRISSEY BOULEVARD,,,NATIONAL WHOLESALE,,237218.2848,894090.5507
3796698,BOSTON (CHARLESTOWN),22-Mar-2014,10:39 PM,Non-fatal injury,2,2,0,Angle,V1: Turning left / V2:Slowing or stopped in traffic,V1:Northbound / V2:Westbound ,V1: Collision with pedestrian / V2: Collision with motor vehicle in traffic ,V1: Not reported / V2:Passenger car,Dry,Dark - lighted roadway,Clear/Clear,RUTHERFORD AVENUE / SULLIVAN SQUARE / MAIN STREET,,,,,,235151.1475,903802.8884
3772620,BOSTON,23-Mar-2014,2:49 AM,Property damage only (none injured),1,0,0,Single vehicle crash,V1: Leaving traffic lane,V1:Eastbound ,V1: Collision with curb ,V1: Passenger car,Dry,Dark - unknown roadway lighting,Clear,,MASSACHUSETTS TURNPIKE Rte 90 E,,Exit 18 on Rte 90 E,TOLL PLAZA,,231297.2763,900768.0306
3793246,BOSTON (ALLSTON),23-Mar-2014,12:00 PM,Property damage only (none injured),1,0,0,Single vehicle crash,V1: Travelling straight ahead,V1:Eastbound ,V1: Not reported ,V1: Passenger car,Dry,Dark - lighted roadway,Clear,COMMONWEALTH AVENUE / ALLSTON STREET,,,,,,229853.5679,899842.3698
3824534,BOSTON,23-Mar-2014,3:40 PM,Non-fatal injury,2,1,0,Rear-end,V1: Travelling straight ahead / V2:Travelling straight ahead,V1:Westbound / V2:Westbound ,V1: Collision with motor vehicle in traffic / V2: Collision with motor vehicle in traffic ,V1: Passenger car / V2:Passenger car,Dry,Daylight,Clear/Cloudy,,1465 TREMONT STREET,,,,,233142.0584,898012.5199
3789547,BOSTON (DORCHESTER),23-Mar-2014,7:13 PM,Non-fatal injury,2,2,0,Head-on,V1: Travelling straight ahead / V2:Travelling straight ahead,V1:Not reported / V2:Not reported ,V1: Collision with motor vehicle in traffic / V2: Collision with motor vehicle in traffic ,V1: Passenger car / V2:Passenger car,Dry,Dark - lighted roadway,Clear,,40 CUSHING AVENUE / UPHAM AVENUE,,,,,235895.2811,896185.7503
3783375,BOSTON,23-Mar-2014,8:16 PM,Non-fatal injury,1,1,0,Single vehicle crash,V1: Travelling straight ahead,V1:Southbound ,V1: Collision with tree ,"V1: Light truck(van, mini-van, panel, pickup, sport utility) with only four tires",Dry,Dark - lighted roadway,Clear,,0 feet N from Intersection MORTON STREET / JAMES SHEA CIRCLE,,,,,232426.4151,894490.4999
3782120,BOSTON,24-Mar-2014,00:00 AM,Non-fatal injury,1,1,0,Single vehicle crash,V1: Travelling straight ahead,V1:Eastbound ,V1: Collision with other movable object ,V1: Passenger car,Dry,Dark - lighted roadway,Clear,FREEPORT STREET / WILLIAM T MORRISSEY BOULEVARD,,,,,,237175.7656,894558.6879
3775176,BOSTON,24-Mar-2014,1:20 AM,Property damage only (none injured),1,0,0,Single vehicle crash,V1: Leaving traffic lane,V1:Southbound ,V1: Other ,V1: Passenger car,Dry,Other,Clear,,3 feet E from Intersection RAMP - RT 90 EB TO RT 93 SB / RAMP - RT 90 EB TO RT 93,,,D RAMP,,236392.1735,899676.5536
3782113,BOSTON,24-Mar-2014,8:08 AM,Non-fatal injury,3,1,0,Angle,V1: Travelling straight ahead / V2:Changing lanes / V3:Travelling straight ahead,V1:Northbound / V2:Northbound / V3:Northbound ,V1: Collision with motor vehicle in traffic / V2: Collision with motor vehicle in traffic / V3: Collision with motor vehicle in traffic ,"V1: Light truck(van, mini-van, panel, pickup, sport utility) with only four tires / V2:Passenger car / V3:Passenger car",Dry,Daylight,Clear,,Rte 93 N / UNKNOWN,,Exit 26 on Rte 93 N,,,236402.7433,901600.0342
3783436,BOSTON,24-Mar-2014,9:56 AM,Property damage only (none injured),2,0,0,Rear-end,V1: Slowing or stopped in traffic / V2:Travelling straight ahead,V1:Eastbound / V2:Eastbound ,V1: Collision with motor vehicle in traffic / V2: Collision with motor vehicle in traffic ,"V1: Light truck(van, mini-van, panel, pickup, sport utility) with only four tires / V2:Passenger car",Dry,Dark - lighted roadway,Clear,RAMP - RT 93 NB TO RT 90 (RAMP K) Rte SR1A N / RAMP - RT 93 NB TO RT 90 EB Rte SR1A N / RAMP - RT 93 NB TO RT 90 WB,,,,RAMP L,,235997.6873,898858.1112
3789127,BOSTON,24-Mar-2014,11:40 AM,Non-fatal injury,2,1,0,Rear-end,V1: Travelling straight ahead / V2:Travelling straight ahead,V1:Southbound / V2:Southbound ,V1: Collision with motor vehicle in traffic / V2: Collision with motor vehicle in traffic ,"V1: Passenger car / V2:Light truck(van, mini-van, panel, pickup, sport utility) with only four tires",Dry,Daylight,Clear,,WILLIAM T MORRISSEY BOULEVARD / OLD COLONY TERRACE,,,MALIBU BEACH,,237383.2879,895238.239
3784286,BOSTON,24-Mar-2014,12:10 PM,Property damage only (none injured),2,0,0,"Sideswipe, same direction",V1: Slowing or stopped in traffic / V2:Travelling straight ahead,V1:Northbound / V2:Northbound ,V1: Collision with motor vehicle in traffic / V2: Collision with motor vehicle in traffic ,"V1: Passenger car / V2:Single-unit truck (2-axle, 6-tire)",Dry,Daylight,Clear,,CHARLES RIVER DAM ROAD Rte SR28 N / CHARLES RIVER DAM ROAD Rte SR28 S,,,CHARLES RIVER DAM RD @ MOS,,235460.7051,901968.983
3782121,BOSTON,24-Mar-2014,10:15 PM,Property damage only (none injured),1,0,0,Single vehicle crash,V1: Travelling straight ahead,V1:Northbound ,V1: Other ,V1: Passenger car,Dry,Dark - lighted roadway,Clear,,Rte 93 N / UNKNOWN,,Exit 14 on Rte 93 N,,,237258.9796,894483.3974
3776831,BOSTON,24-Mar-2014,11:18 PM,Property damage only (none injured),2,0,0,"Sideswipe, same direction",V1: Travelling straight ahead / V2:Travelling straight ahead,V1:Southbound / V2:Southbound ,V1: Collision with motor vehicle in traffic / V2: Collision with motor vehicle in traffic ,V1: Passenger car / V2:Passenger car,Dry,Dark - lighted roadway,Clear,,RAMP - RT 93 SB TO MASSACHUSETTS AVENUE / RAMP - RT 93 TO MASSACHUSETTS AVE,,,MASS AVE CONNECTOR TO ROUTE 93 S,,235798.12,898580.7228
3824533,BOSTON,25-Mar-2014,5:00 AM,Property damage only (none injured),2,0,0,"Sideswipe, same direction",V1: Travelling straight ahead / V2:Parked,V1:Southbound / V2:Not reported ,V1: Collision with parked motor vehicle / V2: Not reported ,"V1: Light truck(van, mini-van, panel, pickup, sport utility) with only four tires / V2:Passenger car",Dry,Daylight,Clear,,209 BRUNSWICK STREET,,,,,234933.2242,895426.3109
3786276,BOSTON,25-Mar-2014,5:43 AM,Property damage only (none injured),2,0,0,"Sideswipe, same direction",V1: Travelling straight ahead / V2:Slowing or stopped in traffic,V1:Southbound / V2:Southbound ,V1: Collision with motor vehicle in traffic / V2: Collision with motor vehicle in traffic ,"V1: Light truck(van, mini-van, panel, pickup, sport utility) with only four tires / V2:Light truck(van, mini-van, panel, pickup, sport utility) with only four tires",Dry,Daylight,Clear,,RAMP - LEVERETT CIRCLE TO RT 93 SB Rte SR3 S / JOHN F FITZGERALD EXPRESSWAY Rte I93 S,,,ZAKIM BRIDGE/HOV/MAINLINE MEDIAN,,236169.6322,901862.6601
3784003,BOSTON,25-Mar-2014,8:30 AM,Property damage only (none injured),2,0,0,Rear-end,V1: Turning left / V2:Turning left,V1:Northbound / V2:Northbound ,V1: Collision with motor vehicle in traffic / V2: Collision with motor vehicle in traffic ,V1: Passenger car / V2:Passenger car,Dry,Daylight,Clear,,CHARLESGATE EAST Rte UNKNOW / COMMONWEALTH AVENUE,,,,,233649.9732,899935.8523
3782752,BOSTON,25-Mar-2014,9:18 AM,Property damage only (none injured),2,0,0,Rear-end,V1: Travelling straight ahead / V2:Changing lanes,V1:Southbound / V2:Southbound ,V1: Collision with motor vehicle in traffic / V2: Collision with motor vehicle in traffic ,"V1: Passenger car / V2:Light truck(van, mini-van, panel, pickup, sport utility) with only four tires",Dry,Daylight,Clear,,Rte 93 S,,Exit 23 on Rte 93 S,PRIOR TO EXIT 23,,236856.2793,901152.8251
3788780,BOSTON,25-Mar-2014,12:45 PM,Property damage only (none injured),2,0,0,"Sideswipe, same direction",V1: Travelling straight ahead / V2:Turning left,V1:Southbound / V2:Southbound ,V1: Collision with motor vehicle in traffic / V2: Collision with motor vehicle in traffic ,"V1: Light truck(van, mini-van, panel, pickup, sport utility) with only four tires / V2:Passenger car",Dry,Daylight,Clear,,Rte 93 S / UNKNOWN,,Exit 15 on Rte 93 S,,,236629.6253,897168.5001
3788889,BOSTON,25-Mar-2014,4:37 PM,Property damage only (none injured),3,0,0,Rear-end,V1: Slowing or stopped in traffic / V2:Slowing or stopped in traffic / V3:Travelling straight ahead,V1:Southbound / V2:Southbound / V3:Southbound ,V1: Collision with motor vehicle in traffic / V2: Collision with motor vehicle in traffic / V3: Collision with motor vehicle in traffic ,"V1: Light truck(van, mini-van, panel, pickup, sport utility) with only four tires / V2:Light truck(van, mini-van, panel, pickup, sport utility) with only four tires / V3:Light truck(van, mini-van, panel, pickup, sport utility) with only four tires",Dry,Daylight,Clear,,RAMP-RT 93 SB TO RT 28/NASHUA ST NB,,Exit 26 on Rte 93 S,,,235643.8073,901912.9197
3785155,BOSTON,25-Mar-2014,10:23 PM,Non-fatal injury,1,1,0,Single vehicle crash,V1: Travelling straight ahead,V1:Westbound ,V1: Collision with tree ,"V1: Light truck(van, mini-van, panel, pickup, sport utility) with only four tires",Dry,Dark - roadway not lighted,Clear,ENNEKING PARKWAY / GORDON AVENUE,,,,,,230642.2655,889819.8126
3785030,BOSTON,26-Mar-2014,00:00 AM,Property damage only (none injured),2,0,0,Rear-end,V1: Travelling straight ahead / V2:Travelling straight ahead,V1:Southbound / V2:Southbound ,V1: Collision with motor vehicle in traffic / V2: Collision with motor vehicle in traffic ,V1: Passenger car / V2:Passenger car,Dry,Dark - lighted roadway,Clear,HARBORSIDE DRIVE / TOMAHAWK DRIVE / HOTEL DRIVE,,,,,,239115.9147,901723.3359
3782653,BOSTON,26-Mar-2014,10:04 AM,Property damage only (none injured),1,0,0,Single vehicle crash,V1: Travelling straight ahead,V1:Westbound ,V1: Other ,V1: Passenger car,Dry,Daylight,Clear,RAMP - RT 90 WB TO RT 93 SB Rte SR1A S / RAMP - RT 90 WB TO RT 93 NB / RAMP - RT 90 WB/CONGRESS STREET TO RT 93 Rte SR1A S,,,,RAMP D,,236475.7222,899745.5214
3783379,BOSTON,26-Mar-2014,11:03 AM,Non-fatal injury,2,1,0,Angle,V1: Turning left / V2:Travelling straight ahead,V1:Northbound / V2:Southbound ,V1: Collision with motor vehicle in traffic / V2: Collision with motor vehicle in traffic ,"V1: Light truck(van, mini-van, panel, pickup, sport utility) with only four tires / V2:Light truck(van, mini-van, panel, pickup, sport utility) with only four tires",Dry,Daylight,Cloudy,,RIVERWAY / LONGWOOD AVENUE,,,,"P1:Pedalcyclist (bicycle, tricycle, unicycle, pedal car)",232142.9084,898941.3686
3782658,BOSTON,26-Mar-2014,4:33 PM,Non-fatal injury,2,3,0,Rear-end,V1: Slowing or stopped in traffic / V2:Parked,V1:Eastbound / V2:Eastbound ,V1: Collision with pedestrian / V2: Not reported ,"V1: Passenger car / V2:Light truck(van, mini-van, panel, pickup, sport utility) with only four tires",Dry,Daylight,Cloudy,,LOGAN AIRPORT TERMINAL C / AIRPORT ROAD - DEPARTURE LEVEL,,,,P3:Pedestrian / P4:Pedestrian / P5:Pedestrian,239767.7925,901895.6343
3802024,BOSTON,26-Mar-2014,8:54 PM,Property damage only (none injured),1,0,0,Single vehicle crash,V1: Turning left,V1:Southbound ,V1: Collision with curb ,V1: Passenger car,Dry,Dark - lighted roadway,Cloudy,,BIRMINGHAM PARKWAY Rte UNKNOW / WESTERN AVENUE,,,,,229180.0376,901281.697
3788781,BOSTON,27-Mar-2014,00:00 AM,Non-fatal injury,3,1,0,Rear-end,V1: Slowing or stopped in traffic / V2:Slowing or stopped in traffic / V3:Travelling straight ahead,V1:Southbound / V2:Southbound / V3:Southbound ,V1: Collision with motor vehicle in traffic / V2: Collision with motor vehicle in traffic / V3: Collision with motor vehicle in traffic ,"V1: Passenger car / V2:Light truck(van, mini-van, panel, pickup, sport utility) with only four tires / V3:Passenger car",Dry,Dark - lighted roadway,Clear,,Rte 93 S / UNKNOWN,,Exit 15 on Rte 93 S,,,236629.6253,897168.5001
3789158,BOSTON,27-Mar-2014,00:00 AM,Property damage only (none injured),2,0,0,Rear-end,V1: Travelling straight ahead / V2:Travelling straight ahead,V1:Southbound / V2:Southbound ,V1: Collision with motor vehicle in traffic / V2: Collision with motor vehicle in traffic ,"V1: Passenger car / V2:Light truck(van, mini-van, panel, pickup, sport utility) with only four tires",Dry,Dark - lighted roadway,Clear,,Rte 93 S,,Exit 15 on Rte 93,,,236629.6253,897168.5001
3785241,BOSTON,27-Mar-2014,1:40 AM,Property damage only (none injured),1,0,0,Single vehicle crash,V1: Travelling straight ahead,V1:Northbound ,V1: Collision with embankment ,V1: Passenger car,Dry,Dark - lighted roadway,Cloudy,,ENNEKING PARKWAY,,,LEGRANGE,,229605.5234,891516.3482
3782753,BOSTON,27-Mar-2014,7:34 AM,Property damage only (none injured),2,0,0,Rear-end,V1: Slowing or stopped in traffic / V2:Slowing or stopped in traffic,V1:Westbound / V2:Westbound ,V1: Collision with motor vehicle in traffic / V2: Collision with motor vehicle in traffic ,"V1: Light truck(van, mini-van, panel, pickup, sport utility) with only four tires / V2:Passenger car",Dry,Daylight,Clear,,MASSACHUSETTS TURNPIKE Rte 90 W / TED WILLIAMS TUNNEL,,,TWT,,239051.4028,900924.2439
3788897,BOSTON,27-Mar-2014,7:40 AM,Property damage only (none injured),1,0,0,Single vehicle crash,V1: Slowing or stopped in traffic,V1:Southbound ,V1: Collision with guardrail ,V1: Passenger car,Dry,Daylight,Cloudy,,Rte 93 S / UNKNOWN,,Exit 15 on Rte 93 S,,,236629.6253,897168.5001
3782654,BOSTON,27-Mar-2014,8:52 AM,Property damage only (none injured),2,0,0,Rear-end,V1: Travelling straight ahead / V2:Slowing or stopped in traffic,V1:Southbound / V2:Southbound ,V1: Collision with motor vehicle in traffic / V2: Collision with motor vehicle in traffic ,V1: Passenger car / V2:Passenger car,Dry,Daylight,Clear,,SUMNER TUNNEL,,,SUMNER TUNNEL,,237335.5224,902043.6503
3784252,BOSTON,27-Mar-2014,9:43 AM,Non-fatal injury,4,1,0,Rear-end,V1: Slowing or stopped in traffic / V2:Slowing or stopped in traffic / V3:Slowing or stopped in traffic / V4:Travelling straight ahead,V1:Northbound / V2:Northbound / V3:Northbound / V4:Northbound ,V1: Collision with motor vehicle in traffic / V2: Collision with motor vehicle in traffic / V3: Not reported / V4: Collision with motor vehicle in traffic ,"V1: Light truck(van, mini-van, panel, pickup, sport utility) with only four tires / V2:Passenger car / V3:Light truck(van, mini-van, panel, pickup, sport utility) with only four tires / V4:Light truck(van, mini-van, panel, pickup, sport utility) with only four tires",Dry,Daylight,Clear,,Rte 93 N,Rte 93  N Milemarker 16.9,,,,236742.6233,900426.5825
3782655,BOSTON,27-Mar-2014,11:30 AM,Property damage only (none injured),3,0,0,Rear-end,V1: Slowing or stopped in traffic / V2:Slowing or stopped in traffic / V3:Travelling straight ahead,V1:Westbound / V2:Westbound / V3:Westbound ,V1: Collision with motor vehicle in traffic / V2: Collision with motor vehicle in traffic / V3: Collision with motor vehicle in traffic ,V1: Passenger car / V2:Passenger car / V3:Passenger car,Dry,Daylight,Clear,,LEVERETT CONNECTOR TO STORROW DRIVE Rte SR3A N / RAMP-RT 93 NB TO STORROW DRIVE Rte SR3 N,,,STATION TUNNEL,,235630.2787,901891.1598
3783787,BOSTON,27-Mar-2014,1:56 PM,Property damage only (none injured),1,0,0,Single vehicle crash,V1: Travelling straight ahead,V1:Westbound ,V1: Collision with guardrail ,V1: Passenger car,Dry,Daylight,Clear,,Rte 90 W / Rte 93,,,D RAMP TO 93 S/B,,236192.0398,899651.3483
3791072,BOSTON,27-Mar-2014,2:18 PM,Non-fatal injury,2,1,0,Angle,V1: Changing lanes / V2:Travelling straight ahead,V1:Westbound / V2:Eastbound ,V1: Collision with motor vehicle in traffic / V2: Collision with motor vehicle in traffic ,V1: Passenger car / V2:Passenger car,Dry,Dark - lighted roadway,Clear,CENTRE STREET / BURROUGHS STREET,,,,,,231790.0001,895753.6248
3789544,BOSTON (DORCHESTER),27-Mar-2014,3:08 PM,Non-fatal injury,1,1,0,Single vehicle crash,V1: Turning right,V1:Not reported ,V1: Collision with pedestrian ,V1: Passenger car,Dry,Daylight,Clear,,1325 DORCHESTER AVENUE,,,PKLOT,P2:Pedestrian,236368.0934,895096.3072
3793911,BOSTON,27-Mar-2014,5:58 PM,Property damage only (none injured),2,0,0,Not reported,V1: Travelling straight ahead / V2:Entering traffic lane,V1:Southbound / V2:Westbound ,V1: Collision with curb / V2: Not reported ,V1: Passenger car / V2:Passenger car,Dry,Daylight,Clear,D STREET EXTENSION / PARK LANE,,,,,,237951.958,899882.4676