Crash Number,City/Town Name,Crash Date,Crash Time,Crash Severity,Number of Vehicles,Total Nonfatal Injuries,Total Fatal Injuries,Manner of Collision,Vehicle Action Prior to Crash,Vehicle Travel Directions,Most Harmful Events,Vehicle Configuration,Road Surface Condition,Ambient Light,Weather Condition,At Roadway Intersection,Distance from Nearest Roadway Intersection,Distance from Nearest Milemarker,Distance from Nearest Exit,Distance from Nearest Landmark,Non Motorist Type,X Coordinate,Y Coordinate
3784049,BOSTON,27-Mar-2014,6:07 PM,Non-fatal injury,2,1,0,Rear-end,V1: Slowing or stopped in traffic / V2:Travelling straight ahead,V1:Southbound / V2:Southbound ,V1: Collision with motor vehicle in traffic / V2: Collision with motor vehicle in traffic ,V1: Passenger car / V2:Passenger car,Dry,Daylight,Clear,,BOSTON UNIVERSITY BRIDGE Rte 2 E / BOSTON UNIVERSITY BRIDGE Rte 2 E,,,BU BRIDGE,,232083.1873,900341.2246
3789107,BOSTON,28-Mar-2014,00:00 AM,Property damage only (none injured),2,0,0,Rear-end,V1: Slowing or stopped in traffic / V2:Travelling straight ahead,V1:Northbound / V2:Northbound ,V1: Collision with motor vehicle in traffic / V2: Collision with motor vehicle in traffic ,"V1: Passenger car / V2:Single-unit truck (2-axle, 6-tire)",Dry,Dark - lighted roadway,Clear,,Rte 93 N,,Exit 20 on Rte 93 N,,,235935.6734,898219.8317
3796547,BOSTON,28-Mar-2014,6:21 AM,Non-fatal injury,2,1,0,Angle,V1: Travelling straight ahead / V2:Entering traffic lane,V1:Not reported / V2:Not reported ,V1: Not reported / V2: Not reported ,"V1: Unknown heavy truck, cannot classify / V2:Passenger car",Dry,Dawn,Clear/Clear,DEVONSHIRE STREET / FRANKLIN STREET,,,,,,236467.6432,900647.3007
3789623,BOSTON (DORCHESTER),28-Mar-2014,7:15 AM,Not Reported,2,0,0,"Sideswipe, same direction",V1: Travelling straight ahead / V2:Parked,V1:Not reported / V2:Not reported ,V1: Not reported / V2: Not reported ,V1: Passenger car / V2:Passenger car,Dry,Daylight,Clear,,47 WALDECK STREET,,,,,235698.2477,894102.2304
3782656,BOSTON,28-Mar-2014,2:28 PM,Non-fatal injury,1,1,0,Single vehicle crash,V1: Entering traffic lane,V1:Southbound ,V1: Collision with median barrier ,V1: Passenger car,Dry,Dark - lighted roadway,Cloudy,,Rte 93 S / UNKNOWN,,Exit 20 on Rte 93 S,,,236954.209,900826.9442
3782659,BOSTON,28-Mar-2014,3:30 PM,Property damage only (none injured),1,0,0,"Sideswipe, same direction",V1: Turning left,V1:Westbound ,V1: Collision with motor vehicle in traffic ,V1: Passenger car,Wet,Daylight,Cloudy/Rain,,NORTHERN AVENUE / SEAPORT LANE,,,,,237773.8969,900044.4772
3783319,BOSTON,28-Mar-2014,3:45 PM,Property damage only (none injured),3,0,0,Rear-end,V1: Travelling straight ahead / V2:Slowing or stopped in traffic / V3:Slowing or stopped in traffic,V1:Northbound / V2:Northbound / V3:Northbound ,V1: Collision with motor vehicle in traffic / V2: Collision with motor vehicle in traffic / V3: Collision with motor vehicle in traffic ,"V1: Single-unit truck (2-axle, 6-tire) / V2:Light truck(van, mini-van, panel, pickup, sport utility) with only four tires / V3:Passenger car",Wet,Daylight,Rain,,Rte 93 N,Rte 93  N Milemarker 18.5,,ZAKIM BRIDGE,,235729.1165,902404.419
3782114,BOSTON,28-Mar-2014,3:45 PM,Property damage only (none injured),2,0,0,Angle,V1: Changing lanes / V2:Travelling straight ahead,V1:Westbound / V2:Westbound ,V1: Collision with motor vehicle in traffic / V2: Collision with motor vehicle in traffic ,"V1: Light truck(van, mini-van, panel, pickup, sport utility) with only four tires / V2:Light truck(van, mini-van, panel, pickup, sport utility) with only four tires",Wet,Daylight,Rain,,RAMP - RT 90 WB/CONGRESS STREET TO RT 93 Rte SR1A S / RAMP - RT 90 WB TO RT 93 SB Rte SR1A S,,Exit X25 on Rte 90 WB,RAMP D,,236579.6377,899706.9412
3783374,BOSTON,28-Mar-2014,4:07 PM,Non-fatal injury,2,1,0,Angle,V1: Travelling straight ahead / V2:Turning left,V1:Northbound / V2:Southbound ,V1: Collision with motor vehicle in traffic / V2: Collision with motor vehicle in traffic ,"V1: Passenger car / V2:Light truck(van, mini-van, panel, pickup, sport utility) with only four tires",Dry,Daylight,Cloudy,TRUMAN HIGHWAY / DANA AVENUE,,,,,,231159.8028,888909.0317
3782122,BOSTON,28-Mar-2014,5:20 PM,Non-fatal injury,2,2,0,Angle,V1: Travelling straight ahead / V2:Entering traffic lane,V1:Eastbound / V2:Eastbound ,V1: Collision with motor vehicle in traffic / V2: Collision with motor vehicle in traffic ,"V1: Light truck(van, mini-van, panel, pickup, sport utility) with only four tires / V2:Light truck(van, mini-van, panel, pickup, sport utility) with only four tires",Dry,Daylight,Cloudy,,GALLIVAN BOULEVARD Rte UNKNOW / 448 FREDERIKA STREET,,,,,236418.328,892500.1249
3784004,BOSTON,28-Mar-2014,6:06 PM,Property damage only (none injured),2,0,0,Rear-end,V1: Slowing or stopped in traffic / V2:Travelling straight ahead,V1:Eastbound / V2:Eastbound ,V1: Collision with motor vehicle in traffic / V2: Collision with motor vehicle in traffic ,"V1: Passenger car / V2:Light truck(van, mini-van, panel, pickup, sport utility) with only four tires",Wet,Daylight,Cloudy/Rain,,STORROW DRIVE Rte UNKNOW E / DAVID G MUGAR WAY,,,,,235214.6816,900915.4701
3784050,BOSTON,28-Mar-2014,6:32 PM,Not Reported,1,0,0,Not reported,V1: Parked,V1:Not reported ,V1: Not reported ,"V1: Light truck(van, mini-van, panel, pickup, sport utility) with only four tires",Dry,Daylight,Not Reported,,,,,IN PARKING LOT MUSEUM OF SCIENCE,,,
3781962,BOSTON,28-Mar-2014,7:53 PM,Non-fatal injury,2,1,0,"Sideswipe, opposite direction",V1: Travelling straight ahead / V2:Travelling straight ahead,V1:Westbound / V2:Eastbound ,V1: Collision with motor vehicle in traffic / V2: Collision with motor vehicle in traffic ,"V1: Light truck(van, mini-van, panel, pickup, sport utility) with only four tires / V2:Passenger car",Dry,Dark - lighted roadway,Cloudy,GALLIVAN BOULEVARD / MORTON STREET,,,,,,234631.4265,892127.267
3782123,BOSTON,28-Mar-2014,8:25 PM,Non-fatal injury,2,1,0,Rear-end,V1: Slowing or stopped in traffic / V2:Travelling straight ahead,V1:Eastbound / V2:Eastbound ,V1: Collision with motor vehicle in traffic / V2: Collision with motor vehicle in traffic ,V1: Passenger car / V2:Passenger car,Dry,Dark - lighted roadway,Cloudy,,GALLIVAN BOULEVARD Rte UNKNOW / HURON CIRCLE,,,,,236109.5157,892374.8749
3783785,BOSTON,29-Mar-2014,1:26 AM,Property damage only (none injured),2,0,0,Rear-end,V1: Travelling straight ahead / V2:Travelling straight ahead,V1:Southbound / V2:Southbound ,V1: Collision with motor vehicle in traffic / V2: Collision with motor vehicle in traffic ,V1: Passenger car / V2:Passenger car,Dry,Dark - lighted roadway,Clear,,MAURICE TOBIN BRIDGE Rte US1 S / TOBIN BRIDGE Rte US1 S,,,TOBIN BRIDGE,,237007.0763,903544.9008
3788783,BOSTON,29-Mar-2014,2:03 AM,Non-fatal injury,2,1,0,Rear-end,V1: Travelling straight ahead / V2:Travelling straight ahead,V1:Northbound / V2:Northbound ,V1: Collision with motor vehicle in traffic / V2: Collision with motor vehicle in traffic ,V1: Passenger car / V2:Passenger car,Dry,Dark - lighted roadway,Clear,,Rte 93 N / UNKNOWN,,Exit 16 on Rte 93 N,,,236403.9842,897524.312
3783378,BOSTON,29-Mar-2014,2:18 AM,Property damage only (none injured),2,0,0,Angle,V1: Travelling straight ahead / V2:Travelling straight ahead,V1:Northbound / V2:Northbound ,V1: Collision with median barrier / V2: Collision with motor vehicle in traffic ,"V1: Light truck(van, mini-van, panel, pickup, sport utility) with only four tires / V2:Light truck(van, mini-van, panel, pickup, sport utility) with only four tires",Wet,Dark - lighted roadway,Cloudy,,Rte 93 N,,Exit 15 on Rte 93 N,,,236972.2496,896473.4282
3782657,BOSTON,29-Mar-2014,2:33 AM,Property damage only (none injured),1,0,0,Single vehicle crash,V1: Changing lanes,V1:Northbound ,V1: Other ,V1: Passenger car,Dry,Dark - lighted roadway,Clear,,Rte 93 N / MAURICE TOBIN BRIDGE,,Exit 27 on Rte 93 N,AT EXIT 27-TO TOBIN BRIDGE N/B,,235848.1406,902282.2336
3789128,BOSTON,29-Mar-2014,4:05 AM,Property damage only (none injured),1,0,0,Single vehicle crash,V1: Travelling straight ahead,V1:Southbound ,V1: Collision with curb ,"V1: Light truck(van, mini-van, panel, pickup, sport utility) with only four tires",Wet,Dark - lighted roadway,Not Reported,,WILLIAM T MORRISSEY BOULEVARD / POPES HILL STREET,,,,,237240.2031,893757.7504
3782124,BOSTON,29-Mar-2014,4:25 AM,Non-fatal injury,1,1,0,Single vehicle crash,V1: Travelling straight ahead,V1:Southbound ,V1: Collision with median barrier ,"V1: Light truck(van, mini-van, panel, pickup, sport utility) with only four tires",Dry,Dark - lighted roadway,Clear,,Rte 93 S / UNKNOWN,,Exit 12 on Rte 93 S,,,237620.5493,892713.0989
3783416,BOSTON,29-Mar-2014,7:55 AM,Property damage only (none injured),1,0,0,Single vehicle crash,V1: Travelling straight ahead,V1:Northbound ,V1: Other ,V1: Passenger car,Dry,Daylight,Clear,,Rte 93 N / UNKNOWN,,Exit 20 on Rte 93 N,,,235935.6734,898219.8317
3867601,BOSTON,29-Mar-2014,9:39 AM,Not Reported,2,0,0,Not reported,V1: Not reported / V2:Not reported,V1:Not reported / V2:Not reported ,V1: Not reported / V2: Not reported ,V1: Passenger car / V2:Passenger car,Not reported,Not reported,Not Reported,BEACON STREET / PARK DRIVE,,,,,,232535.3748,899651.148
3804062,BOSTON (HYDE PARK),29-Mar-2014,7:38 PM,Non-fatal injury,2,1,0,Angle,V1: Travelling straight ahead / V2:Turning left,V1:Northbound / V2:Westbound ,V1: Collision with motor vehicle in traffic / V2: Collision with motor vehicle in traffic ,"V1: Light truck(van, mini-van, panel, pickup, sport utility) with only four tires / V2:Light truck(van, mini-van, panel, pickup, sport utility) with only four tires",Wet,Dark - lighted roadway,Rain,HYDE PARK AVENUE / AMERICAN LEGION HIGHWAY,,,,,,231339.0781,891416.7713
3784000,BOSTON,30-Mar-2014,00:00 AM,Non-fatal injury,1,1,0,Single vehicle crash,V1: Leaving traffic lane,V1:Westbound ,V1: Collision with curb ,V1: Passenger car,Wet,Dark - lighted roadway,Rain,,RAMP - RT 90 WB/CONGRESS STREET TO RT 93 Rte SR1A S / RAMP - RT 90 WB TO RT 93 SB Rte SR1A S,,,""D" RAMP TO I-93""D" RAMP TO I-93""" RAMP TO I-9"" RAMP TO I-9",,236541.5021,899706.5787
3784045,BOSTON,30-Mar-2014,1:57 AM,Property damage only (none injured),1,0,0,Single vehicle crash,V1: Changing lanes,V1:Southbound ,V1: Other ,"V1: Light truck(van, mini-van, panel, pickup, sport utility) with only four tires",Wet,Other,Rain,,Rte 93 S / UNKNOWN,,Exit 20 on Rte 93 S,,,236954.209,900826.9442
3802208,BOSTON,30-Mar-2014,2:32 AM,Property damage only (none injured),2,0,0,Rear-end,V1: Travelling straight ahead / V2:Turning left,V1:Westbound / V2:Westbound ,V1: Collision with motor vehicle in traffic / V2: Collision with motor vehicle in traffic ,"V1: Light truck(van, mini-van, panel, pickup, sport utility) with only four tires / V2:Passenger car",Dry,Dark - lighted roadway,Clear,,0 feet E from Intersection SOLDIERS FIELD ROAD / NORTH BEACON STREET,,,,,228076.4976,901010.8434
3788784,BOSTON,30-Mar-2014,2:48 AM,Property damage only (none injured),2,0,0,"Sideswipe, same direction",V1: Travelling straight ahead / V2:Travelling straight ahead,V1:Southbound / V2:Southbound ,V1: Collision with motor vehicle in traffic / V2: Collision with motor vehicle in traffic ,V1: Passenger car / V2:Passenger car,Wet,Dark - lighted roadway,Cloudy/Rain,,Rte 93 S / UNKNOWN,,Exit 12 on Rte 93 S,,,237620.5493,892713.0989
3785143,BOSTON,30-Mar-2014,2:50 AM,Property damage only (none injured),1,0,0,Single vehicle crash,V1: Travelling straight ahead,V1:Northbound ,V1: Collision with median barrier ,"V1: Light truck(van, mini-van, panel, pickup, sport utility) with only four tires",Wet,Dark - lighted roadway,Rain,,Rte 93 N / UNKNOWN,,Exit 23 on Rte 93 N,,,236957.4837,900943.9828
3784001,BOSTON,30-Mar-2014,3:51 AM,Property damage only (none injured),1,0,0,Single vehicle crash,V1: Travelling straight ahead,V1:Northbound ,V1: Collision with median barrier ,V1: Passenger car,Wet,Dark - lighted roadway,Rain,,Rte 93 N / UNKNOWN,,Exit 28 on Rte 93 N,,,234953.5188,903173.3157
3788790,BOSTON,30-Mar-2014,6:58 AM,Non-fatal injury,1,1,0,Single vehicle crash,V1: Travelling straight ahead,V1:Northbound ,V1: Collision with median barrier ,V1: Passenger car,Wet,Daylight,Rain,,Rte 93 N / UNKNOWN,,Exit 15 on Rte 93 N,,,236972.2496,896473.4282
3785467,BOSTON,30-Mar-2014,8:10 AM,Property damage only (none injured),2,0,0,Rear-end,V1: Slowing or stopped in traffic / V2:Travelling straight ahead,V1:Eastbound / V2:Eastbound ,V1: Collision with motor vehicle in traffic / V2: Collision with motor vehicle in traffic ,V1: Passenger car / V2:Tractor/semi-trailer,Wet,Daylight,Rain,,Rte 90 E,Rte 90  E Milemarker 134.0,,,,235750.5848,899752.0839
3785144,BOSTON,30-Mar-2014,1:16 PM,Property damage only (none injured),2,0,0,Angle,V1: Changing lanes / V2:Changing lanes,V1:Northbound / V2:Northbound ,V1: Collision with motor vehicle in traffic / V2: Collision with motor vehicle in traffic ,V1: Passenger car / V2:Passenger car,Dry,Daylight,Clear,,Rte 93 N / UNKNOWN,,Exit 26 on Rte 93 N,,,236402.7433,901600.0342
3785026,BOSTON,30-Mar-2014,1:27 PM,Property damage only (none injured),3,0,0,Rear-end,V1: Slowing or stopped in traffic / V2:Travelling straight ahead / V3:Travelling straight ahead,V1:Southbound / V2:Southbound / V3:Southbound ,V1: Collision with motor vehicle in traffic / V2: Collision with motor vehicle in traffic / V3: Collision with motor vehicle in traffic ,"V1: Light truck(van, mini-van, panel, pickup, sport utility) with only four tires / V2:Light truck(van, mini-van, panel, pickup, sport utility) with only four tires / V3:Light truck(van, mini-van, panel, pickup, sport utility) with only four tires",Wet,Daylight,Cloudy,,INTERSTATE 93 Rte 93 S,,Exit 26 on Rte 93 S,LEVERETT CONNECTOR,,,
3824333,BOSTON,30-Mar-2014,2:30 PM,Not Reported,1,0,0,Not reported,V1: Not reported,V1:Not reported ,V1: Not reported ,V1: Passenger car,Not reported,Not reported,Not Reported,QUINCY STREET / CEYLON STREET,,,,,,235290.6562,895810.8127
3785145,BOSTON,30-Mar-2014,3:00 PM,Property damage only (none injured),2,0,0,Rear-end,V1: Slowing or stopped in traffic / V2:Travelling straight ahead,V1:Northbound / V2:Northbound ,V1: Collision with motor vehicle in traffic / V2: Collision with motor vehicle in traffic ,V1: Passenger car / V2:Passenger car,Wet,Daylight,Rain,,Rte 93 N / UNKNOWN,,Exit 20 on Rte 93 N,,,235935.6734,898219.8317
3791069,BOSTON,30-Mar-2014,8:23 PM,Not Reported,1,0,0,Not reported,V1: Not reported,V1:Not reported ,V1: Not reported ,V1: Not reported,Not reported,Not reported,Not Reported,,1916 DORCHESTER AVENUE,,,,P2:Pedestrian,235919.653,892821.6453
3788890,BOSTON,30-Mar-2014,10:25 PM,Non-fatal injury,2,1,0,Rear-end,V1: Travelling straight ahead / V2:Travelling straight ahead,V1:Northbound / V2:Northbound ,V1: Collision with motor vehicle in traffic / V2: Collision with motor vehicle in traffic ,V1: Passenger car / V2:Passenger car,Wet,Dark - unknown roadway lighting,Cloudy/Rain,,Rte 93 N / UNKNOWN,,,,,236742.6233,900426.5825
3791866,BOSTON,31-Mar-2014,2:15 AM,Property damage only (none injured),1,0,0,Single vehicle crash,V1: Turning right,V1:Eastbound ,V1: Collision with median barrier ,V1: Passenger car,Wet,Dark - lighted roadway,Snow,,1 HARBORSIDE DRIVE,,,CONRAC BLDG - TRANSPORTATION WAY,,239107.7369,901542.8365
3784046,BOSTON,31-Mar-2014,2:21 AM,Property damage only (none injured),1,0,0,Single vehicle crash,V1: Turning right,V1:Westbound ,V1: Collision with median barrier ,V1: Passenger car,Wet,Dark - lighted roadway,Rain,RAMP - RT 90 WB TO RT 93 SB Rte SR1A S / RAMP - RT 90 WB TO RT 93 NB / RAMP - RT 90 WB/CONGRESS STREET TO RT 93 Rte SR1A S,,,,D RAMP,,236475.7222,899745.5214
3788773,BOSTON,31-Mar-2014,2:21 AM,Non-fatal injury,1,1,0,Single vehicle crash,V1: Travelling straight ahead,V1:Northbound ,V1: Collision with guardrail ,V1: Passenger car,Slush,Dark - lighted roadway,"Sleet, hail (freezing rain or drizzle)",,Rte 93 N / UNKNOWN,,Exit 27 on Rte 93 N,,,235655.07,902467.5364
3811135,BOSTON (DORCHESTER),31-Mar-2014,7:00 AM,Not Reported,2,0,0,"Sideswipe, opposite direction",V1: Parked / V2:Not reported,V1:Not reported / V2:Not reported ,V1: Collision with unknown movable object / V2: Not reported ,V1: Passenger car / V2:Not reported,Wet,Daylight,Rain/Rain,,357 BOWDOIN STREET,,,,,235948.1891,895523.1774
3788906,BOSTON,31-Mar-2014,7:35 AM,Property damage only (none injured),2,0,0,Rear-end,V1: Slowing or stopped in traffic / V2:Travelling straight ahead,V1:Southbound / V2:Southbound ,V1: Collision with motor vehicle in traffic / V2: Collision with motor vehicle in traffic ,V1: Passenger car / V2:Passenger car,Wet,Daylight,Rain,,Rte 93,,Exit 15 on Rte 93,93S BEFORE EXIT 15,,236629.6253,897168.5001
3793789,BOSTON,31-Mar-2014,7:38 AM,Property damage only (none injured),2,0,0,Angle,V1: Travelling straight ahead / V2:Turning left,V1:Westbound / V2:Northbound ,V1: Not reported / V2: Not reported ,V1: Passenger car / V2:Passenger car,Wet,Daylight,Rain/Rain,COMMONWEALTH AVENUE / HARVARD AVENUE,,,,TD BANK,,230403.9531,900047.9373
3785027,BOSTON,31-Mar-2014,7:51 AM,Property damage only (none injured),4,0,0,Rear-end,V1: Slowing or stopped in traffic / V2:Travelling straight ahead / V3:Travelling straight ahead / V4:Travelling straight ahead,V1:Northbound / V2:Northbound / V3:Northbound / V4:Northbound ,V1: Collision with motor vehicle in traffic / V2: Collision with motor vehicle in traffic / V3: Collision with motor vehicle in traffic / V4: Collision with motor vehicle in traffic ,V1: Passenger car / V2:Passenger car / V3:Passenger car / V4:Passenger car,Wet,Other,Rain,,JOHN F FITZGERALD EXPRESSWAY Rte I93 N / SILVER LINE WAY,,,O'NEILL TUNNEL,,236457.7045,899875.4422
3786193,BOSTON,31-Mar-2014,7:52 AM,Non-fatal injury,9,1,0,Rear-end,V1: Slowing or stopped in traffic / V2:Travelling straight ahead / V3:Travelling straight ahead / V4:Travelling straight ahead / V5:Travelling straight ahead / V6:Travelling straight ahead / V7:Travelling straight ahead / V8:Travelling straight ahead / V9:Travelling straight ahead,V1:Northbound / V2:Northbound / V3:Northbound / V4:Northbound / V5:Northbound / V6:Northbound / V7:Northbound / V8:Northbound / V9:Northbound ,V1: Collision with motor vehicle in traffic / V2: Collision with motor vehicle in traffic / V3: Collision with motor vehicle in traffic / V4: Collision with motor vehicle in traffic / V5: Collision with motor vehicle in traffic / V6: Collision with motor vehicle in traffic / V7: Collision with motor vehicle in traffic / V8: Collision with motor vehicle in traffic / V9: Collision with motor vehicle in traffic ,V1: Passenger car / V2:Passenger car / V3:Passenger car / V4:Passenger car / V5:Passenger car / V6:Passenger car / V7:Passenger car / V8:Passenger car / V9:Passenger car,Dry,Daylight,Clear,,Rte 93 N / UNKNOWN,,,,,236742.6233,900426.5825
3786277,BOSTON,31-Mar-2014,7:52 AM,Property damage only (none injured),4,0,0,Rear-end,V1: Travelling straight ahead / V2:Slowing or stopped in traffic / V3:Slowing or stopped in traffic / V4:Slowing or stopped in traffic,V1:Northbound / V2:Northbound / V3:Northbound / V4:Northbound ,V1: Collision with motor vehicle in traffic / V2: Collision with motor vehicle in traffic / V3: Collision with motor vehicle in traffic / V4: Collision with motor vehicle in traffic ,V1: MOPED / V2:Passenger car / V3:Passenger car / V4:Passenger car,Ice,Daylight,Cloudy,,Rte 93 N / UNKNOWN,,,,,236742.6233,900426.5825
3859531,BOSTON,31-Mar-2014,8:09 AM,Non-fatal injury,1,1,0,Single vehicle crash,V1: Backing,V1:Not reported ,V1: Collision with pedestrian ,"V1: Light truck(van, mini-van, panel, pickup, sport utility) with only four tires",Wet,Daylight,Rain/Rain,LIBERTY SQUARE / WATER STREET,,,,,P2:Pedestrian,236653.7472,900922.3785
3859433,BOSTON,31-Mar-2014,1:22 PM,Not Reported,1,0,0,Single vehicle crash,V1: Travelling straight ahead,V1:Westbound ,V1: Collision with pedestrian ,"V1: Light truck(van, mini-van, panel, pickup, sport utility) with only four tires",Wet,Daylight,Cloudy/Rain,HANOVER STREET / PARMENTER STREET,,,,,P2:Pedestrian,236684.5158,901555.7675
3788792,BOSTON,31-Mar-2014,2:03 PM,Property damage only (none injured),3,0,0,Rear-end,V1: Slowing or stopped in traffic / V2:Slowing or stopped in traffic / V3:Travelling straight ahead,V1:Eastbound / V2:Eastbound / V3:Eastbound ,V1: Collision with motor vehicle in traffic / V2: Collision with motor vehicle in traffic / V3: Collision with motor vehicle in traffic ,"V1: Light truck(van, mini-van, panel, pickup, sport utility) with only four tires / V2:Passenger car / V3:Light truck(van, mini-van, panel, pickup, sport utility) with only four tires",Dry,Daylight,Clear,,165 WILLIAM DAY BOULEVARD / 165 N STREET,,,1ST TRAVEL LANE @ LOT #2,,238575.7874,897863.1837
3788907,BOSTON,31-Mar-2014,3:19 PM,Non-fatal injury,2,3,0,Angle,V1: Travelling straight ahead / V2:Turning left,V1:Eastbound / V2:Eastbound ,V1: Collision with motor vehicle in traffic / V2: Collision with motor vehicle in traffic ,"V1: Light truck(van, mini-van, panel, pickup, sport utility) with only four tires / V2:Passenger car",Wet,Daylight,Cloudy,,GALLIVAN BOULEVARD Rte UNKNOW / 350,,,,,236000.7074,892329.2473
3793931,BOSTON,31-Mar-2014,4:20 PM,Property damage only (none injured),2,0,0,Angle,V1: Turning left / V2:Travelling straight ahead,V1:Eastbound / V2:Northbound ,V1: Collision with motor vehicle in traffic / V2: Collision with motor vehicle in traffic ,V1: Passenger car / V2:Passenger car,Dry,Daylight,Clear,,WESTERN AVENUE Rte UNKNOW / BIRMINGHAM PARKWAY,,,,,229180.0376,901281.697
3796422,BOSTON (SOUTH BOSTON),31-Mar-2014,5:11 PM,Not Reported,1,0,0,Not reported,V1: Not reported,V1:Southbound ,V1: Not reported ,V1: Passenger car,Not reported,Not reported,Not Reported,E STREET / WEST BROADWAY,,,,,,237141.719,898688.1876
3789593,BOSTON,31-Mar-2014,7:55 PM,Not Reported,1,0,0,Single vehicle crash,V1: Travelling straight ahead,V1:Not reported ,V1: Collision with pedestrian ,V1: Not reported,Wet,Dark - lighted roadway,Cloudy,WASHINGTON STREET / BAILEY STREET,,,,,P2:Pedestrian,235351.872,892598.2707
3867604,BOSTON,31-Mar-2014,11:02 PM,Non-fatal injury,2,1,0,Angle,V1: Travelling straight ahead / V2:Travelling straight ahead,V1:Northbound / V2:Westbound ,V1: Collision with motor vehicle in traffic / V2: Collision with motor vehicle in traffic ,"V1: Passenger car / V2:Light truck(van, mini-van, panel, pickup, sport utility) with only four tires",Wet,Dark - lighted roadway,Cloudy/Rain,ARLINGTON STREET / BOYLSTON STREET,,,,,,235369.5467,900249.3125
3788908,BOSTON,01-Apr-2014,5:50 AM,Property damage only (none injured),1,0,0,Single vehicle crash,V1: Travelling straight ahead,V1:Northbound ,V1: Collision with motor vehicle in traffic ,"V1: Light truck(van, mini-van, panel, pickup, sport utility) with only four tires",Dry,Dawn,Clear,,Rte 93 / UNKNOWN,,Exit 14 on Rte 93,,,237258.9796,894483.3974
3785146,BOSTON,01-Apr-2014,7:07 AM,Property damage only (none injured),3,0,0,Rear-end,V1: Slowing or stopped in traffic / V2:Slowing or stopped in traffic / V3:Travelling straight ahead,V1:Southbound / V2:Southbound / V3:Southbound ,V1: Collision with motor vehicle in traffic / V2: Collision with motor vehicle in traffic / V3: Collision with motor vehicle in traffic ,"V1: Light truck(van, mini-van, panel, pickup, sport utility) with only four tires / V2:Passenger car / V3:Passenger car",Dry,Daylight,Clear,,Rte 93 S / UNKNOWN,,Exit 24 on Rte 93 S,,,236397.1933,901565.6511
3793932,BOSTON,01-Apr-2014,9:43 AM,Property damage only (none injured),2,0,0,Rear-end,V1: Slowing or stopped in traffic / V2:Travelling straight ahead,V1:Eastbound / V2:Eastbound ,V1: Collision with motor vehicle in traffic / V2: Collision with motor vehicle in traffic ,"V1: Light truck(van, mini-van, panel, pickup, sport utility) with only four tires / V2:Passenger car",Dry,Daylight,Clear,,SOLDIERS FIELD ROAD / WESTERN AVENUE,,,WESTERN AVE OVERPASS,,231463.273,901602.7868
3785028,BOSTON,01-Apr-2014,11:37 AM,Property damage only (none injured),3,0,0,Rear-end,V1: Slowing or stopped in traffic / V2:Travelling straight ahead / V3:Travelling straight ahead,V1:Southbound / V2:Southbound / V3:Southbound ,V1: Collision with motor vehicle in traffic / V2: Collision with motor vehicle in traffic / V3: Collision with motor vehicle in traffic ,V1: Passenger car / V2:Passenger car / V3:Passenger car,Dry,Daylight,Clear,,RAMP - LEVERETT CIRCLE TO RT 93 SB Rte SR3 S / JOHN F FITZGERALD EXPRESSWAY Rte I93 S,,,LOWER DECK,,236126.7999,901904.4461
3790768,BOSTON,01-Apr-2014,12:22 PM,Non-fatal injury,3,2,0,Rear-end,V1: Slowing or stopped in traffic / V2:Slowing or stopped in traffic / V3:Travelling straight ahead,V1:Eastbound / V2:Eastbound / V3:Eastbound ,V1: Collision with motor vehicle in traffic / V2: Collision with motor vehicle in traffic / V3: Collision with motor vehicle in traffic ,"V1: Passenger car / V2:Light truck(van, mini-van, panel, pickup, sport utility) with only four tires / V3:Passenger car",Dry,Daylight,Clear,,VETERANS OF FOREIGN WARS PARKWAY Rte UNKNOW / BAKER STREET,,,,,227086.7657,893107.1877
3784051,BOSTON,01-Apr-2014,1:15 PM,Non-fatal injury,2,1,0,Angle,V1: Travelling straight ahead / V2:Travelling straight ahead,V1:Southbound / V2:Eastbound ,V1: Collision with motor vehicle in traffic / V2: Collision with motor vehicle in traffic ,"V1: Light truck(van, mini-van, panel, pickup, sport utility) with only four tires / V2:Passenger car",Dry,Daylight,Clear/Cloudy,RIVERWAY / BROOKLINE AVENUE,,,,,,232136.0747,898499.2837
3789213,BOSTON,01-Apr-2014,4:17 PM,Property damage only (none injured),2,0,0,Rear-end,V1: Travelling straight ahead / V2:Slowing or stopped in traffic,V1:Northbound / V2:Northbound ,V1: Collision with motor vehicle in traffic / V2: Collision with motor vehicle in traffic ,"V1: Passenger car / V2:Light truck(van, mini-van, panel, pickup, sport utility) with only four tires",Dry,Daylight,Clear,,JOHN F FITZGERALD EXPRESSWAY Rte I93 N / SILVER LINE WAY,,,ENTRANCE TO THE O'NIEL TUNNEL,,236459.62,899880.3934
3789236,BOSTON,01-Apr-2014,4:49 PM,Non-fatal injury,3,3,0,Rear-end,V1: Travelling straight ahead / V2:Slowing or stopped in traffic / V3:Slowing or stopped in traffic,V1:Eastbound / V2:Eastbound / V3:Eastbound ,V1: Collision with motor vehicle in traffic / V2: Collision with motor vehicle in traffic / V3: Collision with motor vehicle in traffic ,"V1: Passenger car / V2:Passenger car / V3:Light truck(van, mini-van, panel, pickup, sport utility) with only four tires",Dry,Daylight,Cloudy,,757 GALLIVAN BOULEVARD,,,WALGREENS,,237603.6994,892825.0471