Crash Number,City/Town Name,Crash Date,Crash Time,Crash Severity,Number of Vehicles,Total Nonfatal Injuries,Total Fatal Injuries,Manner of Collision,Vehicle Action Prior to Crash,Vehicle Travel Directions,Most Harmful Events,Vehicle Configuration,Road Surface Condition,Ambient Light,Weather Condition,At Roadway Intersection,Distance from Nearest Roadway Intersection,Distance from Nearest Milemarker,Distance from Nearest Exit,Distance from Nearest Landmark,Non Motorist Type,X Coordinate,Y Coordinate
3801670,BOSTON (ROSLINDALE),01-Apr-2014,5:45 PM,Not Reported,1,0,0,Not reported,V1: Not reported,V1:Not reported ,V1: Not reported ,V1: Passenger car,Not reported,Not reported,Not Reported,,100 KITTREDGE STREET,,,,,230562.9249,892451.5589
3793933,BOSTON,01-Apr-2014,7:18 PM,Property damage only (none injured),2,0,0,Angle,V1: Travelling straight ahead / V2:Travelling straight ahead,V1:Northbound / V2:Westbound ,V1: Collision with motor vehicle in traffic / V2: Collision with motor vehicle in traffic ,V1: Passenger car / V2:Passenger car,Dry,Dusk,Clear,,BIRMINGHAM PARKWAY Rte UNKNOW / WESTERN AVENUE,,,,,229180.0376,901281.697
3788909,BOSTON,02-Apr-2014,00:00 AM,Property damage only (none injured),2,0,0,"Sideswipe, same direction",V1: Changing lanes / V2:Travelling straight ahead,V1:Southbound / V2:Southbound ,V1: Collision with motor vehicle in traffic / V2: Collision with motor vehicle in traffic ,"V1: Light truck(van, mini-van, panel, pickup, sport utility) with only four tires / V2:Passenger car",Dry,Dark - lighted roadway,Clear,JOHN F FITZGERALD EXPRESSWAY Rte I93 S / RAMP - FREEPORT ST TO RT 93 SB,,,,RAMADA CUTOUT,,237153.835,894630.7105
3792825,BOSTON,02-Apr-2014,7:40 AM,Property damage only (none injured),3,0,0,Rear-end,V1: Slowing or stopped in traffic / V2:Slowing or stopped in traffic / V3:Travelling straight ahead,V1:Southbound / V2:Southbound / V3:Southbound ,V1: Collision with motor vehicle in traffic / V2: Collision with motor vehicle in traffic / V3: Collision with motor vehicle in traffic ,V1: Passenger car / V2:Passenger car / V3:Passenger car,Dry,Daylight,Clear,,Rte 93 S,,Exit 11B on Rte 93 S,93 SOUTH EXIT 11B,,237192.6452,891943.742
3786194,BOSTON,02-Apr-2014,8:03 AM,Property damage only (none injured),2,0,0,Rear-end,V1: Entering traffic lane / V2:Slowing or stopped in traffic,V1:Westbound / V2:Westbound ,V1: Collision with motor vehicle in traffic / V2: Collision with motor vehicle in traffic ,V1: Passenger car / V2:Passenger car,Dry,Daylight,Clear,MASSACHUSETTS TURNPIKE Rte I90 W / RAMP - MASSACHUSETTS AVENUE TO RT 90 WB,,,,MASS AV,,233650.7371,899794.9294
3801672,BOSTON (WEST ROXBURY),02-Apr-2014,9:35 AM,Property damage only (none injured),2,0,0,Angle,V1: Travelling straight ahead / V2:Slowing or stopped in traffic,V1:Not reported / V2:Not reported ,V1: Collision with motor vehicle in traffic / V2: Collision with motor vehicle in traffic ,"V1: Light truck(van, mini-van, panel, pickup, sport utility) with only four tires / V2:Light truck(van, mini-van, panel, pickup, sport utility) with only four tires",Dry,Daylight,Clear,LASELL STREET / LYALL STREET,,,,,,227720.3281,893449.0002
3785147,BOSTON,02-Apr-2014,10:01 AM,Property damage only (none injured),2,0,0,Rear-end,V1: Slowing or stopped in traffic / V2:Travelling straight ahead,V1:Southbound / V2:Southbound ,V1: Collision with motor vehicle in traffic / V2: Collision with motor vehicle in traffic ,"V1: Light truck(van, mini-van, panel, pickup, sport utility) with only four tires / V2:Light truck(van, mini-van, panel, pickup, sport utility) with only four tires",Dry,Daylight,Clear,,RAMP - LEVERETT CIRCLE TO RT 93 SB Rte SR3 S / JOHN F FITZGERALD EXPRESSWAY Rte I93 S,,,LOWER DECK,,236108.9489,901922.5677
3792013,BOSTON,02-Apr-2014,10:03 AM,Property damage only (none injured),2,0,0,"Sideswipe, same direction",V1: Travelling straight ahead / V2:Travelling straight ahead,V1:Eastbound / V2:Eastbound ,V1: Collision with motor vehicle in traffic / V2: Collision with motor vehicle in traffic ,"V1: Light truck(van, mini-van, panel, pickup, sport utility) with only four tires / V2:Bus (seats for 7-15 people, including driver)",Dry,Daylight,Clear,EAST BOSTON EXPRESSWAY / RAMP - AIRPORT ROAD TO RT 90 EB/ RT 1A N,,,,,,238536.8125,902660.2452
3789122,BOSTON,02-Apr-2014,1:27 PM,Property damage only (none injured),2,0,0,Angle,V1: Travelling straight ahead / V2:Changing lanes,V1:Eastbound / V2:Eastbound ,V1: Collision with motor vehicle in traffic / V2: Collision with motor vehicle in traffic ,"V1: Light truck(van, mini-van, panel, pickup, sport utility) with only four tires / V2:Light truck(van, mini-van, panel, pickup, sport utility) with only four tires",Dry,Daylight,Cloudy,STORROW DRIVE Rte SR28 N / RAMP TO CHARLES CIRCLE,,,,PRIOR TO CHARLES CIR,,235254.3907,901130.5454
3793935,BOSTON,02-Apr-2014,1:35 PM,Property damage only (none injured),2,0,0,Rear-end,V1: Slowing or stopped in traffic / V2:Travelling straight ahead,V1:Westbound / V2:Westbound ,V1: Collision with motor vehicle in traffic / V2: Collision with motor vehicle in traffic ,"V1: Light truck(van, mini-van, panel, pickup, sport utility) with only four tires / V2:Passenger car",Dry,Daylight,Clear,STORROW DRIVE / CHARLESGATE OVERPASS,,,,FROM BOWKER OVERPASS,,233287.6718,900098.5623
3789332,BOSTON,02-Apr-2014,3:15 PM,Property damage only (none injured),4,0,0,Rear-end,V1: Travelling straight ahead / V2:Travelling straight ahead / V3:Travelling straight ahead / V4:Travelling straight ahead,V1:Northbound / V2:Northbound / V3:Northbound / V4:Northbound ,V1: Collision with motor vehicle in traffic / V2: Collision with motor vehicle in traffic / V3: Collision with motor vehicle in traffic / V4: Collision with moped ,"V1: Light truck(van, mini-van, panel, pickup, sport utility) with only four tires / V2:Passenger car / V3:Passenger car / V4:Passenger car",Dry,Daylight,Clear,,Rte 93 N / UNKNOWN,,Exit 23 on Rte 93 N,,,236957.4837,900943.9828
3792712,BOSTON,02-Apr-2014,3:50 PM,Property damage only (none injured),3,0,0,Rear-end,V1: Travelling straight ahead / V2:Slowing or stopped in traffic / V3:Travelling straight ahead,V1:Southbound / V2:Southbound / V3:Southbound ,V1: Collision with motor vehicle in traffic / V2: Collision with motor vehicle in traffic / V3: Collision with motor vehicle in traffic ,"V1: Light truck(van, mini-van, panel, pickup, sport utility) with only four tires / V2:Passenger car / V3:Passenger car",Dry,Daylight,Clear,,Rte 93 S / UNKNOWN,,Exit 15 on Rte 93 S,,,236629.6253,897168.5001
3789333,BOSTON,02-Apr-2014,6:00 PM,Property damage only (none injured),5,0,0,Rear-end,V1: Travelling straight ahead / V2:Travelling straight ahead / V3:Travelling straight ahead / V4:Travelling straight ahead / V5:Travelling straight ahead,V1:Northbound / V2:Northbound / V3:Northbound / V4:Northbound / V5:Northbound ,V1: Collision with motor vehicle in traffic / V2: Collision with motor vehicle in traffic / V3: Collision with motor vehicle in traffic / V4: Collision with motor vehicle in traffic / V5: Collision with motor vehicle in traffic ,"V1: Light truck(van, mini-van, panel, pickup, sport utility) with only four tires / V2:Passenger car / V3:Passenger car / V4:Passenger car / V5:Passenger car",Dry,Daylight,Clear,,Rte 93 N / UNKNOWN,,,O'NEILL TUNNEL,,,
3790222,BOSTON,02-Apr-2014,10:20 PM,Property damage only (none injured),1,0,0,Single vehicle crash,V1: Travelling straight ahead,V1:Eastbound ,V1: Collision with light pole or other post/support ,V1: Passenger car,Dry,Dark - lighted roadway,Clear,,MORTON STREET Rte UNKNOW / CANTERBURY STREET,,,,,233302.1557,893677.645
3786482,BOSTON,02-Apr-2014,11:25 PM,Property damage only (none injured),2,0,0,Angle,V1: Travelling straight ahead / V2:Travelling straight ahead,V1:Southbound / V2:Eastbound ,V1: Collision with motor vehicle in traffic / V2: Collision with motor vehicle in traffic ,V1: Passenger car / V2:Passenger car,Dry,Dark - lighted roadway,Clear,BROOKLINE AVENUE / RIVERWAY,,,,,,232136.0747,898499.2837
4022178,BOSTON,03-Apr-2014,00:00 AM,Not Reported,2,0,0,Head-on,V1: Travelling straight ahead / V2:Travelling straight ahead,V1:Not reported / V2:Not reported ,V1: Collision with motor vehicle in traffic / V2: Collision with motor vehicle in traffic ,"V1: Light truck(van, mini-van, panel, pickup, sport utility) with only four tires / V2:Passenger car",Dry,Daylight,Cloudy/Rain,CHESTERTON STREET / MASSACHUSETTS AVENUE,,,,,,235439.9063,897871.3751
3979117,BOSTON,03-Apr-2014,1:40 AM,Fatal injury,1,0,1,Not reported,V1: Turning right,V1:Not reported ,"V1: Collision with cyclist (bicycle, tricycle, unicycle, pedal car) ",V1: Single-unit truck (3-or-more axles),Not reported,Daylight,Clear,CAMBRIDGE STREET / SPICE STREET,,,,,"P2:Pedalcyclist (bicycle, tricycle, unicycle, pedal car)",234965.6535,903759.4237
3794217,BOSTON (ROXBURY),03-Apr-2014,2:00 AM,Not Reported,2,0,0,"Sideswipe, same direction",V1: Parked / V2:Travelling straight ahead,V1:Not reported / V2:Not reported ,V1: Collision with motor vehicle in traffic / V2: Collision with parked motor vehicle ,"V1: Light truck(van, mini-van, panel, pickup, sport utility) with only four tires / V2:Passenger car",Dry,Dark - lighted roadway,Clear,,58 JULIAN STREET,,,,,235044.4568,896605.3564
3901571,BOSTON (MATTAPAN),03-Apr-2014,6:14 AM,Not Reported,2,0,0,Not reported,V1: Not reported / V2:Not reported,V1:Not reported / V2:Not reported ,V1: Not reported / V2: Not reported ,"V1: Passenger car / V2:Bus (seats for more than 15 people, including driver)",Not reported,Not reported,Not Reported,,592 CUMMINS HIGHWAY,,,,,232365.6986,891446.5351
3789109,BOSTON,03-Apr-2014,8:19 AM,Property damage only (none injured),2,0,0,"Sideswipe, same direction",V1: Changing lanes / V2:Travelling straight ahead,V1:Southbound / V2:Southbound ,V1: Collision with motor vehicle in traffic / V2: Collision with motor vehicle in traffic ,"V1: Light truck(van, mini-van, panel, pickup, sport utility) with only four tires / V2:Truck/trailer",Dry,Daylight,Clear,,Rte 93 S / ALBANY STREET,,,SOUTH OF ALBANY STREET ON RAMP,,235956.6798,898950.3127
3790210,BOSTON,03-Apr-2014,8:44 AM,Property damage only (none injured),2,0,0,Rear-end,V1: Travelling straight ahead / V2:Slowing or stopped in traffic,V1:Eastbound / V2:Eastbound ,V1: Collision with motor vehicle in traffic / V2: Collision with motor vehicle in traffic ,"V1: Light truck(van, mini-van, panel, pickup, sport utility) with only four tires / V2:Light truck(van, mini-van, panel, pickup, sport utility) with only four tires",Dry,Daylight,Clear,,COLUMBIA ROAD Rte UNKNOW / DORCHESTER AVENUE,,,,,236535.6564,896787.6252
3789123,BOSTON,03-Apr-2014,8:55 AM,Property damage only (none injured),2,0,0,Rear-end,V1: Slowing or stopped in traffic / V2:Travelling straight ahead,V1:Northbound / V2:Northbound ,V1: Collision with motor vehicle in traffic / V2: Collision with motor vehicle in traffic ,"V1: Light truck(van, mini-van, panel, pickup, sport utility) with only four tires / V2:Passenger car",Dry,Daylight,Clear,,0 feet S from Intersection RIVERWAY / LONGWOOD AVENUE,,,,,232142.9084,898941.3686
3820598,BOSTON,03-Apr-2014,10:20 AM,Property damage only (none injured),2,0,0,"Sideswipe, same direction",V1: Travelling straight ahead / V2:Entering traffic lane,V1:Northbound / V2:Northbound ,V1: Collision with motor vehicle in traffic / V2: Collision with motor vehicle in traffic ,"V1: Passenger car / V2:Light truck(van, mini-van, panel, pickup, sport utility) with only four tires",Dry,Daylight,Clear,JOHN F FITZGERALD EXPRESSWAY Rte I93 N / RAMP - RT 3A NB TO RT 93 NB,,,,,,237634.4299,893472.9536
3790451,BOSTON,03-Apr-2014,3:00 PM,Property damage only (none injured),2,0,0,Rear-end,V1: Travelling straight ahead / V2:Travelling straight ahead,V1:Southbound / V2:Southbound ,V1: Collision with motor vehicle in traffic / V2: Collision with motor vehicle in traffic ,"V1: Light truck(van, mini-van, panel, pickup, sport utility) with only four tires / V2:Passenger car",Dry,Daylight,Clear,,Rte 93 S,,Exit 15 on Rte 93,,,236629.6253,897168.5001
3785237,BOSTON,03-Apr-2014,3:27 PM,Property damage only (none injured),2,0,0,Angle,V1: Travelling straight ahead / V2:Travelling straight ahead,V1:Westbound / V2:Southbound ,V1: Collision with motor vehicle in traffic / V2: Collision with motor vehicle in traffic ,V1: Passenger car / V2:Passenger car,Dry,Daylight,Clear,,COMMONWEALTH AVENUE Rte UNKNOW W / CHARLESGATE WEST,,,,,233546.2741,899931.2545
3788778,BOSTON,03-Apr-2014,7:55 PM,Property damage only (none injured),2,0,0,Angle,V1: Travelling straight ahead / V2:Changing lanes,V1:Southbound / V2:Southbound ,V1: Collision with motor vehicle in traffic / V2: Collision with motor vehicle in traffic ,"V1: Passenger car / V2:Light truck(van, mini-van, panel, pickup, sport utility) with only four tires",Dry,Dark - lighted roadway,Clear,,JAMAICAWAY Rte UNKNOW / PERKINS STREET,,,,,231606.1562,896796.9999
3791669,BOSTON,03-Apr-2014,11:10 PM,Property damage only (none injured),2,0,0,Rear-end,V1: Travelling straight ahead / V2:Slowing or stopped in traffic,V1:Southbound / V2:Southbound ,V1: Collision with motor vehicle in traffic / V2: Collision with motor vehicle in traffic ,V1: Passenger car / V2:Passenger car,Dry,Dark - lighted roadway,Clear,,Rte 93 S,,Exit 12 on Rte 93 S,,,237620.5493,892713.0989
3790211,BOSTON,04-Apr-2014,7:25 AM,Property damage only (none injured),3,0,0,Angle,V1: Travelling straight ahead / V2:Travelling straight ahead / V3:Travelling straight ahead,V1:Eastbound / V2:Southbound / V3:Southbound ,V1: Collision with motor vehicle in traffic / V2: Collision with motor vehicle in traffic / V3: Collision with motor vehicle in traffic ,"V1: Passenger car / V2:Passenger car / V3:Light truck(van, mini-van, panel, pickup, sport utility) with only four tires",Dry,Daylight,Clear,WILLIAM T MORRISSEY BOULEVARD / NEPONSET AVENUE,,,,,,237696.0819,892924.3425
3789214,BOSTON,04-Apr-2014,8:00 AM,Non-fatal injury,3,5,0,Rear-end,V1: Travelling straight ahead / V2:Slowing or stopped in traffic / V3:Slowing or stopped in traffic,V1:Southbound / V2:Southbound / V3:Southbound ,V1: Collision with motor vehicle in traffic / V2: Collision with motor vehicle in traffic / V3: Collision with motor vehicle in traffic ,"V1: Passenger car / V2:Light truck(van, mini-van, panel, pickup, sport utility) with only four tires / V3:Passenger car",Dry,Daylight,Clear,,Rte 93 S / UNKNOWN,,Exit 24 on Rte 93 S,,,236397.1933,901565.6511
3785469,BOSTON,04-Apr-2014,8:55 AM,Property damage only (none injured),2,0,0,Rear-end,V1: Travelling straight ahead / V2:Slowing or stopped in traffic,V1:Northbound / V2:Northbound ,V1: Collision with motor vehicle in traffic / V2: Collision with motor vehicle in traffic ,"V1: Passenger car / V2:Light truck(van, mini-van, panel, pickup, sport utility) with only four tires",Dry,Daylight,Clear,,Rte 93 N,,Exit 26 on Rte 93 N,,,236402.7433,901600.0342
3791837,BOSTON,04-Apr-2014,9:15 AM,Property damage only (none injured),2,0,0,"Sideswipe, same direction",V1: Changing lanes / V2:Travelling straight ahead,V1:Northbound / V2:Northbound ,V1: Collision with motor vehicle in traffic / V2: Collision with motor vehicle in traffic ,"V1: Single-unit truck (2-axle, 6-tire) / V2:Passenger car",Dry,Daylight,Clear,,Rte 90 E,,Exit 18 on Rte 90 E,,,230714.9765,900764.6942
3792826,BOSTON,04-Apr-2014,9:15 AM,Property damage only (none injured),2,0,0,Rear-end,V1: Travelling straight ahead / V2:Slowing or stopped in traffic,V1:Northbound / V2:Northbound ,V1: Collision with motor vehicle in traffic / V2: Collision with motor vehicle in traffic ,V1: Passenger car / V2:Passenger car,Dry,Daylight,Clear,,Rte 93 N / UNKNOWN,,Exit 11 on Rte 93 N,,,237094.7253,891674.8051
3791456,BOSTON,04-Apr-2014,10:34 AM,Non-fatal injury,2,1,0,Head-on,V1: Other / V2:Travelling straight ahead,V1:Northbound / V2:Eastbound ,V1: Collision with motor vehicle in traffic / V2: Collision with motor vehicle in traffic ,"V1: Light truck(van, mini-van, panel, pickup, sport utility) with only four tires / V2:Passenger car",Dry,Daylight,Clear,,MORTON STREET Rte UNKNOW / HARVARD STREET,,,,,233493.5311,893100.9999
3867607,BOSTON,04-Apr-2014,11:30 AM,Not Reported,2,0,0,Not reported,V1: Travelling straight ahead / V2:Travelling straight ahead,V1:Northbound / V2:Not reported ,V1: Collision with motor vehicle in traffic / V2: Collision with motor vehicle in traffic ,"V1: Light truck(van, mini-van, panel, pickup, sport utility) with only four tires / V2:Passenger car",Not reported,Not reported,Not Reported,HARRISON AVENUE / MALDEN STREET,,,,,,235545.7658,898939.4998
3790761,BOSTON,04-Apr-2014,12:00 PM,Property damage only (none injured),2,0,0,Angle,V1: Leaving traffic lane / V2:Travelling straight ahead,V1:Eastbound / V2:Southbound ,V1: Collision with motor vehicle in traffic / V2: Collision with motor vehicle in traffic ,V1: Passenger car / V2:Passenger car,Dry,Daylight,Clear,,COLUMBIA ROAD Rte UNKNOW / BUTTONWOOD STREET,,,,,236609.5872,896844.6625
3790223,BOSTON,04-Apr-2014,3:30 PM,Property damage only (none injured),1,0,0,Single vehicle crash,V1: Travelling straight ahead,V1:Westbound ,V1: Collision with tree ,V1: Passenger car,Dry,Daylight,Clear,,ENNEKING PARKWAY,,,,,,
3908823,BOSTON (MATTAPAN),04-Apr-2014,5:00 PM,Property damage only (none injured),2,0,0,Rear-end,V1: Travelling straight ahead / V2:Travelling straight ahead,V1:Not reported / V2:Not reported ,V1: Collision with motor vehicle in traffic / V2: Collision with motor vehicle in traffic ,"V1: Passenger car / V2:Light truck(van, mini-van, panel, pickup, sport utility) with only four tires",Dry,Daylight,Cloudy/Cloudy,,249 RIVER STREET,,,,,234509.3509,891290.7812
3785153,BOSTON,04-Apr-2014,6:00 PM,Property damage only (none injured),2,0,0,Angle,V1: Travelling straight ahead / V2:Turning left,V1:Northbound / V2:Southbound ,V1: Collision with motor vehicle in traffic / V2: Collision with motor vehicle in traffic ,V1: Passenger car / V2:Passenger car,Dry,Daylight,Cloudy,,RIVERWAY Rte UNKNOW / AUTUMN STREET,,,,,232105.411,898811.5289
3793937,BOSTON,04-Apr-2014,6:06 PM,Property damage only (none injured),2,0,0,Rear-end,V1: Slowing or stopped in traffic / V2:Travelling straight ahead,V1:Eastbound / V2:Eastbound ,V1: Collision with motor vehicle in traffic / V2: Collision with motor vehicle in traffic ,V1: Passenger car / V2:Passenger car,Dry,Dark - lighted roadway,Clear,WESTERN AVENUE / RAMP - WESTERN AVE TO SOLDIERS FIELD RD,,,,MCHUGH O/P TO BIRMINGHAM PARKWAY,,229126.9975,901289.7165
3789630,BOSTON (DORCHESTER),04-Apr-2014,7:18 PM,Property damage only (none injured),2,0,0,"Sideswipe, opposite direction",V1: Travelling straight ahead / V2:Travelling straight ahead,V1:Westbound / V2:Eastbound ,V1: Collision with motor vehicle in traffic / V2: Collision with motor vehicle in traffic ,V1: Passenger car / V2:Passenger car,Dry,Dusk,Cloudy,,CHARLES STREET / DORCHESTER AVENUE,,,,,236279.5468,894568.9377
3789624,BOSTON (DORCHESTER),04-Apr-2014,9:15 PM,Property damage only (none injured),1,0,0,Single vehicle crash,V1: Turning left,V1:Not reported ,V1: Not reported ,"V1: Light truck(van, mini-van, panel, pickup, sport utility) with only four tires",Wet,Dark - lighted roadway,Rain/Rain,WASHINGTON STREET / MORTON STREET,,,,,P2:Pedestrian,235464.1249,891559.4375
3785148,BOSTON,04-Apr-2014,9:45 PM,Property damage only (none injured),1,0,0,Single vehicle crash,V1: Travelling straight ahead,V1:Southbound ,V1: Other ,V1: Passenger car,Wet,Dark - lighted roadway,Cloudy/Rain,JOHN F FITZGERALD EXPRESSWAY Rte I93 S / WASHINGTON STREET,,,,LINCOLN STREET ON RAMP MERGE,,236268.7948,899989.2841
3791064,BOSTON (DORCHESTER),04-Apr-2014,11:14 PM,Non-fatal injury,3,4,0,Rear-end,V1: Slowing or stopped in traffic / V2:Slowing or stopped in traffic / V3:Slowing or stopped in traffic,V1:Northbound / V2:Northbound / V3:Northbound ,V1: Collision with motor vehicle in traffic / V2: Collision with motor vehicle in traffic / V3: Collision with motor vehicle in traffic ,V1: Passenger car / V2:Passenger car / V3:Passenger car,Wet,Dark - lighted roadway,Rain/Rain,GRANITE AVENUE / GALLIVAN BOULEVARD,,,,,,236643.2967,892556.1249
3793938,BOSTON,05-Apr-2014,11:58 AM,Property damage only (none injured),3,0,0,Rear-end,V1: Slowing or stopped in traffic / V2:Slowing or stopped in traffic / V3:Slowing or stopped in traffic,V1:Eastbound / V2:Eastbound / V3:Eastbound ,V1: Collision with motor vehicle in traffic / V2: Collision with motor vehicle in traffic / V3: Collision with motor vehicle in traffic ,"V1: Light truck(van, mini-van, panel, pickup, sport utility) with only four tires / V2:Light truck(van, mini-van, panel, pickup, sport utility) with only four tires / V3:Light truck(van, mini-van, panel, pickup, sport utility) with only four tires",Dry,Daylight,Clear,,STORROW DRIVE / UNIVERSITY ROAD,,,,,232201.2781,900204.2754
3794165,BOSTON,05-Apr-2014,1:30 PM,Non-fatal injury,2,1,0,Angle,V1: Travelling straight ahead / V2:Turning left,V1:Southbound / V2:Southbound ,V1: Collision with motor vehicle in traffic / V2: Collision with motor vehicle in traffic ,V1: Passenger car / V2:Passenger car,Dry,Daylight,Clear,,MASSACHUSETTS AVENUE Rte SR2A E / MASSACHUSETTS AVENUE Rte SR2A W,,,CENTER OF MASS AVE BRIDGE,,233729.7106,900372.6207
3790225,BOSTON,05-Apr-2014,5:12 PM,Property damage only (none injured),2,0,0,Rear-end,V1: Travelling straight ahead / V2:Slowing or stopped in traffic,V1:Northbound / V2:Northbound ,V1: Not reported / V2: Not reported ,V1: Passenger car / V2:Passenger car,Dry,Daylight,Clear,,1153 CENTRE STREET,,,FAULKNER HOSPITAL,,230684.0039,894480.4532
3789334,BOSTON,05-Apr-2014,6:22 PM,Property damage only (none injured),2,0,0,"Sideswipe, same direction",V1: Travelling straight ahead / V2:Travelling straight ahead,V1:Southbound / V2:Southbound ,V1: Collision with motor vehicle in traffic / V2: Collision with motor vehicle in traffic ,"V1: Light truck(van, mini-van, panel, pickup, sport utility) with only four tires / V2:Light truck(van, mini-van, panel, pickup, sport utility) with only four tires",Dry,Dusk,Clear,,JOHN F FITZGERALD EXPRESSWAY Rte I93 S / RAMP - SURFACE ARTERY TO RT 93 SB,,,EXIT PORTAL,,236268.4513,899987.8477
3785029,BOSTON,05-Apr-2014,7:48 PM,Property damage only (none injured),1,0,0,Single vehicle crash,V1: Travelling straight ahead,V1:Southbound ,V1: Collision with median barrier ,V1: Passenger car,Dry,Dark - lighted roadway,Clear,,Rte 93 S / UNKNOWN,,,,,236156.3149,899504.8183
3791068,BOSTON (ALLSTON),06-Apr-2014,6:36 AM,Non-fatal injury,5,1,0,Rear-end,V1: Travelling straight ahead / V2:Parked / V3:Parked / V4:Slowing or stopped in traffic / V5:Slowing or stopped in traffic,V1:Not reported / V2:Not reported / V3:Not reported / V4:Not reported / V5:Not reported ,V1: Collision with parked motor vehicle / V2: Collision with parked motor vehicle / V3: Collision with parked motor vehicle / V4: Collision with parked motor vehicle / V5: Collision with parked motor vehicle ,"V1: Light truck(van, mini-van, panel, pickup, sport utility) with only four tires / V2:Passenger car / V3:Passenger car / V4:Passenger car / V5:Passenger car",Dry,Daylight,Clear,,117 WESTERN AVENUE,,,,,231041.8971,901540.4056
3799764,BOSTON,06-Apr-2014,9:12 AM,Non-fatal injury,2,2,0,Angle,V1: Travelling straight ahead / V2:Travelling straight ahead,V1:Westbound / V2:Northbound ,V1: Collision with motor vehicle in traffic / V2: Collision with motor vehicle in traffic ,"V1: Passenger car / V2:Light truck(van, mini-van, panel, pickup, sport utility) with only four tires",Dry,Daylight,Clear,RIVERWAY / BROOKLINE AVENUE,,,,,,232136.0747,898499.2837
3789430,BOSTON,06-Apr-2014,11:28 AM,Property damage only (none injured),3,0,0,Rear-end,V1: Slowing or stopped in traffic / V2:Slowing or stopped in traffic / V3:Travelling straight ahead,V1:Westbound / V2:Westbound / V3:Westbound ,V1: Collision with motor vehicle in traffic / V2: Collision with motor vehicle in traffic / V3: Collision with motor vehicle in traffic ,V1: Passenger car / V2:Passenger car / V3:Passenger car,Dry,Daylight,Clear,,STORROW DRIVE Rte SR28 S / RAMP - RT 3 TO RT 28 SB,,,CHARLES CIRCLE,,235193.7123,901287.3041
3785149,BOSTON,06-Apr-2014,12:15 PM,Property damage only (none injured),2,0,0,Angle,V1: Changing lanes / V2:Travelling straight ahead,V1:Eastbound / V2:Westbound ,V1: Collision with motor vehicle in traffic / V2: Collision with motor vehicle in traffic ,V1: Passenger car / V2:Passenger car,Dry,Daylight,Clear,,Rte 90 E / UNKNOWN,,Exit 18 on Rte 90 E,,,230714.9765,900764.6942
3790214,BOSTON,06-Apr-2014,12:21 PM,Property damage only (none injured),2,0,0,Rear-end,V1: Travelling straight ahead / V2:Slowing or stopped in traffic,V1:Northbound / V2:Northbound ,V1: Collision with motor vehicle in traffic / V2: Collision with motor vehicle in traffic ,"V1: Light truck(van, mini-van, panel, pickup, sport utility) with only four tires / V2:Light truck(van, mini-van, panel, pickup, sport utility) with only four tires",Dry,Daylight,Clear,,Rte 93 N / UNKNOWN,,Exit 14 on Rte 93 N,,,237258.9796,894483.3974
3790507,BOSTON (BRIGHTON),06-Apr-2014,12:51 PM,Property damage only (none injured),2,0,0,"Sideswipe, same direction",V1: Backing / V2:Not reported,V1:Not reported / V2:Not reported ,V1: Collision with parked motor vehicle / V2: Not reported ,V1: Passenger car / V2:Passenger car,Dry,Dark - lighted roadway,Clear,,29 COLBURN STREET,,,,,232026.2008,897888.4277
3789215,BOSTON,06-Apr-2014,2:04 PM,Property damage only (none injured),2,0,0,Rear-to-rear,V1: Travelling straight ahead / V2:Slowing or stopped in traffic,V1:Northbound / V2:Northbound ,V1: Collision with motor vehicle in traffic / V2: Collision with motor vehicle in traffic ,"V1: Passenger car / V2:Light truck(van, mini-van, panel, pickup, sport utility) with only four tires",Dry,Daylight,Clear,,Rte 93 N / UNKNOWN,,,,,236742.6233,900426.5825
3789335,BOSTON,06-Apr-2014,2:16 PM,Property damage only (none injured),2,0,0,Rear-end,V1: Slowing or stopped in traffic / V2:Travelling straight ahead,V1:Westbound / V2:Westbound ,V1: Collision with motor vehicle in traffic / V2: Collision with motor vehicle in traffic ,"V1: Light truck(van, mini-van, panel, pickup, sport utility) with only four tires / V2:Passenger car",Dry,Daylight,Clear,,MASSACHUSETTS TURNPIKE Rte I90 E,,,PRU-TUNNEL,,234525.2998,899769.2587