Crash Number,City/Town Name,Crash Date,Crash Time,Crash Severity,Number of Vehicles,Total Nonfatal Injuries,Total Fatal Injuries,Manner of Collision,Vehicle Action Prior to Crash,Vehicle Travel Directions,Most Harmful Events,Vehicle Configuration,Road Surface Condition,Ambient Light,Weather Condition,At Roadway Intersection,Distance from Nearest Roadway Intersection,Distance from Nearest Milemarker,Distance from Nearest Exit,Distance from Nearest Landmark,Non Motorist Type,X Coordinate,Y Coordinate
3789216,BOSTON,06-Apr-2014,2:34 PM,Property damage only (none injured),4,0,0,Rear-end,V1: Slowing or stopped in traffic / V2:Slowing or stopped in traffic / V3:Travelling straight ahead / V4:Travelling straight ahead,V1:Northbound / V2:Northbound / V3:Northbound / V4:Northbound ,V1: Collision with motor vehicle in traffic / V2: Collision with motor vehicle in traffic / V3: Collision with motor vehicle in traffic / V4: Collision with motor vehicle in traffic ,"V1: Passenger car / V2:Passenger car / V3:Light truck(van, mini-van, panel, pickup, sport utility) with only four tires / V4:Passenger car",Dry,Daylight,Clear,,Rte 93 N / UNKNOWN,,Exit 20 on Rte 93 N,,,235935.6734,898219.8317
3789586,BOSTON (DORCHESTER),06-Apr-2014,4:23 PM,Property damage only (none injured),2,0,0,"Sideswipe, same direction",V1: Travelling straight ahead / V2:Slowing or stopped in traffic,V1:Southbound / V2:Not reported ,V1: Collision with motor vehicle in traffic / V2: Collision with parked motor vehicle ,"V1: Light truck(van, mini-van, panel, pickup, sport utility) with only four tires / V2:Passenger car",Dry,Daylight,Clear/Clear,,84 SAVIN HILL AVENUE,,,,,236689.3755,895855.0606
3790452,BOSTON,06-Apr-2014,6:08 PM,Property damage only (none injured),2,0,0,Rear-end,V1: Travelling straight ahead / V2:Travelling straight ahead,V1:Southbound / V2:Southbound ,V1: Collision with motor vehicle in traffic / V2: Collision with motor vehicle in traffic ,"V1: Light truck(van, mini-van, panel, pickup, sport utility) with only four tires / V2:Light truck(van, mini-van, panel, pickup, sport utility) with only four tires",Dry,Daylight,Not Reported,,GENERAL CASIMIR PULASKI SKYWAY Rte 93 S / COLUMBIA ROAD,,,,,236787.0013,896862.7653
3789336,BOSTON,06-Apr-2014,8:22 PM,Property damage only (none injured),2,0,0,"Sideswipe, same direction",V1: Travelling straight ahead / V2:Turning left,V1:Northbound / V2:Northbound ,V1: Collision with motor vehicle in traffic / V2: Collision with motor vehicle in traffic ,"V1: Passenger car / V2:Light truck(van, mini-van, panel, pickup, sport utility) with only four tires",Dry,Dark - lighted roadway,Clear,MASSACHUSETTS AVENUE CONNECTOR / FRONTAGE ROAD,,,,FRONTAGE ROAD @ MASS AVE,,235865.0173,898419.1854
3791447,BOSTON,06-Apr-2014,10:41 PM,Non-fatal injury,2,1,0,Rear-end,V1: Travelling straight ahead / V2:Slowing or stopped in traffic,V1:Eastbound / V2:Eastbound ,V1: Collision with motor vehicle in traffic / V2: Collision with motor vehicle in traffic ,V1: Passenger car / V2:Passenger car,Dry,Dark - lighted roadway,Cloudy,,LOGAN AIRPORT TERMINAL B / AIRPORT ROAD - ARRIVAL LEVEL,,,,,239529.8587,901728.4867
3908811,BOSTON (DORCHESTER),07-Apr-2014,4:00 AM,Not Reported,1,0,0,Not reported,V1: Not reported,V1:Not reported ,V1: Not reported ,V1: Unknown vehicle configuration,Not reported,Not reported,Not Reported,BLUE HILL AVENUE / TALBOT AVENUE,,,,,,233988.4687,893907.875
3790215,BOSTON,07-Apr-2014,7:42 AM,Property damage only (none injured),2,0,0,Rear-end,V1: Slowing or stopped in traffic / V2:Slowing or stopped in traffic,V1:Northbound / V2:Northbound ,V1: Collision with motor vehicle in traffic / V2: Collision with motor vehicle in traffic ,V1: Passenger car / V2:Passenger car,Dry,Daylight,Clear,,Rte 93 N,,Exit 14 on Rte 93 N,93N EXIT 14,,237258.9796,894483.3974
3792163,BOSTON (BRIGHTON),07-Apr-2014,7:56 AM,Not Reported,2,0,0,Angle,V1: Travelling straight ahead / V2:Parked,V1:Not reported / V2:Not reported ,V1: Collision with motor vehicle in traffic / V2: Collision with motor vehicle in traffic ,V1: Passenger car / V2:Passenger car,Dry,Daylight,Clear/Clear,WASHINGTON STREET / OAK SQUARE AVENUE,,,,,,227661.8905,899961.375
3792901,BOSTON,07-Apr-2014,10:55 AM,Property damage only (none injured),2,0,0,Angle,V1: Entering traffic lane / V2:Slowing or stopped in traffic,V1:Southbound / V2:Southbound ,V1: Collision with motor vehicle in traffic / V2: Collision with motor vehicle in traffic ,"V1: Light truck(van, mini-van, panel, pickup, sport utility) with only four tires / V2:Light truck(van, mini-van, panel, pickup, sport utility) with only four tires",Dry,Daylight,Cloudy,,CAMBRIDGE STREET / CHARLES STREET CIRCLE,,,,,235416.6999,901255.0377
3786278,BOSTON,07-Apr-2014,12:32 PM,Property damage only (none injured),3,0,0,Rear-end,V1: Turning right / V2:Slowing or stopped in traffic / V3:Slowing or stopped in traffic,V1:Southbound / V2:Southbound / V3:Southbound ,V1: Collision with motor vehicle in traffic / V2: Collision with motor vehicle in traffic / V3: Collision with motor vehicle in traffic ,"V1: Passenger car / V2:Passenger car / V3:Light truck(van, mini-van, panel, pickup, sport utility) with only four tires",Dry,Daylight,Cloudy,RAMP - RT 93 SB TO MASSACHUSETTS AVENUE / JOHN F FITZGERALD EXPRESSWAY Rte I93 S / RAMP - ALBANY STREET TO RT 93 SB,,,,ALBANY ST,,236013.2782,899092.9984
3786195,BOSTON,07-Apr-2014,2:38 PM,Property damage only (none injured),1,0,0,Single vehicle crash,V1: Travelling straight ahead,V1:Southbound ,V1: Collision with median barrier ,"V1: Light truck(van, mini-van, panel, pickup, sport utility) with only four tires",Dry,Dark - lighted roadway,Clear,JOHN F FITZGERALD EXPRESSWAY Rte I93 S / RAMP - RT 93 SB TO RT 90 WB,,,Exit 20A on Rte 93 SB,,,236954.1212,900827.5807
3788896,BOSTON,07-Apr-2014,5:24 PM,Property damage only (none injured),2,0,0,Angle,V1: Travelling straight ahead / V2:Travelling straight ahead,V1:Eastbound / V2:Eastbound ,V1: Collision with motor vehicle in traffic / V2: Collision with motor vehicle in traffic ,V1: Passenger car / V2:Passenger car,Dry,Daylight,Cloudy,STORROW DRIVE / CHARLESGATE OVERPASS,,,,CHARLESGATE EAST RAMP TO STORROW,,233992.7434,900260.9984
3788910,BOSTON,07-Apr-2014,6:08 PM,Non-fatal injury,2,4,0,Angle,V1: Entering traffic lane / V2:Travelling straight ahead,V1:Southbound / V2:Westbound ,V1: Collision with motor vehicle in traffic / V2: Collision with motor vehicle in traffic ,"V1: Light truck(van, mini-van, panel, pickup, sport utility) with only four tires / V2:Passenger car",Dry,Daylight,Cloudy,,GALLIVAN BOULEVARD Rte UNKNOW / MYRTLEBANK AVENUE,,,,,236774.2971,892575.3126
3786279,BOSTON,08-Apr-2014,00:00 AM,Property damage only (none injured),1,0,0,Single vehicle crash,V1: Travelling straight ahead,V1:Northbound ,V1: Collision with guardrail ,"V1: Light truck(van, mini-van, panel, pickup, sport utility) with only four tires",Wet,Dark - lighted roadway,Rain,,Rte 93 N / UNKNOWN,,Exit 23 on Rte 93 N,,,236957.4837,900943.9828
3794613,BOSTON,08-Apr-2014,4:34 AM,Property damage only (none injured),1,0,0,Single vehicle crash,V1: Travelling straight ahead,V1:Southbound ,V1: Collision with median barrier ,V1: Passenger car,Wet,Dark - lighted roadway,Rain,,Rte 93 S,,Exit 12 on Rte 93 S,,,237620.5493,892713.0989
3859135,BOSTON,08-Apr-2014,7:36 AM,Non-fatal injury,1,1,0,Single vehicle crash,V1: Travelling straight ahead,V1:Westbound ,V1: Collision with pedestrian ,"V1: Light truck(van, mini-van, panel, pickup, sport utility) with only four tires",Wet,Daylight,Rain/Rain,,325 CAMBRIDGE STREET,,,,P2:Pedestrian,235454.8003,901274.8201
3792902,BOSTON,08-Apr-2014,8:15 AM,Non-fatal injury,2,1,0,Rear-end,V1: Slowing or stopped in traffic / V2:Travelling straight ahead,V1:Northbound / V2:Northbound ,V1: Collision with motor vehicle in traffic / V2: Collision with motor vehicle in traffic ,"V1: Light truck(van, mini-van, panel, pickup, sport utility) with only four tires / V2:Light truck(van, mini-van, panel, pickup, sport utility) with only four tires",Wet,Daylight,Rain,,STORROW DRIVE / CHARLESGATE OVERPASS,,,,,233590.6654,900212.2467
3788768,BOSTON,08-Apr-2014,8:51 AM,Property damage only (none injured),3,0,0,Rear-end,V1: Slowing or stopped in traffic / V2:Slowing or stopped in traffic / V3:Slowing or stopped in traffic,V1:Westbound / V2:Westbound / V3:Westbound ,V1: Collision with motor vehicle in traffic / V2: Collision with motor vehicle in traffic / V3: Collision with motor vehicle in traffic ,"V1: Passenger car / V2:Passenger car / V3:Light truck(van, mini-van, panel, pickup, sport utility) with only four tires",Wet,Daylight,Cloudy/Rain,,MASSACHUSETTS TURNPIKE Rte I90 W / ALLSTON TOLL PLAZA,,,NEW BALANCE FIELD,,231480.3155,900506.5815
3789217,BOSTON,08-Apr-2014,11:50 AM,Property damage only (none injured),2,0,0,Rear-end,V1: Entering traffic lane / V2:Travelling straight ahead,V1:Northbound / V2:Northbound ,V1: Collision with motor vehicle in traffic / V2: Collision with motor vehicle in traffic ,"V1: Light truck(van, mini-van, panel, pickup, sport utility) with only four tires / V2:Light truck(van, mini-van, panel, pickup, sport utility) with only four tires",Dry,Daylight,Cloudy,LONDON STREET / MERIDIAN STREET,,,,,,237963.9849,902637.1305
3790217,BOSTON,08-Apr-2014,2:42 PM,Property damage only (none injured),3,0,0,Rear-end,V1: Travelling straight ahead / V2:Slowing or stopped in traffic / V3:Slowing or stopped in traffic,V1:Northbound / V2:Northbound / V3:Northbound ,V1: Collision with motor vehicle in traffic / V2: Collision with motor vehicle in traffic / V3: Collision with motor vehicle in traffic ,"V1: Passenger car / V2:Light truck(van, mini-van, panel, pickup, sport utility) with only four tires / V3:Passenger car",Dry,Daylight,Clear,,Rte 93 N / UNKNOWN,,Exit 14 on Rte 93 N,,,237258.9796,894483.3974
3789239,BOSTON,08-Apr-2014,3:18 PM,Property damage only (none injured),2,0,0,Angle,V1: Changing lanes / V2:Travelling straight ahead,V1:Northbound / V2:Northbound ,V1: Collision with motor vehicle in traffic / V2: Collision with motor vehicle in traffic ,V1: Passenger car / V2:Passenger car,Dry,Daylight,Cloudy,,JOHN F FITZGERALD EXPRESSWAY Rte I93 N / GENERAL CASIMIR PULASKI SKYWAY Rte US1 N,,,POPE JOHN PAUL CUTOUT,,237450.4228,892364.4186
3793582,BOSTON (SOUTH BOSTON),08-Apr-2014,3:31 PM,Non-fatal injury,2,5,0,Angle,V1: Travelling straight ahead / V2:Travelling straight ahead,V1:Eastbound / V2:Northbound ,V1: Collision with motor vehicle in traffic / V2: Collision with motor vehicle in traffic ,"V1: Light truck(van, mini-van, panel, pickup, sport utility) with only four tires / V2:Passenger car",Dry,Daylight,Clear/Clear,D STREET / WEST THIRD STREET,,,,,,237090.3905,898885.9374
3793940,BOSTON,08-Apr-2014,4:15 PM,Non-fatal injury,2,2,0,Angle,V1: Travelling straight ahead / V2:Travelling straight ahead,V1:Westbound / V2:Northbound ,V1: Collision with motor vehicle in traffic / V2: Collision with motor vehicle in traffic ,V1: Passenger car / V2:Passenger car,Dry,Daylight,Clear,BIRMINGHAM PARKWAY / LINCOLN STREET / MARKET STREET,,,,,,229043.7386,900988.2166
3788911,BOSTON,08-Apr-2014,5:04 PM,Non-fatal injury,2,1,0,"Sideswipe, same direction",V1: Turning left / V2:Travelling straight ahead,V1:Eastbound / V2:Eastbound ,V1: Collision with motor vehicle in traffic / V2: Collision with motor vehicle in traffic ,"V1: Passenger car / V2:Light truck(van, mini-van, panel, pickup, sport utility) with only four tires",Dry,Daylight,Clear,COLUMBIA ROAD ROTARY / OLD COLONY AVENUE / COLUMBIA ROAD,,,,PREBBLE CIRCLE,,236914.0075,897778.485
3789218,BOSTON,08-Apr-2014,5:55 PM,Property damage only (none injured),2,0,0,Rear-end,V1: Travelling straight ahead / V2:Travelling straight ahead,V1:Westbound / V2:Westbound ,V1: Collision with motor vehicle in traffic / V2: Collision with motor vehicle in traffic ,"V1: Light truck(van, mini-van, panel, pickup, sport utility) with only four tires / V2:Passenger car",Dry,Daylight,Clear,,Rte 90 W / UNKNOWN,,,,,232572.2182,899870.4883
3908822,BOSTON (MATTAPAN),08-Apr-2014,8:50 PM,Non-fatal injury,2,3,0,"Sideswipe, opposite direction",V1: Travelling straight ahead / V2:Turning left,V1:Northbound / V2:Southbound ,V1: Collision with motor vehicle in traffic / V2: Collision with motor vehicle in traffic ,V1: Passenger car / V2:Passenger car,Dry,Daylight,Clear/Clear,MARYKNOLL STREET / MORTON STREET,,,,,,234871.2657,891946.7502
3793577,BOSTON,09-Apr-2014,00:00 AM,Non-fatal injury,2,1,0,Angle,V1: Travelling straight ahead / V2:Not reported,V1:Eastbound / V2:Southbound ,V1: Collision with pedestrian / V2: Not reported ,"V1: Light truck(van, mini-van, panel, pickup, sport utility) with only four tires / V2:MOPED",Dry,Daylight,Clear/Clear,COLUMBIA ROAD / G STREET,,,,,,237574.4593,897847.2389
3793923,BOSTON,09-Apr-2014,6:55 AM,Property damage only (none injured),2,0,0,Angle,V1: Travelling straight ahead / V2:Travelling straight ahead,V1:Northbound / V2:Westbound ,V1: Collision with motor vehicle in traffic / V2: Collision with motor vehicle in traffic ,"V1: Light truck(van, mini-van, panel, pickup, sport utility) with only four tires / V2:Passenger car",Dry,Daylight,Cloudy,,ARBORWAY Rte UNKNOW / CENTRE STREET,,,,,231269.4377,895461.1869
3808694,BOSTON,09-Apr-2014,8:41 AM,Property damage only (none injured),2,0,0,Angle,V1: Entering traffic lane / V2:Other,V1:Eastbound / V2:Eastbound ,V1: Collision with other movable object / V2: Collision with other movable object ,"V1: Light truck(van, mini-van, panel, pickup, sport utility) with only four tires / V2:Passenger car",Dry,Daylight,Clear,,CHESTNUT STREET Rte UNKNOW / PERKINS STREET,,,,,231446.4061,896822.4376
3790453,BOSTON,09-Apr-2014,9:15 AM,Property damage only (none injured),2,0,0,Rear-end,V1: Turning left / V2:Travelling straight ahead,V1:Northbound / V2:Northbound ,V1: Collision with motor vehicle in traffic / V2: Collision with motor vehicle in traffic ,"V1: Light truck(van, mini-van, panel, pickup, sport utility) with only four tires / V2:Single-unit truck (2-axle, 6-tire)",Dry,Daylight,Clear,,WILLIAM T MORRISSEY BOULEVARD / KOSCIUSZKO CIRCLE,,,SANTANDER BANK,,237017.0782,896879.6065
3792015,BOSTON,09-Apr-2014,2:00 PM,Property damage only (none injured),2,0,0,Angle,V1: Travelling straight ahead / V2:Turning left,V1:Eastbound / V2:Northbound ,V1: Collision with motor vehicle in traffic / V2: Collision with motor vehicle in traffic ,"V1: Bus (seats for 7-15 people, including driver) / V2:Light truck(van, mini-van, panel, pickup, sport utility) with only four tires",Dry,Daylight,Clear,,2 feet E from Intersection CENTRAL PARKING ACCESS ROAD / CENTRAL PARKING ACCESS ROAD,,,,,239587.2423,901996.1795
3811134,BOSTON (DORCHESTER),09-Apr-2014,2:38 PM,Not Reported,1,0,0,Single vehicle crash,V1: Not reported,V1:Not reported ,V1: Not reported ,V1: Not reported,Dry,Daylight,Clear/Clear,CENTRE AVENUE / DORCHESTER AVENUE,,,,,P2:Pedestrian,236098.9532,893707.2499
3790447,BOSTON,09-Apr-2014,4:35 PM,Property damage only (none injured),2,0,0,Rear-end,V1: Slowing or stopped in traffic / V2:Travelling straight ahead,V1:Westbound / V2:Westbound ,V1: Collision with motor vehicle in traffic / V2: Collision with motor vehicle in traffic ,"V1: Passenger car / V2:Light truck(van, mini-van, panel, pickup, sport utility) with only four tires",Dry,Daylight,Not Reported,,Rte 90 W,Rte 90  W Milemarker 128.0,,,,226547.4435,900869.9716
3828070,BOSTON,09-Apr-2014,5:55 PM,Not Reported,2,0,0,"Sideswipe, same direction",V1: Changing lanes / V2:Travelling straight ahead,V1:Eastbound / V2:Eastbound ,V1: Collision with motor vehicle in traffic / V2: Collision with motor vehicle in traffic ,"V1: Light truck(van, mini-van, panel, pickup, sport utility) with only four tires / V2:Passenger car",Dry,Daylight,Clear,,GALLIVAN BOULEVARD Rte SR3A S / RAMP - RT 93 SB TO RT 3A SB Rte SR3A S,,,WALGREENS,,237531.8213,892779.4741
3788774,BOSTON,09-Apr-2014,8:30 PM,Property damage only (none injured),3,0,0,Rear-end,V1: Travelling straight ahead / V2:Slowing or stopped in traffic / V3:Slowing or stopped in traffic,V1:Northbound / V2:Northbound / V3:Northbound ,V1: Collision with motor vehicle in traffic / V2: Collision with motor vehicle in traffic / V3: Collision with motor vehicle in traffic ,V1: Passenger car / V2:Passenger car / V3:Passenger car,Dry,Dark - lighted roadway,Clear,,LEVERETT CONNECTOR NORTH / RAMP - LEVERETT CONNECTOR TO RT 1 NB,,,LEVERETT BY-PASS NORTHBOUND,,235532.6927,902530.8874
3799617,BOSTON,09-Apr-2014,9:28 PM,Property damage only (none injured),2,0,0,Rear-end,V1: Travelling straight ahead / V2:Travelling straight ahead,V1:Westbound / V2:Westbound ,V1: Collision with motor vehicle in traffic / V2: Collision with motor vehicle in traffic ,"V1: Light truck(van, mini-van, panel, pickup, sport utility) with only four tires / V2:Passenger car",Dry,Dark - lighted roadway,Not Reported,,STORROW DRIVE / CHARLESGATE OVERPASS,,,,,233636.3846,900224.1385
3865593,BOSTON,09-Apr-2014,9:50 PM,Property damage only (none injured),1,0,0,Single vehicle crash,V1: Slowing or stopped in traffic,V1:Southbound ,V1: Collision with motor vehicle in traffic ,"V1: Light truck(van, mini-van, panel, pickup, sport utility) with only four tires",Dry,Dark - lighted roadway,Clear,,1208 DORCHESTER AVENUE,,,,"P2:Pedalcyclist (bicycle, tricycle, unicycle, pedal car)",236436.9878,895516.62
3865549,BOSTON,09-Apr-2014,10:34 PM,Not Reported,2,0,0,Angle,V1: Unknown / V2:Parked,V1:Northbound / V2:Not reported ,V1: Jackknife / V2: Jackknife ,"V1: Light truck(van, mini-van, panel, pickup, sport utility) with only four tires / V2:Light truck(van, mini-van, panel, pickup, sport utility) with only four tires",Dry,Dark - lighted roadway,Clear,LESLIE STREET / CENTRE STREET,,,,,,236422.5781,893890.0001
3789337,BOSTON,10-Apr-2014,5:56 AM,Property damage only (none injured),2,0,0,Rear-end,V1: Slowing or stopped in traffic / V2:Backing,V1:Northbound / V2:Southbound ,V1: Collision with motor vehicle in traffic / V2: Collision with motor vehicle in traffic ,"V1: Passenger car / V2:Light truck(van, mini-van, panel, pickup, sport utility) with only four tires",Dry,Dawn,Clear,,FRONTAGE ROAD / WEST FOURTH STREET,,,AT WEST FOURTH STREET,,236111.8694,899236.5468
3795740,BOSTON,10-Apr-2014,7:39 AM,Property damage only (none injured),2,0,0,Rear-end,V1: Slowing or stopped in traffic / V2:Travelling straight ahead,V1:Eastbound / V2:Eastbound ,V1: Collision with motor vehicle in traffic / V2: Collision with motor vehicle in traffic ,V1: Passenger car / V2:Passenger car,Dry,Daylight,Clear,,SOLDIERS FIELD ROAD / RAMP - WESTERN AVE TO SOLDIERS FIELD RD,,,UNDER CAMBRIDGE RIVER ST. BRIDGE,,231497.1353,901228.694
3793762,BOSTON (ROXBURY),10-Apr-2014,8:40 AM,Non-fatal injury,2,1,0,Head-on,V1: Turning left / V2:Travelling straight ahead,V1:Southbound / V2:Northbound ,V1: Collision with motor vehicle in traffic / V2: Collision with motor vehicle in traffic ,"V1: Light truck(van, mini-van, panel, pickup, sport utility) with only four tires / V2:MOPED","Water (standing, moving)",Daylight,Clear,DUDLEY STREET / DEARBORN STREET,,,,,,234677.1404,897643.7501
3794166,BOSTON,10-Apr-2014,9:30 AM,Property damage only (none injured),4,0,0,Rear-end,V1: Slowing or stopped in traffic / V2:Slowing or stopped in traffic / V3:Slowing or stopped in traffic / V4:Travelling straight ahead,V1:Southbound / V2:Southbound / V3:Southbound / V4:Southbound ,V1: Collision with motor vehicle in traffic / V2: Collision with motor vehicle in traffic / V3: Collision with motor vehicle in traffic / V4: Collision with motor vehicle in traffic ,"V1: Light truck(van, mini-van, panel, pickup, sport utility) with only four tires / V2:Passenger car / V3:Passenger car / V4:Passenger car",Dry,Daylight,Clear,,CHARLES RIVER DAM ROAD Rte SR28 S / EMBANKMENT ROAD Rte SR28 S,,,,,235506.621,901924.3658
3802856,BOSTON,10-Apr-2014,4:45 PM,Non-fatal injury,2,1,0,Rear-end,V1: Slowing or stopped in traffic / V2:Slowing or stopped in traffic,V1:Eastbound / V2:Eastbound ,V1: Collision with motor vehicle in traffic / V2: Collision with motor vehicle in traffic ,V1: Passenger car / V2:Passenger car,Dry,Daylight,Clear,,COLUMBIA ROAD Rte UNKNOW / DORCHESTER AVENUE,,,,,236535.6564,896787.6252
3790205,BOSTON,10-Apr-2014,5:20 PM,Property damage only (none injured),2,0,0,Head-on,V1: Leaving traffic lane / V2:Travelling straight ahead,V1:Southbound / V2:Northbound ,V1: Collision with motor vehicle in traffic / V2: Collision with motor vehicle in traffic ,"V1: Light truck(van, mini-van, panel, pickup, sport utility) with only four tires / V2:Light truck(van, mini-van, panel, pickup, sport utility) with only four tires",Dry,Daylight,Clear,,NORTHERN AVENUE / HARBOR STREET,,,,,238299.6065,899674.9294
3790228,BOSTON,11-Apr-2014,00:00 AM,Non-fatal injury,1,1,0,Single vehicle crash,V1: Not reported,V1:Southbound ,V1: Collision with utility pole ,V1: Passenger car,Dry,Dark - lighted roadway,Clear,,ENNEKING PARKWAY Rte UNKNOW / DEDHAM PARKWAY,,,,,229687.9375,889839.1252
3789219,BOSTON,11-Apr-2014,11:04 AM,Non-fatal injury,1,1,0,Single vehicle crash,V1: Travelling straight ahead,V1:Westbound ,V1: Other ,"V1: Light truck(van, mini-van, panel, pickup, sport utility) with only four tires",Dry,Daylight,Cloudy,,RAMP-RT 90 WB TO CAMBRIDGE ST,,Exit 20 on Rte 90 W,,,231429.7484,900634.7936
3793460,BOSTON,11-Apr-2014,11:04 AM,Property damage only (none injured),2,0,0,Rear-end,V1: Slowing or stopped in traffic / V2:Travelling straight ahead,V1:Southbound / V2:Southbound ,V1: Collision with motor vehicle in traffic / V2: Collision with motor vehicle in traffic ,"V1: Light truck(van, mini-van, panel, pickup, sport utility) with only four tires / V2:Passenger car",Dry,Daylight,Cloudy,,Rte 93 S / UNKNOWN,,Exit 26 on Rte 93 S,,,234851.4113,903728.5151
3793924,BOSTON,11-Apr-2014,11:50 AM,Property damage only (none injured),2,0,0,Rear-end,V1: Travelling straight ahead / V2:Travelling straight ahead,V1:Westbound / V2:Westbound ,V1: Collision with motor vehicle in traffic / V2: Collision with motor vehicle in traffic ,V1: Passenger car / V2:Passenger car,Dry,Daylight,Cloudy,,STORROW DRIVE,,,CLARENDON ST DRVWAY TO ESPLANADE,,234823.7121,900591.0051
3793925,BOSTON,11-Apr-2014,2:40 PM,Property damage only (none injured),2,0,0,"Sideswipe, same direction",V1: Travelling straight ahead / V2:Changing lanes,V1:Eastbound / V2:Eastbound ,V1: Collision with motor vehicle in traffic / V2: Collision with motor vehicle in traffic ,V1: Passenger car / V2:Passenger car,Dry,Daylight,Not Reported,PARK DRIVE / RIVERWAY,,,,,,232613.5541,899368.0335
3865591,BOSTON,11-Apr-2014,4:48 PM,Non-fatal injury,2,1,0,Angle,V1: Unknown / V2:Travelling straight ahead,V1:Westbound / V2:Eastbound ,V1: Not reported / V2: Not reported ,"V1: Light truck(van, mini-van, panel, pickup, sport utility) with only four tires / V2:Passenger car",Dry,Daylight,Clear,FREEPORT STREET / BEACH STREET,,,,,,236750.4844,894913.8752
3792818,BOSTON,11-Apr-2014,5:00 PM,Property damage only (none injured),2,0,0,Angle,V1: Travelling straight ahead / V2:Changing lanes,V1:Southbound / V2:Southbound ,V1: Collision with motor vehicle in traffic / V2: Collision with motor vehicle in traffic ,V1: Passenger car / V2:Passenger car,Dry,Dark - lighted roadway,Clear,,Rte 93 S / UNKNOWN,,Exit 23 on Rte 93 S,,,236856.2793,901152.8251
3793193,BOSTON,11-Apr-2014,6:00 PM,Non-fatal injury,2,1,0,Angle,V1: Travelling straight ahead / V2:Turning left,V1:Northbound / V2:Southbound ,V1: Collision with motor vehicle in traffic / V2: Collision with motor vehicle in traffic ,V1: Passenger car / V2:Passenger car,Wet,Daylight,Cloudy/Rain,,RUGGLES STREET / TREMONT STREET,,,,,233912.9534,898348.9373
3791416,BOSTON,11-Apr-2014,8:03 PM,Not Reported,2,0,0,"Sideswipe, opposite direction",V1: Turning left / V2:Travelling straight ahead,V1:Southbound / V2:Northbound ,V1: Collision with motor vehicle in traffic / V2: Collision with motor vehicle in traffic ,"V1: Light truck(van, mini-van, panel, pickup, sport utility) with only four tires / V2:Passenger car",Dry,Dark - lighted roadway,Clear,,HOTEL DRIVE / HOTEL DRIVE,,,@ AIRPORT RD,,239178.5392,901876.2764
3789225,BOSTON,11-Apr-2014,8:26 PM,Property damage only (none injured),3,0,0,Rear-end,V1: Slowing or stopped in traffic / V2:Slowing or stopped in traffic / V3:Travelling straight ahead,V1:Northbound / V2:Northbound / V3:Northbound ,V1: Collision with motor vehicle in traffic / V2: Collision with motor vehicle in traffic / V3: Collision with motor vehicle in traffic ,"V1: Light truck(van, mini-van, panel, pickup, sport utility) with only four tires / V2:Light truck(van, mini-van, panel, pickup, sport utility) with only four tires / V3:Light truck(van, mini-van, panel, pickup, sport utility) with only four tires",Dry,Dark - lighted roadway,Clear,,NEPONSET AVENUE Rte SR3A N / WILLIAM T MORRISSEY BOULEVARD Rte SR3A N,,,NEPONSET BRIDGE,,237765.7151,892934.1391
3795498,BOSTON (HYDE PARK),11-Apr-2014,8:35 PM,Non-fatal injury,2,1,0,Not reported,V1: Slowing or stopped in traffic / V2:Not reported,V1:Eastbound / V2:Eastbound ,V1: Collision with motor vehicle in traffic / V2: Not reported ,V1: Passenger car / V2:Passenger car,Not reported,Not reported,Not Reported,RIVER STREET / WOOD AVENUE,,,,,,232307.7498,890309.9998
3797395,BOSTON,12-Apr-2014,00:00 AM,Property damage only (none injured),2,0,0,Angle,V1: Travelling straight ahead / V2:Travelling straight ahead,V1:Southbound / V2:Westbound ,V1: Collision with motor vehicle in traffic / V2: Collision with motor vehicle in traffic ,V1: Passenger car / V2:Passenger car,Wet,Dark - lighted roadway,Cloudy,RIVERWAY / LONGWOOD AVENUE,,,,,,232142.9084,898941.3686
3789338,BOSTON,12-Apr-2014,3:10 AM,Property damage only (none injured),1,0,0,Single vehicle crash,V1: Leaving traffic lane,V1:Southbound ,V1: Collision with median barrier ,V1: Passenger car,Wet,Dark - lighted roadway,Rain,RAMP - SUMNER TUNNEL TO MARKET STREET / RAMP - SUMNER TUNNEL TO STORROW DRIVE / SUMNER TUNNEL,,,,STS RAMP,,236652.6955,901439.7832
3802960,BOSTON,12-Apr-2014,11:00 AM,Non-fatal injury,1,1,0,Single vehicle crash,V1: Travelling straight ahead,V1:Westbound ,V1: Collision with pedestrian ,V1: Passenger car,Wet,Dark - lighted roadway,Rain,WARRENTON STREET / STUART STREET,,,,,P2:Pedestrian,235754.2758,900159.4841