Crash Number,City/Town Name,Crash Date,Crash Time,Crash Severity,Number of Vehicles,Total Nonfatal Injuries,Total Fatal Injuries,Manner of Collision,Vehicle Action Prior to Crash,Vehicle Travel Directions,Most Harmful Events,Vehicle Configuration,Road Surface Condition,Ambient Light,Weather Condition,At Roadway Intersection,Distance from Nearest Roadway Intersection,Distance from Nearest Milemarker,Distance from Nearest Exit,Distance from Nearest Landmark,Non Motorist Type,X Coordinate,Y Coordinate
3789220,BOSTON,12-Apr-2014,11:00 AM,Property damage only (none injured),3,0,0,Rear-end,V1: Slowing or stopped in traffic / V2:Travelling straight ahead / V3:Travelling straight ahead,V1:Northbound / V2:Northbound / V3:Northbound ,V1: Collision with motor vehicle in traffic / V2: Collision with motor vehicle in traffic / V3: Collision with motor vehicle in traffic ,V1: Passenger car / V2:Passenger car / V3:Passenger car,Dry,Daylight,Clear,,Rte 93 N / UNKNOWN,,,,,236742.6233,900426.5825
3815134,BOSTON (DORCHESTER),12-Apr-2014,12:30 PM,Not Reported,2,0,0,"Sideswipe, same direction",V1: Parked / V2:Not reported,V1:Not reported / V2:Not reported ,V1: Collision with parked motor vehicle / V2: Not reported ,V1: Passenger car / V2:Not reported,Wet,Dark - lighted roadway,Rain,BURGOYNE STREET /,94 ELMER ROAD / SEDALIA ROAD,,,,,236486.5781,893004.3748
3789339,BOSTON,12-Apr-2014,5:17 PM,Non-fatal injury,3,1,0,Rear-end,V1: Travelling straight ahead / V2:Travelling straight ahead / V3:Travelling straight ahead,V1:Southbound / V2:Southbound / V3:Southbound ,V1: Collision with motor vehicle in traffic / V2: Collision with motor vehicle in traffic / V3: Collision with motor vehicle in traffic ,V1: Passenger car / V2:Passenger car / V3:Passenger car,Dry,Daylight,Clear,,JOHN F FITZGERALD EXPRESSWAY Rte I93 S / RAMP - LEVERETT CIRCLE TO RT 93 SB Rte SR3 S,,,LOWER DECK,,236053.5734,902010.9128
3795735,BOSTON,13-Apr-2014,2:14 AM,Property damage only (none injured),1,0,0,Single vehicle crash,V1: Travelling straight ahead,V1:Northbound ,V1: Collision with median barrier ,V1: Passenger car,Dry,Dark - lighted roadway,Not Reported,,Rte 93 N,Rte 93  N Milemarker 17.3,,,,236956.219,900947.8086
3867600,BOSTON,13-Apr-2014,3:11 AM,Non-fatal injury,2,1,0,Angle,V1: Travelling straight ahead / V2:Making U-turn,V1:Westbound / V2:Northbound ,V1: Collision with impact attenuator/crash cushion / V2: Collision with impact attenuator/crash cushion ,"V1: Light truck(van, mini-van, panel, pickup, sport utility) with only four tires / V2:Passenger car",Dry,Dark - lighted roadway,Clear/Clear,ALBANY STREET / TRAVELER STREET,,,,,,236086.8879,899375.6393
3822809,BOSTON (DORCHESTER),13-Apr-2014,4:50 PM,Not Reported,3,0,0,Not reported,V1: Parked / V2:Unknown / V3:Not reported,V1:Not reported / V2:Not reported / V3:Not reported ,V1: Collision with parked motor vehicle / V2: Collision with motor vehicle in traffic / V3: Not reported ,"V1: Passenger car / V2:Light truck(van, mini-van, panel, pickup, sport utility) with only four tires / V3:Not reported",Not reported,Not reported,Not Reported,,1474 DORCHESTER AVENUE,,,,,236279.5468,894568.9377
3791421,BOSTON,13-Apr-2014,4:51 PM,Property damage only (none injured),2,0,0,"Sideswipe, same direction",V1: Turning left / V2:Turning left,V1:Eastbound / V2:Eastbound ,V1: Collision with motor vehicle in traffic / V2: Collision with motor vehicle in traffic ,"V1: Passenger car / V2:Light truck(van, mini-van, panel, pickup, sport utility) with only four tires",Dry,Daylight,Clear,,GALLIVAN BOULEVARD Rte UNKNOW / 472,,,,,236542.9723,892543.6595
3792827,BOSTON,13-Apr-2014,6:31 PM,Non-fatal injury,2,1,0,"Sideswipe, same direction",V1: Changing lanes / V2:Turning right,V1:Northbound / V2:Northbound ,V1: Collision with motor vehicle in traffic / V2: Collision with motor vehicle in traffic ,"V1: Motorcycle / V2:Light truck(van, mini-van, panel, pickup, sport utility) with only four tires",Dry,Daylight,Clear,,KOSCIUSZKO CIRCLE Rte UNKNOW,,,,,237020.6238,896892.1848
3790770,BOSTON,13-Apr-2014,7:50 PM,Non-fatal injury,1,1,0,Single vehicle crash,V1: Travelling straight ahead,V1:Westbound ,V1: Collision with ditch ,V1: Motorcycle,Dry,Dark - lighted roadway,Clear,,ENNEKING PARKWAY,,,,,,
3791457,BOSTON,13-Apr-2014,9:40 PM,Non-fatal injury,1,1,0,Single vehicle crash,V1: Travelling straight ahead,V1:Eastbound ,V1: Collision with light pole or other post/support ,"V1: Light truck(van, mini-van, panel, pickup, sport utility) with only four tires",Dry,Dark - lighted roadway,Clear,,1153 CENTRE STREET,,,FAULKNER HOSPITAL,,230684.0039,894480.4532
3802740,BOSTON,13-Apr-2014,10:50 PM,Non-fatal injury,1,1,0,Single vehicle crash,V1: Changing lanes,V1:Northbound ,V1: Other ,"V1: Light truck(van, mini-van, panel, pickup, sport utility) with only four tires",Dry,Dark - lighted roadway,Clear,LEVERETT CONNECTOR NORTH / RAMP - LEVERETT CONNECTOR TO RT 1 NB,,,,LEVERETT CONNECTOR/TOBIN BRIDGE,,235640.6517,902428.9241
3866782,BOSTON,14-Apr-2014,00:00 AM,Not Reported,1,0,0,Angle,V1: Parked,V1:Not reported ,V1: Not reported ,V1: Passenger car,Dry,Dark - lighted roadway,Clear,,,,,IN PARKING LOT #2,,,
3792028,BOSTON,14-Apr-2014,00:00 AM,Property damage only (none injured),1,0,0,Single vehicle crash,V1: Entering traffic lane,V1:Westbound ,V1: Collision with fence ,V1: Passenger car,Dry,Dark - lighted roadway,Clear,,MORTON STREET / JAMES SHEA CIRCLE,,,,,232426.4151,894490.4999
3805834,BOSTON (BRIGHTON),14-Apr-2014,4:35 AM,Property damage only (none injured),1,0,0,Not reported,V1: Not reported,V1:Westbound ,V1: Not reported ,V1: Passenger car,Not reported,Not reported,Not Reported,,705 WASHINGTON STREET,,,,,236001.9797,900140.7727
3793685,BOSTON,14-Apr-2014,8:44 AM,Property damage only (none injured),3,0,0,"Sideswipe, same direction",V1: Travelling straight ahead / V2:Changing lanes / V3:Travelling straight ahead,V1:Southbound / V2:Southbound / V3:Southbound ,V1: Collision with motor vehicle in traffic / V2: Collision with motor vehicle in traffic / V3: Collision with motor vehicle in traffic ,"V1: Light truck(van, mini-van, panel, pickup, sport utility) with only four tires / V2:Passenger car / V3:Passenger car",Dry,Daylight,Clear,,Rte 93 S,,Exit 26 on Rte 93 S,,,234851.4113,903728.5151
3805836,BOSTON (BRIGHTON),14-Apr-2014,8:49 AM,Not Reported,2,0,0,Angle,V1: Not reported / V2:Not reported,V1:Not reported / V2:Not reported ,V1: Not reported / V2: Not reported ,V1: Passenger car / V2:Passenger car,Dry,Daylight,Clear,FANEUIL STREET / BROOKS STREET,,,,,,227750.3907,900266.8127
3790764,BOSTON,14-Apr-2014,8:56 AM,Property damage only (none injured),3,0,0,Rear-end,V1: Slowing or stopped in traffic / V2:Slowing or stopped in traffic / V3:Travelling straight ahead,V1:Northbound / V2:Northbound / V3:Northbound ,V1: Collision with motor vehicle in traffic / V2: Collision with motor vehicle in traffic / V3: Collision with motor vehicle in traffic ,V1: Passenger car / V2:Passenger car / V3:Passenger car,Dry,Daylight,Clear,,Rte 93 N / UNKNOWN,,Exit 13 on Rte 93 N,,,237420.1414,894076.5227
3827989,BOSTON,14-Apr-2014,9:27 AM,Property damage only (none injured),2,0,0,Angle,V1: Changing lanes / V2:Turning left,V1:Westbound / V2:Westbound ,V1: Collision with motor vehicle in traffic / V2: Collision with motor vehicle in traffic ,"V1: Passenger car / V2:Light truck(van, mini-van, panel, pickup, sport utility) with only four tires",Dry,Daylight,Clear,HOTEL DRIVE / SR-2,,,,,,239100.7308,902296.287
3790450,BOSTON,14-Apr-2014,10:55 AM,Property damage only (none injured),2,0,0,"Sideswipe, same direction",V1: Turning right / V2:Turning right,V1:Southbound / V2:Southbound ,V1: Collision with motor vehicle in traffic / V2: Collision with motor vehicle in traffic ,V1: Passenger car / V2:Tractor/semi-trailer,Dry,Daylight,Clear,,D STREET / CONGRESS STREET,,,,,237867.9285,899829.5682
3865547,BOSTON (DORCHESTER),14-Apr-2014,12:13 PM,Non-fatal injury,1,1,0,Not reported,V1: Travelling straight ahead,V1:Northbound ,V1: Collision with utility pole ,V1: Passenger car,Not reported,Not reported,Not Reported,,898 ADAMS STREET,,,,,236394.6761,892327.3433
3865595,BOSTON,14-Apr-2014,4:18 PM,Non-fatal injury,2,1,0,Head-on,V1: Turning left / V2:Travelling straight ahead,V1:Northbound / V2:Eastbound ,V1: Collision with motor vehicle in traffic / V2: Collision with motor vehicle in traffic ,"V1: Passenger car / V2:Light truck(van, mini-van, panel, pickup, sport utility) with only four tires",Dry,Daylight,Clear,PARK SQUARE / ASHLAND STREET / BEACH STREET,,,,,,236724.4062,894595.3748
3791871,BOSTON,14-Apr-2014,5:06 PM,Property damage only (none injured),2,0,0,Angle,V1: Travelling straight ahead / V2:Turning right,V1:Southbound / V2:Southbound ,V1: Collision with motor vehicle in traffic / V2: Collision with motor vehicle in traffic ,"V1: Light truck(van, mini-van, panel, pickup, sport utility) with only four tires / V2:Passenger car",Dry,Daylight,Clear,,CHARLESGATE EAST / BEACON STREET,,,CHARLESGATE AT BEACON ST.,,233644.865,900055.8984
3795736,BOSTON,14-Apr-2014,5:56 PM,Property damage only (none injured),2,0,0,Rear-end,V1: Travelling straight ahead / V2:Travelling straight ahead,V1:Eastbound / V2:Eastbound ,V1: Collision with motor vehicle in traffic / V2: Collision with motor vehicle in traffic ,V1: Passenger car / V2:Passenger car,Dry,Daylight,Cloudy,,Rte 90 W,Rte 90  W Milemarker 131.0,,,,231312.2051,900784.6587
3791872,BOSTON,14-Apr-2014,6:19 PM,Property damage only (none injured),2,0,0,Angle,V1: Slowing or stopped in traffic / V2:Changing lanes,V1:Eastbound / V2:Eastbound ,V1: Collision with motor vehicle in traffic / V2: Collision with motor vehicle in traffic ,"V1: Light truck(van, mini-van, panel, pickup, sport utility) with only four tires / V2:Light truck(van, mini-van, panel, pickup, sport utility) with only four tires",Dry,Daylight,Clear,EMBANKMENT ROAD Rte SR28 N / STORROW DRIVE / RAMP - STORROW DRIVE TO LEVERETT CONNECT,,,,STORROW DR E/B AT LEVERETT CIR,,235446.4686,901669.7367
3792258,BOSTON,14-Apr-2014,10:30 PM,Non-fatal injury,2,3,0,Angle,V1: Turning left / V2:Travelling straight ahead,V1:Northbound / V2:Westbound ,V1: Collision with motor vehicle in traffic / V2: Collision with motor vehicle in traffic ,V1: Passenger car / V2:Passenger car,Dry,Dark - lighted roadway,Clear,,MORTON STREET Rte 203 / HARVARD STREET,,,,,233493.5311,893100.9999
3792710,BOSTON,15-Apr-2014,6:45 AM,Property damage only (none injured),1,0,0,Single vehicle crash,V1: Travelling straight ahead,V1:Eastbound ,V1: Collision with motor vehicle in traffic ,V1: Passenger car,Wet,Daylight,Not Reported,,STORROW DRIVE / RAMP - BERKELEY ST TO RT 28 NB,,,EXITING STORROW TUNNEL,,235156.7798,900733.5315
3799765,BOSTON,15-Apr-2014,6:55 AM,Property damage only (none injured),4,0,0,Rear-end,V1: Slowing or stopped in traffic / V2:Travelling straight ahead / V3:Slowing or stopped in traffic / V4:Slowing or stopped in traffic,V1:Eastbound / V2:Eastbound / V3:Eastbound / V4:Eastbound ,V1: Collision with motor vehicle in traffic / V2: Collision with motor vehicle in traffic / V3: Collision with motor vehicle in traffic / V4: Collision with motor vehicle in traffic ,V1: Passenger car / V2:Passenger car / V3:Passenger car / V4:Passenger car,Dry,Daylight,Not Reported,STORROW DRIVE / RAMP - STORROW DRIVE TO BEACON STREET,,,,INSIDE COPLEY TUNNEL,,234998.1219,900644.6784
3802959,BOSTON,15-Apr-2014,9:24 AM,Non-fatal injury,2,1,0,Rear-end,V1: Slowing or stopped in traffic / V2:Travelling straight ahead,V1:Northbound / V2:Northbound ,V1: Collision with pedestrian / V2: Collision with motor vehicle in traffic ,V1: Passenger car / V2:Passenger car,Wet,Daylight,Cloudy/Rain,,1 CHARLES STREET SOUTH,,,,,235657.7664,900226.2538
3794615,BOSTON,15-Apr-2014,9:40 AM,Property damage only (none injured),2,0,0,Rear-end,V1: Slowing or stopped in traffic / V2:Slowing or stopped in traffic,V1:Southbound / V2:Southbound ,V1: Collision with motor vehicle in traffic / V2: Collision with motor vehicle in traffic ,V1: Passenger car / V2:Passenger car,Wet,Daylight,Rain,WILLIAM T MORRISSEY BOULEVARD / DOMINIC J BANCULLI BOULEVARD,,,,,,237343.1393,896000.098
3804292,BOSTON,15-Apr-2014,10:47 AM,Property damage only (none injured),3,0,0,Rear-end,V1: Slowing or stopped in traffic / V2:Slowing or stopped in traffic / V3:Travelling straight ahead,V1:Southbound / V2:Southbound / V3:Southbound ,V1: Collision with motor vehicle in traffic / V2: Collision with motor vehicle in traffic / V3: Collision with motor vehicle in traffic ,"V1: Passenger car / V2:Passenger car / V3:Light truck(van, mini-van, panel, pickup, sport utility) with only four tires",Dry,Daylight,Clear,,Rte 1 S / UNKNOWN,,,CANA TUNNEL,,236056.7704,902374.6159
3802750,BOSTON,15-Apr-2014,12:15 PM,Non-fatal injury,2,1,0,Single vehicle crash,V1: Changing lanes / V2:Travelling straight ahead,V1:Northbound / V2:Northbound ,V1: Collision with guardrail / V2: Collision with other movable object ,V1: Passenger car / V2:Passenger car,Dry,Daylight,Cloudy,,Rte 93 N / UNKNOWN,,Exit 14 on Rte 93 N,,,237258.9796,894483.3974
3799766,BOSTON,15-Apr-2014,2:13 PM,Property damage only (none injured),1,0,0,Single vehicle crash,V1: Travelling straight ahead,V1:Eastbound ,V1: Other ,"V1: Light truck(van, mini-van, panel, pickup, sport utility) with only four tires",Dry,Daylight,Not Reported,,STORROW DRIVE,,,IN STORROW DRIVE EB TUNNEL,,234823.8659,900581.0162
3790796,BOSTON,15-Apr-2014,3:15 PM,Property damage only (none injured),2,0,0,Rear-end,V1: Slowing or stopped in traffic / V2:Slowing or stopped in traffic,V1:Westbound / V2:Westbound ,V1: Collision with motor vehicle in traffic / V2: Collision with motor vehicle in traffic ,"V1: Light truck(van, mini-van, panel, pickup, sport utility) with only four tires / V2:Passenger car",Wet,Daylight,Rain,,RAMP - RT 90 WB/CONGRESS STREET TO RT 93 Rte I90 W / RAMP - RT 90 WB TO RT 93 SB Rte SR1A S,,,RAMP D,,236609.5313,899711.897
3793461,BOSTON,15-Apr-2014,3:20 PM,Property damage only (none injured),2,0,0,"Sideswipe, same direction",V1: Changing lanes / V2:Travelling straight ahead,V1:Eastbound / V2:Eastbound ,V1: Collision with motor vehicle in traffic / V2: Collision with motor vehicle in traffic ,V1: Passenger car / V2:Passenger car,Wet,Other,Not Reported,,RAMP - RT 93 NB TO RT 90 (RAMP K) / GENERAL CASIMIR PULASKI SKYWAY Rte I93 N,,,RAMP L,,235920.3322,898256.5095
3793944,BOSTON,15-Apr-2014,4:53 PM,Property damage only (none injured),2,0,0,Angle,V1: Travelling straight ahead / V2:Travelling straight ahead,V1:Southbound / V2:Southbound ,V1: Collision with motor vehicle in traffic / V2: Collision with motor vehicle in traffic ,"V1: Light truck(van, mini-van, panel, pickup, sport utility) with only four tires / V2:Passenger car",Wet,Daylight,Clear/Rain,NORTH BEACON STREET / NORTH BEACON STREET Rte US20 E,,,,NORTH BEACON CIRCLE @ NORTH BEAC,,228004.6714,900952.97
3791453,BOSTON,15-Apr-2014,5:28 PM,Non-fatal injury,2,2,0,Rear-end,V1: Slowing or stopped in traffic / V2:Travelling straight ahead,V1:Northbound / V2:Northbound ,V1: Collision with motor vehicle in traffic / V2: Collision with motor vehicle in traffic ,"V1: Passenger car / V2:Light truck(van, mini-van, panel, pickup, sport utility) with only four tires",Dry,Daylight,Cloudy,,Rte 93 N / UNKNOWN,,Exit 13 on Rte 93 N,,,237420.1414,894076.5227
3792706,BOSTON,15-Apr-2014,7:20 PM,Property damage only (none injured),2,0,0,Rear-end,V1: Slowing or stopped in traffic / V2:Travelling straight ahead,V1:Northbound / V2:Northbound ,V1: Collision with motor vehicle in traffic / V2: Collision with motor vehicle in traffic ,"V1: Light truck(van, mini-van, panel, pickup, sport utility) with only four tires / V2:Passenger car",Wet,Dark - lighted roadway,Rain,,JOHN F FITZGERALD EXPRESSWAY Rte I93 N / RAMP - BROADWAY TO RT 93 NB,,,JUST INSIDE O'NEIL TUNNEL,,236459.1606,899879.206
3793357,BOSTON,16-Apr-2014,1:54 AM,Property damage only (none injured),1,0,0,Single vehicle crash,V1: Travelling straight ahead,V1:Eastbound ,V1: Collision with curb ,V1: Passenger car,Dry,Dark - lighted roadway,Clear,,Rte 90 E / UNKNOWN,,,,,232547.8686,899858.4408
3792534,BOSTON,16-Apr-2014,4:05 AM,Property damage only (none injured),1,0,0,Single vehicle crash,V1: Travelling straight ahead,V1:Westbound ,V1: Collision with median barrier ,V1: Passenger car,Wet,Dark - lighted roadway,"Sleet, hail (freezing rain or drizzle)",,Rte 90 W / UNKNOWN,,,,,228955.8379,900930.8658
3792025,BOSTON,16-Apr-2014,4:45 AM,Non-fatal injury,2,1,0,Rear-end,V1: Travelling straight ahead / V2:Slowing or stopped in traffic,V1:Southbound / V2:Southbound ,V1: Collision with median barrier / V2: Collision with motor vehicle in traffic ,"V1: Light truck(van, mini-van, panel, pickup, sport utility) with only four tires / V2:Tractor/semi-trailer",Ice,Dark - lighted roadway,"Sleet, hail (freezing rain or drizzle)",,Rte 93 S,,Exit 15 on Rte 93,,,236629.6253,897168.5001
3792713,BOSTON,16-Apr-2014,7:44 AM,Non-fatal injury,3,1,0,Rear-end,V1: Slowing or stopped in traffic / V2:Slowing or stopped in traffic / V3:Slowing or stopped in traffic,V1:Eastbound / V2:Eastbound / V3:Eastbound ,V1: Collision with motor vehicle in traffic / V2: Collision with motor vehicle in traffic / V3: Collision with motor vehicle in traffic ,"V1: Light truck(van, mini-van, panel, pickup, sport utility) with only four tires / V2:Passenger car / V3:Passenger car",Dry,Daylight,Not Reported,,WILLIAM T MORRISSEY BOULEVARD Rte UNKNOW / CONLEY STREET,,,,,237314.5625,893607.5
3791409,BOSTON,16-Apr-2014,8:22 AM,Property damage only (none injured),2,0,0,Rear-end,V1: Slowing or stopped in traffic / V2:Slowing or stopped in traffic,V1:Westbound / V2:Westbound ,V1: Collision with motor vehicle in traffic / V2: Collision with motor vehicle in traffic ,"V1: Light truck(van, mini-van, panel, pickup, sport utility) with only four tires / V2:Light truck(van, mini-van, panel, pickup, sport utility) with only four tires",Dry,Daylight,Clear,,Rte 90 W / UNKNOWN,,,,,226547.4435,900869.9716
3794616,BOSTON,16-Apr-2014,9:25 AM,Property damage only (none injured),2,0,0,Rear-end,V1: Slowing or stopped in traffic / V2:Travelling straight ahead,V1:Northbound / V2:Northbound ,V1: Collision with motor vehicle in traffic / V2: Collision with motor vehicle in traffic ,"V1: Passenger car / V2:Light truck(van, mini-van, panel, pickup, sport utility) with only four tires",Dry,Daylight,Clear,,JOHN F FITZGERALD EXPRESSWAY Rte I93 N / GENERAL CASIMIR PULASKI SKYWAY Rte US1 N,,,"HOV LANE, ACROSS FROM KEYSTONE C",,237445.8226,892356.0821
3792829,BOSTON,16-Apr-2014,9:50 AM,Property damage only (none injured),2,0,0,Rear-end,V1: Slowing or stopped in traffic / V2:Slowing or stopped in traffic,V1:Northbound / V2:Northbound ,V1: Collision with motor vehicle in traffic / V2: Collision with motor vehicle in traffic ,"V1: Passenger car / V2:Light truck(van, mini-van, panel, pickup, sport utility) with only four tires",Dry,Daylight,Clear,,JOHN F FITZGERALD EXPRESSWAY Rte I93 N / GENERAL CASIMIR PULASKI SKYWAY Rte US1 N,,,DYC CUTOUT,,237257.4587,894486.9884
3867620,BOSTON,16-Apr-2014,9:50 AM,Not Reported,1,0,0,Single vehicle crash,V1: Not reported,V1:Not reported ,V1: Not reported ,V1: Passenger car,Dry,Daylight,Clear,ALBANY STREET / EAST STOUGHTON STREET,,,,,P2:Pedestrian,235372.3438,898416.8752
3792707,BOSTON,16-Apr-2014,10:44 AM,Property damage only (none injured),4,0,0,Rear-end,V1: Travelling straight ahead / V2:Travelling straight ahead / V3:Travelling straight ahead / V4:Travelling straight ahead,V1:Southbound / V2:Southbound / V3:Southbound / V4:Southbound ,V1: Collision with motor vehicle in traffic / V2: Collision with motor vehicle in traffic / V3: Collision with motor vehicle in traffic / V4: Collision with motor vehicle in traffic ,V1: Passenger car / V2:Passenger car / V3:Passenger car / V4:Passenger car,Dry,Daylight,Clear,,JOHN F FITZGERALD EXPRESSWAY Rte I93 S / RAMP - LEVERETT CIRCLE TO RT 93 SB Rte SR3 S,,,HOV LANE,,236052.25,902012.4735
3795268,BOSTON,16-Apr-2014,10:46 AM,Property damage only (none injured),2,0,0,Angle,V1: Changing lanes / V2:Travelling straight ahead,V1:Southbound / V2:Southbound ,V1: Collision with motor vehicle in traffic / V2: Collision with motor vehicle in traffic ,V1: Passenger car / V2:Passenger car,Dry,Daylight,Clear,NASHUA STREET / LEVERETT CIRCLE,,,,LEVERETT CONECTOR @ STATION TUNN,,235615.9313,901865.9295
3794617,BOSTON,16-Apr-2014,1:15 PM,Property damage only (none injured),2,0,0,"Sideswipe, same direction",V1: Travelling straight ahead / V2:Travelling straight ahead,V1:Southbound / V2:Southbound ,V1: Collision with motor vehicle in traffic / V2: Collision with motor vehicle in traffic ,"V1: Light truck(van, mini-van, panel, pickup, sport utility) with only four tires / V2:Light truck(van, mini-van, panel, pickup, sport utility) with only four tires",Dry,Daylight,Clear,,Rte 93 S / UNKNOWN,,Exit 12 on Rte 93 S,,,237620.5493,892713.0989
3799769,BOSTON,16-Apr-2014,3:27 PM,Non-fatal injury,1,1,0,Angle,V1: Turning left,V1:Eastbound ,"V1: Collision with cyclist (bicycle, tricycle, unicycle, pedal car) ","V1: Light truck(van, mini-van, panel, pickup, sport utility) with only four tires",Dry,Daylight,Not Reported,,SOLDIERS FIELD ROAD Rte UNKNOW / NORTH HARVARD STREET,,,,"P2:Pedalcyclist (bicycle, tricycle, unicycle, pedal car)",230992.3482,902048.2872
3792820,BOSTON,16-Apr-2014,4:25 PM,Property damage only (none injured),2,0,0,Rear-end,V1: Slowing or stopped in traffic / V2:Slowing or stopped in traffic,V1:Northbound / V2:Northbound ,V1: Collision with motor vehicle in traffic / V2: Collision with motor vehicle in traffic ,"V1: Light truck(van, mini-van, panel, pickup, sport utility) with only four tires / V2:Light truck(van, mini-van, panel, pickup, sport utility) with only four tires",Dry,Daylight,Clear,,LEVERETT CONNECTOR NORTH / INTERSTATE 93 Rte I93 N,,,LEVERETT BY PASS RAMP,,234871.2793,903726.3937
3792546,BOSTON,16-Apr-2014,6:14 PM,Property damage only (none injured),2,0,0,Rear-end,V1: Slowing or stopped in traffic / V2:Other,V1:Westbound / V2:Westbound ,V1: Collision with motor vehicle in traffic / V2: Collision with motor vehicle in traffic ,"V1: Light truck(van, mini-van, panel, pickup, sport utility) with only four tires / V2:Light truck(van, mini-van, panel, pickup, sport utility) with only four tires",Dry,Daylight,Clear,,MASSACHUSETTS TURNPIKE Rte I90 W,,,COMMONWEALTH AVE.,,232061.2389,900091.5482
3865589,BOSTON (DORCHESTER),16-Apr-2014,7:41 PM,Non-fatal injury,2,2,0,Angle,V1: Turning left / V2:Travelling straight ahead,V1:Southbound / V2:Southbound ,V1: Collision with motor vehicle in traffic / V2: Collision with motor vehicle in traffic ,V1: Passenger car / V2:Passenger car,Dry,Dark - lighted roadway,Clear,,1643 DORCHESTER AVENUE,,,,,236128.9057,893856.4638
3908567,BOSTON,16-Apr-2014,8:09 PM,Property damage only (none injured),2,0,0,Angle,V1: Travelling straight ahead / V2:Turning right,V1:Eastbound / V2:Eastbound ,V1: Collision with motor vehicle in traffic / V2: Collision with motor vehicle in traffic ,V1: Passenger car / V2:Passenger car,Dry,Dark - lighted roadway,Clear,AIRPORT ROAD - ARRIVAL LEVEL / LOGAN AIRPORT TERMINAL A,,,,,,239240.5964,901856.7027
3805835,BOSTON,17-Apr-2014,7:28 AM,Property damage only (none injured),2,0,0,Angle,V1: Travelling straight ahead / V2:Turning left,V1:Westbound / V2:Northbound ,V1: Collision with motor vehicle in traffic / V2: Collision with motor vehicle in traffic ,V1: Passenger car / V2:Passenger car,Dry,Daylight,Clear/Clear,COMMONWEALTH AVENUE / HARVARD AVENUE,,,,,,230403.9531,900047.9373
3795224,BOSTON,17-Apr-2014,9:55 AM,Property damage only (none injured),3,0,0,Rear-end,V1: Slowing or stopped in traffic / V2:Travelling straight ahead / V3:Travelling straight ahead,V1:Northbound / V2:Northbound / V3:Northbound ,V1: Collision with motor vehicle in traffic / V2: Collision with motor vehicle in traffic / V3: Collision with motor vehicle in traffic ,V1: Passenger car / V2:Passenger car / V3:Passenger car,Dry,Daylight,Clear,,Rte 93 N / UNKNOWN,,,,,236361.4209,899696.7901
3793687,BOSTON,17-Apr-2014,9:58 AM,Property damage only (none injured),2,0,0,"Sideswipe, same direction",V1: Turning left / V2:Turning left,V1:Northbound / V2:Northbound ,V1: Collision with motor vehicle in traffic / V2: Collision with motor vehicle in traffic ,"V1: Passenger car / V2:Single-unit truck (2-axle, 6-tire)",Dry,Daylight,Clear,MASSACHUSETTS AVENUE CONNECTOR / MASSACHUSETTS AVENUE CONNECTOR / FRONTAGE ROAD,,,,MASS AVE CONNECTOR,,235865.0173,898419.1854
3946635,BOSTON (CHARLESTOWN),17-Apr-2014,7:15 PM,Not Reported,2,0,0,"Sideswipe, same direction",V1: Slowing or stopped in traffic / V2:Not reported,V1:Not reported / V2:Not reported ,V1: Unknown / V2: Not reported ,V1: Passenger car / V2:Not reported,Not reported,Daylight,Clear/Clear,,28 CONSTITUTION ROAD,,,,,233923.5557,891370.1629
3792898,BOSTON,17-Apr-2014,8:49 PM,Property damage only (none injured),2,0,0,Angle,V1: Travelling straight ahead / V2:Not reported,V1:Southbound / V2:Not reported ,V1: Collision with motor vehicle in traffic / V2: Not reported ,V1: Passenger car / V2:Not reported,Dry,Dark - lighted roadway,Clear,,Rte 93 S,,Exit 24 on Rte 93 S,,,236397.1933,901565.6511
3793712,BOSTON,18-Apr-2014,1:39 AM,Property damage only (none injured),1,0,0,Single vehicle crash,V1: Turning right,V1:Southbound ,V1: Collision with guardrail ,V1: Passenger car,Dry,Dark - lighted roadway,Clear,,QUINCY SHORE DRIVE Rte 3A S / NEPONSET AVENUE Rte 3A S,,,0 feet S from NEPONSET BRIDGE,,238027.2093,892704.2907
3797397,BOSTON,18-Apr-2014,12:15 PM,Property damage only (none injured),2,0,0,Rear-end,V1: Travelling straight ahead / V2:Slowing or stopped in traffic,V1:Westbound / V2:Westbound ,V1: Collision with motor vehicle in traffic / V2: Collision with motor vehicle in traffic ,"V1: Light truck(van, mini-van, panel, pickup, sport utility) with only four tires / V2:Light truck(van, mini-van, panel, pickup, sport utility) with only four tires",Dry,Daylight,Cloudy,STORROW DRIVE / CHARLESGATE OVERPASS,,,,BOWKER OVERPASS,,233287.6718,900098.5623
3794618,BOSTON,18-Apr-2014,12:50 PM,Property damage only (none injured),2,0,0,Rear-end,V1: Slowing or stopped in traffic / V2:Slowing or stopped in traffic,V1:Southbound / V2:Southbound ,V1: Collision with motor vehicle in traffic / V2: Collision with motor vehicle in traffic ,V1: Passenger car / V2:Passenger car,Dry,Daylight,Clear,,Rte 93 S / UNKNOWN,,Exit 12 on Rte 93 S,,,237620.5493,892713.0989