Crash Number,City/Town Name,Crash Date,Crash Time,Crash Severity,Number of Vehicles,Total Nonfatal Injuries,Total Fatal Injuries,Manner of Collision,Vehicle Action Prior to Crash,Vehicle Travel Directions,Most Harmful Events,Vehicle Configuration,Road Surface Condition,Ambient Light,Weather Condition,At Roadway Intersection,Distance from Nearest Roadway Intersection,Distance from Nearest Milemarker,Distance from Nearest Exit,Distance from Nearest Landmark,Non Motorist Type,X Coordinate,Y Coordinate
3800679,BOSTON,18-Apr-2014,4:13 PM,Property damage only (none injured),3,0,0,Rear-end,V1: Travelling straight ahead / V2:Travelling straight ahead / V3:Travelling straight ahead,V1:Northbound / V2:Northbound / V3:Northbound ,V1: Collision with motor vehicle in traffic / V2: Collision with motor vehicle in traffic / V3: Collision with motor vehicle in traffic ,"V1: Light truck(van, mini-van, panel, pickup, sport utility) with only four tires / V2:Passenger car / V3:Passenger car",Dry,Daylight,Clear,,Rte 93 N,,Exit 13 on Rte 93 N,@ EXIT #13,,237420.1414,894076.5227
3800812,BOSTON,18-Apr-2014,5:33 PM,Property damage only (none injured),2,0,0,"Sideswipe, same direction",V1: Turning right / V2:Turning right,V1:Westbound / V2:Westbound ,V1: Collision with motor vehicle in traffic / V2: Collision with motor vehicle in traffic ,"V1: Passenger car / V2:Light truck(van, mini-van, panel, pickup, sport utility) with only four tires",Dry,Daylight,Clear,,COLUMBIA ROAD / Rte 93,,,UNDER RTE 93,,236787.0013,896862.7653
3798371,BOSTON,18-Apr-2014,11:46 PM,Property damage only (none injured),2,0,0,"Sideswipe, same direction",V1: Changing lanes / V2:Travelling straight ahead,V1:Northbound / V2:Not reported ,V1: Collision with motor vehicle in traffic / V2: Collision with motor vehicle in traffic ,V1: Passenger car / V2:Passenger car,Wet,Dark - lighted roadway,Not Reported,,Rte 93 N / UNKNOWN,,Exit 16 on Rte 93 N,,,236403.9842,897524.312
3797390,BOSTON,19-Apr-2014,3:58 AM,Non-fatal injury,1,1,0,Single vehicle crash,V1: Travelling straight ahead,V1:Westbound ,V1: Not reported ,V1: Passenger car,Dry,Dark - lighted roadway,Clear,,Rte 90 W / UNKNOWN,,Exit 20 on Rte 90 W,,,231452.5043,900558.3731
3865869,BOSTON,19-Apr-2014,6:50 AM,Not Reported,2,0,0,Head-on,V1: Parked / V2:Travelling straight ahead,V1:Not reported / V2:Southbound ,V1: Collision with motor vehicle in traffic / V2: Collision with parked motor vehicle ,V1: Passenger car / V2:Passenger car,Dry,Daylight,Clear/Clear,,15 feet N from Intersection ADAMS STREET / FOX STREET,,,50 ADAMS STREET,,236095.3765,895244.2943
3818265,BOSTON,19-Apr-2014,2:35 PM,Property damage only (none injured),2,0,0,Not reported,V1: Travelling straight ahead / V2:Slowing or stopped in traffic,V1:Southbound / V2:Southbound ,V1: Collision with motor vehicle in traffic / V2: Collision with motor vehicle in traffic ,"V1: Light truck(van, mini-van, panel, pickup, sport utility) with only four tires / V2:Passenger car",Dry,Daylight,Clear,,NORTH HARVARD STREET Rte UNKNOW / SOLDIERS FIELD ROAD,,,OVER SOLDIERS FIELD RD.,,230992.2801,902048.053
3792899,BOSTON,19-Apr-2014,3:46 PM,Property damage only (none injured),3,0,0,Rear-end,V1: Slowing or stopped in traffic / V2:Travelling straight ahead / V3:Travelling straight ahead,V1:Northbound / V2:Northbound / V3:Northbound ,V1: Collision with motor vehicle in traffic / V2: Collision with motor vehicle in traffic / V3: Collision with motor vehicle in traffic ,"V1: Passenger car / V2:Light truck(van, mini-van, panel, pickup, sport utility) with only four tires / V3:Passenger car",Dry,Daylight,Clear,,JOHN F FITZGERALD EXPRESSWAY Rte 1 N / RAMP - BROADWAY TO RT 93 NB,,,TUNNEL ENTRANCE PORTAL,,236457.6356,899875.2641
3867228,BOSTON,19-Apr-2014,10:23 PM,Not Reported,2,0,0,Not reported,V1: Travelling straight ahead / V2:Parked,V1:Not reported / V2:Not reported ,V1: Collision with parked motor vehicle / V2: Collision with parked motor vehicle ,"V1: Passenger car / V2:Light truck(van, mini-van, panel, pickup, sport utility) with only four tires",Not reported,Not reported,Not Reported,,110 DAKOTA STREET,,,,,235637.7378,894473.7037
3792824,BOSTON,20-Apr-2014,00:00 AM,Non-fatal injury,2,2,0,Angle,V1: Travelling straight ahead / V2:Travelling straight ahead,V1:Southbound / V2:Eastbound ,V1: Collision with motor vehicle in traffic / V2: Collision with motor vehicle in traffic ,"V1: Passenger car / V2:Light truck(van, mini-van, panel, pickup, sport utility) with only four tires",Dry,Dark - lighted roadway,Clear,BROOKLINE AVENUE / RIVERWAY / FENWAY,,,,,,232691.9572,899212.3563
3797828,BOSTON,20-Apr-2014,3:10 AM,Property damage only (none injured),1,0,0,Single vehicle crash,V1: Travelling straight ahead,V1:Eastbound ,V1: Collision with curb ,V1: Passenger car,Dry,Dark - lighted roadway,Clear,,JAMES SHEA CIRCLE / FOREST HILLS ENTRANCE DRIVE,,,,,232472.7489,894519.9904
3792907,BOSTON,20-Apr-2014,3:50 PM,Property damage only (none injured),2,0,0,Angle,V1: Changing lanes / V2:Travelling straight ahead,V1:Northbound / V2:Northbound ,V1: Collision with motor vehicle in traffic / V2: Collision with motor vehicle in traffic ,"V1: Passenger car / V2:Light truck(van, mini-van, panel, pickup, sport utility) with only four tires",Dry,Daylight,Clear,,Rte 93 N,,Exit 11 on Rte 93,,,237094.7253,891674.8051
3797485,BOSTON,20-Apr-2014,6:30 PM,Property damage only (none injured),3,0,0,Angle,V1: Travelling straight ahead / V2:Travelling straight ahead / V3:Travelling straight ahead,V1:Northbound / V2:Eastbound / V3:Eastbound ,V1: Collision with motor vehicle in traffic / V2: Collision with motor vehicle in traffic / V3: Collision with motor vehicle in traffic ,V1: Passenger car / V2:Passenger car / V3:Passenger car,Dry,Daylight,Clear,,FRONTAGE ROAD Rte UNKNOW / BROADWAY,,,,,236165.6755,899351.7012
3946633,BOSTON (CHARLESTOWN),20-Apr-2014,8:50 PM,Property damage only (none injured),3,0,0,Head-on,V1: Slowing or stopped in traffic / V2:Turning left / V3:Other,V1:Southbound / V2:Southbound / V3:Eastbound ,V1: Collision with motor vehicle in traffic / V2: Collision with motor vehicle in traffic / V3: Collision with motor vehicle in traffic ,"V1: Light truck(van, mini-van, panel, pickup, sport utility) with only four tires / V2:Light truck(van, mini-van, panel, pickup, sport utility) with only four tires / V3:Passenger car",Dry,Dark - lighted roadway,Clear/Cloudy,CHELSEA STREET / VINE STREET,,,,,,236630.3283,902953.25
3881706,BOSTON,20-Apr-2014,9:04 PM,Not Reported,2,0,0,Not reported,V1: Not reported / V2:Not reported,V1:Not reported / V2:Not reported ,V1: Not reported / V2: Not reported ,V1: Passenger car / V2:Passenger car,Not reported,Not reported,Not Reported,,277 BOWDOIN STREET,,,,,235777.7214,895271.9539
3793713,BOSTON,21-Apr-2014,3:10 AM,Non-fatal injury,1,1,0,Single vehicle crash,V1: Travelling straight ahead,V1:Westbound ,V1: Collision with light pole or other post/support ,V1: Passenger car,Dry,Dark - lighted roadway,Clear,,WILLIAM DAY BOULEVARD / M STREET,,,,,238555.1989,897851.6711
3792254,BOSTON,21-Apr-2014,5:33 AM,Fatal injury,2,1,1,Rear-end,V1: Travelling straight ahead / V2:Slowing or stopped in traffic,V1:Northbound / V2:Northbound ,V1: Collision with parked motor vehicle / V2: Collision with parked motor vehicle ,V1: Truck/trailer / V2:Passenger car,Dry,Dawn,Clear,,Rte 93 N,Rte 93  N Milemarker 18.6,,ZAKIM BRIDGE,,235605.3145,902507.0953
3791865,BOSTON,21-Apr-2014,7:25 AM,Property damage only (none injured),2,0,0,Rear-end,V1: Travelling straight ahead / V2:Slowing or stopped in traffic,V1:Northbound / V2:Northbound ,V1: Collision with motor vehicle in traffic / V2: Collision with motor vehicle in traffic ,"V1: Light truck(van, mini-van, panel, pickup, sport utility) with only four tires / V2:Light truck(van, mini-van, panel, pickup, sport utility) with only four tires",Dry,Daylight,Clear,,LEVERETT CONNECTOR NORTH / RAMP - LEVERETT CONNECTOR TO RT 1 NB,,,,,235667.0688,902403.0392
3802025,BOSTON,21-Apr-2014,8:00 AM,Non-fatal injury,2,1,0,Angle,V1: Travelling straight ahead / V2:Turning left,V1:Westbound / V2:Eastbound ,V1: Collision with motor vehicle in traffic / V2: Collision with motor vehicle in traffic ,V1: Passenger car / V2:Passenger car,Dry,Daylight,Clear,WILLIAM DAY BOULEVARD / N STREET,,,,,,238641.9374,897901.9999
3804353,BOSTON,21-Apr-2014,12:11 PM,Non-fatal injury,2,3,0,Rear-end,V1: Travelling straight ahead / V2:Travelling straight ahead,V1:Southbound / V2:Southbound ,V1: Collision with motor vehicle in traffic / V2: Collision with motor vehicle in traffic ,V1: Passenger car / V2:Passenger car,Dry,Daylight,Clear,,JOHN F FITZGERALD EXPRESSWAY Rte 93 S / RAMP - LEVERETT CIRCLE TO RT 93 SB Rte 3 S,,,LOWER DECK,,236047.9057,902017.5968
3797504,BOSTON,21-Apr-2014,2:54 PM,Non-fatal injury,2,1,0,Angle,V1: Travelling straight ahead / V2:Turning left,V1:Southbound / V2:Northbound ,V1: Collision with motor vehicle in traffic / V2: Collision with motor vehicle in traffic ,V1: Passenger car / V2:Passenger car,Dry,Daylight,Clear,,TRUMAN HIGHWAY Rte UNKNOW / DANA AVENUE,,,,,231159.8029,888909.0317
3794151,BOSTON,21-Apr-2014,8:08 PM,Property damage only (none injured),3,0,0,Rear-end,V1: Travelling straight ahead / V2:Slowing or stopped in traffic / V3:Slowing or stopped in traffic,V1:Eastbound / V2:Eastbound / V3:Eastbound ,V1: Collision with motor vehicle in traffic / V2: Collision with motor vehicle in traffic / V3: Collision with motor vehicle in traffic ,V1: Passenger car / V2:Passenger car / V3:Passenger car,Dry,Dark - lighted roadway,Not Reported,,RAMP-RT 90 EB TO CAMBRIDGE ST,,Exit 18 on Rte 90 E,,,230937.6093,900837.7837
3969006,BOSTON (DORCHESTER),22-Apr-2014,7:45 AM,Property damage only (none injured),2,0,0,Not reported,V1: Turning left / V2:Overtaking/passing,V1:Northbound / V2:Northbound ,V1: Collision with motor vehicle in traffic / V2: Collision with motor vehicle in traffic ,"V1: Single-unit truck (2-axle, 6-tire) / V2:Passenger car",Not reported,Not reported,Not Reported,DORCHESTER AVENUE / TALBOT AVENUE,,,,,,235935.2007,892897.3591
3798464,BOSTON,22-Apr-2014,9:05 AM,Property damage only (none injured),2,0,0,Rear-end,V1: Travelling straight ahead / V2:Slowing or stopped in traffic,V1:Northbound / V2:Northbound ,V1: Collision with motor vehicle in traffic / V2: Collision with motor vehicle in traffic ,"V1: Light truck(van, mini-van, panel, pickup, sport utility) with only four tires / V2:Passenger car",Dry,Daylight,Clear,,RIVERWAY FRONTAGE ROAD / RIVERWAY,,,RIVERWAY N/B BY RTE 9,,231947.9377,898123.9322
3793358,BOSTON,22-Apr-2014,10:25 AM,Property damage only (none injured),2,0,0,Rear-end,V1: Slowing or stopped in traffic / V2:Slowing or stopped in traffic,V1:Southbound / V2:Southbound ,V1: Collision with motor vehicle in traffic / V2: Collision with motor vehicle in traffic ,"V1: Passenger car / V2:Light truck(van, mini-van, panel, pickup, sport utility) with only four tires",Dry,Daylight,Cloudy,,FRONTAGE ROAD Rte UNKNOW S / SOUTHAMPTON STREET,,,,,236246.0308,897831.0996
3793927,BOSTON,22-Apr-2014,11:54 AM,Non-fatal injury,1,1,0,Single vehicle crash,V1: Travelling straight ahead,V1:Eastbound ,V1: Collision with tree ,"V1: Light truck(van, mini-van, panel, pickup, sport utility) with only four tires",Dry,Daylight,Clear,,STORROW DRIVE / CHARLESGATE OVERPASS,,,PRIOR TO MASS AVE,,233668.314,900161.5429
3794619,BOSTON,22-Apr-2014,1:00 PM,Property damage only (none injured),3,0,0,Rear-end,V1: Slowing or stopped in traffic / V2:Slowing or stopped in traffic / V3:Travelling straight ahead,V1:Southbound / V2:Southbound / V3:Southbound ,V1: Collision with motor vehicle in traffic / V2: Collision with motor vehicle in traffic / V3: Collision with motor vehicle in traffic ,"V1: Passenger car / V2:Light truck(van, mini-van, panel, pickup, sport utility) with only four tires / V3:Light truck(van, mini-van, panel, pickup, sport utility) with only four tires",Dry,Daylight,Clear,,Rte 93 S / UNKNOWN,,Exit 15 on Rte 93 S,,,236629.6253,897168.5001
3796069,BOSTON,22-Apr-2014,1:30 PM,Property damage only (none injured),1,0,0,Single vehicle crash,V1: Making U-turn,V1:Northbound ,V1: Collision with light pole or other post/support ,V1: Truck/trailer,Dry,Daylight,Clear,,SOLDIERS FIELD ROAD / NORTH HARVARD STREET,,,,,230992.3482,902048.2872
3793462,BOSTON,22-Apr-2014,2:14 PM,Property damage only (none injured),2,0,0,Angle,V1: Travelling straight ahead / V2:Travelling straight ahead,V1:Southbound / V2:Southbound ,V1: Other / V2: Collision with other movable object ,"V1: Light truck(van, mini-van, panel, pickup, sport utility) with only four tires / V2:Light truck(van, mini-van, panel, pickup, sport utility) with only four tires",Dry,Daylight,Cloudy,,RAMP - RT 90 EB TO RT 93 SB / RAMP - RT 90 EB TO RT 93,,,RAMP TO RTE. 93 S/B,,236424.8627,899718.5174
3867593,BOSTON,22-Apr-2014,3:04 PM,Property damage only (none injured),2,0,0,Rear-end,V1: Slowing or stopped in traffic / V2:Travelling straight ahead,V1:Not reported / V2:Not reported ,V1: Collision with motor vehicle in traffic / V2: Collision with motor vehicle in traffic ,"V1: Passenger car / V2:Light truck(van, mini-van, panel, pickup, sport utility) with only four tires",Dry,Daylight,Clear,BEACON STREET / PARK DRIVE,,,,,"P3:Pedalcyclist (bicycle, tricycle, unicycle, pedal car)",232535.3748,899651.148
4021490,BOSTON (SOUTH BOSTON),22-Apr-2014,4:50 PM,Not Reported,2,0,0,Not reported,V1: Not reported / V2:Not reported,V1:Northbound / V2:Not reported ,V1: Not reported / V2: Not reported ,V1: Motorcycle / V2:Passenger car,Not reported,Not reported,Not Reported,,SEAPORT BOULEVARD / BOSTON WHARF ROAD,,,,,237449.0274,900245.2204
3793359,BOSTON,22-Apr-2014,5:49 PM,Non-fatal injury,4,2,0,Rear-end,V1: Slowing or stopped in traffic / V2:Slowing or stopped in traffic / V3:Slowing or stopped in traffic / V4:Travelling straight ahead,V1:Northbound / V2:Northbound / V3:Northbound / V4:Northbound ,V1: Collision with motor vehicle in traffic / V2: Collision with motor vehicle in traffic / V3: Collision with motor vehicle in traffic / V4: Collision with motor vehicle in traffic ,"V1: Passenger car / V2:Light truck(van, mini-van, panel, pickup, sport utility) with only four tires / V3:Passenger car / V4:Light truck(van, mini-van, panel, pickup, sport utility) with only four tires",Dry,Daylight,Clear,,LEVERETT CONNECTOR NORTH / RAMP - STORROW DRIVE TO LEVERETT CONNECT,,,LEVERETT BY PASS RAMP NORTHBOUND,,235994.7604,901918.4063
3793363,BOSTON,22-Apr-2014,6:01 PM,Property damage only (none injured),2,0,0,Rear-end,V1: Travelling straight ahead / V2:Slowing or stopped in traffic,V1:Southbound / V2:Southbound ,V1: Collision with motor vehicle in traffic / V2: Collision with motor vehicle in traffic ,"V1: Light truck(van, mini-van, panel, pickup, sport utility) with only four tires / V2:Light truck(van, mini-van, panel, pickup, sport utility) with only four tires",Dry,Daylight,Clear,,Rte 93 S / UNKNOWN,,Exit 12 on Rte 93 S,,,237620.5493,892713.0989
3793693,BOSTON,22-Apr-2014,7:30 PM,Property damage only (none injured),1,0,0,Single vehicle crash,V1: Entering traffic lane,V1:Westbound ,V1: Other ,V1: Passenger car,Dry,Dusk,Not Reported,,Rte 90 W,Rte 90  W Milemarker 134.0,,,,235774.8312,899761.4554
3797408,BOSTON,22-Apr-2014,11:05 PM,Non-fatal injury,1,1,0,Single vehicle crash,V1: Travelling straight ahead,V1:Westbound ,V1: Collision with tree ,V1: Passenger car,Wet,Dark - lighted roadway,Rain,,MORTON STREET Rte UNKNOW / JAMES SHEA CIRCLE,,,,,232426.4151,894490.4999
3793466,BOSTON,23-Apr-2014,4:59 AM,Property damage only (none injured),2,0,0,Angle,V1: Travelling straight ahead / V2:Travelling straight ahead,V1:Northbound / V2:Northbound ,V1: Collision with motor vehicle in traffic / V2: Collision with motor vehicle in traffic ,V1: Passenger car / V2:Passenger car,Dry,Dark - lighted roadway,Clear,,Rte 93 N / UNKNOWN,,Exit 14 on Rte 93 N,,,237258.9796,894483.3974
3804421,BOSTON (MATTAPAN),23-Apr-2014,5:15 AM,Unknown,2,0,0,Angle,V1: Turning left / V2:Travelling straight ahead,V1:Northbound / V2:Southbound ,V1: Collision with motor vehicle in traffic / V2: Collision with motor vehicle in traffic ,"V1: Passenger car / V2:Light truck(van, mini-van, panel, pickup, sport utility) with only four tires",Dry,Dawn,Clear/Clear,STURBRIDGE STREET / RIVER STREET,,,,439 RIVER STREET / GAS STATIONS,,235158.531,891289.6248
3793364,BOSTON,23-Apr-2014,5:44 AM,Property damage only (none injured),2,0,0,Rear-end,V1: Slowing or stopped in traffic / V2:Travelling straight ahead,V1:Northbound / V2:Northbound ,V1: Collision with motor vehicle in traffic / V2: Collision with motor vehicle in traffic ,"V1: Light truck(van, mini-van, panel, pickup, sport utility) with only four tires / V2:Light truck(van, mini-van, panel, pickup, sport utility) with only four tires",Dry,Dawn,Clear,,Rte 93 N / UNKNOWN,,Exit 13 on Rte 93 N,,,237420.1414,894076.5227
3793701,BOSTON,23-Apr-2014,9:35 AM,Non-fatal injury,2,1,0,Angle,V1: Leaving traffic lane / V2:Travelling straight ahead,V1:Southbound / V2:Southbound ,V1: Collision with motor vehicle in traffic / V2: Collision with motor vehicle in traffic ,V1: Passenger car / V2:Truck/trailer,Wet,Daylight,Cloudy/Rain,,Rte 93 S,,Exit 23 on Rte 93 S,,,236856.2793,901152.8251
3795749,BOSTON,23-Apr-2014,12:06 PM,Non-fatal injury,1,1,0,Single vehicle crash,V1: Travelling straight ahead,V1:Westbound ,V1: Collision with guardrail ,V1: Passenger car,Wet,Daylight,Cloudy,,SOLDIERS FIELD ROAD Rte UNKNOW W,,,NEWELL BOATHOUSE,,230787.0834,902179.9392
3796063,BOSTON,23-Apr-2014,12:55 PM,Property damage only (none injured),1,0,0,Single vehicle crash,V1: Travelling straight ahead,V1:Southbound ,V1: Collision with median barrier ,"V1: Single-unit truck (2-axle, 6-tire)",Wet,Dawn,Rain,SOUTHBOUND FRONTAGE ROAD / RAMP - SOUTHAMPTON ST TO SB FRONTAGE RD,,,,SOUTH BAY MALL,,236212.8983,897732.8909
3858731,BOSTON,23-Apr-2014,2:26 PM,Non-fatal injury,2,1,0,"Sideswipe, same direction",V1: Changing lanes / V2:Travelling straight ahead,V1:Not reported / V2:Not reported ,V1: Collision with motor vehicle in traffic / V2: Collision with motor vehicle in traffic ,V1: Passenger car / V2:Passenger car,Wet,Daylight,Cloudy/Rain,,195 TREMONT STREET,,,,,235870.8818,900275.2635
3796064,BOSTON,23-Apr-2014,3:10 PM,Property damage only (none injured),2,0,0,Rear-end,V1: Travelling straight ahead / V2:Travelling straight ahead,V1:Eastbound / V2:Eastbound ,V1: Collision with motor vehicle in traffic / V2: Collision with motor vehicle in traffic ,V1: Passenger car / V2:Passenger car,Dry,Daylight,Not Reported,,STORROW DRIVE Rte 28 N / RAMP TO CHARLES CIRCLE,,,,,235250.7261,901364.2784
3793360,BOSTON,23-Apr-2014,7:49 PM,Not Reported,1,0,0,Not reported,V1: Parked,V1:Not reported ,V1: Collision with parked motor vehicle ,"V1: Light truck(van, mini-van, panel, pickup, sport utility) with only four tires",Dry,Not reported,Not Reported,,,,,IN PARKING LOT,,,
3797391,BOSTON,24-Apr-2014,2:10 AM,Property damage only (none injured),2,0,0,Rear-end,V1: Slowing or stopped in traffic / V2:Slowing or stopped in traffic,V1:Eastbound / V2:Eastbound ,V1: Collision with motor vehicle in traffic / V2: Collision with motor vehicle in traffic ,V1: Passenger car / V2:Passenger car,Dry,Dark - unknown roadway lighting,Clear,,CONGRESS STREET Rte UNKNOW / A STREET,,,,,237204.9823,900080.8532
3793928,BOSTON,24-Apr-2014,8:25 AM,Property damage only (none injured),2,0,0,Angle,V1: Travelling straight ahead / V2:Travelling straight ahead,V1:Eastbound / V2:Southbound ,V1: Collision with motor vehicle in traffic / V2: Collision with motor vehicle in traffic ,V1: Passenger car / V2:Passenger car,Dry,Daylight,Not Reported,,CHARLESGATE WEST Rte UNKNOW / COMMONWEALTH AVENUE,,,,,233546.2737,899931.2545
3795737,BOSTON,24-Apr-2014,9:00 AM,Property damage only (none injured),2,0,0,Rear-end,V1: Slowing or stopped in traffic / V2:Overtaking/passing,V1:Westbound / V2:Westbound ,V1: Collision with motor vehicle in traffic / V2: Collision with motor vehicle in traffic ,"V1: Light truck(van, mini-van, panel, pickup, sport utility) with only four tires / V2:Passenger car",Dry,Daylight,Clear,,RAMP - RUTHERFORD AVENUE TO RT I93 SB Rte 93 S,,,RAMP FROM RUTHERFORD AVE,,235750.279,902254.833
3865551,BOSTON,24-Apr-2014,12:30 PM,Non-fatal injury,2,1,0,Not reported,V1: Slowing or stopped in traffic / V2:Travelling straight ahead,V1:Southbound / V2:Southbound ,V1: Collision with motor vehicle in traffic / V2: Collision with motor vehicle in traffic ,V1: Passenger car / V2:Passenger car,Not reported,Not reported,Not Reported,,1152 DORCHESTER AVENUE,,,,,236473.9816,895747.6712
3859134,BOSTON,24-Apr-2014,1:41 PM,Non-fatal injury,1,1,0,Unknown,V1: Travelling straight ahead,V1:Eastbound ,V1: Collision with pedestrian ,"V1: Light truck(van, mini-van, panel, pickup, sport utility) with only four tires",Dry,Daylight,Clear/Clear,AVENUE DE LAFAYETTE / HARRISON AVENUE EXTENSION / UNNAMED ROAD,,,,,,236139.5266,900423.9547
3802958,BOSTON,24-Apr-2014,2:50 PM,Non-fatal injury,1,1,0,"Sideswipe, same direction",V1: Travelling straight ahead,V1:Southbound ,"V1: Collision with cyclist (bicycle, tricycle, unicycle, pedal car) ",V1: Passenger car,Dry,Daylight,Clear/Clear,,MERRIMAC STREET / NEW CHARDON STREET,,,,,236265.3711,901490.5474
3797499,BOSTON,24-Apr-2014,3:30 PM,Non-fatal injury,1,1,0,Angle,V1: Entering traffic lane,V1:Eastbound ,"V1: Collision with cyclist (bicycle, tricycle, unicycle, pedal car) ",V1: Passenger car,Dry,Daylight,Clear,,100 feet N from Intersection RAMP-WESTERN AV TO SOLDIERS FIELD RD E,,,RAMP TO SLDRS FIELD ACCESS RD EB,"P2:Pedalcyclist (bicycle, tricycle, unicycle, pedal car)",231437.0524,901567.1972
3804422,BOSTON (CHARLESTOWN),25-Apr-2014,6:15 AM,Property damage only (none injured),2,0,0,Angle,V1: Travelling straight ahead / V2:Entering traffic lane,V1:Westbound / V2:Northbound ,V1: Collision with motor vehicle in traffic / V2: Collision with motor vehicle in traffic ,V1: Passenger car / V2:Passenger car,Dry,Daylight,Clear,MAIN STREET / BEACHAM STREET,,,,,,234995.6561,903924.2498
3793463,BOSTON,25-Apr-2014,9:16 AM,Property damage only (none injured),2,0,0,Angle,V1: Travelling straight ahead / V2:Travelling straight ahead,V1:Northbound / V2:Westbound ,V1: Collision with motor vehicle in traffic / V2: Collision with motor vehicle in traffic ,V1: Passenger car / V2:Passenger car,Dry,Daylight,Clear,,FRONTAGE ROAD Rte UNKNOW N / WEST FOURTH STREET,,,,,236111.8694,899236.5468
3797505,BOSTON,25-Apr-2014,3:42 PM,Property damage only (none injured),2,0,0,Rear-end,V1: Slowing or stopped in traffic / V2:Travelling straight ahead,V1:Eastbound / V2:Eastbound ,V1: Collision with motor vehicle in traffic / V2: Collision with motor vehicle in traffic ,"V1: Light truck(van, mini-van, panel, pickup, sport utility) with only four tires / V2:Passenger car",Dry,Daylight,Clear,,960 CENTRE STREET,,,960,,231048.3703,895272.9371
3793930,BOSTON,25-Apr-2014,3:50 PM,Property damage only (none injured),2,0,0,Rear-end,V1: Slowing or stopped in traffic / V2:Travelling straight ahead,V1:Southbound / V2:Southbound ,V1: Collision with motor vehicle in traffic / V2: Collision with motor vehicle in traffic ,V1: Passenger car / V2:Passenger car,Dry,Daylight,Clear,,MASSACHUSETTS AVENUE Rte 2A E / RAMP - STORROW DR TO RT 2A WB,,,MASS AVE BRIDGE,,233753.7384,900307.7109
3799748,BOSTON,25-Apr-2014,3:54 PM,Property damage only (none injured),2,0,0,Rear-end,V1: Slowing or stopped in traffic / V2:Travelling straight ahead,V1:Northbound / V2:Northbound ,V1: Collision with motor vehicle in traffic / V2: Collision with motor vehicle in traffic ,"V1: Light truck(van, mini-van, panel, pickup, sport utility) with only four tires / V2:Light truck(van, mini-van, panel, pickup, sport utility) with only four tires",Dry,Daylight,Clear/Cloudy,,Rte 93 N / UNKNOWN,,Exit 26 on Rte 93 N,,,236402.7433,901600.0342
3799749,BOSTON,25-Apr-2014,4:15 PM,Property damage only (none injured),2,0,0,Rear-end,V1: Travelling straight ahead / V2:Travelling straight ahead,V1:Northbound / V2:Northbound ,V1: Collision with motor vehicle in traffic / V2: Collision with motor vehicle in traffic ,V1: Passenger car / V2:Passenger car,Dry,Daylight,Clear/Cloudy,,Rte 93 N / UNKNOWN,,Exit 18 on Rte 93 N,,,236146.0342,897892.2406
3797491,BOSTON,25-Apr-2014,5:30 PM,Property damage only (none injured),2,0,0,Angle,V1: Travelling straight ahead / V2:Overtaking/passing,V1:Southbound / V2:Southbound ,V1: Collision with motor vehicle in traffic / V2: Collision with motor vehicle in traffic ,"V1: Passenger car / V2:Light truck(van, mini-van, panel, pickup, sport utility) with only four tires",Dry,Daylight,Clear,,CHESTNUT STREET / PERKINS STREET,,,CHESTNUT ST. BY PERKINS ST.,,231446.4061,896822.4376
3823106,BOSTON,25-Apr-2014,10:22 PM,Property damage only (none injured),1,0,0,Single vehicle crash,V1: Travelling straight ahead,V1:Northbound ,V1: Not reported ,V1: Passenger car,Dry,Dark - lighted roadway,Clear,,CENTRE STREET Rte UNKNOW / 1200,,,,,230393.9201,894177.7182
3793709,BOSTON,25-Apr-2014,11:56 PM,Property damage only (none injured),1,0,0,Single vehicle crash,V1: Other,V1:Westbound ,V1: Collision with curb ,V1: Passenger car,Dry,Dark - lighted roadway,Clear,,STORROW DRIVE / CHARLESGATE OVERPASS,,,FENWAY EXIT,,233805.3333,900249.3296
3821542,BOSTON,26-Apr-2014,12:34 PM,Property damage only (none injured),1,0,0,Single vehicle crash,V1: Changing lanes,V1:Southbound ,V1: Collision with pedestrian ,V1: Passenger car,Wet,Daylight,Rain/Cloudy,,1249 HYDE PARK AVENUE,,,,,231028.3091,889619.097
3866037,BOSTON,26-Apr-2014,6:00 PM,Property damage only (none injured),1,0,0,Not reported,V1: Travelling straight ahead,V1:Not reported ,V1: Collision with pedestrian ,V1: Passenger car,Not reported,Not reported,Not Reported,,492 BOYLSTON STREET,,,,P5:Pedestrian,235076.4285,900136.2037
3797500,BOSTON,27-Apr-2014,2:24 AM,Property damage only (none injured),2,0,0,Rear-end,V1: Slowing or stopped in traffic / V2:Travelling straight ahead,V1:Southbound / V2:Southbound ,V1: Collision with other movable object / V2: Collision with other movable object ,"V1: Light truck(van, mini-van, panel, pickup, sport utility) with only four tires / V2:Passenger car",Wet,Dark - lighted roadway,Not Reported,,NORTH HARVARD STREET Rte UNKNOW / SOLDIERS FIELD ROAD,,,,,230992.2801,902048.053