Crash Number,City/Town Name,Crash Date,Crash Time,Crash Severity,Number of Vehicles,Total Nonfatal Injuries,Total Fatal Injuries,Manner of Collision,Vehicle Action Prior to Crash,Vehicle Travel Directions,Most Harmful Events,Vehicle Configuration,Road Surface Condition,Ambient Light,Weather Condition,At Roadway Intersection,Distance from Nearest Roadway Intersection,Distance from Nearest Milemarker,Distance from Nearest Exit,Distance from Nearest Landmark,Non Motorist Type,X Coordinate,Y Coordinate
3793910,BOSTON,27-Apr-2014,3:32 AM,Property damage only (none injured),1,0,0,Single vehicle crash,V1: Travelling straight ahead,V1:Northbound ,V1: Collision with median barrier ,"V1: Light truck(van, mini-van, panel, pickup, sport utility) with only four tires",Wet,Dark - lighted roadway,Rain,,Rte 93 N,,Exit 26 on Rte 93 N,AT EXIT 26,,236402.7433,901600.0342
3881082,BOSTON,27-Apr-2014,5:15 AM,Property damage only (none injured),2,0,0,Angle,V1: Travelling straight ahead / V2:Travelling straight ahead,V1:Not reported / V2:Not reported ,V1: Collision with motor vehicle in traffic / V2: Collision with motor vehicle in traffic ,V1: Passenger car / V2:Passenger car,Dry,Daylight,Clear,CENTRE STREET / ALLANDALE STREET,,,,FAULKNER HOSPITAL,,230680.2344,894475.3124
3818274,BOSTON,27-Apr-2014,6:25 AM,Non-fatal injury,2,1,0,Rear-end,V1: Travelling straight ahead / V2:Travelling straight ahead,V1:Southbound / V2:Southbound ,V1: Collision with motor vehicle in traffic / V2: Collision with motor vehicle in traffic ,V1: Passenger car / V2:Passenger car,Dry,Daylight,Cloudy,,Rte 93 S / UNKNOWN,,Exit 12 on Rte 93 S,KEYSTONE,,237620.5493,892713.0989
3795752,BOSTON,27-Apr-2014,6:50 AM,Property damage only (none injured),1,0,0,Single vehicle crash,V1: Travelling straight ahead,V1:Westbound ,V1: Collision with median barrier ,V1: Passenger car,Wet,Daylight,Rain,,SOLDIERS FIELD ROAD Rte UNKNOW W / NORTH HARVARD STREET,,,,,230992.3482,902048.2872
3798467,BOSTON,27-Apr-2014,12:12 PM,Property damage only (none injured),2,0,0,"Sideswipe, opposite direction",V1: Turning left / V2:Travelling straight ahead,V1:Eastbound / V2:Westbound ,V1: Collision with motor vehicle in traffic / V2: Collision with motor vehicle in traffic ,V1: Passenger car / V2:Passenger car,Dry,Daylight,Clear,,GALLIVAN BOULEVARD Rte UNKNOW / MAGDALA STREET,,,,,236013.1876,892334.625
4021488,BOSTON (SOUTH BOSTON),27-Apr-2014,12:42 PM,Non-fatal injury,3,3,0,Angle,V1: Not reported / V2:Not reported / V3:Not reported,V1:Northbound / V2:Eastbound / V3:Not reported ,V1: Not reported / V2: Not reported / V3: Not reported ,"V1: Light truck(van, mini-van, panel, pickup, sport utility) with only four tires / V2:Passenger car / V3:Light truck(van, mini-van, panel, pickup, sport utility) with only four tires",Unknown,Daylight,Clear,L STREET / EAST 6TH STREET,,,,,,238296.2186,898173.1248
3818259,BOSTON,27-Apr-2014,2:56 PM,Non-fatal injury,2,4,0,Angle,V1: Travelling straight ahead / V2:Leaving traffic lane,V1:Northbound / V2:Northbound ,V1: Collision with motor vehicle in traffic / V2: Collision with motor vehicle in traffic ,"V1: Light truck(van, mini-van, panel, pickup, sport utility) with only four tires / V2:Passenger car",Dry,Daylight,Cloudy,,LEVERETT CONNECTOR NORTH / RAMP - STORROW DRIVE TO LEVERETT CONNECT,,,,,235992.0188,901912.9228
3802091,BOSTON,27-Apr-2014,3:09 PM,Property damage only (none injured),2,0,0,Angle,V1: Travelling straight ahead / V2:Changing lanes,V1:Southbound / V2:Southbound ,V1: Collision with motor vehicle in traffic / V2: Collision with motor vehicle in traffic ,V1: Passenger car / V2:Passenger car,Dry,Daylight,Clear,,TEMPORARY RAMP Rte 1 S / MAURICE TOBIN BRIDGE,,,,,235853.0976,902245.2623
3818260,BOSTON,27-Apr-2014,7:50 PM,Property damage only (none injured),1,0,0,Angle,V1: Leaving traffic lane,V1:Southbound ,V1: Collision with median barrier ,V1: Passenger car,Dry,Dusk,Clear,,LEVERETT CONNECTOR SOUTH / RAMP - LEVERETT CONNECTOR TO NASHUA STRE,,,,,235982.3314,901928.243
3865852,BOSTON (DORCHESTER),28-Apr-2014,1:34 AM,Property damage only (none injured),2,0,0,Rear-end,V1: Slowing or stopped in traffic / V2:Travelling straight ahead,V1:Southbound / V2:Not reported ,V1: Not reported / V2: Collision with parked motor vehicle ,V1: Passenger car / V2:Not reported,Dry,Dark - lighted roadway,Clear/Clear,DORCHESTER AVENUE / ADAMS STREET,1440 DORCHESTER AVENUE,,,,,236297.1561,894655.5625
3802093,BOSTON,28-Apr-2014,1:57 AM,Non-fatal injury,1,1,0,Single vehicle crash,V1: Travelling straight ahead,V1:Westbound ,V1: Collision with guardrail ,"V1: Light truck(van, mini-van, panel, pickup, sport utility) with only four tires",Wet,Dark - lighted roadway,Cloudy/Rain,,SOLDIERS FIELD ROAD Rte UNKNOW W / NORTH HARVARD STREET,,,,,230992.3482,902048.2872
3794609,BOSTON,28-Apr-2014,6:00 AM,Property damage only (none injured),2,0,0,Rear-end,V1: Slowing or stopped in traffic / V2:Slowing or stopped in traffic,V1:Southbound / V2:Southbound ,V1: Collision with motor vehicle in traffic / V2: Collision with motor vehicle in traffic ,V1: Passenger car / V2:Passenger car,Dry,Daylight,Clear,,TEMPORARY RAMP Rte 1 S / MAURICE TOBIN BRIDGE,,,,,235853.0976,902245.2623
3798562,BOSTON,28-Apr-2014,6:55 AM,Non-fatal injury,2,1,0,Angle,V1: Travelling straight ahead / V2:Other,V1:Northbound / V2:Westbound ,V1: Collision with motor vehicle in traffic / V2: Collision with motor vehicle in traffic ,"V1: Passenger car / V2:Bus (seats for 7-15 people, including driver)",Dry,Daylight,Clear/Cloudy,CENTRE STREET / WALTER STREET,,,,,,230516.1093,894243.8126
3793945,BOSTON,28-Apr-2014,7:25 AM,Non-fatal injury,4,1,0,Rear-end,V1: Travelling straight ahead / V2:Slowing or stopped in traffic / V3:Slowing or stopped in traffic / V4:Slowing or stopped in traffic,V1:Northbound / V2:Northbound / V3:Northbound / V4:Northbound ,V1: Collision with motor vehicle in traffic / V2: Collision with motor vehicle in traffic / V3: Collision with motor vehicle in traffic / V4: Collision with motor vehicle in traffic ,"V1: Passenger car / V2:Light truck(van, mini-van, panel, pickup, sport utility) with only four tires / V3:Passenger car / V4:Passenger car",Dry,Daylight,Clear,,WILLIAM T MORRISSEY BOULEVARD Rte UNKNOW N / KOSCIUSZKO CIRCLE,,,,,237017.0782,896879.6065
3865853,BOSTON (DORCHESTER),28-Apr-2014,7:56 AM,Not Reported,1,0,0,Single vehicle crash,V1: Travelling straight ahead,V1:Not reported ,V1: Collision with pedestrian ,"V1: Light truck(van, mini-van, panel, pickup, sport utility) with only four tires",Dry,Daylight,Clear,,9 BOYD STREET,,,,"P4:Other non-motorist (wheelchair, etc.)",235578.0515,894545.5105
3870248,BOSTON (DORCHESTER),28-Apr-2014,8:54 AM,Not Reported,2,0,0,Not reported,V1: Turning left / V2:Travelling straight ahead,V1:Not reported / V2:Not reported ,V1: Collision with unknown movable object / V2: Collision with motor vehicle in traffic ,V1: Passenger car / V2:Motorcycle,Not reported,Not reported,Not Reported,HAMILTON STREET / COLUMBIA ROAD,,,,,,235262.0595,895595.2269
3873238,BOSTON,28-Apr-2014,4:17 PM,Non-fatal injury,2,1,0,Angle,V1: Slowing or stopped in traffic / V2:Entering traffic lane,V1:Northbound / V2:Westbound ,V1: Not reported / V2: Collision with motor vehicle in traffic ,V1: Passenger car / V2:Passenger car,Dry,Daylight,Clear,COLUMBIA ROAD / CUSHING AVENUE,,,,,,235810.4755,896343.178
3808565,BOSTON,28-Apr-2014,8:47 PM,Property damage only (none injured),2,0,0,Rear-end,V1: Travelling straight ahead / V2:Changing lanes,V1:Southbound / V2:Southbound ,V1: Collision with moped / V2: Collision with motor vehicle in traffic ,V1: Passenger car / V2:Passenger car,Dry,Dark - lighted roadway,Clear,,Rte 93 S / UNKNOWN,,Exit 23 on Rte 93 S,,,236856.2793,901152.8251
3865597,BOSTON,28-Apr-2014,11:17 PM,Non-fatal injury,2,2,0,Rear-end,V1: Slowing or stopped in traffic / V2:Not reported,V1:Westbound / V2:Not reported ,V1: Collision with motor vehicle in traffic / V2: Not reported ,V1: Passenger car / V2:Unknown vehicle configuration,Dry,Dark - lighted roadway,Clear/Clear,,30 feet E from Intersection GALLIVAN BOULEVARD Rte 203 W / ADAMS STREET,,,MCDONALDS,,236425.6825,892502.7799
3815032,BOSTON (DORCHESTER),29-Apr-2014,8:00 AM,Not Reported,1,0,0,"Sideswipe, same direction",V1: Not reported,V1:Not reported ,V1: Not reported ,V1: Passenger car,Wet,Daylight,Cloudy/Rain,BOWDOIN STREET / HAMILTON STREET,,,,,"P2:Pedalcyclist (bicycle, tricycle, unicycle, pedal car)",235699.7969,895175.2502
3799750,BOSTON,29-Apr-2014,8:00 AM,Non-fatal injury,2,1,0,Rear-end,V1: Travelling straight ahead / V2:Slowing or stopped in traffic,V1:Westbound / V2:Westbound ,V1: Collision with motor vehicle in traffic / V2: Collision with motor vehicle in traffic ,"V1: Passenger car / V2:Light truck(van, mini-van, panel, pickup, sport utility) with only four tires",Dry,Daylight,Cloudy,,Rte 90 W / UNKNOWN,,,,,233849.5805,899785.5734
3797486,BOSTON,29-Apr-2014,1:47 PM,Property damage only (none injured),2,0,0,Rear-end,V1: Backing / V2:Slowing or stopped in traffic,V1:Northbound / V2:Northbound ,V1: Collision with motor vehicle in traffic / V2: Collision with motor vehicle in traffic ,"V1: Light truck(van, mini-van, panel, pickup, sport utility) with only four tires / V2:Passenger car",Dry,Daylight,Cloudy,,LOGAN AIRPORT TERMINAL C / AIRPORT ROAD - DEPARTURE LEVEL,,,,,239767.0673,901903.4752
3799752,BOSTON,29-Apr-2014,4:32 PM,Property damage only (none injured),2,0,0,Rear-end,V1: Slowing or stopped in traffic / V2:Travelling straight ahead,V1:Northbound / V2:Northbound ,V1: Collision with motor vehicle in traffic / V2: Collision with motor vehicle in traffic ,"V1: Light truck(van, mini-van, panel, pickup, sport utility) with only four tires / V2:Light truck(van, mini-van, panel, pickup, sport utility) with only four tires",Dry,Daylight,Cloudy,,Rte 93 N / UNKNOWN,,Exit 20 on Rte 93 N,KK-RAMP,,235935.6734,898219.8317
3865848,BOSTON (DORCHESTER),29-Apr-2014,11:56 PM,Not Reported,2,0,0,Rear-end,V1: Not reported / V2:Not reported,V1:Not reported / V2:Not reported ,V1: Not reported / V2: Not reported ,V1: Passenger car / V2:Passenger car,Dry,Dark - lighted roadway,Clear/Clear,BOWDOIN STREET / DOWNER COURT,,,,,,235952.7029,895543.6249
3798373,BOSTON,30-Apr-2014,4:08 AM,Property damage only (none injured),2,0,0,Rear-end,V1: Travelling straight ahead / V2:Travelling straight ahead,V1:Southbound / V2:Southbound ,V1: Collision with motor vehicle in traffic / V2: Collision with motor vehicle in traffic ,"V1: Light truck(van, mini-van, panel, pickup, sport utility) with only four tires / V2:Passenger car",Wet,Dark - lighted roadway,Rain,,Rte 93 S / UNKNOWN,,Exit 15 on Rte 93 S,,,236629.6253,897168.5001
3795753,BOSTON,30-Apr-2014,8:50 AM,Property damage only (none injured),2,0,0,Rear-end,V1: Travelling straight ahead / V2:Slowing or stopped in traffic,V1:Eastbound / V2:Eastbound ,V1: Collision with motor vehicle in traffic / V2: Collision with motor vehicle in traffic ,"V1: MOPED / V2:Light truck(van, mini-van, panel, pickup, sport utility) with only four tires",Wet,Daylight,Not Reported,,SOLDIERS FIELD ROAD / RAMP-SOLDIERS FIELD RD EB TO WESTERN AV,,,,,231462.4327,901787.3395
3805837,BOSTON (BRIGHTON),30-Apr-2014,9:04 AM,Not Reported,2,0,0,Head-on,V1: Not reported / V2:Not reported,V1:Not reported / V2:Not reported ,V1: Not reported / V2: Not reported ,"V1: Passenger car / V2:Light truck(van, mini-van, panel, pickup, sport utility) with only four tires",Wet,Daylight,Cloudy/Rain,,15 SOLDIERS FIELD PLACE,,,,,228827.6494,901108.9866
3811137,BOSTON (DORCHESTER),30-Apr-2014,9:43 AM,Not Reported,2,0,0,"Sideswipe, same direction",V1: Travelling straight ahead / V2:Turning right,V1:Not reported / V2:Not reported ,V1: Collision with motor vehicle in traffic / V2: Collision with motor vehicle in traffic ,V1: Passenger car / V2:Passenger car,Wet,Daylight,Rain/Cloudy,,CHARLES STREET / DITSON STREET,,,,,236003.6562,894500.6251
3802955,BOSTON,30-Apr-2014,9:49 AM,Non-fatal injury,1,1,0,Single vehicle crash,V1: Travelling straight ahead,V1:Northbound ,V1: Collision with pedestrian ,V1: Passenger car,Wet,Daylight,Cloudy/Cloudy,ESSEX STREET / ATLANTIC AVENUE,,,,,P2:Pedestrian,236592.8611,900243.1501
3923766,BOSTON,30-Apr-2014,1:34 PM,Property damage only (none injured),2,0,0,Angle,V1: Turning left / V2:Travelling straight ahead,V1:Eastbound / V2:Northbound ,V1: Collision with motor vehicle in traffic / V2: Collision with motor vehicle in traffic ,"V1: Light truck(van, mini-van, panel, pickup, sport utility) with only four tires / V2:Light truck(van, mini-van, panel, pickup, sport utility) with only four tires",Dry,Daylight,Not Reported,,VETERANS OF FOREIGN WARS PARKWAY,,,VA HOSPITAL,,226919.1679,891550.3941
3800172,BOSTON,30-Apr-2014,2:34 PM,Property damage only (none injured),2,0,0,Angle,V1: Travelling straight ahead / V2:Entering traffic lane,V1:Northbound / V2:Northbound ,V1: Not reported / V2: Collision with motor vehicle in traffic ,V1: Passenger car / V2:Single-unit truck (3-or-more axles),Dry,Daylight,Not Reported,,JEFFRIES STREET,,,,,238849.0121,901863.4748
3799753,BOSTON,30-Apr-2014,4:16 PM,Property damage only (none injured),3,0,0,Rear-end,V1: Slowing or stopped in traffic / V2:Slowing or stopped in traffic / V3:Travelling straight ahead,V1:Southbound / V2:Southbound / V3:Southbound ,V1: Collision with motor vehicle in traffic / V2: Collision with motor vehicle in traffic / V3: Collision with motor vehicle in traffic ,"V1: Passenger car / V2:Light truck(van, mini-van, panel, pickup, sport utility) with only four tires / V3:Light truck(van, mini-van, panel, pickup, sport utility) with only four tires",Dry,Daylight,Cloudy,,Rte 93 S / UNKNOWN,,Exit 24 on Rte 93 S,,,236397.1933,901565.6511
3805334,BOSTON (DORCHESTER),30-Apr-2014,5:14 PM,Non-fatal injury,2,1,0,Rear-end,V1: Not reported / V2:Not reported,V1:Not reported / V2:Not reported ,V1: Not reported / V2: Not reported ,"V1: Light truck(van, mini-van, panel, pickup, sport utility) with only four tires / V2:Bus (seats for more than 15 people, including driver)",Wet,Daylight,Rain/Rain,BOWDOIN STREET / TOPLIFF STREET,187 BOWDOIN STREET,,,,,235543.7838,895015.1046
3799754,BOSTON,30-Apr-2014,6:50 PM,Property damage only (none injured),2,0,0,Rear-end,V1: Slowing or stopped in traffic / V2:Travelling straight ahead,V1:Southbound / V2:Southbound ,V1: Collision with motor vehicle in traffic / V2: Collision with motor vehicle in traffic ,"V1: Light truck(van, mini-van, panel, pickup, sport utility) with only four tires / V2:Light truck(van, mini-van, panel, pickup, sport utility) with only four tires",Dry,Daylight,Clear/Cloudy,,LEVERETT CONNECTOR SOUTH / RAMP - LEVERETT CONNECTOR TO STORROW DRI Rte 3A N,,,STATION TUNNEL,,235759.377,901866.2958
3795269,BOSTON,01-May-2014,1:31 AM,Property damage only (none injured),2,0,0,"Sideswipe, same direction",V1: Parked / V2:Travelling straight ahead,V1:Southbound / V2:Southbound ,V1: Collision with motor vehicle in traffic / V2: Collision with motor vehicle in traffic ,"V1: Passenger car / V2:Light truck(van, mini-van, panel, pickup, sport utility) with only four tires",Dry,Dark - lighted roadway,Rain,,LOGAN AIRPORT TERMINAL B,,,,,239718.0216,901325.782
3808608,BOSTON,01-May-2014,1:48 AM,Property damage only (none injured),1,0,0,Single vehicle crash,V1: Travelling straight ahead,V1:Northbound ,V1: Collision with median barrier ,V1: Passenger car,Wet,Dark - lighted roadway,Rain,,Rte 93 N / UNKNOWN,,Exit 15 on Rte 93 N,,,236972.2496,896473.4282
3802840,BOSTON,01-May-2014,1:59 AM,Property damage only (none injured),2,0,0,"Sideswipe, same direction",V1: Travelling straight ahead / V2:Turning right,V1:Northbound / V2:Northbound ,V1: Collision with motor vehicle in traffic / V2: Collision with motor vehicle in traffic ,V1: Passenger car / V2:Passenger car,Wet,Dark - lighted roadway,Rain,,Rte 93 N / UNKNOWN,,Exit 20 on Rte 93 N,,,235935.6734,898219.8317
3799755,BOSTON,01-May-2014,3:45 AM,Property damage only (none injured),1,0,0,Single vehicle crash,V1: Turning left,V1:Southbound ,V1: Collision with median barrier ,"V1: Light truck(van, mini-van, panel, pickup, sport utility) with only four tires",Wet,Dark - lighted roadway,Clear,,RAMP - RT 90 WB/CONGRESS STREET TO RT 93 / RAMP - RT 90 WB TO RT 93 SB Rte 1A S,,,RAMP D,,236476.1314,899745.0192
3908861,BOSTON,01-May-2014,6:40 AM,Non-fatal injury,2,2,0,"Sideswipe, opposite direction",V1: Travelling straight ahead / V2:Travelling straight ahead,V1:Eastbound / V2:Westbound ,V1: Collision with motor vehicle in traffic / V2: Collision with motor vehicle in traffic ,V1: Passenger car / V2:Passenger car,Wet,Daylight,Rain,,WEST ROXBURY PARKWAY,,,,,,
3815031,BOSTON (DORCHESTER),01-May-2014,7:00 AM,Not Reported,2,0,0,Unknown,V1: Not reported / V2:Not reported,V1:Not reported / V2:Not reported ,V1: Not reported / V2: Not reported ,V1: Passenger car / V2:Not reported,Wet,Unknown,Rain/Other,,16 HAMILTON STREET,,,,,235317.1676,895550.5791
3796068,BOSTON,01-May-2014,7:10 AM,Property damage only (none injured),1,0,0,Single vehicle crash,V1: Travelling straight ahead,V1:Eastbound ,V1: Collision with motor vehicle in traffic ,"V1: Light truck(van, mini-van, panel, pickup, sport utility) with only four tires",Wet,Daylight,Rain,,STORROW DRIVE Rte 28 N / RAMP TO CHARLES CIRCLE,,,LONGFELLOW BRIDGE,,235227.3177,901259.5994
3804925,BOSTON,01-May-2014,8:06 AM,Property damage only (none injured),2,0,0,"Sideswipe, same direction",V1: Travelling straight ahead / V2:Changing lanes,V1:Westbound / V2:Westbound ,V1: Collision with motor vehicle in traffic / V2: Collision with motor vehicle in traffic ,"V1: Light truck(van, mini-van, panel, pickup, sport utility) with only four tires / V2:Single-unit truck (3-or-more axles)",Dry,Daylight,Clear,,Rte 90 W,Rte 90  W Milemarker 134.0,,,,235774.8312,899761.4554
3797482,BOSTON,01-May-2014,9:18 AM,Property damage only (none injured),2,0,0,Rear-end,V1: Travelling straight ahead / V2:Travelling straight ahead,V1:Eastbound / V2:Eastbound ,V1: Collision with motor vehicle in traffic / V2: Collision with motor vehicle in traffic ,V1: Passenger car / V2:Passenger car,Wet,Daylight,Cloudy/Rain,,Rte 90 E / UNKNOWN,,Exit 18 on Rte 90 E,,,230714.9765,900764.6942
3868357,BOSTON,01-May-2014,12:59 PM,Non-fatal injury,2,1,0,Angle,V1: Slowing or stopped in traffic / V2:Travelling straight ahead,V1:Southbound / V2:Southbound ,V1: Collision with moped / V2: Collision with motor vehicle in traffic ,V1: Passenger car / V2:MOPED,Not reported,Daylight,Cloudy,,357 COMMERCIAL STREET / BATTERY STREET,,,,,236951.4915,901859.7645
3803002,BOSTON,01-May-2014,3:44 PM,Property damage only (none injured),2,0,0,Angle,V1: Changing lanes / V2:Travelling straight ahead,V1:Northbound / V2:Northbound ,V1: Collision with motor vehicle in traffic / V2: Collision with motor vehicle in traffic ,V1: Passenger car / V2:Passenger car,Dry,Daylight,Cloudy,,Rte 93 N,,Exit 11 on Rte 93,POPE JOHN PAUL CUTOUT,,237094.7253,891674.8051
3823228,BOSTON,01-May-2014,4:12 PM,Property damage only (none injured),1,0,0,Angle,V1: Slowing or stopped in traffic,V1:Westbound ,V1: Collision with pedestrian ,V1: Passenger car,Dry,Daylight,Clear,,ARBORWAY Rte 203 / FOREST HILLS STREET,,,,,232427.352,894561.8624
3808566,BOSTON,01-May-2014,4:30 PM,Property damage only (none injured),1,0,0,Single vehicle crash,V1: Travelling straight ahead,V1:Eastbound ,V1: Collision with guardrail ,V1: Passenger car,Dry,Daylight,Clear,,Rte 90 E / UNKNOWN,,Exit 22 on Rte 90 E,,,234741.7413,899775.696
3865855,BOSTON (DORCHESTER),01-May-2014,7:30 PM,Non-fatal injury,2,3,0,Angle,V1: Travelling straight ahead / V2:Not reported,V1:Not reported / V2:Not reported ,V1: Collision with motor vehicle in traffic / V2: Not reported ,"V1: Light truck(van, mini-van, panel, pickup, sport utility) with only four tires / V2:Light truck(van, mini-van, panel, pickup, sport utility) with only four tires",Dry,Dusk,Clear,FLORIDA STREET / WRENTHAM STREET,,,,,,236401.3127,893201.375
3796071,BOSTON,02-May-2014,2:20 AM,Property damage only (none injured),1,0,0,Single vehicle crash,V1: Not reported,V1:Not reported ,V1: Not reported ,V1: Passenger car,Dry,Dark - lighted roadway,Clear,,KOSCIUSZKO CIRCLE / WILLIAM DAY BOULEVARD,,,COLONY AVENUE,,237000,896933.5626
3805838,BOSTON (ALLSTON),02-May-2014,7:55 AM,Property damage only (none injured),1,0,0,Single vehicle crash,V1: Turning left,V1:Not reported ,"V1: Collision with cyclist (bicycle, tricycle, unicycle, pedal car) ",V1: Passenger car,Dry,Daylight,Cloudy/Cloudy,NORTH HARVARD STREET / GORDON AVENUE,,,,,"P2:Pedalcyclist (bicycle, tricycle, unicycle, pedal car)",230841.9061,901834.0626
3805839,BOSTON,02-May-2014,8:53 AM,Property damage only (none injured),2,0,0,Head-on,V1: Travelling straight ahead / V2:Travelling straight ahead,V1:Not reported / V2:Not reported ,V1: Collision with motor vehicle in traffic / V2: Collision with motor vehicle in traffic ,V1: Passenger car / V2:Passenger car,Dry,Daylight,Clear,COMMONWEALTH AVENUE / BUICK STREET,,,,,,231658.3751,900150.8749
3798374,BOSTON,02-May-2014,12:44 PM,Property damage only (none injured),2,0,0,"Sideswipe, same direction",V1: Changing lanes / V2:Travelling straight ahead,V1:Westbound / V2:Westbound ,V1: Collision with motor vehicle in traffic / V2: Collision with motor vehicle in traffic ,V1: Passenger car / V2:Passenger car,Dry,Daylight,Clear,,558 GALLIVAN BOULEVARD,,,,,236830.0755,892599.2859
3798469,BOSTON,02-May-2014,1:44 PM,Property damage only (none injured),2,0,0,Angle,V1: Travelling straight ahead / V2:Travelling straight ahead,V1:Westbound / V2:Northbound ,V1: Collision with motor vehicle in traffic / V2: Collision with motor vehicle in traffic ,V1: Passenger car / V2:Passenger car,Dry,Daylight,Clear,COLUMBIA ROAD / DORCHESTER AVENUE,,,,,,236535.6564,896787.6252
3799756,BOSTON,02-May-2014,2:13 PM,Non-fatal injury,2,3,0,Rear-end,V1: Slowing or stopped in traffic / V2:Travelling straight ahead,V1:Westbound / V2:Westbound ,V1: Collision with motor vehicle in traffic / V2: Collision with motor vehicle in traffic ,"V1: Passenger car / V2:Light truck(van, mini-van, panel, pickup, sport utility) with only four tires",Dry,Daylight,Cloudy,,Rte 90 W / UNKNOWN,,,,,232572.2182,899870.4883
3805840,BOSTON (BRIGHTON),02-May-2014,4:45 PM,Not Reported,1,0,0,Single vehicle crash,V1: Not reported,V1:Southbound ,V1: Not reported ,V1: Passenger car,Dry,Daylight,Clear,KIRKWOOD ROAD / FOSTER STREET,,,,,,228103.406,899057.6248
3799213,BOSTON,02-May-2014,11:25 PM,Non-fatal injury,1,2,0,Single vehicle crash,V1: Changing lanes,V1:Westbound ,V1: Other ,V1: Passenger car,Dry,Dark - lighted roadway,Clear,,STORROW DRIVE / CHARLESGATE OVERPASS,,,PRIOR TO BU BRIDGE,,232937.4844,900128.6621
3798375,BOSTON,03-May-2014,1:18 AM,Property damage only (none injured),2,0,0,Angle,V1: Turning left / V2:Travelling straight ahead,V1:Eastbound / V2:Southbound ,V1: Collision with motor vehicle in traffic / V2: Collision with motor vehicle in traffic ,"V1: Light truck(van, mini-van, panel, pickup, sport utility) with only four tires / V2:Not reported",Dry,Dark - lighted roadway,Not Reported,WILLIAM T MORRISSEY BOULEVARD / DOMINIC J BANCULLI BOULEVARD,,,,,,237369.7223,896004.065
3907071,BOSTON,03-May-2014,9:58 AM,Property damage only (none injured),1,0,0,Single vehicle crash,V1: Travelling straight ahead,V1:Not reported ,V1: Collision with overhead sign support ,"V1: Light truck(van, mini-van, panel, pickup, sport utility) with only four tires",Dry,Daylight,Not Reported,,LOGAN AIRPORT TERMINAL B,,,,,239623.7113,901645.7637
3804647,BOSTON,03-May-2014,12:50 PM,Property damage only (none injured),2,0,0,"Sideswipe, same direction",V1: Travelling straight ahead / V2:Entering traffic lane,V1:Not reported / V2:Not reported ,V1: Collision with parked motor vehicle / V2: Collision with motor vehicle in traffic ,"V1: Bus (seats for more than 15 people, including driver) / V2:Passenger car",Dry,Daylight,Cloudy,,1487 TREMONT STREET / PARKER STREET,,,,,233198.4061,897999.6249
3908821,BOSTON,03-May-2014,4:23 PM,Property damage only (none injured),2,0,0,Angle,V1: Travelling straight ahead / V2:Travelling straight ahead,V1:Northbound / V2:Eastbound ,V1: Collision with motor vehicle in traffic / V2: Collision with motor vehicle in traffic ,V1: Passenger car / V2:Passenger car,Dry,Daylight,Cloudy/Cloudy,BLUE HILL AVENUE / ANSEL ROAD,,,,,,233767,892978.3749
3802741,BOSTON,03-May-2014,4:53 PM,Property damage only (none injured),3,0,0,Rear-end,V1: Travelling straight ahead / V2:Travelling straight ahead / V3:Travelling straight ahead,V1:Southbound / V2:Southbound / V3:Southbound ,V1: Collision with motor vehicle in traffic / V2: Collision with motor vehicle in traffic / V3: Collision with motor vehicle in traffic ,V1: Passenger car / V2:Passenger car / V3:Passenger car,Dry,Dark - lighted roadway,Clear,,Rte 93 S / UNKNOWN,,Exit 23 on Rte 93 S,,,236856.2793,901152.8251
3818431,BOSTON,03-May-2014,6:01 PM,Property damage only (none injured),2,0,0,Rear-end,V1: Slowing or stopped in traffic / V2:Travelling straight ahead,V1:Westbound / V2:Westbound ,V1: Collision with motor vehicle in traffic / V2: Collision with motor vehicle in traffic ,"V1: Passenger car / V2:Light truck(van, mini-van, panel, pickup, sport utility) with only four tires",Dry,Daylight,Clear,SOLDIERS FIELD ROAD / NORTH HARVARD STREET,,,,,,230992.3482,902048.2872
3802841,BOSTON,03-May-2014,8:53 PM,Property damage only (none injured),2,0,0,Angle,V1: Travelling straight ahead / V2:Turning left,V1:Northbound / V2:Westbound ,V1: Collision with motor vehicle in traffic / V2: Collision with motor vehicle in traffic ,V1: Passenger car / V2:Passenger car,Dry,Dark - lighted roadway,Clear,,FRONTAGE ROAD Rte UNKNOW N / SOUTHAMPTON STREET,,,MASS AV,,236246.0308,897831.0996
3802842,BOSTON,04-May-2014,2:15 AM,Property damage only (none injured),2,0,0,Rear-end,V1: Travelling straight ahead / V2:Slowing or stopped in traffic,V1:Southbound / V2:Southbound ,V1: Collision with motor vehicle in traffic / V2: Collision with motor vehicle in traffic ,V1: Passenger car / V2:Passenger car,Dry,Dark - lighted roadway,Clear,,RAMP-RTS 93 SB/3 SB TO RT 90 WB / RAMP-RTS 93 SB/3 SB TO ALBANY ST STREET,,Exit 20 on Rte 93 S,,,236198.9509,899840.9002
3802095,BOSTON,04-May-2014,7:05 AM,Property damage only (none injured),1,0,0,Single vehicle crash,V1: Turning left,V1:Southbound ,V1: Collision with guardrail ,V1: Passenger car,Dry,Daylight,Clear,,GENERAL CASIMIR PULASKI SKYWAY Rte 93 S / COLUMBIA ROAD,,,EXIT 15,,236787.0013,896862.7653