Crash Number,City/Town Name,Crash Date,Crash Time,Crash Severity,Number of Vehicles,Total Nonfatal Injuries,Total Fatal Injuries,Manner of Collision,Vehicle Action Prior to Crash,Vehicle Travel Directions,Most Harmful Events,Vehicle Configuration,Road Surface Condition,Ambient Light,Weather Condition,At Roadway Intersection,Distance from Nearest Roadway Intersection,Distance from Nearest Milemarker,Distance from Nearest Exit,Distance from Nearest Landmark,Non Motorist Type,X Coordinate,Y Coordinate
3802097,BOSTON,10-May-2014,11:45 AM,Property damage only (none injured),3,0,0,Rear-end,V1: Slowing or stopped in traffic / V2:Slowing or stopped in traffic / V3:Slowing or stopped in traffic,V1:Southbound / V2:Southbound / V3:Southbound ,V1: Collision with motor vehicle in traffic / V2: Collision with motor vehicle in traffic / V3: Collision with motor vehicle in traffic ,"V1: Light truck(van, mini-van, panel, pickup, sport utility) with only four tires / V2:Passenger car / V3:Passenger car",Dry,Daylight,Clear,,Rte 93 S / UNKNOWN,,Exit 15 on Rte 93 S,,,236629.6253,897168.5001
3869843,BOSTON (DORCHESTER),10-May-2014,4:23 PM,Non-fatal injury,1,1,0,Single vehicle crash,V1: Not reported,V1:Not reported ,V1: Not reported ,V1: Unknown vehicle configuration,Dry,Daylight,Clear/Clear,,140 ADAMS STREET,,,,,236205.0937,894923.4124
3813862,BOSTON,10-May-2014,4:42 PM,Property damage only (none injured),2,0,0,Rear-end,V1: Travelling straight ahead / V2:Travelling straight ahead,V1:Northbound / V2:Northbound ,V1: Collision with motor vehicle in traffic / V2: Collision with motor vehicle in traffic ,"V1: Passenger car / V2:Light truck(van, mini-van, panel, pickup, sport utility) with only four tires",Dry,Daylight,Clear,,JOHN F FITZGERALD EXPRESSWAY Rte 93 N / JOHN F FITZGERALD EXPRESSWAY Rte 1 N,Rte 93  N Milemarker 16.7,,,,236529.8902,900066.3051
3802098,BOSTON,10-May-2014,5:15 PM,Property damage only (none injured),2,0,0,Angle,V1: Travelling straight ahead / V2:Changing lanes,V1:Southbound / V2:Southbound ,V1: Collision with motor vehicle in traffic / V2: Collision with motor vehicle in traffic ,"V1: Passenger car / V2:Light truck(van, mini-van, panel, pickup, sport utility) with only four tires",Dry,Daylight,Cloudy,,WILLIAM T MORRISSEY BOULEVARD / FREEPORT STREET,,,,,237269.315,893682.9341
3863448,BOSTON,10-May-2014,5:20 PM,Non-fatal injury,2,1,0,Rear-end,V1: Slowing or stopped in traffic / V2:Travelling straight ahead,V1:Northbound / V2:Northbound ,V1: Collision with motor vehicle in traffic / V2: Collision with motor vehicle in traffic ,"V1: Light truck(van, mini-van, panel, pickup, sport utility) with only four tires / V2:Passenger car",Wet,Daylight,Clear,,Rte 93 N,,Exit 13 on Rte 93 N,,,237420.1414,894076.5227
3802755,BOSTON,10-May-2014,7:06 PM,Non-fatal injury,1,1,0,Rear-end,V1: Slowing or stopped in traffic,V1:Westbound ,V1: Collision with motor vehicle in traffic ,"V1: Light truck(van, mini-van, panel, pickup, sport utility) with only four tires",Dry,Daylight,Clear,,MORTON STREET Rte UNKNOW / WILDWOOD STREET,,,,,233901.0974,892582.753
3802027,BOSTON,10-May-2014,10:00 PM,Property damage only (none injured),1,0,0,Single vehicle crash,V1: Travelling straight ahead,V1:Northbound ,V1: Collision with curb ,"V1: Light truck(van, mini-van, panel, pickup, sport utility) with only four tires",Wet,Dark - lighted roadway,Cloudy/Rain,,995 WILLIAM T MORRISSEY BOULEVARD / NORWOOD STREET,,,DEVINE RINK,,237606.495,893273.285
3805061,BOSTON,10-May-2014,10:03 PM,Non-fatal injury,1,1,0,Single vehicle crash,V1: Travelling straight ahead,V1:Eastbound ,V1: Collision with curb ,V1: Motorcycle,Dry,Daylight,Clear,,RAMP-RT 90 EB TO HAUL RD,,,CONGRESS ST,,237336.5326,899784.4438
3802748,BOSTON,10-May-2014,10:40 PM,Property damage only (none injured),2,0,0,Rear-end,V1: Slowing or stopped in traffic / V2:Travelling straight ahead,V1:Northbound / V2:Northbound ,V1: Collision with motor vehicle in traffic / V2: Collision with motor vehicle in traffic ,V1: Passenger car / V2:Passenger car,Dry,Dark - lighted roadway,Clear,CAMBRIDGE STREET / MASSACHUSETTS TURNPIKE,,,,,,230416.0205,900716.7499
3828298,BOSTON,11-May-2014,2:09 AM,Not Reported,2,0,0,Rear-end,V1: Leaving traffic lane / V2:Parked,V1:Eastbound / V2:Eastbound ,V1: Collision with parked motor vehicle / V2: Collision with parked motor vehicle ,"V1: Light truck(van, mini-van, panel, pickup, sport utility) with only four tires / V2:Passenger car",Dry,Dark - lighted roadway,Cloudy,,225 NORTHERN AVENUE,,,,,237982.178,899917.693
3836536,BOSTON,11-May-2014,3:45 AM,Property damage only (none injured),1,0,0,Single vehicle crash,V1: Unknown,V1:Northbound ,V1: Collision with curb ,V1: Passenger car,Dry,Dark - lighted roadway,Clear,VALENTI WAY / NORTH WASHINGTON STREET,,,,,,236378.3828,901734.2267
3865856,BOSTON (DORCHESTER),11-May-2014,4:08 AM,Non-fatal injury,1,1,0,Single vehicle crash,V1: Travelling straight ahead,V1:Southbound ,V1: Collision with pedestrian ,V1: Passenger car,Wet,Dark - lighted roadway,Rain,,1530 DORCHESTER AVENUE,,,,P2:Pedestrian,236222.5516,894300.9656
3799759,BOSTON,11-May-2014,7:27 AM,Non-fatal injury,2,1,0,"Sideswipe, same direction",V1: Travelling straight ahead / V2:Travelling straight ahead,V1:Southbound / V2:Southbound ,V1: Collision with motor vehicle in traffic / V2: Collision with motor vehicle in traffic ,V1: Motorcycle / V2:Passenger car,Dry,Daylight,Clear,,ALBANY STREET,,Exit 18 on Rte 93 S,,,235911.4074,898938.2038
3805032,BOSTON,11-May-2014,11:30 AM,Property damage only (none injured),2,0,0,Angle,V1: Travelling straight ahead / V2:Travelling straight ahead,V1:Westbound / V2:Northbound ,V1: Collision with motor vehicle in traffic / V2: Collision with motor vehicle in traffic ,V1: Passenger car / V2:Passenger car,Dry,Daylight,Clear,,CHARLESGATE EAST / BEACON STREET,,,,,233644.865,900055.8984
3820565,BOSTON,11-May-2014,12:43 PM,Property damage only (none injured),2,0,0,Rear-end,V1: Slowing or stopped in traffic / V2:Travelling straight ahead,V1:Southbound / V2:Southbound ,V1: Collision with motor vehicle in traffic / V2: Collision with motor vehicle in traffic ,"V1: Passenger car / V2:Light truck(van, mini-van, panel, pickup, sport utility) with only four tires",Dry,Daylight,Clear,,Rte 93 S / UNKNOWN,,Exit 15 on Rte 93 S,,,236629.6253,897168.5001
3823480,BOSTON,11-May-2014,1:34 PM,Property damage only (none injured),2,0,0,"Sideswipe, same direction",V1: Travelling straight ahead / V2:Travelling straight ahead,V1:Southbound / V2:Southbound ,V1: Collision with motor vehicle in traffic / V2: Collision with motor vehicle in traffic ,V1: Passenger car / V2:Passenger car,Dry,Daylight,Clear,,1285 MASSACHUSETTS AVENUE / COLUMBIA ROAD,,,,,236147.4062,896760.9378
3800570,BOSTON,11-May-2014,2:55 PM,Non-fatal injury,2,1,0,Angle,V1: Travelling straight ahead / V2:Turning left,V1:Eastbound / V2:Westbound ,V1: Collision with motor vehicle in traffic / V2: Collision with motor vehicle in traffic ,"V1: Motorcycle / V2:Light truck(van, mini-van, panel, pickup, sport utility) with only four tires",Dry,Daylight,Clear,,COLUMBIA ROAD Rte UNKNOW / BUTTONWOOD STREET,,,,,236609.5872,896844.6625
3822396,BOSTON,11-May-2014,3:02 PM,Property damage only (none injured),1,0,0,Angle,V1: Leaving traffic lane,V1:Southbound ,V1: Collision with median barrier ,V1: Passenger car,Dry,Daylight,Clear,,TEMPORARY RAMP Rte 1 S / MAURICE TOBIN BRIDGE,,,,,235853.0976,902245.2623
3865864,BOSTON (DORCHESTER),11-May-2014,3:10 PM,Not Reported,2,0,0,Angle,V1: Turning right / V2:Parked,V1:Not reported / V2:Not reported ,V1: Not reported / V2: Not reported ,"V1: Light truck(van, mini-van, panel, pickup, sport utility) with only four tires / V2:Light truck(van, mini-van, panel, pickup, sport utility) with only four tires",Dry,Daylight,Clear/Clear,HAMILTON STREET / BELLEVUE STREET,,,,,,235458.8436,895409.8127
3802855,BOSTON,11-May-2014,6:07 PM,Property damage only (none injured),2,0,0,Rear-end,V1: Turning left / V2:Slowing or stopped in traffic,V1:Northbound / V2:Northbound ,V1: Collision with motor vehicle in traffic / V2: Collision with motor vehicle in traffic ,"V1: Light truck(van, mini-van, panel, pickup, sport utility) with only four tires / V2:Passenger car",Dry,Daylight,Clear,WILLIAM T MORRISSEY BOULEVARD / FREEPORT STREET,,,,,,237175.7656,894558.6879
3942031,BOSTON (CHARLESTOWN),11-May-2014,8:24 PM,Unknown,2,0,0,Angle,V1: Slowing or stopped in traffic / V2:Turning right,V1:Westbound / V2:Westbound ,V1: Collision with motor vehicle in traffic / V2: Collision with motor vehicle in traffic ,V1: Passenger car / V2:Passenger car,Dry,Dark - lighted roadway,Clear/Clear,,CAMBRIDGE STREET / Rte 93,,,,,234853.1499,903706.5691
3824332,BOSTON,11-May-2014,8:25 PM,Non-fatal injury,2,1,0,Single vehicle crash,V1: Turning right / V2:Slowing or stopped in traffic,V1:Northbound / V2:Northbound ,V1: Collision with motor vehicle in traffic / V2: Collision with motor vehicle in traffic ,"V1: Light truck(van, mini-van, panel, pickup, sport utility) with only four tires / V2:Motorcycle",Dry,Dark - lighted roadway,Clear,COLUMBIA ROAD / CUSHING AVENUE,,,,,,235810.4755,896343.178
3804300,BOSTON,12-May-2014,10:15 AM,Property damage only (none injured),3,0,0,Angle,V1: Travelling straight ahead / V2:Travelling straight ahead / V3:Travelling straight ahead,V1:Westbound / V2:Northbound / V3:Northbound ,V1: Collision with motor vehicle in traffic / V2: Collision with motor vehicle in traffic / V3: Collision with motor vehicle in traffic ,"V1: Light truck(van, mini-van, panel, pickup, sport utility) with only four tires / V2:Passenger car / V3:Passenger car",Dry,Daylight,Clear,,CHARLESGATE EAST Rte UNKNOW / BEACON STREET,,,,,233644.865,900055.8984
3820566,BOSTON,12-May-2014,11:02 AM,Property damage only (none injured),3,0,0,"Sideswipe, same direction",V1: Changing lanes / V2:Travelling straight ahead / V3:Travelling straight ahead,V1:Northbound / V2:Northbound / V3:Northbound ,V1: Collision with motor vehicle in traffic / V2: Collision with motor vehicle in traffic / V3: Collision with motor vehicle in traffic ,"V1: Passenger car / V2:Passenger car / V3:Light truck(van, mini-van, panel, pickup, sport utility) with only four tires",Dry,Daylight,Clear,,Rte 93 N / UNKNOWN,,Exit 15 on Rte 93 N,,,236972.2496,896473.4282
3854536,BOSTON (ALLSTON),12-May-2014,11:28 AM,Property damage only (none injured),2,0,0,Head-on,V1: Turning left / V2:Travelling straight ahead,V1:Not reported / V2:Not reported ,V1: Collision with motor vehicle in traffic / V2: Collision with motor vehicle in traffic ,V1: Passenger car / V2:Passenger car,Dry,Daylight,Clear/Clear,ALLSTON STREET / COMMONWEALTH AVENUE,,,,,,229853.5679,899842.3698
3886682,BOSTON (DORCHESTER),12-May-2014,12:29 PM,Non-fatal injury,2,1,0,Rear-end,V1: Travelling straight ahead / V2:Not reported,V1:Not reported / V2:Not reported ,V1: Collision with motor vehicle in traffic / V2: Not reported ,"V1: Passenger car / V2:Light truck(van, mini-van, panel, pickup, sport utility) with only four tires",Dry,Dark - lighted roadway,Clear/Clear,,112 feet S from Intersection 434 WASHINGTON STREET / SCHOOL STREET,,,,,235274.8859,894076.3163
3865854,BOSTON (DORCHESTER),12-May-2014,5:55 PM,Not Reported,1,0,0,Head-on,V1: Travelling straight ahead,V1:Not reported ,V1: Collision with pedestrian ,"V1: Light truck(van, mini-van, panel, pickup, sport utility) with only four tires",Dry,Dark - lighted roadway,Clear/Clear,DORCHESTER AVENUE / RICHMOND STREET,,,,,P2:Pedestrian,235667.5159,891582.0623
3804761,BOSTON,12-May-2014,6:00 PM,Non-fatal injury,2,1,0,Rear-end,V1: Slowing or stopped in traffic / V2:Travelling straight ahead,V1:Westbound / V2:Westbound ,V1: Collision with motor vehicle in traffic / V2: Collision with motor vehicle in traffic ,"V1: Passenger car / V2:Light truck(van, mini-van, panel, pickup, sport utility) with only four tires",Dry,Daylight,Clear,,Rte 90 W / UNKNOWN,,,,,229752.0583,900842.7985
3800811,BOSTON,12-May-2014,8:17 PM,Non-fatal injury,2,7,0,"Sideswipe, opposite direction",V1: Leaving traffic lane / V2:Travelling straight ahead,V1:Northbound / V2:Southbound ,V1: Collision with motor vehicle in traffic / V2: Collision with motor vehicle in traffic ,"V1: Passenger car / V2:Light truck(van, mini-van, panel, pickup, sport utility) with only four tires",Dry,Dark - lighted roadway,Clear,,WILLOW POND ROAD / JAMAICAWAY,,,WILLOW POND AT J WAY,,231761.922,897172.3748
3802998,BOSTON,13-May-2014,2:25 AM,Non-fatal injury,1,1,0,Single vehicle crash,V1: Travelling straight ahead,V1:Not reported ,V1: Collision with fence ,V1: Passenger car,Dry,Dark - lighted roadway,Clear,,JAMAICAWAY / LOCHSTEAD AVENUE,,,,,231615.7341,896526.2506
3888711,BOSTON (ROSLINDALE),13-May-2014,7:45 AM,Non-fatal injury,1,1,0,Not reported,V1: Travelling straight ahead,V1:Eastbound ,V1: Collision with fence ,V1: Passenger car,Not reported,Not reported,Not Reported,SOUTH STREET / CONGREVE STREET,,,,,,229984.1269,893122.6457
3805033,BOSTON,13-May-2014,8:45 AM,Property damage only (none injured),2,0,0,Rear-end,V1: Slowing or stopped in traffic / V2:Travelling straight ahead,V1:Westbound / V2:Westbound ,V1: Collision with motor vehicle in traffic / V2: Collision with motor vehicle in traffic ,"V1: Light truck(van, mini-van, panel, pickup, sport utility) with only four tires / V2:Passenger car",Dry,Daylight,Clear,,STORROW DRIVE,,,LEE POOL LOT ENTRANCE,,235396.2348,901577.7843
3804283,BOSTON,13-May-2014,9:27 AM,Non-fatal injury,2,2,0,Rear-end,V1: Travelling straight ahead / V2:Overtaking/passing,V1:Westbound / V2:Westbound ,V1: Collision with motor vehicle in traffic / V2: Collision with motor vehicle in traffic ,V1: Passenger car / V2:Passenger car,Dry,Daylight,Clear,,,Rte 90  W Milemarker 129.5,,,,228955.8379,900930.8658
3813098,BOSTON,13-May-2014,6:17 PM,Property damage only (none injured),2,0,0,Rear-end,V1: Travelling straight ahead / V2:Travelling straight ahead,V1:Westbound / V2:Westbound ,V1: Collision with motor vehicle in traffic / V2: Collision with motor vehicle in traffic ,V1: Passenger car / V2:Passenger car,Dry,Daylight,Clear,,RAMP - RT 1 SB FROM TOBIN BRIDGE Rte 1 S / RAMP - RT 1 SB TO RUTHERFORD AVENUE,,,LEVERETT CON. S/B,,236243.7674,902571.1725
3820599,BOSTON,13-May-2014,7:12 PM,Property damage only (none injured),2,0,0,Rear-end,V1: Slowing or stopped in traffic / V2:Slowing or stopped in traffic,V1:Northbound / V2:Northbound ,V1: Collision with motor vehicle in traffic / V2: Collision with motor vehicle in traffic ,"V1: Passenger car / V2:Light truck(van, mini-van, panel, pickup, sport utility) with only four tires",Dry,Daylight,Clear,GALLIVAN BOULEVARD / NEPONSET AVENUE,,,,,,237735.2263,892889.9254
3821555,BOSTON (ROXBURY),13-May-2014,8:44 PM,Non-fatal injury,1,1,0,Single vehicle crash,V1: Travelling straight ahead,V1:Not reported ,"V1: Collision with cyclist (bicycle, tricycle, unicycle, pedal car) ",V1: Passenger car,Dry,Dark - lighted roadway,Clear/Clear,COLUMBUS AVENUE / TREMONT STREET,,,,,"P4:Pedalcyclist (bicycle, tricycle, unicycle, pedal car)",233428.1405,897959.5625
3808683,BOSTON,14-May-2014,3:03 AM,Property damage only (none injured),1,0,0,Single vehicle crash,V1: Travelling straight ahead,V1:Southbound ,V1: Collision with median barrier ,V1: Passenger car,Dry,Dark - lighted roadway,Clear,,CHARLESGATE OVERPASS / STORROW DRIVE,,,FENWAY EXIT,,233457.3813,900107.0142
3847532,BOSTON,14-May-2014,8:45 AM,Property damage only (none injured),2,0,0,"Sideswipe, same direction",V1: Travelling straight ahead / V2:Changing lanes,V1:Not reported / V2:Not reported ,V1: Collision with motor vehicle in traffic / V2: Collision with motor vehicle in traffic ,V1: Passenger car / V2:Passenger car,Dry,Daylight,Clear/Clear,,173 MARKET STREET / NORTH BEACON STREET,,,,,228910.1564,900687.5628
3808609,BOSTON,14-May-2014,10:36 AM,Non-fatal injury,2,1,0,Rear-end,V1: Travelling straight ahead / V2:Travelling straight ahead,V1:Northbound / V2:Northbound ,V1: Not reported / V2: Collision with motor vehicle in traffic ,"V1: Passenger car / V2:Light truck(van, mini-van, panel, pickup, sport utility) with only four tires",Dry,Daylight,Clear,,Rte 93 N / UNKNOWN,,Exit 14 on Rte 93 N,,,237258.9796,894483.3974
3802212,BOSTON,14-May-2014,11:38 AM,Property damage only (none injured),2,0,0,"Sideswipe, same direction",V1: Travelling straight ahead / V2:Travelling straight ahead,V1:Southbound / V2:Southbound ,V1: Collision with motor vehicle in traffic / V2: Collision with motor vehicle in traffic ,"V1: Light truck(van, mini-van, panel, pickup, sport utility) with only four tires / V2:Light truck(van, mini-van, panel, pickup, sport utility) with only four tires",Dry,Daylight,Clear,,Rte 93 S,,Exit 15 on Rte 93,,,236629.6253,897168.5001
3820781,BOSTON,14-May-2014,1:42 PM,Property damage only (none injured),2,0,0,"Sideswipe, same direction",V1: Travelling straight ahead / V2:Travelling straight ahead,V1:Southbound / V2:Southbound ,V1: Collision with motor vehicle in traffic / V2: Collision with motor vehicle in traffic ,"V1: Passenger car / V2:Light truck(van, mini-van, panel, pickup, sport utility) with only four tires",Dry,Daylight,Clear,,Rte 93 S,,Exit 15 on Rte 93,,,236629.6253,897168.5001
3865866,BOSTON (DORCHESTER),14-May-2014,4:15 PM,Not Reported,2,0,0,Rear-end,V1: Not reported / V2:Not reported,V1:Southbound / V2:Not reported ,V1: Not reported / V2: Not reported ,V1: Passenger car / V2:Not reported,Dry,Daylight,Clear,HAMILTON STREET / COLEMAN STREET,,,,,,235621.8593,895251.1874
3820600,BOSTON,14-May-2014,5:08 PM,Property damage only (none injured),2,0,0,Rear-end,V1: Turning left / V2:Travelling straight ahead,V1:Eastbound / V2:Eastbound ,V1: Collision with motor vehicle in traffic / V2: Collision with motor vehicle in traffic ,"V1: Passenger car / V2:Light truck(van, mini-van, panel, pickup, sport utility) with only four tires",Dry,Daylight,Clear,,COLUMBIA ROAD Rte UNKNOW / BUTTONWOOD STREET,,,,,236609.5872,896844.6625
3820595,BOSTON,14-May-2014,10:30 PM,Property damage only (none injured),2,0,0,Angle,V1: Travelling straight ahead / V2:Travelling straight ahead,V1:Northbound / V2:Eastbound ,V1: Collision with motor vehicle in traffic / V2: Collision with motor vehicle in traffic ,V1: Passenger car / V2:Passenger car,Dry,Dark - lighted roadway,Not Reported,PARK DRIVE / BOYLSTON STREET,,,,,,232742.1496,899278.3204
3808567,BOSTON,14-May-2014,11:41 PM,Property damage only (none injured),1,0,0,Single vehicle crash,V1: Travelling straight ahead,V1:Northbound ,V1: Collision with motor vehicle in traffic ,V1: Passenger car,Dry,Dark - lighted roadway,Clear,,JOHN F FITZGERALD EXPRESSWAY Rte 93 N / RAMP - BROADWAY TO RT 93 NB,,,O'NEILL TUNNEL,,236438.6186,899831.4161
3802847,BOSTON,15-May-2014,2:38 AM,Property damage only (none injured),2,0,0,Rear-end,V1: Travelling straight ahead / V2:Slowing or stopped in traffic,V1:Southbound / V2:Southbound ,V1: Collision with motor vehicle in traffic / V2: Collision with motor vehicle in traffic ,"V1: Light truck(van, mini-van, panel, pickup, sport utility) with only four tires / V2:Light truck(van, mini-van, panel, pickup, sport utility) with only four tires",Dry,Dark - lighted roadway,Clear,,Rte 93 S / UNKNOWN,,Exit 18 on Rte 93 S,,,236013.2783,899092.9981
3847275,BOSTON,15-May-2014,6:40 AM,Property damage only (none injured),3,0,0,Rear-end,V1: Travelling straight ahead / V2:Travelling straight ahead / V3:Travelling straight ahead,V1:Westbound / V2:Westbound / V3:Westbound ,V1: Collision with motor vehicle in traffic / V2: Collision with motor vehicle in traffic / V3: Collision with motor vehicle in traffic ,"V1: Light truck(van, mini-van, panel, pickup, sport utility) with only four tires / V2:Passenger car / V3:Passenger car",Dry,Daylight,Clear,,MASSACHUSETTS TURNPIKE Rte 90 W / MASSACHUSETTS TURNPIKE Rte 1A S,,,PLAZA 37,,239049.7991,902098.3272
3808622,BOSTON,15-May-2014,9:45 AM,Property damage only (none injured),1,0,0,Single vehicle crash,V1: Travelling straight ahead,V1:Eastbound ,V1: Other ,"V1: Light truck(van, mini-van, panel, pickup, sport utility) with only four tires",Dry,Daylight,Clear,,STORROW DRIVE Rte 28 N / RAMP TO CHARLES CIRCLE,,,LONGFELLOW BRIDGE,,235227.2863,901258.3889
3826747,BOSTON,15-May-2014,10:04 AM,Non-fatal injury,1,1,0,Single vehicle crash,V1: Travelling straight ahead,V1:Southbound ,V1: Not reported ,"V1: Light truck(van, mini-van, panel, pickup, sport utility) with only four tires",Dry,Daylight,Cloudy,,Rte 93 S / UNKNOWN,,Exit 20 on Rte 93 S,,,236954.209,900826.9442
3802848,BOSTON,15-May-2014,1:20 PM,Property damage only (none injured),2,0,0,Rear-end,V1: Travelling straight ahead / V2:Travelling straight ahead,V1:Southbound / V2:Southbound ,V1: Collision with motor vehicle in traffic / V2: Collision with motor vehicle in traffic ,"V1: Passenger car / V2:Light truck(van, mini-van, panel, pickup, sport utility) with only four tires",Dry,Daylight,Cloudy,,FENWAY Rte UNKNOW S / WESTLAND ENTRANCE,,,,,233723.459,899400.5184
3808568,BOSTON,15-May-2014,3:55 PM,Property damage only (none injured),2,0,0,Rear-end,V1: Travelling straight ahead / V2:Slowing or stopped in traffic,V1:Southbound / V2:Southbound ,V1: Collision with motor vehicle in traffic / V2: Collision with motor vehicle in traffic ,"V1: Light truck(van, mini-van, panel, pickup, sport utility) with only four tires / V2:Passenger car",Dry,Dark - lighted roadway,Cloudy,,SURFACE ARTERY / BEACH STREET,,,@ EXIT PORTAL,,236300.6329,900141.3797
3870250,BOSTON (DORCHESTER),15-May-2014,6:25 PM,Not Reported,1,0,0,Angle,V1: Travelling straight ahead,V1:Southbound ,V1: Not reported ,V1: Unknown vehicle configuration,Dry,Daylight,Clear,,150 WASHINGTON STREET,,,,,236427.3491,901019.3198
3808569,BOSTON,15-May-2014,7:26 PM,Non-fatal injury,2,2,0,"Sideswipe, same direction",V1: Slowing or stopped in traffic / V2:Travelling straight ahead,V1:Westbound / V2:Westbound ,V1: Collision with motor vehicle in traffic / V2: Collision with motor vehicle in traffic ,V1: Passenger car / V2:Passenger car,Dry,Dusk,Cloudy,,MASSACHUSETTS AVENUE Rte UNKNOW W / MELNEA CASS BOULEVARD,,,,,235260.952,898114.6273
3856031,BOSTON (HYDE PARK),15-May-2014,9:55 PM,Non-fatal injury,2,1,0,Rear-end,V1: Travelling straight ahead / V2:Not reported,V1:Not reported / V2:Not reported ,V1: Collision with moped / V2: Not reported ,"V1: Light truck(van, mini-van, panel, pickup, sport utility) with only four tires / V2:Not reported",Wet,Dark - lighted roadway,Rain,,832 HYDE PARK AVENUE,,,,,231330.876,891310.3034
3809236,BOSTON,16-May-2014,6:46 AM,Non-fatal injury,2,1,0,Rear-end,V1: Slowing or stopped in traffic / V2:Travelling straight ahead,V1:Northbound / V2:Northbound ,V1: Collision with motor vehicle in traffic / V2: Collision with motor vehicle in traffic ,"V1: Light truck(van, mini-van, panel, pickup, sport utility) with only four tires / V2:Unknown heavy truck, cannot classify",Dry,Other,Clear,,Rte 93 N,Rte 93  N Milemarker 18.1,,,,236154.3253,901921.739
3867337,BOSTON (SOUTH BOSTON),16-May-2014,7:30 AM,Not Reported,2,0,0,Not reported,V1: Not reported / V2:Not reported,V1:Southbound / V2:Northbound ,V1: Not reported / V2: Not reported ,V1: Passenger car / V2:Passenger car,Not reported,Dawn,Clear,COLUMBIA ROAD / G STREET,,,,,,237573.569,897877.8181
3820594,BOSTON,16-May-2014,7:56 AM,Property damage only (none injured),3,0,0,Rear-end,V1: Slowing or stopped in traffic / V2:Slowing or stopped in traffic / V3:Travelling straight ahead,V1:Northbound / V2:Northbound / V3:Northbound ,V1: Collision with motor vehicle in traffic / V2: Collision with motor vehicle in traffic / V3: Collision with motor vehicle in traffic ,"V1: Light truck(van, mini-van, panel, pickup, sport utility) with only four tires / V2:Passenger car / V3:Light truck(van, mini-van, panel, pickup, sport utility) with only four tires",Dry,Daylight,Clear/Cloudy,,Rte 93 N,Rte 93  N Milemarker 16.8,,JUST INSIDE TIP ONEILL TUNNEL,,236717.2035,900407.8204
3867843,BOSTON (BRIGHTON),16-May-2014,8:11 AM,Property damage only (none injured),2,0,0,Angle,V1: Turning left / V2:Travelling straight ahead,V1:Southbound / V2:Eastbound ,"V1: Collision with railway vehicle (e.g., train, engine) / V2: Collision with motor vehicle in traffic ",V1: Passenger car / V2:Tractor/semi-trailer,Dry,Daylight,Clear/Clear,COMMONWEALTH AVENUE / SOUTH STREET,,,,MBTA GREEN LINE CROSSING,,228200.2293,898858.2008
3820782,BOSTON,16-May-2014,10:30 AM,Non-fatal injury,2,1,0,Rear-end,V1: Slowing or stopped in traffic / V2:Slowing or stopped in traffic,V1:Northbound / V2:Northbound ,V1: Collision with motor vehicle in traffic / V2: Collision with motor vehicle in traffic ,"V1: Passenger car / V2:Bus (seats for more than 15 people, including driver)",Dry,Daylight,Clear,,Rte 93 N,,Exit 15 on Rte 93 N,PRIOR TO EXIT 15,,236972.2496,896473.4282
3818261,BOSTON,16-May-2014,12:31 PM,Property damage only (none injured),2,0,0,"Sideswipe, same direction",V1: Travelling straight ahead / V2:Changing lanes,V1:Northbound / V2:Northbound ,V1: Collision with motor vehicle in traffic / V2: Collision with motor vehicle in traffic ,"V1: Light truck(van, mini-van, panel, pickup, sport utility) with only four tires / V2:Light truck(van, mini-van, panel, pickup, sport utility) with only four tires",Dry,Daylight,Clear,,Rte 93 N / UNKNOWN,,Exit 28 on Rte 93 N,,,234953.5188,903173.3157
3866473,BOSTON,16-May-2014,2:30 PM,Not Reported,2,0,0,Not reported,V1: Not reported / V2:Not reported,V1:Not reported / V2:Not reported ,V1: Not reported / V2: Not reported ,"V1: Passenger car / V2:Bus (seats for more than 15 people, including driver)",Not reported,Not reported,Not Reported,,396 BOWDOIN STREET,,,,,235978.9321,895575.9883
3845586,BOSTON,16-May-2014,2:31 PM,Non-fatal injury,1,1,0,Single vehicle crash,V1: Travelling straight ahead,V1:Westbound ,V1: Collision with pedestrian ,V1: Passenger car,Dry,Daylight,Cloudy,,,,,IN PARKING LOT,P2:Pedestrian,,
3802857,BOSTON,16-May-2014,3:18 PM,Property damage only (none injured),2,0,0,Angle,V1: Turning left / V2:Travelling straight ahead,V1:Southbound / V2:Northbound ,V1: Collision with motor vehicle in traffic / V2: Collision with motor vehicle in traffic ,"V1: Passenger car / V2:Light truck(van, mini-van, panel, pickup, sport utility) with only four tires",Wet,Daylight,Rain,,NEPONSET VALLEY PARKWAY Rte UNKNOW / TRUMAN HIGHWAY,,,,,230941.0155,887276.4376