Crash Number,City/Town Name,Crash Date,Crash Time,Crash Severity,Number of Vehicles,Total Nonfatal Injuries,Total Fatal Injuries,Manner of Collision,Vehicle Action Prior to Crash,Vehicle Travel Directions,Most Harmful Events,Vehicle Configuration,Road Surface Condition,Ambient Light,Weather Condition,At Roadway Intersection,Distance from Nearest Roadway Intersection,Distance from Nearest Milemarker,Distance from Nearest Exit,Distance from Nearest Landmark,Non Motorist Type,X Coordinate,Y Coordinate
3813859,BOSTON,16-May-2014,3:40 PM,Property damage only (none injured),2,0,0,Rear-end,V1: Slowing or stopped in traffic / V2:Not reported,V1:Westbound / V2:Not reported ,V1: Collision with motor vehicle in traffic / V2: Not reported ,"V1: Light truck(van, mini-van, panel, pickup, sport utility) with only four tires / V2:Passenger car",Dry,Daylight,Not Reported,,MASSACHUSETTS TURNPIKE Rte 90 W / MASSACHUSETTS TURNPIKE Rte 90 W,,Exit 19 on Rte 90,,,231377.5906,900709.8371
3808570,BOSTON,16-May-2014,3:44 PM,Property damage only (none injured),2,0,0,"Sideswipe, same direction",V1: Travelling straight ahead / V2:Changing lanes,V1:Eastbound / V2:Eastbound ,V1: Collision with motor vehicle in traffic / V2: Collision with motor vehicle in traffic ,"V1: Passenger car / V2:Light truck(van, mini-van, panel, pickup, sport utility) with only four tires",Wet,Daylight,Cloudy/Rain,,MASSACHUSETTS TURNPIKE Rte 90 E / RAMP - RT 90 EB TO STUART STREET & HUNTI,,Exit MASS A on Rte 90 E,,,233960.0615,899755.342
3809237,BOSTON,16-May-2014,4:55 PM,Property damage only (none injured),3,0,0,Rear-end,V1: Travelling straight ahead / V2:Slowing or stopped in traffic / V3:Slowing or stopped in traffic,V1:Southbound / V2:Southbound / V3:Southbound ,V1: Collision with motor vehicle in traffic / V2: Collision with motor vehicle in traffic / V3: Collision with motor vehicle in traffic ,"V1: Single-unit truck (2-axle, 6-tire) / V2:Passenger car / V3:Light truck(van, mini-van, panel, pickup, sport utility) with only four tires",Wet,Daylight,Cloudy,,FRONTAGE ROAD / SOUTHAMPTON STREET,,,,,236246.0308,897831.0996
3808571,BOSTON,16-May-2014,5:00 PM,Property damage only (none injured),2,0,0,Rear-end,V1: Slowing or stopped in traffic / V2:Travelling straight ahead,V1:Westbound / V2:Westbound ,V1: Collision with motor vehicle in traffic / V2: Collision with motor vehicle in traffic ,V1: Passenger car / V2:Passenger car,Wet,Daylight,Cloudy/Rain,,Rte 90 W / CHARLESGATE OVERPASS,,,BOWKER OVERPASS,,233593.7568,899794.305
3808572,BOSTON,16-May-2014,5:10 PM,Property damage only (none injured),2,0,0,"Sideswipe, same direction",V1: Travelling straight ahead / V2:Changing lanes,V1:Southbound / V2:Southbound ,V1: Collision with motor vehicle in traffic / V2: Collision with motor vehicle in traffic ,"V1: Passenger car / V2:Light truck(van, mini-van, panel, pickup, sport utility) with only four tires",Dry,Dark - lighted roadway,Cloudy,,RAMP - RT 90 WB/CONGRESS STREET TO RT 93 Rte 90 W / RAMP - RT 90 WB TO RT 93 SB Rte 1A S,,,RAMP D,,236477.95,899742.7873
3802745,BOSTON,16-May-2014,6:15 PM,Property damage only (none injured),3,0,0,Rear-end,V1: Travelling straight ahead / V2:Travelling straight ahead / V3:Travelling straight ahead,V1:Northbound / V2:Northbound / V3:Northbound ,V1: Collision with motor vehicle in traffic / V2: Collision with motor vehicle in traffic / V3: Collision with motor vehicle in traffic ,"V1: Passenger car / V2:Light truck(van, mini-van, panel, pickup, sport utility) with only four tires / V3:Passenger car",Dry,Dark - lighted roadway,Cloudy,,RAMP - RT 90 EB TO RT 93 & KNEELAND STRE / RAMP - RT 90 EB TO RT 93,,,,,236259.8432,899631.8459
3869628,BOSTON (DORCHESTER),16-May-2014,7:21 PM,Not Reported,1,0,0,Not reported,V1: Not reported,V1:Not reported ,V1: Not reported ,V1: Unknown vehicle configuration,Not reported,Not reported,Not Reported,HANCOCK STREET / BOWDOIN STREET,,,,,,236093.0636,895684.6221
3823227,BOSTON,16-May-2014,8:00 PM,Property damage only (none injured),2,0,0,Angle,V1: Travelling straight ahead / V2:Slowing or stopped in traffic,V1:Westbound / V2:Westbound ,V1: Collision with curb / V2: Collision with motor vehicle in traffic ,V1: Passenger car / V2:Passenger car,Wet,Dark - lighted roadway,Rain,,STORROW DRIVE Rte 28 S / RAMP - RT 3 TO RT 28 SB,,,MUGAR WAY W/B BY LONGFELLOW BRID,,235192.7803,901269.8118
3809238,BOSTON,16-May-2014,8:05 PM,Non-fatal injury,1,1,0,Single vehicle crash,V1: Travelling straight ahead,V1:Northbound ,V1: Other ,V1: Passenger car,Wet,Dark - lighted roadway,Rain,,Rte 93 N,,Exit 23 on Rte 93,,,236957.4837,900943.9828
3805034,BOSTON,16-May-2014,8:33 PM,Property damage only (none injured),2,0,0,"Sideswipe, same direction",V1: Travelling straight ahead / V2:Changing lanes,V1:Westbound / V2:Westbound ,V1: Collision with motor vehicle in traffic / V2: Collision with motor vehicle in traffic ,V1: Passenger car / V2:Truck/trailer,Wet,Dark - lighted roadway,Cloudy/Rain,,WESTERN AVENUE / SOLDIERS FIELD ROAD,,,ON WESTERN AV BRIDGE NEAR SF RD,,231511.8415,901593.0138
3806050,BOSTON,16-May-2014,9:35 PM,Property damage only (none injured),1,0,0,Single vehicle crash,V1: Turning left,V1:Eastbound ,V1: Collision with median barrier ,V1: Passenger car,Wet,Dark - lighted roadway,Cloudy,,0 feet N from Intersection RAMP - FRONTAGE ROAD TO RT 93 NB / MASSACHUSETTS AVENUE CONNECTOR,,,CONNECTOR,,235864.9873,898419.2896
3802996,BOSTON,17-May-2014,2:42 AM,Property damage only (none injured),1,0,0,Single vehicle crash,V1: Travelling straight ahead,V1:Northbound ,V1: Collision with median barrier ,V1: Passenger car,Wet,Dark - lighted roadway,Rain,,EAST BOSTON EXPRESSWAY Rte 1A / CALLAHAN TUNNEL,,,ENTRANCE TO CALLAHAN,,238035.7765,902633.3468
3818277,BOSTON,17-May-2014,5:04 AM,Non-fatal injury,1,1,0,Single vehicle crash,V1: Travelling straight ahead,V1:Eastbound ,V1: Collision with light pole or other post/support ,V1: Passenger car,Wet,Dawn,Rain,VETERANS OF FOREIGN WARS PARKWAY / WEST ROXBURY VFW PARKWAY ROTARY,,,,,,229200.729,894038.3141
3804356,BOSTON,17-May-2014,5:20 AM,Property damage only (none injured),1,0,0,Single vehicle crash,V1: Travelling straight ahead,V1:Northbound ,V1: Collision with median barrier ,V1: Passenger car,Wet,Dawn,Rain,,RAMP - RT 93 NB TO RT 90 (RAMP K) Rte 93 N / GENERAL CASIMIR PULASKI SKYWAY Rte 93 N,,Exit 20 on Rte 93 N,K RAMP,,235907.6452,898289.1776
3813099,BOSTON,17-May-2014,5:41 AM,Property damage only (none injured),1,0,0,Single vehicle crash,V1: Travelling straight ahead,V1:Westbound ,V1: Collision with median barrier ,V1: Passenger car,Wet,Daylight,Rain,,MASSACHUSETTS TURNPIKE Rte 90 W / RAMP - MASSACHUSETTS AVENUE TO RT 90 WB,,,PRUDENTIAL TUNNEL,,234112.5986,899771.6039
3820604,BOSTON,17-May-2014,6:35 AM,Property damage only (none injured),2,0,0,Rear-to-rear,V1: Travelling straight ahead / V2:Travelling straight ahead,V1:Northbound / V2:Northbound ,V1: Collision with motor vehicle in traffic / V2: Collision with motor vehicle in traffic ,V1: Passenger car / V2:Passenger car,Wet,Daylight,Rain,,Rte 93 N / UNKNOWN,,Exit 15 on Rte 93 N,,,236972.2496,896473.4282
3829375,BOSTON,17-May-2014,6:55 AM,Property damage only (none injured),2,0,0,Angle,V1: Travelling straight ahead / V2:Travelling straight ahead,V1:Westbound / V2:Westbound ,V1: Collision with motor vehicle in traffic / V2: Collision with motor vehicle in traffic ,V1: Truck/trailer / V2:Passenger car,Wet,Daylight,Rain,,Rte 90 W,Rte 90  W Milemarker 132.0,,,,232572.2182,899870.4883
3820616,BOSTON,17-May-2014,7:12 AM,Non-fatal injury,2,1,0,Rear-end,V1: Slowing or stopped in traffic / V2:Travelling straight ahead,V1:Northbound / V2:Northbound ,V1: Collision with motor vehicle in traffic / V2: Collision with motor vehicle in traffic ,"V1: Passenger car / V2:Light truck(van, mini-van, panel, pickup, sport utility) with only four tires",Wet,Daylight,Cloudy/Rain,,Rte 93 N / UNKNOWN,,Exit 13 on Rte 93 N,,,237420.1414,894076.5227
3833691,BOSTON,17-May-2014,7:45 AM,Property damage only (none injured),1,0,0,Rear-end,V1: Travelling straight ahead,V1:Northbound ,V1: Collision with median barrier ,"V1: Light truck(van, mini-van, panel, pickup, sport utility) with only four tires",Dry,Daylight,Rain,,JOHN F FITZGERALD EXPRESSWAY Rte 93 N / RAMP - RT 90 TO RT 93 NB,Rte 93  N Milemarker 16.9,,@ D RAMP MERGE,,236742.0284,900426.1433
3822902,BOSTON,17-May-2014,8:20 AM,Property damage only (none injured),1,0,0,Single vehicle crash,V1: Travelling straight ahead,V1:Westbound ,V1: Collision with guardrail ,V1: Passenger car,Wet,Daylight,Cloudy/Rain,,SOLDIERS FIELD ROAD / RAMP - SOLDIERS FIELD WB TO N HARVARD ST,,,WEEKS FOOT BRIDGE,,231286.613,901995.1096
3813112,BOSTON,17-May-2014,8:21 AM,Non-fatal injury,2,1,0,Rear-end,V1: Travelling straight ahead / V2:Slowing or stopped in traffic,V1:Southbound / V2:Southbound ,V1: Collision with motor vehicle in traffic / V2: Collision with motor vehicle in traffic ,V1: Passenger car / V2:Passenger car,Wet,Daylight,Cloudy,,WILLIAM T MORRISSEY BOULEVARD / MORRISSEY SERVICE ROAD,,,LAMBERTS,,237175.8497,894234.6531
3870238,BOSTON (DORCHESTER),17-May-2014,8:57 AM,Non-fatal injury,2,1,0,Angle,V1: Travelling straight ahead / V2:Entering traffic lane,V1:Not reported / V2:Not reported ,V1: Collision with motor vehicle in traffic / V2: Collision with motor vehicle in traffic ,V1: Passenger car / V2:Passenger car,Wet,Daylight,Rain/Rain,,572 ASHMONT STREET,,,,,237115.0668,893344.0306
3804928,BOSTON,17-May-2014,1:05 PM,Property damage only (none injured),1,0,0,Single vehicle crash,V1: Travelling straight ahead,V1:Westbound ,V1: Collision with median barrier ,V1: Passenger car,Dry,Daylight,Clear,,RAMP-RTS 90 WB/1A SB TO RTS 93 SB/3 SB Rte 1A S / RAMP-RTS 90 WB/1A SB TO RTS 93 NB/3 NB,,Exit 24 on Rte 90 W,,,236473.9598,899748.8854
3847548,BOSTON (ALLSTON),17-May-2014,3:48 PM,Non-fatal injury,1,1,0,Single vehicle crash,V1: Travelling straight ahead,V1:Westbound ,V1: Not reported ,V1: Passenger car,Dry,Daylight,Clear,,20 LINDEN STREET / CAMBRIDGE STREET,,,,P3:Pedestrian,230399.6836,900624.8551
3804296,BOSTON,17-May-2014,7:00 PM,Property damage only (none injured),2,0,0,"Sideswipe, same direction",V1: Changing lanes / V2:Travelling straight ahead,V1:Southbound / V2:Southbound ,V1: Collision with motor vehicle in traffic / V2: Collision with motor vehicle in traffic ,"V1: Passenger car / V2:Light truck(van, mini-van, panel, pickup, sport utility) with only four tires",Dry,Daylight,Clear,,Rte 93 S / UNKNOWN,,Exit 24 on Rte 93 S,BETWEEN 18.2&AMP; 18.3 MM,,236397.1933,901565.6511
3804929,BOSTON,17-May-2014,7:05 PM,Property damage only (none injured),2,0,0,Angle,V1: Turning left / V2:Travelling straight ahead,V1:Northbound / V2:Northbound ,V1: Collision with motor vehicle in traffic / V2: Collision with motor vehicle in traffic ,"V1: Bus (seats for more than 15 people, including driver) / V2:Passenger car",Dry,Daylight,Clear,,FRONTAGE ROAD / MASSACHUSETTS AVENUE CONNECTOR,,,MASS AV,,235865.8584,898416.0839
3813113,BOSTON,17-May-2014,7:32 PM,Non-fatal injury,2,1,0,"Sideswipe, same direction",V1: Travelling straight ahead / V2:Travelling straight ahead,V1:Southbound / V2:Southbound ,V1: Collision with motor vehicle in traffic / V2: Collision with motor vehicle in traffic ,"V1: Light truck(van, mini-van, panel, pickup, sport utility) with only four tires / V2:Motorcycle",Dry,Daylight,Clear,PREBLE STREET / OLD COLONY AVENUE / COLUMBIA ROAD ROTARY,,,,PREBBLE CIRCLE,,236869.4374,897748.4377
3804841,BOSTON,17-May-2014,11:45 PM,Non-fatal injury,2,2,0,Angle,V1: Changing lanes / V2:Slowing or stopped in traffic,V1:Southbound / V2:Southbound ,V1: Collision with motor vehicle in traffic / V2: Collision with motor vehicle in traffic ,"V1: Light truck(van, mini-van, panel, pickup, sport utility) with only four tires / V2:Passenger car",Dry,Dark - lighted roadway,Clear,,TEMPORARY RAMP Rte 1 S / MAURICE TOBIN BRIDGE,,,TOLLS,,235853.0976,902245.2623
3805958,BOSTON,18-May-2014,1:20 AM,Property damage only (none injured),1,0,0,Single vehicle crash,V1: Travelling straight ahead,V1:Southbound ,V1: Collision with median barrier ,"V1: Light truck(van, mini-van, panel, pickup, sport utility) with only four tires",Dry,Dark - lighted roadway,Clear,RUTHERFORD AVENUE / CAMBRIDGE STREET / SULLIVAN SQUARE,,,,SCHRAFF CIRCLE,,235103.7143,903798.1873
3870246,BOSTON (DORCHESTER),18-May-2014,2:19 PM,Non-fatal injury,1,1,0,Single vehicle crash,V1: Turning left,V1:Southbound ,V1: Collision with motor vehicle in traffic ,V1: Passenger car,Dry,Daylight,Clear,PLEASANT STREET / HOWES STREET,,,,,P2:Pedestrian,236356.1564,896497.8127
3813115,BOSTON,18-May-2014,2:20 PM,Property damage only (none injured),1,0,0,"Sideswipe, same direction",V1: Travelling straight ahead,V1:Northbound ,V1: Collision with motor vehicle in traffic ,"V1: Light truck(van, mini-van, panel, pickup, sport utility) with only four tires",Dry,Daylight,Clear,,Rte 93 N / UNKNOWN,,Exit 14 on Rte 93 N,,,237258.9796,894483.3974
3820618,BOSTON,18-May-2014,7:30 PM,Non-fatal injury,2,1,0,Rear-end,V1: Travelling straight ahead / V2:Travelling straight ahead,V1:Westbound / V2:Westbound ,V1: Collision with motor vehicle in traffic / V2: Collision with motor vehicle in traffic ,"V1: Motorcycle / V2:Light truck(van, mini-van, panel, pickup, sport utility) with only four tires",Dry,Daylight,Clear,,COLUMBIA ROAD Rte UNKNOW / GENERAL CASIMIR PULASKI SKYWAY,,,,,236787.0013,896862.7653
3820617,BOSTON,18-May-2014,7:32 PM,Property damage only (none injured),2,0,0,Rear-end,V1: Slowing or stopped in traffic / V2:Slowing or stopped in traffic,V1:Northbound / V2:Northbound ,V1: Collision with motor vehicle in traffic / V2: Collision with motor vehicle in traffic ,"V1: Light truck(van, mini-van, panel, pickup, sport utility) with only four tires / V2:Passenger car",Dry,Daylight,Clear,,Rte 93 N,,Exit 14 on Rte 93 N,,,237258.9796,894483.3974
3848331,BOSTON (ALLSTON),19-May-2014,00:00 AM,Not Reported,1,0,0,Single vehicle crash,V1: Travelling straight ahead,V1:Not reported ,V1: Not reported ,V1: Passenger car,Dry,Dark - lighted roadway,Clear,,119 NORTH HARVARD STREET,,,,,230727.5963,901705.4748
3870239,BOSTON (DORCHESTER),19-May-2014,2:19 AM,Non-fatal injury,2,1,0,"Sideswipe, opposite direction",V1: Travelling straight ahead / V2:Travelling straight ahead,V1:Southbound / V2:Not reported ,V1: Not reported / V2: Not reported ,"V1: Passenger car / V2:Light truck(van, mini-van, panel, pickup, sport utility) with only four tires",Dry,Dark - lighted roadway,Clear,,885 ADAMS STREET,,,,,236391.6958,892373.4579
3827275,BOSTON,19-May-2014,8:15 AM,Non-fatal injury,2,1,0,Rear-end,V1: Slowing or stopped in traffic / V2:Travelling straight ahead,V1:Northbound / V2:Northbound ,V1: Collision with motor vehicle in traffic / V2: Collision with motor vehicle in traffic ,"V1: Passenger car / V2:Light truck(van, mini-van, panel, pickup, sport utility) with only four tires",Dry,Daylight,Clear,,1600 VETERANS OF FOREIGN WARS PARKWAY,,,VFW PKWY.,,227352.4957,890695.402
3836534,BOSTON,19-May-2014,9:08 AM,Property damage only (none injured),2,0,0,Rear-end,V1: Slowing or stopped in traffic / V2:Travelling straight ahead,V1:Northbound / V2:Northbound ,V1: Collision with motor vehicle in traffic / V2: Collision with motor vehicle in traffic ,"V1: Bus (seats for more than 15 people, including driver) / V2:Light truck(van, mini-van, panel, pickup, sport utility) with only four tires",Dry,Daylight,Clear,WASHINGTON STREET / MARGINAL ROAD,,,,,,235890.6096,899741.3752
3809935,BOSTON,19-May-2014,9:40 AM,Property damage only (none injured),1,0,0,Single vehicle crash,V1: Travelling straight ahead,V1:Eastbound ,V1: Collision with curb ,V1: Passenger car,Dry,Daylight,Clear,,STORROW DRIVE / LONGFELLOW BRIDGE,,,LONGFELLOW BRIDGE,,235193.1629,901280.3507
3813116,BOSTON,19-May-2014,11:50 AM,Property damage only (none injured),2,0,0,Angle,V1: Travelling straight ahead / V2:Backing,V1:Eastbound / V2:Northbound ,V1: Collision with motor vehicle in traffic / V2: Collision with motor vehicle in traffic ,"V1: Light truck(van, mini-van, panel, pickup, sport utility) with only four tires / V2:Passenger car",Dry,Daylight,Clear,,WILLIAM DAY BOULEVARD,,,CASTLE ISLAND PRKG LOT,,,
3808575,BOSTON,19-May-2014,1:30 PM,Non-fatal injury,2,1,0,Angle,V1: Travelling straight ahead / V2:Turning left,V1:Westbound / V2:Northbound ,V1: Collision with motor vehicle in traffic / V2: Collision with motor vehicle in traffic ,V1: Passenger car / V2:Passenger car,Dry,Daylight,Clear,MORTON STREET / HAVELOCK STREET,,,,,,233533.0467,892972.5627
3820620,BOSTON,19-May-2014,4:45 PM,Property damage only (none injured),3,0,0,Rear-end,V1: Changing lanes / V2:Travelling straight ahead / V3:Travelling straight ahead,V1:Southbound / V2:Southbound / V3:Southbound ,V1: Collision with motor vehicle in traffic / V2: Collision with motor vehicle in traffic / V3: Collision with motor vehicle in traffic ,"V1: Passenger car / V2:Light truck(van, mini-van, panel, pickup, sport utility) with only four tires / V3:Light truck(van, mini-van, panel, pickup, sport utility) with only four tires",Dry,Daylight,Cloudy,,Rte 93 S / UNKNOWN,,Exit 15 on Rte 93 S,,,236629.6253,897168.5001
3818432,BOSTON,19-May-2014,8:40 PM,Property damage only (none injured),3,0,0,Angle,V1: Travelling straight ahead / V2:Travelling straight ahead / V3:Travelling straight ahead,V1:Eastbound / V2:Eastbound / V3:Eastbound ,V1: Collision with motor vehicle in traffic / V2: Collision with motor vehicle in traffic / V3: Collision with motor vehicle in traffic ,V1: Passenger car / V2:Passenger car / V3:Passenger car,Wet,Dark - lighted roadway,Cloudy/Rain,,400 SOLDIERS FIELD ROAD,,,DOUBLE TREE HOTEL,,231518.2408,901078.3912
3860739,BOSTON (HYDE PARK),19-May-2014,8:41 PM,Non-fatal injury,2,5,0,Angle,V1: Travelling straight ahead / V2:Turning left,V1:Not reported / V2:Not reported ,V1: Collision with motor vehicle in traffic / V2: Collision with motor vehicle in traffic ,V1: Passenger car / V2:Passenger car,Wet,Daylight,Rain,,CUMMINS HIGHWAY,,,STOP AND SHOP,,231786.9437,891959.1951
3804302,BOSTON,19-May-2014,10:27 PM,Non-fatal injury,5,1,0,Rear-end,V1: Slowing or stopped in traffic / V2:Travelling straight ahead / V3:Travelling straight ahead / V4:Travelling straight ahead / V5:Travelling straight ahead,V1:Westbound / V2:Westbound / V3:Westbound / V4:Westbound / V5:Westbound ,V1: Collision with motor vehicle in traffic / V2: Collision with motor vehicle in traffic / V3: Collision with motor vehicle in traffic / V4: Collision with motor vehicle in traffic / V5: Collision with motor vehicle in traffic ,"V1: Light truck(van, mini-van, panel, pickup, sport utility) with only four tires / V2:Light truck(van, mini-van, panel, pickup, sport utility) with only four tires / V3:Passenger car / V4:Light truck(van, mini-van, panel, pickup, sport utility) with only four tires / V5:Passenger car",Wet,Dark - lighted roadway,Rain,,STORROW DRIVE Rte 28 S / RAMP - RT 3 TO RT 28 SB,,,AT LONGFELLOW BRIDGE,,235207.5843,901345.9093
3912210,BOSTON,19-May-2014,10:51 PM,Non-fatal injury,2,1,0,Angle,V1: Turning left / V2:Travelling straight ahead,V1:Not reported / V2:Not reported ,V1: Collision with motor vehicle in traffic / V2: Collision with motor vehicle in traffic ,"V1: Passenger car / V2:Light truck(van, mini-van, panel, pickup, sport utility) with only four tires",Wet,Dark - roadway not lighted,Rain,HARVARD STREET / DEERING ROAD,,,,,,233294.1562,892894.5625
3822928,BOSTON,19-May-2014,11:25 PM,Property damage only (none injured),1,0,0,Single vehicle crash,V1: Travelling straight ahead,V1:Westbound ,V1: Collision with curb ,V1: Passenger car,Wet,Dark - lighted roadway,Clear/Rain,,STORROW DRIVE,,,S-CURVE W OF LEVERETT CIRCLE,,,
3804357,BOSTON,19-May-2014,11:28 PM,Property damage only (none injured),1,0,0,Single vehicle crash,V1: Travelling straight ahead,V1:Southbound ,V1: Collision with median barrier ,V1: Passenger car,Wet,Dark - lighted roadway,Rain,,LEVERETT CONNECTOR SOUTH / RAMP - RT 1 SB TO LEVERETT CONNECTOR,,,RAMP LC-S,,235405.7755,902597.0529
3933641,BOSTON,20-May-2014,00:00 AM,Non-fatal injury,4,3,0,Rear-end,V1: Slowing or stopped in traffic / V2:Slowing or stopped in traffic / V3:Slowing or stopped in traffic / V4:Travelling straight ahead,V1:Westbound / V2:Westbound / V3:Westbound / V4:Westbound ,V1: Collision with motor vehicle in traffic / V2: Collision with motor vehicle in traffic / V3: Collision with motor vehicle in traffic / V4: Collision with motor vehicle in traffic ,"V1: Passenger car / V2:Passenger car / V3:Light truck(van, mini-van, panel, pickup, sport utility) with only four tires / V4:Light truck(van, mini-van, panel, pickup, sport utility) with only four tires",Wet,Dark - lighted roadway,Cloudy/Rain,,1 HARBORSIDE DRIVE,,,,,239107.7369,901542.8365
3813101,BOSTON,20-May-2014,6:50 AM,Property damage only (none injured),2,0,0,Angle,V1: Turning left / V2:Travelling straight ahead,V1:Westbound / V2:Northbound ,V1: Collision with motor vehicle in traffic / V2: Collision with motor vehicle in traffic ,V1: Passenger car / V2:Passenger car,Dry,Daylight,Clear,,FRONTAGE ROAD / MASSACHUSETTS AVENUE CONNECTOR,,,@ MASS AVE CONNECTOR,,235865.5316,898417.2891
3870237,BOSTON (DORCHESTER),20-May-2014,9:45 AM,Non-fatal injury,2,1,0,Not reported,V1: Turning left / V2:Travelling straight ahead,V1:Not reported / V2:Northbound ,V1: Other / V2: Collision with motor vehicle in traffic ,V1: Passenger car / V2:Passenger car,Not reported,Not reported,Not Reported,NEPONSET AVENUE / ASHMONT STREET,,,,,,237242.0623,893385.3125
3833031,BOSTON,20-May-2014,10:21 AM,Property damage only (none injured),1,0,0,Single vehicle crash,V1: Travelling straight ahead,V1:Northbound ,V1: Collision with pedestrian ,"V1: Light truck(van, mini-van, panel, pickup, sport utility) with only four tires",Dry,Daylight,Clear/Clear,KNEELAND STREET / WASHINGTON STREET,,,,,P2:Pedestrian,236001.5815,900139.4772
3822531,BOSTON,20-May-2014,11:15 AM,Property damage only (none injured),2,0,0,"Sideswipe, same direction",V1: Turning right / V2:Turning right,V1:Westbound / V2:Westbound ,V1: Collision with motor vehicle in traffic / V2: Collision with motor vehicle in traffic ,V1: Passenger car / V2:Passenger car,Dry,Daylight,Clear,,CHARLES RIVER DAM ROAD Rte 28 N / EMBANKMENT ROAD Rte 28 N,,,,,235561.9358,901897.6765
3825031,BOSTON,20-May-2014,2:00 PM,Non-fatal injury,3,1,0,Rear-end,V1: Travelling straight ahead / V2:Slowing or stopped in traffic / V3:Slowing or stopped in traffic,V1:Northbound / V2:Northbound / V3:Northbound ,V1: Collision with motor vehicle in traffic / V2: Collision with motor vehicle in traffic / V3: Collision with motor vehicle in traffic ,"V1: Single-unit truck (2-axle, 6-tire) / V2:Passenger car / V3:Passenger car",Dry,Daylight,Clear,ATLANTIC AVENUE / SEAPORT BOULEVARD,,,,,,236957.6765,900570.2341
3870251,BOSTON,20-May-2014,4:30 PM,Not Reported,2,0,0,Not reported,V1: Not reported / V2:Not reported,V1:Not reported / V2:Not reported ,V1: Not reported / V2: Not reported ,V1: Passenger car / V2:Passenger car,Not reported,Not reported,Not Reported,,HARRISON AVENUE / EAST BERKELEY STREET,,,,,235897.7034,899312.9125
4021502,BOSTON,20-May-2014,4:55 PM,Non-fatal injury,2,1,0,Angle,V1: Backing / V2:Travelling straight ahead,V1:Not reported / V2:Not reported ,V1: Not reported / V2: Collision with motor vehicle in traffic ,V1: Passenger car / V2:Passenger car,Dry,Daylight,Clear,,537 EAST FOURTH STREET,,,,,237632.5095,898336.624
4021507,BOSTON,20-May-2014,4:55 PM,Property damage only (none injured),2,0,0,Head-on,V1: Overtaking/passing / V2:Travelling straight ahead,V1:Southbound / V2:Northbound ,V1: Collision with motor vehicle in traffic / V2: Collision with motor vehicle in traffic ,V1: Passenger car / V2:Passenger car,Dry,Daylight,Clear,,1228 MASSACHUSETTS AVENUE,,,,,235994.5313,896996.3432
3866455,BOSTON,20-May-2014,4:58 PM,Non-fatal injury,1,1,0,Single vehicle crash,V1: Turning right,V1:Eastbound ,"V1: Collision with cyclist (bicycle, tricycle, unicycle, pedal car) ","V1: Bus (seats for more than 15 people, including driver)",Dry,Daylight,Clear/Clear,TRAVELER STREET / ALBANY STREET,,,,,"P2:Pedalcyclist (bicycle, tricycle, unicycle, pedal car)",236086.8879,899375.6393
3820637,BOSTON,20-May-2014,8:48 PM,Property damage only (none injured),2,0,0,Angle,V1: Travelling straight ahead / V2:Turning left,V1:Eastbound / V2:Southbound ,V1: Collision with motor vehicle in traffic / V2: Collision with motor vehicle in traffic ,V1: Passenger car / V2:Passenger car,Dry,Dark - lighted roadway,Clear,,GALLIVAN BOULEVARD Rte UNKNOW / WASHINGTON STREET,,,,,235509.2971,892128.6873
3868356,BOSTON,21-May-2014,8:33 AM,Non-fatal injury,1,1,0,Head-on,V1: Turning left,V1:Eastbound ,V1: Collision with pedestrian ,V1: Passenger car,Dry,Daylight,Clear,NORTH WASHINGTON STREET / COMMERCIAL STREET,,,,,P2:Pedestrian,236364.2014,901913.9699
3818271,BOSTON,21-May-2014,8:34 AM,Property damage only (none injured),3,0,0,Rear-end,V1: Travelling straight ahead / V2:Slowing or stopped in traffic / V3:Slowing or stopped in traffic,V1:Westbound / V2:Westbound / V3:Westbound ,V1: Collision with motor vehicle in traffic / V2: Collision with motor vehicle in traffic / V3: Collision with motor vehicle in traffic ,"V1: Light truck(van, mini-van, panel, pickup, sport utility) with only four tires / V2:Light truck(van, mini-van, panel, pickup, sport utility) with only four tires / V3:Light truck(van, mini-van, panel, pickup, sport utility) with only four tires",Dry,Daylight,Clear,,STORROW DRIVE,,,BOWKER OVERPASS RAMP TO SD WB,,233327.9231,900103.3711
3899773,BOSTON,21-May-2014,9:00 AM,Property damage only (none injured),3,0,0,Rear-end,V1: Travelling straight ahead / V2:Turning left / V3:Slowing or stopped in traffic,V1:Eastbound / V2:Eastbound / V3:Westbound ,V1: Collision with motor vehicle in traffic / V2: Collision with motor vehicle in traffic / V3: Collision with motor vehicle in traffic ,"V1: Passenger car / V2:Passenger car / V3:Light truck(van, mini-van, panel, pickup, sport utility) with only four tires",Dry,Daylight,Clear,MORTON STREET / HAVELOCK STREET,,,,,,233533.0467,892972.5627
3866480,BOSTON,21-May-2014,9:16 AM,Not Reported,2,0,0,Not reported,V1: Not reported / V2:Not reported,V1:Not reported / V2:Not reported ,V1: Not reported / V2: Not reported ,"V1: Bus (seats for more than 15 people, including driver) / V2:Single-unit truck (2-axle, 6-tire)",Not reported,Not reported,Not Reported,MASSACHUSETTS AVENUE / MELNEA CASS BOULEVARD,,,,,,235266.4401,898096.4559