Crash Number,City/Town Name,Crash Date,Crash Time,Crash Severity,Number of Vehicles,Total Nonfatal Injuries,Total Fatal Injuries,Manner of Collision,Vehicle Action Prior to Crash,Vehicle Travel Directions,Most Harmful Events,Vehicle Configuration,Road Surface Condition,Ambient Light,Weather Condition,At Roadway Intersection,Distance from Nearest Roadway Intersection,Distance from Nearest Milemarker,Distance from Nearest Exit,Distance from Nearest Landmark,Non Motorist Type,X Coordinate,Y Coordinate
3824931,BOSTON (DORCHESTER),21-May-2014,9:19 AM,Property damage only (none injured),2,0,0,"Sideswipe, same direction",V1: Travelling straight ahead / V2:Parked,V1:Not reported / V2:Not reported ,V1: Collision with parked motor vehicle / V2: Collision with motor vehicle in traffic ,"V1: Bus (seats for more than 15 people, including driver) / V2:Passenger car",Dry,Daylight,Clear/Unknown,,1915 DORCHESTER AVENUE,,,,,235924.2608,892844.544
3822532,BOSTON,21-May-2014,10:44 AM,Property damage only (none injured),2,0,0,"Sideswipe, same direction",V1: Turning right / V2:Turning right,V1:Southbound / V2:Southbound ,V1: Collision with motor vehicle in traffic / V2: Collision with motor vehicle in traffic ,"V1: Light truck(van, mini-van, panel, pickup, sport utility) with only four tires / V2:Light truck(van, mini-van, panel, pickup, sport utility) with only four tires",Dry,Daylight,Not Reported,CHARLESGATE WEST / BEACON STREET,,,,,,233543.9754,900022.1832
3845560,BOSTON,21-May-2014,11:41 AM,Property damage only (none injured),2,0,0,Rear-end,V1: Slowing or stopped in traffic / V2:Slowing or stopped in traffic,V1:Northbound / V2:Northbound ,V1: Collision with motor vehicle in traffic / V2: Collision with motor vehicle in traffic ,"V1: Light truck(van, mini-van, panel, pickup, sport utility) with only four tires / V2:Light truck(van, mini-van, panel, pickup, sport utility) with only four tires",Dry,Daylight,Clear,,Rte 93 N / UNKNOWN,,Exit 15 on Rte 93 N,,,236972.2496,896473.4282
3862507,BOSTON,21-May-2014,1:43 PM,Property damage only (none injured),2,0,0,Head-on,V1: Travelling straight ahead / V2:Not reported,V1:Not reported / V2:Not reported ,V1: Collision with motor vehicle in traffic / V2: Not reported ,V1: Passenger car / V2:Passenger car,Dry,Daylight,Clear/Clear,MELNEA CASS BOULEVARD / HAMPDEN STREET,,,,,,235042.1094,897943.1877
3820638,BOSTON,21-May-2014,3:05 PM,Non-fatal injury,2,1,0,Rear-end,V1: Slowing or stopped in traffic / V2:Travelling straight ahead,V1:Northbound / V2:Northbound ,V1: Collision with motor vehicle in traffic / V2: Collision with motor vehicle in traffic ,"V1: Passenger car / V2:Light truck(van, mini-van, panel, pickup, sport utility) with only four tires",Dry,Daylight,Clear,,WILLIAM T MORRISSEY BOULEVARD Rte UNKNOW / NORWOOD STREET,,,,,237587.7012,893296.4815
3823109,BOSTON,21-May-2014,3:30 PM,Property damage only (none injured),2,0,0,"Sideswipe, same direction",V1: Travelling straight ahead / V2:Travelling straight ahead,V1:Northbound / V2:Northbound ,V1: Not reported / V2: Not reported ,V1: Passenger car / V2:Passenger car,Dry,Daylight,Clear,,MORTON STREET Rte UNKNOW / 890 EVANS STREET,,,,,234273.0086,892342.2902
3870235,BOSTON (DORCHESTER),21-May-2014,3:30 PM,Not Reported,1,0,0,Single vehicle crash,V1: Travelling straight ahead,V1:Not reported ,"V1: Collision with cyclist (bicycle, tricycle, unicycle, pedal car) ",V1: Passenger car,Dry,Daylight,Clear/Clear,HAMILTON STREET / BARRY STREET,,,,,,235503.2657,895369.1251
3809239,BOSTON,21-May-2014,6:28 PM,Property damage only (none injured),1,0,0,Single vehicle crash,V1: Travelling straight ahead,V1:Westbound ,V1: Collision with light pole or other post/support ,"V1: Bus (seats for more than 15 people, including driver)",Dry,Daylight,Clear,,MASSACHUSETTS TURNPIKE Rte 90 W / TED WILLIAMS TUNNEL,,,PLAZA 31,,239051.4028,900924.2439
3820622,BOSTON,21-May-2014,7:00 PM,Property damage only (none injured),2,0,0,Angle,V1: Travelling straight ahead / V2:Turning left,V1:Westbound / V2:Northbound ,V1: Collision with motor vehicle in traffic / V2: Collision with motor vehicle in traffic ,V1: Passenger car / V2:Passenger car,Dry,Daylight,Clear,,OLD COLONY AVENUE Rte UNKNOW / GAVIN WAY,,,,,236881.1719,897465.6873
3830000,BOSTON,21-May-2014,10:10 PM,Non-fatal injury,2,1,0,"Sideswipe, same direction",V1: Changing lanes / V2:Slowing or stopped in traffic,V1:Southbound / V2:Southbound ,V1: Collision with guardrail / V2: Collision with motor vehicle in traffic ,"V1: Motorcycle / V2:Light truck(van, mini-van, panel, pickup, sport utility) with only four tires",Dry,Dark - lighted roadway,Clear,,Rte 93 S / UNKNOWN,,Exit 12 on Rte 93 S,,,237620.5493,892713.0989
3808573,BOSTON,21-May-2014,11:20 PM,Property damage only (none injured),1,0,0,Single vehicle crash,V1: Travelling straight ahead,V1:Northbound ,V1: Collision with curb ,V1: Passenger car,Dry,Dark - lighted roadway,Clear,,Rte 93 N / UNKNOWN,,Exit 20 on Rte 93 N,RAMP K,,235935.6734,898219.8317
3845886,BOSTON,21-May-2014,11:30 PM,Property damage only (none injured),2,0,0,"Sideswipe, same direction",V1: Slowing or stopped in traffic / V2:Changing lanes,V1:Southbound / V2:Southbound ,V1: Collision with motor vehicle in traffic / V2: Collision with motor vehicle in traffic ,"V1: Single-unit truck (3-or-more axles) / V2:Light truck(van, mini-van, panel, pickup, sport utility) with only four tires",Dry,Dark - lighted roadway,Clear,,Rte 93 S,,Exit 15 on Rte 93,,,236629.6253,897168.5001
3845642,BOSTON,21-May-2014,11:31 PM,Property damage only (none injured),2,0,0,Rear-end,V1: Slowing or stopped in traffic / V2:Travelling straight ahead,V1:Southbound / V2:Southbound ,V1: Collision with motor vehicle in traffic / V2: Collision with motor vehicle in traffic ,"V1: Light truck(van, mini-van, panel, pickup, sport utility) with only four tires / V2:Passenger car",Dry,Dark - lighted roadway,Clear,,Rte 93 S / UNKNOWN,,Exit 15 on Rte 93 S,,,236629.6253,897168.5001
3880595,BOSTON,22-May-2014,3:23 AM,Non-fatal injury,1,1,0,Single vehicle crash,V1: Travelling straight ahead,V1:Eastbound ,V1: Collision with light pole or other post/support ,V1: Passenger car,Dry,Dark - lighted roadway,Clear,,WEST ROXBURY PARKWAY Rte UNKNOW / NEW PARK AVENUE,,,,,229206.297,892505.9376
3813102,BOSTON,22-May-2014,7:53 AM,Non-fatal injury,2,1,0,"Sideswipe, same direction",V1: Travelling straight ahead / V2:Travelling straight ahead,V1:Southbound / V2:Southbound ,V1: Collision with motor vehicle in traffic / V2: Collision with motor vehicle in traffic ,"V1: Light truck(van, mini-van, panel, pickup, sport utility) with only four tires / V2:Passenger car",Dry,Daylight,Cloudy,,LEVERETT CONNECTOR SOUTH / INTERSTATE 93 Rte 93 S,,,LEVERETT CONNECTOR S/B,,234797.3912,903337.8071
3826926,BOSTON,22-May-2014,8:54 AM,Property damage only (none injured),2,0,0,Rear-end,V1: Travelling straight ahead / V2:Travelling straight ahead,V1:Southbound / V2:Northbound ,V1: Collision with motor vehicle in traffic / V2: Collision with motor vehicle in traffic ,"V1: Bus (seats for 7-15 people, including driver) / V2:Single-unit truck (2-axle, 6-tire)",Dry,Daylight,Cloudy,,RAMP - FRONTAGE ROAD TO RT 93 NB / MASSACHUSETTS AVENUE CONNECTOR,,,RAMP LL,,235864.0333,898422.5979
3845643,BOSTON,22-May-2014,9:10 AM,Property damage only (none injured),2,0,0,Rear-end,V1: Slowing or stopped in traffic / V2:Travelling straight ahead,V1:Northbound / V2:Northbound ,V1: Collision with motor vehicle in traffic / V2: Collision with motor vehicle in traffic ,V1: Passenger car / V2:Passenger car,Dry,Daylight,Clear,,Rte 93 N / UNKNOWN,,Exit 13 on Rte 93 N,,,237420.1414,894076.5227
3822404,BOSTON,22-May-2014,11:15 AM,Non-fatal injury,1,1,0,Not reported,V1: Travelling straight ahead,V1:Westbound ,"V1: Collision with cyclist (bicycle, tricycle, unicycle, pedal car) ","V1: Light truck(van, mini-van, panel, pickup, sport utility) with only four tires",Dry,Daylight,Cloudy,,400 SOLDIERS FIELD ROAD,,,DOUBLETREE HOTEL,"P2:Pedalcyclist (bicycle, tricycle, unicycle, pedal car)",231518.2408,901078.3912
3833692,BOSTON,22-May-2014,2:14 PM,Non-fatal injury,2,1,0,Angle,V1: Travelling straight ahead / V2:Not reported,V1:Eastbound / V2:Not reported ,V1: Collision with median barrier / V2: Not reported ,V1: Passenger car / V2:Not reported,Wet,Other,Rain,,Rte 90 E / UNKNOWN,,Exit 24 on Rte 90 E,,,236020.7529,899669.4659
3808574,BOSTON,22-May-2014,5:26 PM,Property damage only (none injured),2,0,0,Rear-end,V1: Slowing or stopped in traffic / V2:Travelling straight ahead,V1:Northbound / V2:Northbound ,V1: Collision with motor vehicle in traffic / V2: Collision with motor vehicle in traffic ,V1: Passenger car / V2:Passenger car,Dry,Dark - lighted roadway,Cloudy,,EAST BOSTON EXPRESSWAY Rte 1A N / CALLAHAN TUNNEL,,,,,238035.7765,902633.3468
3901603,BOSTON,22-May-2014,8:01 PM,Property damage only (none injured),2,0,0,"Sideswipe, same direction",V1: Turning left / V2:Turning left,V1:Southbound / V2:Southbound ,V1: Collision with motor vehicle in traffic / V2: Collision with motor vehicle in traffic ,"V1: Passenger car / V2:Unknown heavy truck, cannot classify",Dry,Daylight,Clear/Clear,ALBANY STREET / TRAVELER STREET,,,,,,236086.8879,899375.6393
3806051,BOSTON,22-May-2014,11:10 PM,Property damage only (none injured),2,0,0,Rear-end,V1: Backing / V2:Slowing or stopped in traffic,V1:Eastbound / V2:Westbound ,V1: Collision with motor vehicle in traffic / V2: Collision with motor vehicle in traffic ,"V1: Light truck(van, mini-van, panel, pickup, sport utility) with only four tires / V2:Light truck(van, mini-van, panel, pickup, sport utility) with only four tires",Dry,Dark - lighted roadway,Cloudy,,GALLIVAN BOULEVARD / WASHINGTON STREET,,,,,235509.2971,892128.6873
3809241,BOSTON,23-May-2014,1:10 AM,Not Reported,2,0,0,"Sideswipe, same direction",V1: Not reported / V2:Not reported,V1:Not reported / V2:Not reported ,V1: Not reported / V2: Not reported ,"V1: Light truck(van, mini-van, panel, pickup, sport utility) with only four tires / V2:Light truck(van, mini-van, panel, pickup, sport utility) with only four tires",Wet,Dark - lighted roadway,Not Reported,,Rte 93 S,,Exit 16 on Rte 93,,,236388.1605,897517.5198
3822533,BOSTON,23-May-2014,1:55 AM,Property damage only (none injured),1,0,0,Single vehicle crash,V1: Travelling straight ahead,V1:Eastbound ,V1: Collision with guardrail ,V1: Passenger car,Wet,Dark - lighted roadway,Cloudy/Rain,,STORROW DRIVE Rte 28 N / RAMP TO CHARLES CIRCLE,,,LONGFELLOW BRIDGE,,235231.6919,901313.7545
3820747,BOSTON,23-May-2014,9:21 AM,Property damage only (none injured),2,0,0,"Sideswipe, same direction",V1: Turning right / V2:Turning right,V1:Northbound / V2:Northbound ,V1: Collision with motor vehicle in traffic / V2: Collision with motor vehicle in traffic ,V1: Passenger car / V2:Tractor/semi-trailer,Dry,Daylight,Clear,RAMP - WESTERN AVE TO SOLDIERS FIELD RD / WESTERN AVENUE,,,,,,229202.8016,901322.6166
3825993,BOSTON,23-May-2014,9:44 AM,Non-fatal injury,2,1,0,Rear-end,V1: Other / V2:Travelling straight ahead,V1:Southbound / V2:Southbound ,V1: Collision with motor vehicle in traffic / V2: Collision with motor vehicle in traffic ,"V1: Light truck(van, mini-van, panel, pickup, sport utility) with only four tires / V2:Passenger car",Dry,Daylight,Clear,,LEVERETT CONNECTOR SOUTH / INTERSTATE 93 Rte 93 S,,,LEVERETT CONNECTOR S/B,,234786.1412,903372.7265
3863450,BOSTON,23-May-2014,11:20 AM,Property damage only (none injured),3,0,0,"Sideswipe, opposite direction",V1: Travelling straight ahead / V2:Slowing or stopped in traffic / V3:Slowing or stopped in traffic,V1:Southbound / V2:Northbound / V3:Northbound ,V1: Collision with motor vehicle in traffic / V2: Collision with motor vehicle in traffic / V3: Collision with motor vehicle in traffic ,"V1: Light truck(van, mini-van, panel, pickup, sport utility) with only four tires / V2:Passenger car / V3:Bus (seats for 7-15 people, including driver)",Dry,Daylight,Clear,,GALLIVAN BOULEVARD / DORCHESTER AVENUE,,,GALLIVAN BLVD @ DOT AVE,,235804.4062,892252.5627
3865281,BOSTON,23-May-2014,11:53 AM,Property damage only (none injured),2,0,0,Angle,V1: Entering traffic lane / V2:Travelling straight ahead,V1:Westbound / V2:Westbound ,V1: Collision with motor vehicle in traffic / V2: Collision with motor vehicle in traffic ,V1: Passenger car / V2:Passenger car,Dry,Daylight,Cloudy,,MASSACHUSETTS TURNPIKE Rte 90 W,,Exit 20 on Rte 90 W,,,231159.494,900846.0197
3829376,BOSTON,23-May-2014,11:55 AM,Property damage only (none injured),2,0,0,"Sideswipe, same direction",V1: Travelling straight ahead / V2:Travelling straight ahead,V1:Eastbound / V2:Eastbound ,V1: Collision with motor vehicle in traffic / V2: Collision with motor vehicle in traffic ,"V1: Light truck(van, mini-van, panel, pickup, sport utility) with only four tires / V2:Tractor/semi-trailer",Dry,Daylight,Cloudy,MASSACHUSETTS TURNPIKE Rte I90 E / RAMP - RT 90 EB TO STUART STREET & HUNTI,,,Exit 22 on Rte 90 E,PRU TUNNEL,,234736.5591,899775.4923
3808688,BOSTON,23-May-2014,12:00 PM,Property damage only (none injured),2,0,0,"Sideswipe, same direction",V1: Travelling straight ahead / V2:Travelling straight ahead,V1:Eastbound / V2:Eastbound ,V1: Collision with motor vehicle in traffic / V2: Collision with motor vehicle in traffic ,"V1: Light truck(van, mini-van, panel, pickup, sport utility) with only four tires / V2:Light truck(van, mini-van, panel, pickup, sport utility) with only four tires",Dry,Daylight,Clear,,WILLIAM DAY BOULEVARD / G STREET,,,DAY BLVD @ G. ST,,237574.4594,897847.2389
3826064,BOSTON,23-May-2014,1:31 PM,Property damage only (none injured),3,0,0,Rear-end,V1: Slowing or stopped in traffic / V2:Slowing or stopped in traffic / V3:Travelling straight ahead,V1:Southbound / V2:Southbound / V3:Southbound ,V1: Collision with motor vehicle in traffic / V2: Collision with motor vehicle in traffic / V3: Collision with motor vehicle in traffic ,V1: Passenger car / V2:Passenger car / V3:Passenger car,Dry,Daylight,Clear,,LEVERETT CONNECTOR SOUTH / INTERSTATE 93 Rte 93 S,,,,,234800.0539,903330.503
3862263,BOSTON,23-May-2014,3:00 PM,Non-fatal injury,1,1,0,"Sideswipe, same direction",V1: Travelling straight ahead,V1:Eastbound ,V1: Reported but invalid ,V1: Passenger car,Dry,Daylight,Cloudy,,RAMP-RT 90 EB TO CAMBRIDGE ST,,Exit 18 on Rte 90 E,TOLL PLAZA,,230950.2841,900838.3962
3836557,BOSTON,23-May-2014,3:23 PM,Non-fatal injury,1,1,0,Angle,V1: Turning right,V1:Not reported ,V1: Collision with pedestrian ,V1: Passenger car,Dry,Daylight,Cloudy,SUMMER STREET / DORCHESTER AVENUE,,,,,"P2:Pedalcyclist (bicycle, tricycle, unicycle, pedal car)",236840.985,900200.3791
3836556,BOSTON,23-May-2014,4:30 PM,Not Reported,2,0,0,Rear-end,V1: Not reported / V2:Not reported,V1:Not reported / V2:Not reported ,V1: Not reported / V2: Not reported ,V1: Passenger car / V2:Passenger car,Dry,Daylight,Cloudy,MAIN STREET / MEDFORD STREET,,,,,,235267.1252,903748.875
3813103,BOSTON,23-May-2014,5:49 PM,Non-fatal injury,2,1,0,Rear-end,V1: Slowing or stopped in traffic / V2:Travelling straight ahead,V1:Northbound / V2:Northbound ,V1: Collision with motor vehicle in traffic / V2: Collision with motor vehicle in traffic ,V1: Passenger car / V2:Passenger car,Wet,Daylight,Cloudy/Rain,,Rte 93 N / UNKNOWN,,Exit 16 on Rte 93 N,,,236403.9842,897524.312
3848338,BOSTON (BRIGHTON),23-May-2014,6:10 PM,Not Reported,2,0,0,Angle,V1: Turning left / V2:Travelling straight ahead,V1:Not reported / V2:Not reported ,V1: Collision with motor vehicle in traffic / V2: Collision with motor vehicle in traffic ,V1: Passenger car / V2:Passenger car,Dry,Daylight,Cloudy,COMMONWEALTH AVENUE / ALLSTON STREET,,,,,,229853.5679,899842.3698
3833733,BOSTON,23-May-2014,9:30 PM,Property damage only (none injured),2,0,0,"Sideswipe, same direction",V1: Changing lanes / V2:Travelling straight ahead,V1:Southbound / V2:Southbound ,V1: Collision with motor vehicle in traffic / V2: Collision with motor vehicle in traffic ,"V1: Light truck(van, mini-van, panel, pickup, sport utility) with only four tires / V2:Passenger car",Dry,Daylight,Clear,,WILLIAM T MORRISSEY BOULEVARD Rte UNKNOW / POPES HILL STREET,,,,,237240.2031,893757.7504
3866456,BOSTON (DORCHESTER),23-May-2014,9:54 PM,Non-fatal injury,2,4,0,Head-on,V1: Overtaking/passing / V2:Turning left,V1:Not reported / V2:Not reported ,V1: Collision with motor vehicle in traffic / V2: Collision with motor vehicle in traffic ,"V1: Single-unit truck (2-axle, 6-tire) / V2:Passenger car",Dry,Dark - lighted roadway,Clear,,1063 DORCHESTER AVENUE,,,,,236528.4764,896076.5171
3820596,BOSTON,24-May-2014,7:38 AM,Non-fatal injury,1,1,0,Single vehicle crash,V1: Travelling straight ahead,V1:Eastbound ,V1: Collision with curb ,V1: Motorcycle,Dry,Daylight,Not Reported,,STORROW DRIVE / RAMP - BERKELEY ST TO RT 28 NB,,,END OF STORROW TUNNEL,,235157.1427,900734.17
3852794,BOSTON,24-May-2014,2:31 PM,Property damage only (none injured),2,0,0,Angle,V1: Travelling straight ahead / V2:Entering traffic lane,V1:Westbound / V2:Northbound ,V1: Collision with motor vehicle in traffic / V2: Collision with motor vehicle in traffic ,V1: Passenger car / V2:Passenger car,Dry,Daylight,Clear,NORTH BEACON STREET / BIRMINGHAM PARKWAY,,,,,,228446.9688,900906.4374
3820562,BOSTON,24-May-2014,4:10 PM,Non-fatal injury,2,1,0,"Sideswipe, same direction",V1: Changing lanes / V2:Travelling straight ahead,V1:Eastbound / V2:Eastbound ,V1: Collision with motor vehicle in traffic / V2: Collision with motor vehicle in traffic ,V1: Passenger car / V2:Motorcycle,Dry,Daylight,Clear,,SOLDIERS FIELD ROAD EXTENSION / SOLDIERS FIELD ROAD,,,ELIOT BRIDGE TO SOLDIERS FIELD R,,230374.9358,902525.042
3870232,BOSTON,24-May-2014,6:51 PM,Not Reported,1,0,0,Single vehicle crash,V1: Travelling straight ahead,V1:Not reported ,V1: Collision with light pole or other post/support ,V1: Unknown vehicle configuration,Dry,Daylight,Clear,BOWDOIN STREET / HENDRY STREET,,,,,,235916.547,895452.0624
3863452,BOSTON,24-May-2014,7:16 PM,Property damage only (none injured),1,0,0,Single vehicle crash,V1: Travelling straight ahead,V1:Northbound ,V1: Collision with other movable object ,V1: Passenger car,Dry,Daylight,Clear,,WILLIAM T MORRISSEY BOULEVARD / RAMP - RT 93 NB TO MORRISSEY BLVD,,,BEADS BRIDGE,,237282.3659,894901.4734
3880965,BOSTON,24-May-2014,8:21 PM,Property damage only (none injured),1,0,0,Single vehicle crash,V1: Entering traffic lane,V1:Southbound ,V1: Collision with guardrail ,V1: Passenger car,Wet,Dark - lighted roadway,Rain,,GENERAL CASIMIR PULASKI SKYWAY Rte 93 S / RAMP - RT 93 NB TO FREEPORT ST,,,RAMP FROM FREEPORT ST,,237420.3765,894075.9242
3825994,BOSTON,24-May-2014,8:21 PM,Property damage only (none injured),2,0,0,Angle,V1: Travelling straight ahead / V2:Travelling straight ahead,V1:Northbound / V2:Northbound ,V1: Collision with motor vehicle in traffic / V2: Collision with motor vehicle in traffic ,V1: Passenger car / V2:Passenger car,Dry,Dark - lighted roadway,Rain,,Rte 93 N / UNKNOWN,,Exit 23 on Rte 93 N,,,236957.4837,900943.9828
3870234,BOSTON,25-May-2014,00:00 AM,Not Reported,2,0,0,"Sideswipe, same direction",V1: Travelling straight ahead / V2:Parked,V1:Not reported / V2:Not reported ,V1: Collision with parked motor vehicle / V2: Not reported ,"V1: Light truck(van, mini-van, panel, pickup, sport utility) with only four tires / V2:Light truck(van, mini-van, panel, pickup, sport utility) with only four tires",Wet,Dark - lighted roadway,Rain,,111 FULLER STREET,,,,,235379.8564,892489.4018
3829394,BOSTON,25-May-2014,1:53 AM,Non-fatal injury,1,1,0,Single vehicle crash,V1: Travelling straight ahead,V1:Northbound ,V1: Collision with median barrier ,V1: Passenger car,Dry,Dark - lighted roadway,Clear,,WESTERN AVENUE / RAMP-WESTERN AV TO SOLDIERS FIELD RD EB,,,,,231453.3923,901537.252
3813108,BOSTON,25-May-2014,2:30 AM,Property damage only (none injured),1,0,0,Single vehicle crash,V1: Turning right,V1:Eastbound ,V1: Collision with guardrail ,V1: Passenger car,Dry,Dark - lighted roadway,Clear,CAMBRIDGE STREET / ALLSTON TOLL PLAZA / RAMP - WESTERN AVE TO SOLDIERS FIELD RD,,,,,,231486.5756,901224.159
3870233,BOSTON (DORCHESTER),25-May-2014,3:51 AM,Property damage only (none injured),2,0,0,"Sideswipe, same direction",V1: Turning right / V2:Entering traffic lane,V1:Southbound / V2:Southbound ,V1: Collision with motor vehicle in traffic / V2: Collision with motor vehicle in traffic ,V1: Passenger car / V2:Passenger car,Dry,Dark - lighted roadway,Clear/Clear,,1944 DORCHESTER AVENUE,,,,,235899.0119,892723.2956
3828363,BOSTON,25-May-2014,12:00 PM,Non-fatal injury,2,1,0,Rear-end,V1: Slowing or stopped in traffic / V2:Travelling straight ahead,V1:Northbound / V2:Northbound ,V1: Collision with motor vehicle in traffic / V2: Collision with motor vehicle in traffic ,V1: Passenger car / V2:Passenger car,Dry,Daylight,Clear,,MORTON STREET Rte 203 W / FOREST HILLS AVENUE,,,SHATTUCK HOSPITAL,,232739.8777,894410.9227
3828374,BOSTON,25-May-2014,2:15 PM,Non-fatal injury,2,1,0,Rear-end,V1: Slowing or stopped in traffic / V2:Travelling straight ahead,V1:Eastbound / V2:Eastbound ,V1: Collision with motor vehicle in traffic / V2: Collision with motor vehicle in traffic ,V1: Passenger car / V2:Passenger car,Dry,Daylight,Clear,,TRUMAN HIGHWAY / FAIRMOUNT AVENUE,,,,,231477.9249,889159.419
3813104,BOSTON,26-May-2014,00:00 AM,Non-fatal injury,1,1,0,Single vehicle crash,V1: Changing lanes,V1:Northbound ,V1: Collision with median barrier ,V1: Passenger car,Dry,Dark - lighted roadway,Clear,,Rte 93 N / UNKNOWN,,Exit 23 on Rte 93 N,,,236957.4837,900943.9828
3820597,BOSTON,26-May-2014,7:26 AM,Property damage only (none injured),1,0,0,Single vehicle crash,V1: Travelling straight ahead,V1:Eastbound ,V1: Collision with curb ,V1: Passenger car,Wet,Daylight,Not Reported,,STORROW DRIVE Rte 28 N / RAMP - STORROW DRIVE TO LEVERETT CONNECT,,,MGH,,235343.9743,901432.5712
3865125,BOSTON,26-May-2014,9:40 AM,Property damage only (none injured),1,0,0,Single vehicle crash,V1: Travelling straight ahead,V1:Northbound ,V1: Other ,V1: Passenger car,Wet,Daylight,Cloudy/Rain,,JAMAICAWAY Rte UNKNOW / 370 LOCHSTEAD AVENUE,,,,,231615.7341,896526.2506
3828071,BOSTON,26-May-2014,3:55 PM,Property damage only (none injured),2,0,0,"Sideswipe, same direction",V1: Travelling straight ahead / V2:Changing lanes,V1:Southbound / V2:Southbound ,V1: Collision with motor vehicle in traffic / V2: Collision with motor vehicle in traffic ,V1: Passenger car / V2:Passenger car,Dry,Daylight,Clear,,Rte 93 S / UNKNOWN,,Exit 12 on Rte 93 S,,,237620.5493,892713.0989
3850259,BOSTON,27-May-2014,8:01 AM,Property damage only (none injured),2,0,0,Rear-end,V1: Slowing or stopped in traffic / V2:Travelling straight ahead,V1:Northbound / V2:Northbound ,V1: Collision with motor vehicle in traffic / V2: Collision with motor vehicle in traffic ,"V1: Light truck(van, mini-van, panel, pickup, sport utility) with only four tires / V2:Passenger car",Dry,Daylight,Clear,,Rte 93 N / UNKNOWN,,Exit 23 on Rte 93 N,,,236957.4837,900943.9828
3850675,BOSTON,27-May-2014,9:34 AM,Property damage only (none injured),3,0,0,"Sideswipe, same direction",V1: Travelling straight ahead / V2:Travelling straight ahead / V3:Travelling straight ahead,V1:Southbound / V2:Southbound / V3:Southbound ,V1: Collision with motor vehicle in traffic / V2: Collision with motor vehicle in traffic / V3: Collision with motor vehicle in traffic ,"V1: Light truck(van, mini-van, panel, pickup, sport utility) with only four tires / V2:Passenger car / V3:Passenger car",Dry,Daylight,Clear,,Rte 93 S,,Exit 23 on Rte 93 S,,,236856.2793,901152.8251
3845587,BOSTON,27-May-2014,10:17 AM,Property damage only (none injured),1,0,0,Single vehicle crash,V1: Travelling straight ahead,V1:Northbound ,V1: Collision with light pole or other post/support ,"V1: Light truck(van, mini-van, panel, pickup, sport utility) with only four tires",Dry,Daylight,Cloudy,,,,,FIRE STATION PKG LOT,,,
3861880,BOSTON,27-May-2014,11:32 AM,Property damage only (none injured),2,0,0,Angle,V1: Travelling straight ahead / V2:Turning left,V1:Eastbound / V2:Eastbound ,V1: Collision with motor vehicle in traffic / V2: Collision with motor vehicle in traffic ,"V1: Passenger car / V2:Light truck(van, mini-van, panel, pickup, sport utility) with only four tires",Dry,Daylight,Clear,,Rte 90 E / UNKNOWN,,,,"P3:Other non-motorist (wheelchair, etc.) / P4:Other non-motorist (wheelchair, etc.)",229761.5309,900823.963
3822900,BOSTON,27-May-2014,3:28 PM,Property damage only (none injured),2,0,0,Rear-end,V1: Travelling straight ahead / V2:Travelling straight ahead,V1:Southbound / V2:Southbound ,V1: Collision with motor vehicle in traffic / V2: Collision with motor vehicle in traffic ,V1: Tractor/semi-trailer / V2:Passenger car,Dry,Daylight,Clear,,Rte 93 S,,Exit 23 on Rte 93 S,,,236856.2793,901152.8251
3822534,BOSTON,27-May-2014,5:11 PM,Property damage only (none injured),2,0,0,Rear-end,V1: Slowing or stopped in traffic / V2:Slowing or stopped in traffic,V1:Westbound / V2:Westbound ,V1: Collision with motor vehicle in traffic / V2: Collision with motor vehicle in traffic ,"V1: Light truck(van, mini-van, panel, pickup, sport utility) with only four tires / V2:Light truck(van, mini-van, panel, pickup, sport utility) with only four tires",Dry,Daylight,Clear/Cloudy,,RAMP - LEVERETT CONNECTOR TO STORROW DRI Rte 3A N / RAMP-RT 93 NB TO STORROW DRIVE Rte 3 N,,,LEVERETT CONNECTOR BEHIND NASHUA,,235647.3925,901891.0511
3887367,BOSTON,27-May-2014,6:23 PM,Property damage only (none injured),2,0,0,Angle,V1: Travelling straight ahead / V2:Turning left,V1:Northbound / V2:Westbound ,V1: Collision with motor vehicle in traffic / V2: Collision with motor vehicle in traffic ,V1: Passenger car / V2:Passenger car,Wet,Daylight,Rain,,SR-2 / LOGAN AIRPORT TERMINAL E,,,CCELL P[HONE LOT,,239207.5739,902216.0492
3908568,BOSTON,27-May-2014,8:55 PM,Property damage only (none injured),2,0,0,"Sideswipe, same direction",V1: Changing lanes / V2:Travelling straight ahead,V1:Westbound / V2:Westbound ,V1: Collision with motor vehicle in traffic / V2: Collision with motor vehicle in traffic ,V1: Passenger car / V2:Passenger car,Wet,Dark - lighted roadway,Rain,,AIRPORT ROAD - DEPARTURE LEVEL / RAMP - AIRPORT ROAD TO RT 90 WB,,,"AIRPORT RD, LOWER LEVEL, WEST OF",,239394.2803,902061.1541