Crash Number,City/Town Name,Crash Date,Crash Time,Crash Severity,Number of Vehicles,Total Nonfatal Injuries,Total Fatal Injuries,Manner of Collision,Vehicle Action Prior to Crash,Vehicle Travel Directions,Most Harmful Events,Vehicle Configuration,Road Surface Condition,Ambient Light,Weather Condition,At Roadway Intersection,Distance from Nearest Roadway Intersection,Distance from Nearest Milemarker,Distance from Nearest Exit,Distance from Nearest Landmark,Non Motorist Type,X Coordinate,Y Coordinate
3949479,BOSTON,27-May-2014,11:21 PM,Property damage only (none injured),2,0,0,"Sideswipe, same direction",V1: Travelling straight ahead / V2:Travelling straight ahead,V1:Southbound / V2:Southbound ,V1: Collision with motor vehicle in traffic / V2: Collision with motor vehicle in traffic ,V1: Passenger car / V2:Passenger car,Dry,Dark - lighted roadway,Not Reported,,LOGAN AIRPORT TERMINAL B / CENTRAL PARKING ACCESS ROAD,,,,,239387.0557,902040.8691
3822402,BOSTON,27-May-2014,11:25 PM,Property damage only (none injured),2,0,0,"Sideswipe, same direction",V1: Turning left / V2:Turning left,V1:Eastbound / V2:Eastbound ,V1: Collision with motor vehicle in traffic / V2: Collision with motor vehicle in traffic ,"V1: Light truck(van, mini-van, panel, pickup, sport utility) with only four tires / V2:Passenger car",Wet,Dark - lighted roadway,Not Reported,,CHARLES STREET CIRCLE Rte UNKNOW,,,,,235385.419,901294.6172
3907081,BOSTON,28-May-2014,00:00 AM,Property damage only (none injured),2,0,0,Rear-end,V1: Changing lanes / V2:Slowing or stopped in traffic,V1:Eastbound / V2:Eastbound ,V1: Collision with motor vehicle in traffic / V2: Collision with motor vehicle in traffic ,"V1: Passenger car / V2:Light truck(van, mini-van, panel, pickup, sport utility) with only four tires",Wet,Dark - lighted roadway,Rain,,HARBORSIDE DRIVE / LOGAN HARBORSIDE DRIVE,,,,,239094.4501,901376.3106
3847457,BOSTON,28-May-2014,00:00 AM,Non-fatal injury,1,1,0,Single vehicle crash,V1: Travelling straight ahead,V1:Southbound ,V1: Collision with pedestrian ,V1: Passenger car,Wet,Dark - lighted roadway,Rain,COLUMBIA ROAD / RAMP - RT 93 SB TO COLUMBIA RD,,,,,P1:Pedestrian,236745.2344,896875.3748
3869624,BOSTON (DORCHESTER),28-May-2014,6:06 AM,Not Reported,1,0,0,Not reported,V1: Not reported,V1:Not reported ,V1: Not reported ,V1: Unknown vehicle configuration,Not reported,Not reported,Not Reported,WASHINGTON STREET / LYNDHURST STREET,,,,,P2:Pedestrian,235315.0469,893624.1876
3865129,BOSTON,28-May-2014,6:53 AM,Property damage only (none injured),3,0,0,Rear-end,V1: Travelling straight ahead / V2:Slowing or stopped in traffic / V3:Slowing or stopped in traffic,V1:Eastbound / V2:Eastbound / V3:Eastbound ,V1: Collision with motor vehicle in traffic / V2: Collision with motor vehicle in traffic / V3: Collision with motor vehicle in traffic ,V1: Passenger car / V2:Passenger car / V3:Passenger car,Dry,Daylight,Cloudy,STORROW DRIVE / CHARLESGATE OVERPASS,,,,,,233992.7434,900260.9984
3881664,BOSTON (DORCHESTER),28-May-2014,8:10 AM,Not Reported,2,0,0,Angle,V1: Travelling straight ahead / V2:Making U-turn,V1:Not reported / V2:Eastbound ,V1: Not reported / V2: Not reported ,V1: Passenger car / V2:Passenger car,Wet,Daylight,Rain,,43 BOWDOIN STREET,,,,,236010.7892,901169.767
3867927,BOSTON,28-May-2014,8:50 AM,Non-fatal injury,1,1,0,Single vehicle crash,V1: Travelling straight ahead,V1:Not reported ,V1: Collision with pedestrian ,"V1: Light truck(van, mini-van, panel, pickup, sport utility) with only four tires",Wet,Daylight,Rain,DAMRELL STREET / DORCHESTER AVENUE,,,,,P2:Pedestrian,236507.1621,898204.6871
3826065,BOSTON,28-May-2014,9:04 AM,Property damage only (none injured),3,0,0,Rear-end,V1: Travelling straight ahead / V2:Travelling straight ahead / V3:Slowing or stopped in traffic,V1:Southbound / V2:Southbound / V3:Southbound ,V1: Collision with motor vehicle in traffic / V2: Collision with motor vehicle in traffic / V3: Collision with motor vehicle in traffic ,V1: Passenger car / V2:Passenger car / V3:Passenger car,Dry,Daylight,Clear,,JOHN F FITZGERALD EXPRESSWAY Rte 93 S / RAMP - LEVERETT CIRCLE TO RT 93 SB Rte 3 S,,,PORTAL ENTRANCE,,236169.2324,901870.3951
3867478,BOSTON,28-May-2014,10:30 AM,Property damage only (none injured),1,0,0,Single vehicle crash,V1: Travelling straight ahead,V1:Northbound ,V1: Other ,V1: Passenger car,Wet,Daylight,Cloudy/Rain,,JAMAICAWAY Rte UNKNOW / ELIOT STREET,,,58 ELIOT,,231358.6406,895992.0627
3850662,BOSTON,28-May-2014,3:55 PM,Property damage only (none injured),2,0,0,Angle,V1: Travelling straight ahead / V2:Overtaking/passing,V1:Northbound / V2:Northbound ,V1: Collision with motor vehicle in traffic / V2: Collision with motor vehicle in traffic ,V1: Passenger car / V2:Passenger car,Dry,Dark - lighted roadway,Clear,JOHN F FITZGERALD EXPRESSWAY Rte I93 N / RAMP - RT 1 NB TO TOBIN BRIDGE Rte US1 N / INTERSTATE 93 Rte I93 N,,,,"O&AMP;APOS;NEILL TUNNEL , NORTH",,235658.2318,902465.0478
3820754,BOSTON,28-May-2014,5:23 PM,Non-fatal injury,4,1,0,Rear-end,V1: Travelling straight ahead / V2:Travelling straight ahead / V3:Travelling straight ahead / V4:Travelling straight ahead,V1:Westbound / V2:Westbound / V3:Westbound / V4:Westbound ,V1: Collision with motor vehicle in traffic / V2: Collision with motor vehicle in traffic / V3: Collision with motor vehicle in traffic / V4: Collision with motor vehicle in traffic ,V1: Passenger car / V2:Passenger car / V3:Passenger car / V4:Passenger car,Dry,Daylight,Cloudy,,STORROW DRIVE / CHARLESGATE OVERPASS,,,,,233289.0397,900098.4597
3826942,BOSTON,28-May-2014,6:18 PM,Non-fatal injury,2,1,0,Rear-end,V1: Travelling straight ahead / V2:Entering traffic lane,V1:Southbound / V2:Southbound ,V1: Collision with motor vehicle in traffic / V2: Collision with motor vehicle in traffic ,V1: Passenger car / V2:Passenger car,Dry,Daylight,Cloudy,,OLD COLONY AVENUE,,,,,236891.5634,897188.5108
3834234,BOSTON,29-May-2014,4:25 AM,Property damage only (none injured),2,0,0,"Sideswipe, same direction",V1: Travelling straight ahead / V2:Travelling straight ahead,V1:Southbound / V2:Southbound ,V1: Collision with motor vehicle in traffic / V2: Collision with motor vehicle in traffic ,V1: Passenger car / V2:Passenger car,Not reported,Dark - lighted roadway,Not Reported,,GENERAL CASIMIR PULASKI SKYWAY Rte 93 S / RAMP-FREEPORT ST TO RTS 93 SB/3 SB,,Exit 13 on Rte 93 S,,,237127.7874,894662.0368
3830262,BOSTON,29-May-2014,8:09 AM,Property damage only (none injured),2,0,0,Rear-end,V1: Travelling straight ahead / V2:Travelling straight ahead,V1:Northbound / V2:Northbound ,V1: Collision with motor vehicle in traffic / V2: Collision with motor vehicle in traffic ,V1: Passenger car / V2:Passenger car,Dry,Daylight,Clear,,Rte 93 N,,Exit 15 on Rte 93 N,COLUMBIA CIRCLE,,236972.2496,896473.4282
3850169,BOSTON,29-May-2014,8:26 AM,Property damage only (none injured),2,0,0,Rear-end,V1: Slowing or stopped in traffic / V2:Travelling straight ahead,V1:Southbound / V2:Southbound ,V1: Collision with motor vehicle in traffic / V2: Collision with motor vehicle in traffic ,"V1: Light truck(van, mini-van, panel, pickup, sport utility) with only four tires / V2:Passenger car",Dry,Daylight,Clear,,Rte 93 S / UNKNOWN,,Exit 23 on Rte 93 S,,,236856.2793,901152.8251
3830264,BOSTON,29-May-2014,11:08 AM,Property damage only (none injured),2,0,0,Rear-end,V1: Slowing or stopped in traffic / V2:Travelling straight ahead,V1:Eastbound / V2:Eastbound ,V1: Collision with motor vehicle in traffic / V2: Collision with motor vehicle in traffic ,V1: Passenger car / V2:Passenger car,Dry,Daylight,Clear,,GALLIVAN BOULEVARD / WASHINGTON STREET,,,GALLIVAN BLVD @ WASHINGTON ST,,235509.2971,892128.6873
3909549,BOSTON,29-May-2014,11:30 AM,Not Reported,1,0,0,Single vehicle crash,V1: Not reported,V1:Not reported ,V1: Not reported ,"V1: Light truck(van, mini-van, panel, pickup, sport utility) with only four tires",Dry,Daylight,Clear,KILMARNOCK STREET / BOYLSTON STREET,,,,,P2:Pedestrian,232959.7839,899352.5235
3845887,BOSTON,29-May-2014,12:25 PM,Property damage only (none injured),2,0,0,"Sideswipe, same direction",V1: Leaving traffic lane / V2:Leaving traffic lane,V1:Westbound / V2:Westbound ,V1: Collision with motor vehicle in traffic / V2: Collision with motor vehicle in traffic ,V1: Passenger car / V2:Truck/trailer,Dry,Daylight,Clear,,KOSCIUSZKO CIRCLE / WILLIAM DAY BOULEVARD,,,COLUMBIA CIRCLE,,237000,896933.5626
3827986,BOSTON,29-May-2014,1:27 PM,Non-fatal injury,2,1,0,"Sideswipe, same direction",V1: Changing lanes / V2:Other,V1:Southbound / V2:Southbound ,V1: Collision with motor vehicle in traffic / V2: Collision with motor vehicle in traffic ,V1: Motorcycle / V2:Passenger car,Dry,Daylight,Clear,,Rte 93 S / UNKNOWN,,Exit 20 on Rte 93 S,,,236954.209,900826.9442
3833732,BOSTON,29-May-2014,4:00 PM,Property damage only (none injured),2,0,0,Rear-end,V1: Travelling straight ahead / V2:Travelling straight ahead,V1:Northbound / V2:Northbound ,V1: Collision with motor vehicle in traffic / V2: Collision with motor vehicle in traffic ,"V1: Passenger car / V2:Light truck(van, mini-van, panel, pickup, sport utility) with only four tires",Dry,Daylight,Clear,,GENERAL CASIMIR PULASKI SKYWAY Rte 93 N / RAMP - COLUMBIA RD TO RT 93 NB,,,COLUMBIA RAMP TO RTE.93 NB,,236673.8867,897131.4137
3826067,BOSTON,29-May-2014,4:22 PM,Property damage only (none injured),2,0,0,Rear-end,V1: Travelling straight ahead / V2:Travelling straight ahead,V1:Westbound / V2:Westbound ,V1: Collision with motor vehicle in traffic / V2: Collision with motor vehicle in traffic ,"V1: Passenger car / V2:Light truck(van, mini-van, panel, pickup, sport utility) with only four tires",Dry,Daylight,Clear,,SOLDIERS FIELD ROAD,,,EAST OF WESTERN AVENUE,,231473.4867,901515.1377
3827987,BOSTON,29-May-2014,6:15 PM,Property damage only (none injured),2,0,0,Angle,V1: Turning left / V2:Travelling straight ahead,V1:Eastbound / V2:Westbound ,V1: Collision with motor vehicle in traffic / V2: Collision with motor vehicle in traffic ,V1: Passenger car / V2:Passenger car,Dry,Daylight,Clear,HAUL ROAD / HAUL ROAD / WEST SERVICE HAUL ROAD CONNECTOR,,,,HAUL ROAD @WEST SERVICE,,237215.9344,899633.1502
3868355,BOSTON,29-May-2014,11:34 PM,Non-fatal injury,1,1,0,Single vehicle crash,V1: Travelling straight ahead,V1:Not reported ,V1: Not reported ,"V1: Light truck(van, mini-van, panel, pickup, sport utility) with only four tires",Dry,Dark - lighted roadway,Clear,,NORTH STREET / RICHMOND STREET,,,,P2:Pedestrian,236733.1645,901495.4903
3869845,BOSTON,30-May-2014,00:00 AM,Non-fatal injury,2,1,0,Angle,V1: Travelling straight ahead / V2:Travelling straight ahead,V1:Eastbound / V2:Northbound ,V1: Collision with motor vehicle in traffic / V2: Collision with motor vehicle in traffic ,V1: Passenger car / V2:Passenger car,Dry,Dark - lighted roadway,Clear/Clear,WASHINGTON STREET / PARK STREET,,,,,,235284.6249,893981.1248
3878276,BOSTON,30-May-2014,8:15 AM,Non-fatal injury,2,1,0,Angle,V1: Travelling straight ahead / V2:Travelling straight ahead,V1:Northbound / V2:Westbound ,V1: Collision with motor vehicle in traffic / V2: Collision with motor vehicle in traffic ,"V1: Light truck(van, mini-van, panel, pickup, sport utility) with only four tires / V2:Light truck(van, mini-van, panel, pickup, sport utility) with only four tires",Dry,Daylight,Clear,DEDHAM PARKWAY / ALWIN STREET,,,,,,229412.1251,889419.1874
3848342,BOSTON,30-May-2014,8:38 AM,Non-fatal injury,2,1,0,Angle,V1: Travelling straight ahead / V2:Leaving traffic lane,V1:Not reported / V2:Not reported ,V1: Collision with motor vehicle in traffic / V2: Collision with motor vehicle in traffic ,"V1: Passenger car / V2:Light truck(van, mini-van, panel, pickup, sport utility) with only four tires",Dry,Daylight,Clear/Clear,,30 WARREN STREET,,,,,234346.0339,897782.2422
3849335,BOSTON (ALLSTON),30-May-2014,10:23 AM,Not Reported,3,0,0,Angle,V1: Turning right / V2:Travelling straight ahead / V3:Not reported,V1:Not reported / V2:Not reported / V3:Not reported ,V1: Not reported / V2: Not reported / V3: Not reported ,V1: Passenger car / V2:Passenger car / V3:Passenger car,Dry,Daylight,Clear,LINCOLN STREET / PORTSMOUTH STREET,,,,,,229285.0821,900945.1435
3823113,BOSTON,30-May-2014,10:32 AM,Property damage only (none injured),2,0,0,Rear-end,V1: Travelling straight ahead / V2:Slowing or stopped in traffic,V1:Southbound / V2:Southbound ,V1: Collision with motor vehicle in traffic / V2: Collision with motor vehicle in traffic ,"V1: Light truck(van, mini-van, panel, pickup, sport utility) with only four tires / V2:Light truck(van, mini-van, panel, pickup, sport utility) with only four tires",Dry,Daylight,Clear,,Rte 93 S / UNKNOWN,,Exit 20 on Rte 93 S,,,236954.209,900826.9442
3827032,BOSTON,30-May-2014,12:19 PM,Property damage only (none injured),2,0,0,Angle,V1: Travelling straight ahead / V2:Turning right,V1:Southbound / V2:Southbound ,V1: Collision with motor vehicle in traffic / V2: Collision with motor vehicle in traffic ,"V1: Passenger car / V2:Single-unit truck (2-axle, 6-tire)",Dry,Daylight,Clear,,FRONTAGE ROAD / WEST FOURTH STREET,,,0 feet N from @ WEST FOURTH STREET,,236111.8694,899236.5468
3838473,BOSTON,30-May-2014,4:20 PM,Property damage only (none injured),2,0,0,Angle,V1: Entering traffic lane / V2:Travelling straight ahead,V1:Northbound / V2:Northbound ,V1: Collision with motor vehicle in traffic / V2: Collision with motor vehicle in traffic ,"V1: Light truck(van, mini-van, panel, pickup, sport utility) with only four tires / V2:Tractor/semi-trailer",Dry,Daylight,Clear,,Rte 93 N / FRONTAGE ROAD,,,JUST  PRIOR  TO  THE ONELL  TUNN,,236478.7698,899929.8914
3827284,BOSTON,30-May-2014,4:40 PM,Property damage only (none injured),1,0,0,Single vehicle crash,V1: Travelling straight ahead,V1:Northbound ,V1: Collision with median barrier ,V1: Passenger car,Dry,Daylight,Cloudy,,Rte 93 N / UNKNOWN,,,,,236963.6659,894894.0393
3869847,BOSTON (DORCHESTER),30-May-2014,5:00 PM,Non-fatal injury,2,1,0,Head-on,V1: Travelling straight ahead / V2:Other,V1:Westbound / V2:Eastbound ,V1: Collision with motor vehicle in traffic / V2: Collision with motor vehicle in traffic ,"V1: Light truck(van, mini-van, panel, pickup, sport utility) with only four tires / V2:MOPED",Dry,Daylight,Cloudy,,35 MELVILLE AVENUE,,,,,235656.7654,893864.3126
3866468,BOSTON (CHARLESTOWN),30-May-2014,6:53 PM,Not Reported,2,0,0,"Sideswipe, same direction",V1: Unknown / V2:Unknown,V1:Not reported / V2:Southbound ,V1: Collision with motor vehicle in traffic / V2: Collision with motor vehicle in traffic ,V1: Passenger car / V2:Tractor/semi-trailer,Wet,Dusk,Rain/Other,,MAFFA WAY / CAMBRIDGE STREET,,,,,235056.4526,903813.4822
3887368,BOSTON,30-May-2014,9:45 PM,Property damage only (none injured),2,0,0,Rear-end,V1: Slowing or stopped in traffic / V2:Travelling straight ahead,V1:Westbound / V2:Westbound ,V1: Collision with motor vehicle in traffic / V2: Collision with motor vehicle in traffic ,V1: Passenger car / V2:Passenger car,Wet,Dark - lighted roadway,Rain,,SERVICE ROAD Rte UNKNOW / NEPTUNE ROAD,,,,,239167.1234,903310.7308
3826001,BOSTON,31-May-2014,00:00 AM,Property damage only (none injured),2,0,0,Angle,V1: Travelling straight ahead / V2:Turning left,V1:Southbound / V2:Westbound ,V1: Collision with motor vehicle in traffic / V2: Collision with motor vehicle in traffic ,"V1: Light truck(van, mini-van, panel, pickup, sport utility) with only four tires / V2:Passenger car",Dry,Dark - lighted roadway,Clear,,CAMBRIDGE STREET / Rte 90,,,PRIOR TO RT. 90 RAMP,,230443.9765,900731.2923
3826075,BOSTON,31-May-2014,5:20 AM,Property damage only (none injured),1,0,0,Single vehicle crash,V1: Travelling straight ahead,V1:Westbound ,V1: Collision with median barrier ,V1: Passenger car,Dry,Dawn,Clear,SOLDIERS FIELD ROAD / RAMP - SOLDIERS FIELD RD WB TO WESTERN A,,,,THE OLD BARRACKS,,229280.4792,901441.6397
3822930,BOSTON,31-May-2014,9:00 AM,Not Reported,2,0,0,Single vehicle crash,V1: Travelling straight ahead / V2:Parked,V1:Eastbound / V2:Not reported ,V1: Collision with work zone maintenance equipment / V2: Collision with motor vehicle in traffic ,V1: Passenger car / V2:Other,Dry,Daylight,Clear,,CHARLESGATE OVERPASS / CHARLESGATE EAST,,,TUNNEL,,233767.6735,900177.0078
3822440,BOSTON,31-May-2014,10:13 AM,Property damage only (none injured),2,0,0,Rear-end,V1: Slowing or stopped in traffic / V2:Slowing or stopped in traffic,V1:Not reported / V2:Not reported ,V1: Collision with motor vehicle in traffic / V2: Collision with motor vehicle in traffic ,V1: Passenger car / V2:Passenger car,Dry,Daylight,Not Reported,,BOYLSTON STREET / CHARLESGATE OVERPASS,,,BOWKER BRIDGE,,233594.0367,899755.7829
3826072,BOSTON,31-May-2014,12:36 PM,Property damage only (none injured),2,0,0,Rear-end,V1: Travelling straight ahead / V2:Slowing or stopped in traffic,V1:Northbound / V2:Northbound ,V1: Collision with motor vehicle in traffic / V2: Collision with motor vehicle in traffic ,V1: Passenger car / V2:Passenger car,Dry,Daylight,Clear,,Rte 93 N / UNKNOWN,,,AT RAMP D,,236873.3679,900520.4569
3826073,BOSTON,31-May-2014,1:10 PM,Property damage only (none injured),2,0,0,Rear-end,V1: Slowing or stopped in traffic / V2:Travelling straight ahead,V1:Southbound / V2:Southbound ,V1: Collision with motor vehicle in traffic / V2: Collision with motor vehicle in traffic ,"V1: Light truck(van, mini-van, panel, pickup, sport utility) with only four tires / V2:Light truck(van, mini-van, panel, pickup, sport utility) with only four tires",Dry,Daylight,Clear,,RAMP - RT 1 SB FROM TOBIN BRIDGE Rte 1 S / RAMP - RT 1 SB TO LEVERETT CONNECTOR,,,CANA LOOP RAMP,,235548.9121,902491.7291
3833693,BOSTON,31-May-2014,1:16 PM,Non-fatal injury,3,1,0,Rear-end,V1: Slowing or stopped in traffic / V2:Slowing or stopped in traffic / V3:Turning right,V1:Southbound / V2:Southbound / V3:Southbound ,V1: Collision with motor vehicle in traffic / V2: Collision with motor vehicle in traffic / V3: Collision with motor vehicle in traffic ,"V1: Light truck(van, mini-van, panel, pickup, sport utility) with only four tires / V2:Passenger car / V3:Light truck(van, mini-van, panel, pickup, sport utility) with only four tires",Dry,Daylight,Clear,,Rte 93 S / UNKNOWN,,Exit 23 on Rte 93 S,,,236856.2793,901152.8251
3867227,BOSTON,31-May-2014,1:18 PM,Not Reported,2,0,0,Not reported,V1: Travelling straight ahead / V2:Turning left,V1:Northbound / V2:Southbound ,V1: Collision with motor vehicle in traffic / V2: Collision with motor vehicle in traffic ,V1: Passenger car / V2:Passenger car,Not reported,Not reported,Not Reported,COLUMBIA ROAD / HAMILTON STREET,,,,,,235262.0595,895595.2269
3825999,BOSTON,31-May-2014,1:28 PM,Non-fatal injury,2,1,0,Rear-end,V1: Travelling straight ahead / V2:Slowing or stopped in traffic,V1:Westbound / V2:Westbound ,V1: Collision with motor vehicle in traffic / V2: Collision with motor vehicle in traffic ,V1: Passenger car / V2:Motorcycle,Dry,Daylight,Clear,,MASSACHUSETTS TURNPIKE Rte 90 W,,Exit 20 on Rte 90 W,,,231159.996,900845.9282
3826748,BOSTON,31-May-2014,2:04 PM,Property damage only (none injured),2,0,0,Rear-end,V1: Travelling straight ahead / V2:Slowing or stopped in traffic,V1:Southbound / V2:Southbound ,V1: Collision with motor vehicle in traffic / V2: Collision with motor vehicle in traffic ,V1: Passenger car / V2:Passenger car,Dry,Daylight,Clear,,JOHN F FITZGERALD EXPRESSWAY Rte 93 S,,,ZAKIM BRIDGE,,235943.0023,902141.3099
3918537,BOSTON,31-May-2014,4:39 PM,Property damage only (none injured),2,0,0,Rear-end,V1: Travelling straight ahead / V2:Not reported,V1:Northbound / V2:Not reported ,V1: Collision with motor vehicle in traffic / V2: Not reported ,"V1: Light truck(van, mini-van, panel, pickup, sport utility) with only four tires / V2:Not reported",Dry,Daylight,Clear,,CENTRE STREET / ALLANDALE STREET,,,,,230680.2344,894475.3124
3869850,BOSTON (DORCHESTER),31-May-2014,5:58 PM,Not Reported,2,0,0,Not reported,V1: Travelling straight ahead / V2:Turning right,V1:Not reported / V2:Not reported ,V1: Collision with motor vehicle in traffic / V2: Collision with motor vehicle in traffic ,V1: Passenger car / V2:Passenger car,Not reported,Not reported,Not Reported,,GALLIVAN BOULEVARD Rte 203 E,,,MCDONALD'S,,236691.5056,892558.9856
3838172,BOSTON,31-May-2014,6:57 PM,Property damage only (none injured),2,0,0,Rear-end,V1: Entering traffic lane / V2:Slowing or stopped in traffic,V1:Westbound / V2:Westbound ,V1: Collision with motor vehicle in traffic / V2: Collision with motor vehicle in traffic ,"V1: Light truck(van, mini-van, panel, pickup, sport utility) with only four tires / V2:Light truck(van, mini-van, panel, pickup, sport utility) with only four tires",Dry,Daylight,Clear,,WILLIAM T MORRISSEY BOULEVARD,,,LAMBERTS,,237270.9349,893890.7194
3888721,BOSTON (DORCHESTER),31-May-2014,8:30 PM,Not Reported,2,0,0,"Sideswipe, opposite direction",V1: Not reported / V2:Not reported,V1:Not reported / V2:Not reported ,V1: Not reported / V2: Not reported ,V1: Passenger car / V2:Passenger car,Dry,Dark - lighted roadway,Clear,,9 HIGH STREET,,,,,236518.7362,900411.7775
3888709,BOSTON (WEST ROXBURY),31-May-2014,11:40 PM,Property damage only (none injured),2,0,0,Angle,V1: Other / V2:Not reported,V1:Not reported / V2:Not reported ,V1: Collision with motor vehicle in traffic / V2: Not reported ,"V1: Light truck(van, mini-van, panel, pickup, sport utility) with only four tires / V2:Passenger car",Dry,Dark - lighted roadway,Clear,WEST ROXBURY CENTRE STREET ROTARY / WEST ROXBURY PARKWAY / CENTRE STREET,,,,HOLY NAME CHURCH,,229075.6408,893070.1878
3822931,BOSTON,01-Jun-2014,00:00 AM,Non-fatal injury,2,1,0,Rear-end,V1: Slowing or stopped in traffic / V2:Travelling straight ahead,V1:Southbound / V2:Southbound ,V1: Collision with motor vehicle in traffic / V2: Collision with motor vehicle in traffic ,V1: Passenger car / V2:Passenger car,Dry,Dark - lighted roadway,Not Reported,,WILLIAM T MORRISSEY BOULEVARD / WILLIAM T MORRISSEY BOULEVARD,,,,,237249.5105,896187.0777
3979118,BOSTON,01-Jun-2014,1:20 AM,Fatal injury,1,0,1,Not reported,V1: Travelling straight ahead,V1:Eastbound ,V1: Collision with pedestrian ,V1: Passenger car,Not reported,Not reported,Rain,CAUSEWAY STREET / HAVERHILL STREET,,,,,P2:Pedestrian,236191.3349,901783.3152
3863054,BOSTON,01-Jun-2014,10:19 AM,Non-fatal injury,3,1,0,Angle,V1: Travelling straight ahead / V2:Entering traffic lane / V3:Parked,V1:Eastbound / V2:Eastbound / V3:Not reported ,V1: Collision with motor vehicle in traffic / V2: Collision with motor vehicle in traffic / V3: Not reported ,"V1: Bus (seats for more than 15 people, including driver) / V2:Passenger car / V3:Passenger car",Dry,Daylight,Clear,BEACON STREET / JOY STREET,,,,,,235828.4682,900832.4431
3847135,BOSTON,01-Jun-2014,3:32 PM,Non-fatal injury,2,1,0,Angle,V1: Travelling straight ahead / V2:Turning right,V1:Southbound / V2:Southbound ,V1: Collision with motor vehicle in traffic / V2: Collision with motor vehicle in traffic ,V1: Passenger car / V2:Passenger car,Dry,Daylight,Clear,MORTON STREET Rte 203 / CANTERBURY STREET,,,,,,233290.5113,893672.9874
3822536,BOSTON,01-Jun-2014,4:13 PM,Property damage only (none injured),2,0,0,Rear-end,V1: Slowing or stopped in traffic / V2:Slowing or stopped in traffic,V1:Westbound / V2:Westbound ,V1: Collision with motor vehicle in traffic / V2: Collision with motor vehicle in traffic ,V1: Passenger car / V2:Passenger car,Dry,Daylight,Clear,,SOLDIERS FIELD ROAD Rte UNKNOW / EVERETT STREET,,,,,230032.9845,901646.3752
3909547,BOSTON,01-Jun-2014,5:15 PM,Non-fatal injury,2,2,0,Single vehicle crash,V1: Making U-turn / V2:Travelling straight ahead,V1:Not reported / V2:Northbound ,V1: Collision with motor vehicle in traffic / V2: Collision with motor vehicle in traffic ,"V1: Light truck(van, mini-van, panel, pickup, sport utility) with only four tires / V2:Motorcycle",Dry,Daylight,Clear,MASSACHUSETTS AVENUE / CLEARWAY STREET,,,,,,234043.5077,899522.1716
3845889,BOSTON,01-Jun-2014,6:20 PM,Property damage only (none injured),4,0,0,Rear-end,V1: Slowing or stopped in traffic / V2:Slowing or stopped in traffic / V3:Slowing or stopped in traffic / V4:Travelling straight ahead,V1:Southbound / V2:Southbound / V3:Southbound / V4:Southbound ,V1: Collision with motor vehicle in traffic / V2: Collision with motor vehicle in traffic / V3: Collision with motor vehicle in traffic / V4: Collision with motor vehicle in traffic ,V1: Passenger car / V2:Other / V3:Passenger car / V4:Passenger car,Dry,Daylight,Clear,,Rte 93 S,,Exit 12 on Rte 93 S,,,237620.5493,892713.0989
3863268,BOSTON,01-Jun-2014,8:10 PM,Property damage only (none injured),2,0,0,Angle,V1: Parked / V2:Backing,V1:Not reported / V2:Not reported ,V1: Collision with parked motor vehicle / V2: Collision with parked motor vehicle ,V1: Passenger car / V2:Passenger car,Dry,Dusk,Not Reported,,WILLIAM DAY BOULEVARD,,,PLEASURE BAY PRK. LOT,,,
3845561,BOSTON,01-Jun-2014,9:20 PM,Property damage only (none injured),1,0,0,Single vehicle crash,V1: Travelling straight ahead,V1:Northbound ,V1: Collision with light pole or other post/support ,"V1: Light truck(van, mini-van, panel, pickup, sport utility) with only four tires",Dry,Dark - lighted roadway,Clear,,WILLIAM T MORRISSEY BOULEVARD / WILLIAM T MORRISSEY BOULEVARD,,,,,237346.193,896090.5222
3834231,BOSTON,01-Jun-2014,9:30 PM,Property damage only (none injured),3,0,0,Rear-end,V1: Travelling straight ahead / V2:Travelling straight ahead / V3:Travelling straight ahead,V1:Westbound / V2:Westbound / V3:Westbound ,V1: Collision with motor vehicle in traffic / V2: Collision with motor vehicle in traffic / V3: Collision with motor vehicle in traffic ,"V1: Light truck(van, mini-van, panel, pickup, sport utility) with only four tires / V2:Light truck(van, mini-van, panel, pickup, sport utility) with only four tires / V3:Single-unit truck (2-axle, 6-tire)",Dry,Dark - unknown roadway lighting,Clear,,MASSACHUSETTS TURNPIKE Rte 90 W / RAMP - DARTMOUTH STREET TO RT 90 WB,,,PRUDENTIAL TUNNEL,,234349.3447,899778.5341
3827033,BOSTON,02-Jun-2014,6:25 AM,Non-fatal injury,2,1,0,"Sideswipe, same direction",V1: Leaving traffic lane / V2:Parked,V1:Westbound / V2:Not reported ,V1: Collision with parked motor vehicle / V2: Collision with parked motor vehicle ,"V1: Light truck(van, mini-van, panel, pickup, sport utility) with only four tires / V2:Light truck(van, mini-van, panel, pickup, sport utility) with only four tires",Dry,Daylight,Not Reported,,AUSTIN STREET / NEW RUTHERFORD AVENUE,,,T STATION ON GILMORE BRIDGE,,235474.5948,902668.6957