Crash Number,City/Town Name,Crash Date,Crash Time,Crash Severity,Number of Vehicles,Total Nonfatal Injuries,Total Fatal Injuries,Manner of Collision,Vehicle Action Prior to Crash,Vehicle Travel Directions,Most Harmful Events,Vehicle Configuration,Road Surface Condition,Ambient Light,Weather Condition,At Roadway Intersection,Distance from Nearest Roadway Intersection,Distance from Nearest Milemarker,Distance from Nearest Exit,Distance from Nearest Landmark,Non Motorist Type,X Coordinate,Y Coordinate
3827289,BOSTON,02-Jun-2014,6:30 AM,Non-fatal injury,2,1,0,Angle,V1: Entering traffic lane / V2:Entering traffic lane,V1:Westbound / V2:Westbound ,V1: Collision with motor vehicle in traffic / V2: Collision with motor vehicle in traffic ,"V1: Light truck(van, mini-van, panel, pickup, sport utility) with only four tires / V2:Motorcycle",Dry,Daylight,Clear,,JAMES SHEA CIRCLE Rte 203 W / MORTON STREET,,,SHEA  ROTARY,,232470.486,894537.6583
3923739,BOSTON,02-Jun-2014,8:26 AM,Non-fatal injury,2,1,0,Not reported,V1: Travelling straight ahead / V2:Turning left,V1:Not reported / V2:Not reported ,V1: Not reported / V2: Collision with motor vehicle in traffic ,V1: Passenger car / V2:Passenger car,Dry,Daylight,Clear,,1202 COMMONWEALTH AVENUE,,,,,230496.2844,900054.1872
3850260,BOSTON,02-Jun-2014,9:11 AM,Property damage only (none injured),5,0,0,Rear-end,V1: Slowing or stopped in traffic / V2:Slowing or stopped in traffic / V3:Slowing or stopped in traffic / V4:Slowing or stopped in traffic / V5:Slowing or stopped in traffic,V1:Southbound / V2:Southbound / V3:Southbound / V4:Southbound / V5:Southbound ,V1: Collision with motor vehicle in traffic / V2: Collision with motor vehicle in traffic / V3: Collision with motor vehicle in traffic / V4: Collision with motor vehicle in traffic / V5: Collision with motor vehicle in traffic ,"V1: Light truck(van, mini-van, panel, pickup, sport utility) with only four tires / V2:Passenger car / V3:Passenger car / V4:Light truck(van, mini-van, panel, pickup, sport utility) with only four tires / V5:Passenger car",Dry,Daylight,Clear,,Rte 93 S / UNKNOWN,,Exit 24 on Rte 93 S,,,236397.1933,901565.6511
3827280,BOSTON,02-Jun-2014,9:50 AM,Property damage only (none injured),2,0,0,Rear-end,V1: Travelling straight ahead / V2:Travelling straight ahead,V1:Eastbound / V2:Eastbound ,V1: Collision with motor vehicle in traffic / V2: Collision with motor vehicle in traffic ,V1: Passenger car / V2:Passenger car,Dry,Daylight,Clear,,Rte 90 E / UNKNOWN,,Exit 20 on Rte 90 E,,,231437.7943,900554.1631
3888710,BOSTON (ROSLINDALE),02-Jun-2014,10:13 AM,Non-fatal injury,2,1,0,Rear-end,V1: Travelling straight ahead / V2:Parked,V1:Not reported / V2:Not reported ,V1: Collision with parked motor vehicle / V2: Collision with motor vehicle in traffic ,V1: Passenger car / V2:Passenger car,Dry,Daylight,Clear,,375 POPLAR STREET,,,,,231001.9467,892001.7011
3866920,BOSTON,02-Jun-2014,10:27 AM,Property damage only (none injured),1,0,0,Single vehicle crash,V1: Changing lanes,V1:Southbound ,V1: Collision with guardrail ,"V1: Bus (seats for more than 15 people, including driver)",Dry,Daylight,Clear,,Rte 93 S,,Exit 20 on Rte 93 S,,,236954.209,900826.9442
3850643,BOSTON,02-Jun-2014,10:50 AM,Property damage only (none injured),2,0,0,"Sideswipe, same direction",V1: Travelling straight ahead / V2:Changing lanes,V1:Northbound / V2:Northbound ,V1: Collision with motor vehicle in traffic / V2: Collision with motor vehicle in traffic ,V1: Passenger car / V2:Passenger car,Dry,Daylight,Clear,GALLIVAN BOULEVARD / GRANITE AVENUE,,,,,,236643.2967,892556.1249
3826750,BOSTON,02-Jun-2014,3:46 PM,Non-fatal injury,1,1,0,Single vehicle crash,V1: Travelling straight ahead,V1:Southbound ,V1: Collision with curb ,V1: Motorcycle,Dry,Daylight,Clear,WILLIAM T MORRISSEY BOULEVARD / WILLIAM T MORRISSEY BOULEVARD / DOMINIC J BANCULLI BOULEVARD,,,,,,237343.1393,896000.098
3826003,BOSTON,02-Jun-2014,4:30 PM,Non-fatal injury,2,1,0,Rear-end,V1: Slowing or stopped in traffic / V2:Travelling straight ahead,V1:Not reported / V2:Not reported ,V1: Collision with motor vehicle in traffic / V2: Collision with motor vehicle in traffic ,V1: Passenger car / V2:Passenger car,Dry,Daylight,Clear,,VETERANS OF FOREIGN WARS PARKWAY Rte UNKNOW / WORLEY STREET,,,,,227768.6743,893658.083
3826754,BOSTON,02-Jun-2014,6:10 PM,Property damage only (none injured),2,0,0,Angle,V1: Making U-turn / V2:Travelling straight ahead,V1:Not reported / V2:Not reported ,V1: Collision with motor vehicle in traffic / V2: Collision with motor vehicle in traffic ,V1: Passenger car / V2:Passenger car,Dry,Daylight,Clear,,MORTON STREET Rte UNKNOW / GALLIVAN BOULEVARD,,,,,234631.4265,892127.267
3876709,BOSTON,02-Jun-2014,6:34 PM,Property damage only (none injured),2,0,0,Rear-end,V1: Slowing or stopped in traffic / V2:Slowing or stopped in traffic,V1:Eastbound / V2:Eastbound ,V1: Collision with motor vehicle in traffic / V2: Collision with motor vehicle in traffic ,V1: Passenger car / V2:Passenger car,Dry,Daylight,Clear,,Rte 90 E,Rte 90  E Milemarker 129.0,,,,228164.3301,900848.8102
3827279,BOSTON,02-Jun-2014,6:34 PM,Property damage only (none injured),4,0,0,Rear-end,V1: Slowing or stopped in traffic / V2:Travelling straight ahead / V3:Travelling straight ahead / V4:Travelling straight ahead,V1:Eastbound / V2:Eastbound / V3:Eastbound / V4:Eastbound ,V1: Collision with motor vehicle in traffic / V2: Collision with motor vehicle in traffic / V3: Collision with motor vehicle in traffic / V4: Collision with motor vehicle in traffic ,V1: Passenger car / V2:Passenger car / V3:Passenger car / V4:Passenger car,Dry,Daylight,Clear,,MASSACHUSETTS TURNPIKE Rte 90 E,Rte 90  E Milemarker 129.0,,,,228164.3301,900848.8102
3827988,BOSTON,02-Jun-2014,11:03 PM,Property damage only (none injured),3,0,0,Rear-end,V1: Slowing or stopped in traffic / V2:Travelling straight ahead / V3:Travelling straight ahead,V1:Northbound / V2:Northbound / V3:Northbound ,V1: Collision with motor vehicle in traffic / V2: Collision with motor vehicle in traffic / V3: Collision with motor vehicle in traffic ,"V1: Passenger car / V2:Light truck(van, mini-van, panel, pickup, sport utility) with only four tires / V3:Light truck(van, mini-van, panel, pickup, sport utility) with only four tires",Dry,Dark - lighted roadway,Clear,,TEMPORARY RAMP Rte 1 N / MAURICE TOBIN BRIDGE,,,,,235848.1406,902282.2336
3826074,BOSTON,03-Jun-2014,1:08 AM,Property damage only (none injured),3,0,0,Rear-end,V1: Travelling straight ahead / V2:Slowing or stopped in traffic / V3:Slowing or stopped in traffic,V1:Eastbound / V2:Eastbound / V3:Eastbound ,V1: Collision with motor vehicle in traffic / V2: Collision with motor vehicle in traffic / V3: Collision with motor vehicle in traffic ,V1: Passenger car / V2:Passenger car / V3:Passenger car,Dry,Dark - lighted roadway,Clear,,MASSACHUSETTS AVENUE CONNECTOR / FRONTAGE ROAD,,,MASS AVE CONNECTOR/FRONTAGE RD,,235860.2303,898420.8505
3845563,BOSTON,03-Jun-2014,7:55 AM,Non-fatal injury,2,1,0,Angle,V1: Turning left / V2:Travelling straight ahead,V1:Westbound / V2:Southbound ,V1: Collision with motor vehicle in traffic / V2: Collision with motor vehicle in traffic ,V1: Passenger car / V2:Passenger car,Dry,Daylight,Clear,WILLIAM T MORRISSEY BOULEVARD / FREEPORT STREET,,,,,,237149.8439,894580.3748
3845564,BOSTON,03-Jun-2014,10:45 AM,Property damage only (none injured),2,0,0,Rear-end,V1: Slowing or stopped in traffic / V2:Travelling straight ahead,V1:Southbound / V2:Southbound ,V1: Collision with motor vehicle in traffic / V2: Collision with motor vehicle in traffic ,V1: Passenger car / V2:Passenger car,Dry,Daylight,Clear,,Rte 93 S / UNKNOWN,,Exit 12 on Rte 93 S,,,237620.5493,892713.0989
3867623,BOSTON (DORCHESTER),03-Jun-2014,11:29 AM,Not Reported,1,0,0,Not reported,V1: Parked,V1:Not reported ,V1: Not reported ,V1: Passenger car,Dry,Daylight,Clear/Clear,,544 WASHINGTON STREET,,,,,236074.5377,900473.3464
3834232,BOSTON,03-Jun-2014,11:50 AM,Property damage only (none injured),2,0,0,"Sideswipe, same direction",V1: Overtaking/passing / V2:Overtaking/passing,V1:Eastbound / V2:Eastbound ,V1: Collision with motor vehicle in traffic / V2: Collision with motor vehicle in traffic ,"V1: Passenger car / V2:Single-unit truck (2-axle, 6-tire)",Dry,Daylight,Clear,,Rte 90 E,Rte 90  E Milemarker 131.0,,,,231330.9165,900740.8618
3863270,BOSTON,03-Jun-2014,2:30 PM,Non-fatal injury,2,3,0,Rear-end,V1: Travelling straight ahead / V2:Slowing or stopped in traffic,V1:Northbound / V2:Northbound ,V1: Collision with motor vehicle in traffic / V2: Collision with motor vehicle in traffic ,V1: Passenger car / V2:Passenger car,Dry,Daylight,Clear,,VETERANS OF FOREIGN WARS PARKWAY Rte UNKNOW N / BAKER STREET,,,,,227086.7654,893107.1872
3862508,BOSTON (ROXBURY),03-Jun-2014,2:56 PM,Unknown,1,0,0,Single vehicle crash,V1: Travelling straight ahead,V1:Northbound ,V1: Collision with median barrier ,"V1: Light truck(van, mini-van, panel, pickup, sport utility) with only four tires",Dry,Daylight,Clear,,164 INTERVALE STREET,,,,,235088.8411,895516.203
3828015,BOSTON,03-Jun-2014,3:47 PM,Property damage only (none injured),2,0,0,"Sideswipe, same direction",V1: Turning left / V2:Turning left,V1:Southbound / V2:Southbound ,V1: Collision with motor vehicle in traffic / V2: Collision with motor vehicle in traffic ,"V1: Passenger car / V2:Light truck(van, mini-van, panel, pickup, sport utility) with only four tires",Dry,Daylight,Clear,,4 feet W from Intersection CAMBRIDGE STREET / RAMP - SOLDIERS FIELD RD WB TO WESTERN A,,,SOLDIERS FIELD ROAD,,231513.3806,901235.1129
3869626,BOSTON (DORCHESTER),03-Jun-2014,4:00 PM,Not Reported,1,0,0,Unknown,V1: Travelling straight ahead,V1:Not reported ,V1: Not reported ,V1: Unknown vehicle configuration,Dry,Daylight,Clear/Clear,GENEVA AVENUE / CHARLES STREET,,,,73 CHARLES STREET,"P2:Pedalcyclist (bicycle, tricycle, unicycle, pedal car)",235860.3125,894445.8125
3867220,BOSTON (DORCHESTER),03-Jun-2014,5:40 PM,Not Reported,2,0,0,Not reported,V1: Not reported / V2:Parked,V1:Not reported / V2:Not reported ,V1: Not reported / V2: Not reported ,V1: Passenger car / V2:Passenger car,Not reported,Not reported,Not Reported,,1460 DORCHESTER AVENUE,,,,,236281.6295,894579.8636
3847134,BOSTON,03-Jun-2014,7:17 PM,Property damage only (none injured),1,0,0,Angle,V1: Travelling straight ahead,V1:Northbound ,"V1: Collision with cyclist (bicycle, tricycle, unicycle, pedal car) ",V1: Passenger car,Dry,Daylight,Clear,,WILLIAM T MORRISSEY BOULEVARD Rte UNKNOW N / KOSCIUSZKO CIRCLE,,,CROSSWALK,"P2:Pedalcyclist (bicycle, tricycle, unicycle, pedal car)",237017.0782,896879.6065
3867733,BOSTON (DORCHESTER),03-Jun-2014,7:25 PM,Not Reported,1,0,0,"Sideswipe, same direction",V1: Not reported,V1:Not reported ,V1: Not reported ,V1: Passenger car,Dry,Daylight,Clear/Clear,,3 PARKMAN STREET,,,,P2:Pedestrian,235536.6537,901384.2004
3908824,BOSTON,04-Jun-2014,5:45 AM,Not Reported,2,0,0,Not reported,V1: Not reported / V2:Not reported,V1:Not reported / V2:Not reported ,V1: Not reported / V2: Not reported ,V1: Unknown vehicle configuration / V2:Unknown vehicle configuration,Not reported,Not reported,Not Reported,HARVARD STREET / MORTON STREET,,,,,,233493.5311,893100.9999
4107571,BOSTON (DORCHESTER),04-Jun-2014,6:18 AM,Non-fatal injury,1,1,0,Single vehicle crash,V1: Travelling straight ahead,V1:Westbound ,V1: Collision with light pole or other post/support ,"V1: Light truck(van, mini-van, panel, pickup, sport utility) with only four tires",Wet,Dawn,Rain/Rain,HANCOCK STREET / DORCHESTER AVENUE,,,,,,236415.7967,895386.25
3838194,BOSTON,04-Jun-2014,9:26 AM,Non-fatal injury,5,3,0,Rear-end,V1: Travelling straight ahead / V2:Travelling straight ahead / V3:Travelling straight ahead / V4:Slowing or stopped in traffic / V5:Slowing or stopped in traffic,V1:Eastbound / V2:Eastbound / V3:Eastbound / V4:Eastbound / V5:Eastbound ,V1: Collision with motor vehicle in traffic / V2: Collision with motor vehicle in traffic / V3: Collision with motor vehicle in traffic / V4: Collision with motor vehicle in traffic / V5: Collision with motor vehicle in traffic ,"V1: Light truck(van, mini-van, panel, pickup, sport utility) with only four tires / V2:Passenger car / V3:Passenger car / V4:Passenger car / V5:Light truck(van, mini-van, panel, pickup, sport utility) with only four tires",Wet,Daylight,Cloudy/Rain,,Rte 90 E / UNKNOWN,,Exit 18 on Rte 90 E,,,230714.9765,900764.6942
3863171,BOSTON (CHARLESTOWN),04-Jun-2014,9:31 AM,Not Reported,3,0,0,"Sideswipe, same direction",V1: Parked / V2:Parked / V3:Travelling straight ahead,V1:Not reported / V2:Not reported / V3:Not reported ,V1: Not reported / V2: Collision with parked motor vehicle / V3: Unknown ,V1: Passenger car / V2:Single-unit truck (3-or-more axles) / V3:Single-unit truck (3-or-more axles),Not reported,Daylight,Cloudy/Unknown,,57 MONUMENT AVENUE,,,,,236096.677,902804.4217
3867226,BOSTON,04-Jun-2014,9:56 AM,Not Reported,2,0,0,Not reported,V1: Slowing or stopped in traffic / V2:Turning left,V1:Not reported / V2:Not reported ,V1: Other / V2: Other ,V1: Passenger car / V2:Passenger car,Not reported,Not reported,Not Reported,BOWDOIN STREET / WASHINGTON STREET,,,,,,235156.7969,894409.0002
3833731,BOSTON,04-Jun-2014,2:02 PM,Property damage only (none injured),1,0,0,Single vehicle crash,V1: Travelling straight ahead,V1:Eastbound ,V1: Other ,"V1: Light truck(van, mini-van, panel, pickup, sport utility) with only four tires",Dry,Daylight,Clear,,Rte 90 E / UNKNOWN,,Exit 26 on Rte 90 E,,,239052.4325,900927.5132
4020532,BOSTON (ROXBURY),04-Jun-2014,2:17 PM,Property damage only (none injured),2,0,0,Rear-end,V1: Travelling straight ahead / V2:Travelling straight ahead,V1:Southbound / V2:Southbound ,V1: Collision with motor vehicle in traffic / V2: Collision with motor vehicle in traffic ,V1: Passenger car / V2:Passenger car,Dry,Daylight,Cloudy,HARRISON AVENUE / ZEIGLER STREET,,,,,,234411.094,897729.375
3829397,BOSTON,04-Jun-2014,2:20 PM,Property damage only (none injured),2,0,0,"Sideswipe, same direction",V1: Travelling straight ahead / V2:Travelling straight ahead,V1:Westbound / V2:Westbound ,V1: Collision with motor vehicle in traffic / V2: Collision with motor vehicle in traffic ,"V1: Passenger car / V2:Light truck(van, mini-van, panel, pickup, sport utility) with only four tires",Dry,Daylight,Not Reported,,SOLDIERS FIELD ROAD / SOLDIERS FIELD ROAD EXTENSION,,,ELLIOT BRIDGE,,230539.071,902568.6795
3827963,BOSTON,04-Jun-2014,6:00 PM,Property damage only (none injured),2,0,0,Rear-end,V1: Travelling straight ahead / V2:Slowing or stopped in traffic,V1:Northbound / V2:Northbound ,V1: Collision with motor vehicle in traffic / V2: Collision with motor vehicle in traffic ,V1: Passenger car / V2:Passenger car,Dry,Daylight,Clear,,Rte 93 N / UNKNOWN,,Exit 13 on Rte 93 N,,,237420.1414,894076.5227
3827962,BOSTON,04-Jun-2014,10:36 PM,Property damage only (none injured),4,0,0,"Sideswipe, same direction",V1: Travelling straight ahead / V2:Slowing or stopped in traffic / V3:Slowing or stopped in traffic / V4:Slowing or stopped in traffic,V1:Southbound / V2:Southbound / V3:Southbound / V4:Southbound ,V1: Collision with motor vehicle in traffic / V2: Collision with motor vehicle in traffic / V3: Collision with motor vehicle in traffic / V4: Collision with motor vehicle in traffic ,"V1: Passenger car / V2:Passenger car / V3:Passenger car / V4:Light truck(van, mini-van, panel, pickup, sport utility) with only four tires",Dry,Dark - lighted roadway,Clear,,Rte 93 S / UNKNOWN,,Exit 24 on Rte 93 S,,,236397.1933,901565.6511
3861891,BOSTON,04-Jun-2014,10:42 PM,Property damage only (none injured),2,0,0,Angle,V1: Turning left / V2:Travelling straight ahead,V1:Eastbound / V2:Westbound ,V1: Collision with motor vehicle in traffic / V2: Collision with motor vehicle in traffic ,"V1: Passenger car / V2:Light truck(van, mini-van, panel, pickup, sport utility) with only four tires",Dry,Dark - lighted roadway,Not Reported,JAMAICAWAY / WILLOW POND ROAD,,,,,,231761.922,897172.3748
3880967,BOSTON,05-Jun-2014,6:00 AM,Property damage only (none injured),2,0,0,"Sideswipe, same direction",V1: Changing lanes / V2:Travelling straight ahead,V1:Northbound / V2:Northbound ,V1: Collision with motor vehicle in traffic / V2: Collision with motor vehicle in traffic ,V1: Passenger car / V2:Tractor/semi-trailer,Dry,Daylight,Clear,,JOHN F FITZGERALD EXPRESSWAY Rte 93 N,,Exit 7 on Rte 93 N,,,239261.4628,886087.7562
3869833,BOSTON (DORCHESTER),05-Jun-2014,6:56 AM,Not Reported,2,0,0,"Sideswipe, same direction",V1: Travelling straight ahead / V2:Turning right,V1:Not reported / V2:Not reported ,V1: Collision with motor vehicle in traffic / V2: Not reported ,V1: Passenger car / V2:Passenger car,Wet,Daylight,Rain/Rain,MARYLAND STREET / BAY STREET,,,,,,236637.4062,895705.25
3888713,BOSTON,05-Jun-2014,7:45 AM,Non-fatal injury,2,2,0,Not reported,V1: Travelling straight ahead / V2:Travelling straight ahead,V1:Eastbound / V2:Not reported ,V1: Not reported / V2: Not reported ,"V1: Passenger car / V2:Light truck(van, mini-van, panel, pickup, sport utility) with only four tires",Not reported,Not reported,Not Reported,GROVE STREET / WASHINGTON STREET,,,,,,228294.2499,890152.2501
3828017,BOSTON,05-Jun-2014,8:11 AM,Property damage only (none injured),1,0,0,Single vehicle crash,V1: Travelling straight ahead,V1:Westbound ,V1: Collision with guardrail ,V1: Passenger car,Wet,Daylight,Rain,,SOLDIERS FIELD ROAD Rte UNKNOW E / NORTH HARVARD STREET,,,,,230992.3482,902048.2872
3847240,BOSTON,05-Jun-2014,8:42 AM,Property damage only (none injured),2,0,0,Rear-end,V1: Slowing or stopped in traffic / V2:Travelling straight ahead,V1:Southbound / V2:Southbound ,V1: Collision with motor vehicle in traffic / V2: Collision with motor vehicle in traffic ,V1: Passenger car / V2:Passenger car,Wet,Daylight,Rain,,Rte 93 S / UNKNOWN,,Exit 24 on Rte 93 S,,,236397.1933,901565.6511
3845552,BOSTON,05-Jun-2014,10:07 AM,Property damage only (none injured),1,0,0,Single vehicle crash,V1: Travelling straight ahead,V1:Eastbound ,V1: Collision with guardrail ,V1: Passenger car,Wet,Daylight,Cloudy/Rain,,SOLDIERS FIELD ROAD Rte UNKNOW E / NORTH HARVARD STREET,,,,,230992.3482,902048.2872
3845635,BOSTON,05-Jun-2014,11:13 AM,Property damage only (none injured),1,0,0,Single vehicle crash,V1: Travelling straight ahead,V1:Westbound ,V1: Collision with median barrier ,V1: Passenger car,Wet,Daylight,Cloudy/Rain,,SOLDIERS FIELD ROAD Rte UNKNOW W / NORTH HARVARD STREET,,,,,230992.3482,902048.2872
3845632,BOSTON,05-Jun-2014,1:43 PM,Non-fatal injury,3,2,0,Rear-end,V1: Slowing or stopped in traffic / V2:Slowing or stopped in traffic / V3:Travelling straight ahead,V1:Southbound / V2:Southbound / V3:Southbound ,V1: Collision with motor vehicle in traffic / V2: Collision with motor vehicle in traffic / V3: Collision with motor vehicle in traffic ,"V1: Passenger car / V2:Passenger car / V3:Light truck(van, mini-van, panel, pickup, sport utility) with only four tires",Wet,Daylight,Cloudy/Rain,,RAMP - LEVERETT CONNECTOR TO STORROW DRI Rte 3A N / RAMP-RT 93 NB TO STORROW DRIVE Rte 3 N,,,LEVERETT CONNECTOR SB.,,235673.5447,901887.7417
3856892,BOSTON,05-Jun-2014,1:47 PM,Property damage only (none injured),2,0,0,Rear-end,V1: Travelling straight ahead / V2:Slowing or stopped in traffic,V1:Northbound / V2:Northbound ,V1: Collision with motor vehicle in traffic / V2: Collision with motor vehicle in traffic ,"V1: Passenger car / V2:Light truck(van, mini-van, panel, pickup, sport utility) with only four tires",Dry,Daylight,Clear,,JOHN F FITZGERALD EXPRESSWAY Rte 93 N,,,HOV BUILDING,,236785.3756,895370.4135
3867630,BOSTON (DORCHESTER),05-Jun-2014,3:15 PM,Property damage only (none injured),1,0,0,Single vehicle crash,V1: Travelling straight ahead,V1:Not reported ,V1: Collision with pedestrian ,V1: Passenger car,Wet,Daylight,Rain/Cloudy,,2257 DORCHESTER AVENUE,,,,,235653.2198,891509.7985
3912186,BOSTON,05-Jun-2014,4:42 PM,Non-fatal injury,2,1,0,Rear-end,V1: Slowing or stopped in traffic / V2:Slowing or stopped in traffic,V1:Westbound / V2:Westbound ,V1: Collision with motor vehicle in traffic / V2: Collision with motor vehicle in traffic ,"V1: Passenger car / V2:Unknown heavy truck, cannot classify",Wet,Daylight,Rain/Cloudy,,2171 COMMONWEALTH AVENUE,,,,,227541.8448,898902.8548
3865331,BOSTON,05-Jun-2014,6:01 PM,Property damage only (none injured),3,0,0,Rear-end,V1: Slowing or stopped in traffic / V2:Slowing or stopped in traffic / V3:Slowing or stopped in traffic,V1:Eastbound / V2:Eastbound / V3:Eastbound ,V1: Not reported / V2: Not reported / V3: Not reported ,"V1: Light truck(van, mini-van, panel, pickup, sport utility) with only four tires / V2:Light truck(van, mini-van, panel, pickup, sport utility) with only four tires / V3:Passenger car",Dry,Daylight,Clear,,400 SOLDIERS FIELD ROAD,,,DOUBLETREE,,231518.2408,901078.3912
3827283,BOSTON,05-Jun-2014,7:45 PM,Property damage only (none injured),2,0,0,Rear-end,V1: Changing lanes / V2:Slowing or stopped in traffic,V1:Eastbound / V2:Eastbound ,V1: Collision with motor vehicle in traffic / V2: Collision with motor vehicle in traffic ,"V1: Light truck(van, mini-van, panel, pickup, sport utility) with only four tires / V2:Passenger car",Wet,Dusk,Rain,STORROW DRIVE Rte SR28 N / RAMP - STORROW DRIVE TO LEVERETT CONNECT,,,,STORROW DR AT LEVERETT CIR,,235446.4686,901669.7367
3827281,BOSTON,05-Jun-2014,8:17 PM,Non-fatal injury,3,1,0,Rear-end,V1: Slowing or stopped in traffic / V2:Slowing or stopped in traffic / V3:Travelling straight ahead,V1:Southbound / V2:Southbound / V3:Southbound ,V1: Collision with motor vehicle in traffic / V2: Collision with motor vehicle in traffic / V3: Collision with motor vehicle in traffic ,"V1: Light truck(van, mini-van, panel, pickup, sport utility) with only four tires / V2:Light truck(van, mini-van, panel, pickup, sport utility) with only four tires / V3:Light truck(van, mini-van, panel, pickup, sport utility) with only four tires",Wet,Dark - lighted roadway,Cloudy/Rain,,Rte 93 S / UNKNOWN,,Exit 24 on Rte 93 S,,,236397.1933,901565.6511
3903831,BOSTON,05-Jun-2014,10:30 PM,Non-fatal injury,2,1,0,"Sideswipe, opposite direction",V1: Travelling straight ahead / V2:Not reported,V1:Not reported / V2:Not reported ,V1: Collision with motor vehicle in traffic / V2: Not reported ,V1: Passenger car / V2:Passenger car,Wet,Dark - lighted roadway,Clear,BOYLSTON STREET / DARTMOUTH STREET,,,,,,234821.5311,900039.4376
3867627,BOSTON (DORCHESTER),06-Jun-2014,2:15 AM,Property damage only (none injured),1,0,0,Single vehicle crash,V1: Turning left,V1:Southbound ,V1: Not reported ,V1: Passenger car,Dry,Dark - lighted roadway,Clear,,1153 WASHINGTON STREET,,,,,235750.3038,899332.7942
3845510,BOSTON,06-Jun-2014,8:40 AM,Property damage only (none injured),3,0,0,Rear-end,V1: Slowing or stopped in traffic / V2:Travelling straight ahead / V3:Slowing or stopped in traffic,V1:Southbound / V2:Southbound / V3:Southbound ,V1: Collision with motor vehicle in traffic / V2: Collision with motor vehicle in traffic / V3: Collision with motor vehicle in traffic ,"V1: Light truck(van, mini-van, panel, pickup, sport utility) with only four tires / V2:Passenger car / V3:Light truck(van, mini-van, panel, pickup, sport utility) with only four tires",Dry,Daylight,Cloudy,,INTERSTATE 93 Rte 93 S,,Exit 24 on Rte 93 S,,,,
3845857,BOSTON,06-Jun-2014,8:58 AM,Non-fatal injury,1,1,0,Angle,V1: Turning left,V1:Eastbound ,V1: Collision with motor vehicle in traffic ,V1: Truck/trailer,Dry,Daylight,Clear,BIRMINGHAM PARKWAY / WAVERLY STREET,,,,,"P1:Pedalcyclist (bicycle, tricycle, unicycle, pedal car) / P2:Other non-motorist (wheelchair, etc.)",229147.3121,901213.7776
3845537,BOSTON,06-Jun-2014,2:00 PM,Property damage only (none injured),2,0,0,Rear-end,V1: Travelling straight ahead / V2:Travelling straight ahead,V1:Southbound / V2:Southbound ,V1: Collision with motor vehicle in traffic / V2: Collision with motor vehicle in traffic ,V1: Passenger car / V2:Passenger car,Dry,Daylight,Clear,,Rte 93 S / UNKNOWN,,,,,235973.6096,902105.2145
3861883,BOSTON,06-Jun-2014,4:05 PM,Property damage only (none injured),2,0,0,Rear-end,V1: Slowing or stopped in traffic / V2:Slowing or stopped in traffic,V1:Westbound / V2:Westbound ,V1: Collision with motor vehicle in traffic / V2: Collision with motor vehicle in traffic ,"V1: Light truck(van, mini-van, panel, pickup, sport utility) with only four tires / V2:Light truck(van, mini-van, panel, pickup, sport utility) with only four tires",Dry,Daylight,Clear,,Rte 90 W / UNKNOWN,,,,,227350.8139,900836.5968
3830008,BOSTON,06-Jun-2014,4:25 PM,Property damage only (none injured),2,0,0,"Sideswipe, same direction",V1: Changing lanes / V2:Travelling straight ahead,V1:Northbound / V2:Northbound ,V1: Collision with motor vehicle in traffic / V2: Collision with motor vehicle in traffic ,"V1: Passenger car / V2:Light truck(van, mini-van, panel, pickup, sport utility) with only four tires",Dry,Daylight,Clear,,Rte 93 N / UNKNOWN,,Exit 13 on Rte 93 N,,,237420.1414,894076.5227
3834431,BOSTON,06-Jun-2014,4:45 PM,Property damage only (none injured),2,0,0,Rear-end,V1: Travelling straight ahead / V2:Travelling straight ahead,V1:Southbound / V2:Southbound ,V1: Collision with motor vehicle in traffic / V2: Collision with motor vehicle in traffic ,"V1: Passenger car / V2:Light truck(van, mini-van, panel, pickup, sport utility) with only four tires",Dry,Daylight,Clear,,Rte 93 S,,Exit 12 on Rte 93 S,,,237620.5493,892713.0989
3857331,BOSTON,06-Jun-2014,11:58 PM,Property damage only (none injured),2,0,0,"Sideswipe, same direction",V1: Travelling straight ahead / V2:Travelling straight ahead,V1:Southbound / V2:Southbound ,V1: Collision with motor vehicle in traffic / V2: Collision with motor vehicle in traffic ,"V1: Passenger car / V2:Light truck(van, mini-van, panel, pickup, sport utility) with only four tires",Dry,Dark - lighted roadway,Clear,,Rte 93 S,Rte 93  S Milemarker 16.9,,,,236665.5292,900402.2801
3998277,BOSTON,07-Jun-2014,1:07 AM,Fatal injury,1,0,1,Not reported,V1: Not reported,V1:Not reported ,V1: Not reported ,"V1: Light truck(van, mini-van, panel, pickup, sport utility) with only four tires",Not reported,Dark - lighted roadway,Clear,WASHINGTON STREET / CRISPUS ATTUCKS PLACE,,,,,,233947.8287,897271.372
3845511,BOSTON,07-Jun-2014,2:24 AM,Property damage only (none injured),1,0,0,Single vehicle crash,V1: Travelling straight ahead,V1:Southbound ,V1: Collision with median barrier ,V1: Passenger car,Dry,Dark - lighted roadway,Clear,,Rte 93 S / UNKNOWN,,,,,236156.3149,899504.8183