Crash Number,City/Town Name,Crash Date,Crash Time,Crash Severity,Number of Vehicles,Total Nonfatal Injuries,Total Fatal Injuries,Manner of Collision,Vehicle Action Prior to Crash,Vehicle Travel Directions,Most Harmful Events,Vehicle Configuration,Road Surface Condition,Ambient Light,Weather Condition,At Roadway Intersection,Distance from Nearest Roadway Intersection,Distance from Nearest Milemarker,Distance from Nearest Exit,Distance from Nearest Landmark,Non Motorist Type,X Coordinate,Y Coordinate
3863456,BOSTON,07-Jun-2014,2:45 AM,Non-fatal injury,2,1,0,Head-on,V1: Travelling straight ahead / V2:Turning left,V1:Northbound / V2:Southbound ,V1: Collision with motor vehicle in traffic / V2: Collision with motor vehicle in traffic ,"V1: Passenger car / V2:Light truck(van, mini-van, panel, pickup, sport utility) with only four tires",Dry,Dark - lighted roadway,Not Reported,,GALLIVAN BOULEVARD / GRANITE AVENUE,,,,,236643.2967,892556.1249
3845538,BOSTON,07-Jun-2014,2:57 AM,Property damage only (none injured),1,0,0,Single vehicle crash,V1: Travelling straight ahead,V1:Eastbound ,V1: Collision with curb ,V1: Passenger car,Dry,Dark - lighted roadway,Clear,MASSACHUSETTS AVENUE CONNECTOR / MASSACHUSETTS AVENUE CONNECTOR / FRONTAGE ROAD,,,,MASS AVE CONNECTOR/FRONTAGE RD,,235865.0173,898419.1854
3862589,BOSTON,07-Jun-2014,3:31 AM,Not Reported,1,0,0,Single vehicle crash,V1: Not reported,V1:Eastbound ,V1: Collision with median barrier ,V1: Passenger car,Dry,Dark - lighted roadway,Cloudy,,RAMP-RT 90 EB TO RT 9 (STUART ST/HUNTING,,Exit 22 on Rte 90 E,,,234874.1665,899755.8841
3907082,BOSTON,07-Jun-2014,6:46 AM,Property damage only (none injured),2,0,0,Angle,V1: Entering traffic lane / V2:Travelling straight ahead,V1:Eastbound / V2:Northbound ,V1: Collision with motor vehicle in traffic / V2: Collision with motor vehicle in traffic ,"V1: Light truck(van, mini-van, panel, pickup, sport utility) with only four tires / V2:Passenger car",Dry,Daylight,Clear,,LOGAN AIRPORT TERMINAL C / LOGAN AIRPORT TERMINAL B,,,,,239758.3609,901870.3959
3845522,BOSTON,07-Jun-2014,10:05 AM,Non-fatal injury,3,1,0,Rear-end,V1: Slowing or stopped in traffic / V2:Slowing or stopped in traffic / V3:Slowing or stopped in traffic,V1:Southbound / V2:Southbound / V3:Southbound ,V1: Collision with motor vehicle in traffic / V2: Collision with motor vehicle in traffic / V3: Collision with motor vehicle in traffic ,"V1: Light truck(van, mini-van, panel, pickup, sport utility) with only four tires / V2:Passenger car / V3:Passenger car",Dry,Daylight,Clear,,Rte 93 S / UNKNOWN,,Exit 15 on Rte 93 S,,,236629.6253,897168.5001
3869629,BOSTON (DORCHESTER),07-Jun-2014,10:20 AM,Not Reported,2,0,0,Not reported,V1: Not reported / V2:Not reported,V1:Not reported / V2:Not reported ,V1: Not reported / V2: Not reported ,"V1: Passenger car / V2:Light truck(van, mini-van, panel, pickup, sport utility) with only four tires",Not reported,Not reported,Not Reported,,331 FREEPORT STREET / EVERDEAN STREET,,,,,237078.9217,894632.0627
3845544,BOSTON,07-Jun-2014,12:30 PM,Non-fatal injury,3,3,0,Rear-end,V1: Slowing or stopped in traffic / V2:Slowing or stopped in traffic / V3:Slowing or stopped in traffic,V1:Southbound / V2:Southbound / V3:Southbound ,V1: Collision with motor vehicle in traffic / V2: Collision with motor vehicle in traffic / V3: Collision with motor vehicle in traffic ,"V1: Light truck(van, mini-van, panel, pickup, sport utility) with only four tires / V2:Light truck(van, mini-van, panel, pickup, sport utility) with only four tires / V3:Light truck(van, mini-van, panel, pickup, sport utility) with only four tires",Dry,Daylight,Clear,,Rte 93 S / UNKNOWN,,Exit 12 on Rte 93 S,,,237620.5493,892713.0989
3888720,BOSTON (WEST ROXBURY),07-Jun-2014,1:20 PM,Non-fatal injury,2,1,0,Rear-end,V1: Travelling straight ahead / V2:Parked,V1:Not reported / V2:Not reported ,V1: Collision with parked motor vehicle / V2: Not reported ,V1: Passenger car / V2:Passenger car,Not reported,Daylight,Cloudy,,5071 WASHINGTON STREET,,,,,228592.3126,890517.1172
3845512,BOSTON,07-Jun-2014,1:24 PM,Non-fatal injury,2,1,0,Rear-end,V1: Travelling straight ahead / V2:Slowing or stopped in traffic,V1:Southbound / V2:Southbound ,V1: Collision with motor vehicle in traffic / V2: Collision with motor vehicle in traffic ,V1: Passenger car / V2:Passenger car,Dry,Daylight,Clear,,LOWER DECK HOV LANE Rte 93 S / JOHN F FITZGERALD EXPRESSWAY Rte 93 S,,,LOWER DECK HOV LANE,,235648.0681,902461.4919
3845539,BOSTON,07-Jun-2014,2:08 PM,Property damage only (none injured),2,0,0,Rear-end,V1: Travelling straight ahead / V2:Slowing or stopped in traffic,V1:Westbound / V2:Westbound ,V1: Collision with motor vehicle in traffic / V2: Collision with motor vehicle in traffic ,V1: Passenger car / V2:Passenger car,Dry,Daylight,Clear,,RAMP-RT 93 TO RTS 3 NB/28 SB (STORROW DR Rte 3 N,,Exit 26 on Rte 93 S,,,235675.6944,901887.2986
3845513,BOSTON,07-Jun-2014,3:37 PM,Property damage only (none injured),4,0,0,Rear-end,V1: Slowing or stopped in traffic / V2:Slowing or stopped in traffic / V3:Slowing or stopped in traffic / V4:Travelling straight ahead,V1:Southbound / V2:Southbound / V3:Southbound / V4:Southbound ,V1: Collision with motor vehicle in traffic / V2: Collision with motor vehicle in traffic / V3: Collision with motor vehicle in traffic / V4: Collision with motor vehicle in traffic ,"V1: Light truck(van, mini-van, panel, pickup, sport utility) with only four tires / V2:Light truck(van, mini-van, panel, pickup, sport utility) with only four tires / V3:Passenger car / V4:Passenger car",Dry,Daylight,Cloudy,,TEMPORARY RAMP Rte 1 S / MAURICE TOBIN BRIDGE,,,TOLL PLAZA,,235853.0976,902245.2623
3828018,BOSTON,07-Jun-2014,6:00 PM,Property damage only (none injured),2,0,0,Angle,V1: Travelling straight ahead / V2:Travelling straight ahead,V1:Not reported / V2:Not reported ,V1: Collision with motor vehicle in traffic / V2: Collision with motor vehicle in traffic ,V1: Passenger car / V2:Passenger car,Dry,Daylight,Clear,,SOLDIERS FIELD ROAD Rte UNKNOW / NORTH HARVARD STREET,,,NONANTUM RD,,230992.3482,902048.2872
3878966,BOSTON,07-Jun-2014,6:00 PM,Not Reported,1,0,0,Single vehicle crash,V1: Travelling straight ahead,V1:Eastbound ,V1: Collision with curb ,"V1: Single-unit truck (2-axle, 6-tire)",Dry,Daylight,Clear,,COLUMBIA ROAD / RAMP - RT 93 SB TO COLUMBIA RD Rte 93 S,,,,,236781.1123,896875.477
3829370,BOSTON,07-Jun-2014,9:15 PM,Property damage only (none injured),1,0,0,Single vehicle crash,V1: Travelling straight ahead,V1:Eastbound ,V1: Collision with guardrail ,V1: Passenger car,Dry,Dark - lighted roadway,Not Reported,,GALLIVAN BOULEVARD,,,,,235284.2014,892047.9393
3845540,BOSTON,08-Jun-2014,00:00 AM,Property damage only (none injured),1,0,0,Single vehicle crash,V1: Travelling straight ahead,V1:Eastbound ,V1: Collision with curb ,V1: Passenger car,Dry,Dark - lighted roadway,Clear,MASSACHUSETTS AVENUE CONNECTOR / MASSACHUSETTS AVENUE CONNECTOR / FRONTAGE ROAD,,,,MASS AVE CONNECTOR,,235865.0173,898419.1854
3850664,BOSTON,08-Jun-2014,2:24 AM,Property damage only (none injured),2,0,0,Angle,V1: Turning left / V2:Turning left,V1:Northbound / V2:Northbound ,V1: Collision with motor vehicle in traffic / V2: Collision with motor vehicle in traffic ,"V1: Passenger car / V2:Light truck(van, mini-van, panel, pickup, sport utility) with only four tires",Dry,Dark - lighted roadway,Clear,MASSACHUSETTS AVENUE CONNECTOR / MASSACHUSETTS AVENUE CONNECTOR / FRONTAGE ROAD,,,,0 feet N from MASS AVE CONNECTOR,,235865.0173,898419.1854
3867482,BOSTON,08-Jun-2014,10:56 AM,Non-fatal injury,2,1,0,"Sideswipe, same direction",V1: Turning left / V2:Travelling straight ahead,V1:Southbound / V2:Southbound ,V1: Collision with motor vehicle in traffic / V2: Collision with motor vehicle in traffic ,"V1: Light truck(van, mini-van, panel, pickup, sport utility) with only four tires / V2:Motorcycle",Dry,Daylight,Clear,,WILLIAM T MORRISSEY BOULEVARD Rte UNKNOW / POPES HILL STREET,,,,,237240.2031,893757.7504
3828019,BOSTON,08-Jun-2014,11:20 AM,Not Reported,2,0,0,Rear-end,V1: Leaving traffic lane / V2:Turning left,V1:Westbound / V2:Westbound ,V1: Collision with motor vehicle in traffic / V2: Collision with motor vehicle in traffic ,"V1: Light truck(van, mini-van, panel, pickup, sport utility) with only four tires / V2:Passenger car",Dry,Daylight,Clear,,RAMP - WESTERN AVE TO SOLDIERS FIELD RD / RIVER STREET,,,RIVER STREET,,231486.5131,901224.5189
3949502,BOSTON,08-Jun-2014,1:00 PM,Property damage only (none injured),1,0,0,Single vehicle crash,V1: Entering traffic lane,V1:Northbound ,"V1: Collision with cyclist (bicycle, tricycle, unicycle, pedal car) ",V1: Passenger car,Dry,Daylight,Clear,WILLIAM T MORRISSEY BOULEVARD / COLUMBIA ROAD / KOSCIUSZKO CIRCLE,,,,,"P2:Pedalcyclist (bicycle, tricycle, unicycle, pedal car)",236980.4846,896866.3749
3877890,BOSTON,08-Jun-2014,1:30 PM,Non-fatal injury,1,1,0,Single vehicle crash,V1: Travelling straight ahead,V1:Northbound ,"V1: Collision with cyclist (bicycle, tricycle, unicycle, pedal car) ",V1: Passenger car,Dry,Daylight,Clear,,COLUMBIA ROAD Rte UNKNOW / KOSCIUSZKO CIRCLE,,,,"P2:Pedalcyclist (bicycle, tricycle, unicycle, pedal car)",236980.4846,896866.3749
3835049,BOSTON,08-Jun-2014,4:45 PM,Non-fatal injury,2,1,0,Rear-end,V1: Slowing or stopped in traffic / V2:Travelling straight ahead,V1:Westbound / V2:Westbound ,V1: Collision with motor vehicle in traffic / V2: Collision with motor vehicle in traffic ,V1: Passenger car / V2:Passenger car,Dry,Daylight,Clear,,STORROW DRIVE,,,LEE POOL,,235411.5544,901620.2122
3845631,BOSTON,08-Jun-2014,7:00 PM,Property damage only (none injured),1,0,0,Single vehicle crash,V1: Travelling straight ahead,V1:Westbound ,V1: Collision with other movable object ,V1: Passenger car,Dry,Daylight,Clear,,LINCOLN STREET Rte UNKNOW / PORTSMOUTH STREET,,,,,229285.0821,900945.1435
3862510,BOSTON,08-Jun-2014,11:32 PM,Property damage only (none injured),4,0,0,"Sideswipe, same direction",V1: Parked / V2:Parked / V3:Travelling straight ahead / V4:Parked,V1:Not reported / V2:Not reported / V3:Eastbound / V4:Not reported ,V1: Collision with motor vehicle in traffic / V2: Collision with motor vehicle in traffic / V3: Collision with parked motor vehicle / V4: Collision with motor vehicle in traffic ,"V1: Light truck(van, mini-van, panel, pickup, sport utility) with only four tires / V2:Light truck(van, mini-van, panel, pickup, sport utility) with only four tires / V3:Passenger car / V4:Light truck(van, mini-van, panel, pickup, sport utility) with only four tires",Dry,Dark - lighted roadway,Clear,,80 DEVON STREET,,,,,234688.9095,895548.9079
3833734,BOSTON,09-Jun-2014,5:33 AM,Property damage only (none injured),2,0,0,Rear-end,V1: Slowing or stopped in traffic / V2:Travelling straight ahead,V1:Northbound / V2:Northbound ,V1: Collision with motor vehicle in traffic / V2: Collision with motor vehicle in traffic ,"V1: Light truck(van, mini-van, panel, pickup, sport utility) with only four tires / V2:Light truck(van, mini-van, panel, pickup, sport utility) with only four tires",Dry,Dawn,Clear,,Rte 93 N / UNKNOWN,,Exit 13 on Rte 93 N,,,237420.1414,894076.5227
3833697,BOSTON,09-Jun-2014,5:36 AM,Property damage only (none injured),2,0,0,Rear-end,V1: Slowing or stopped in traffic / V2:Travelling straight ahead,V1:Northbound / V2:Northbound ,V1: Collision with motor vehicle in traffic / V2: Collision with motor vehicle in traffic ,"V1: Light truck(van, mini-van, panel, pickup, sport utility) with only four tires / V2:Passenger car",Dry,Dawn,Clear,,Rte 93 N / UNKNOWN,,Exit 13 on Rte 93 N,,,237420.1414,894076.5227
3863031,BOSTON,09-Jun-2014,7:33 AM,Property damage only (none injured),2,0,0,"Sideswipe, same direction",V1: Travelling straight ahead / V2:Slowing or stopped in traffic,V1:Eastbound / V2:Eastbound ,V1: Collision with motor vehicle in traffic / V2: Collision with parked motor vehicle ,"V1: Passenger car / V2:Bus (seats for more than 15 people, including driver)",Dry,Daylight,Clear/Clear,,772 BOYLSTON STREET,,,772 THROUGH 800 BOYLSTON ST,,234481.9524,899915.541
3845514,BOSTON,09-Jun-2014,11:02 AM,Non-fatal injury,4,1,0,Rear-end,V1: Travelling straight ahead / V2:Travelling straight ahead / V3:Travelling straight ahead / V4:Travelling straight ahead,V1:Southbound / V2:Southbound / V3:Southbound / V4:Southbound ,V1: Collision with motor vehicle in traffic / V2: Collision with motor vehicle in traffic / V3: Collision with motor vehicle in traffic / V4: Collision with motor vehicle in traffic ,V1: Passenger car / V2:Passenger car / V3:Passenger car / V4:Passenger car,Dry,Daylight,Clear,,TEMPORARY RAMP Rte 1 S / MAURICE TOBIN BRIDGE,,,TOLL PLAZA,,235853.0976,902245.2623
3845848,BOSTON,09-Jun-2014,11:02 AM,Property damage only (none injured),3,0,0,Rear-end,V1: Travelling straight ahead / V2:Travelling straight ahead / V3:Travelling straight ahead,V1:Southbound / V2:Southbound / V3:Southbound ,V1: Collision with motor vehicle in traffic / V2: Collision with motor vehicle in traffic / V3: Collision with motor vehicle in traffic ,"V1: Truck/trailer / V2:Truck/trailer / V3:Light truck(van, mini-van, panel, pickup, sport utility) with only four tires",Dry,Daylight,Clear,,TEMPORARY RAMP Rte 1 S / MAURICE TOBIN BRIDGE,,,,,235853.0976,902245.2623
3863273,BOSTON,09-Jun-2014,12:45 PM,Property damage only (none injured),2,0,0,Angle,V1: Turning right / V2:Travelling straight ahead,V1:Southbound / V2:Westbound ,V1: Collision with motor vehicle in traffic / V2: Collision with motor vehicle in traffic ,"V1: Passenger car / V2:Light truck(van, mini-van, panel, pickup, sport utility) with only four tires",Dry,Daylight,Clear,MORTON STREET / HARVARD STREET,,,,,,233493.5311,893100.9999
3850253,BOSTON,09-Jun-2014,1:35 PM,Non-fatal injury,2,3,0,Angle,V1: Turning left / V2:Travelling straight ahead,V1:Westbound / V2:Southbound ,V1: Collision with motor vehicle in traffic / V2: Collision with motor vehicle in traffic ,V1: Passenger car / V2:Passenger car,Dry,Daylight,Clear,GALLIVAN BOULEVARD / FREDERIKA STREET,,,,,,236418.328,892500.1249
3871546,BOSTON,09-Jun-2014,1:45 PM,Non-fatal injury,2,2,0,Angle,V1: Travelling straight ahead / V2:Travelling straight ahead,V1:Northbound / V2:Northbound ,V1: Collision with motor vehicle in traffic / V2: Collision with motor vehicle in traffic ,V1: Passenger car / V2:Passenger car,Dry,Daylight,Clear,,GALLIVAN BOULEVARD Rte UNKNOW / 16,,,,,234736.9,892095.8723
3829998,BOSTON,09-Jun-2014,3:52 PM,Property damage only (none injured),2,0,0,Rear-end,V1: Slowing or stopped in traffic / V2:Slowing or stopped in traffic,V1:Eastbound / V2:Eastbound ,V1: Collision with motor vehicle in traffic / V2: Collision with motor vehicle in traffic ,"V1: Light truck(van, mini-van, panel, pickup, sport utility) with only four tires / V2:Passenger car",Dry,Daylight,Clear,,Rte 93 N / UNKNOWN,,Exit 20 on Rte 93 N,L-RAMP,,235935.6734,898219.8317
3904732,BOSTON,09-Jun-2014,5:26 PM,Property damage only (none injured),2,0,0,"Sideswipe, same direction",V1: Parked / V2:Travelling straight ahead,V1:Northbound / V2:Northbound ,V1: Collision with motor vehicle in traffic / V2: Collision with parked motor vehicle ,V1: Passenger car / V2:Passenger car,Dry,Daylight,Cloudy,,1050 TREMONT STREET,,,,,234126.8253,898505.6907
3845646,BOSTON,09-Jun-2014,6:03 PM,Property damage only (none injured),2,0,0,Rear-end,V1: Slowing or stopped in traffic / V2:Slowing or stopped in traffic,V1:Westbound / V2:Westbound ,V1: Collision with motor vehicle in traffic / V2: Collision with motor vehicle in traffic ,V1: Passenger car / V2:Passenger car,Dry,Dusk,Clear,STORROW DRIVE / CHARLESGATE OVERPASS,,,,,,233287.6718,900098.5623
3863001,BOSTON,10-Jun-2014,8:26 AM,Non-fatal injury,1,1,0,"Sideswipe, same direction",V1: Slowing or stopped in traffic,V1:Eastbound ,"V1: Collision with cyclist (bicycle, tricycle, unicycle, pedal car) ",V1: Passenger car,Dry,Daylight,Cloudy,,85 ESSEX STREET,,,,"P3:Pedalcyclist (bicycle, tricycle, unicycle, pedal car)",236243.8438,900322.286
3847251,BOSTON,10-Jun-2014,9:45 AM,Property damage only (none injured),2,0,0,Rear-end,V1: Travelling straight ahead / V2:Travelling straight ahead,V1:Eastbound / V2:Eastbound ,V1: Collision with motor vehicle in traffic / V2: Collision with motor vehicle in traffic ,V1: Passenger car / V2:Passenger car,Dry,Daylight,Cloudy,,STORROW DRIVE Rte 28 N / RAMP TO CHARLES CIRCLE,,,LONGFELLOW &AMP; MASS EYE AND EA,,235227.3179,901259.6047
3833735,BOSTON,10-Jun-2014,10:35 AM,Non-fatal injury,3,1,0,Rear-end,V1: Travelling straight ahead / V2:Travelling straight ahead / V3:Travelling straight ahead,V1:Northbound / V2:Northbound / V3:Northbound ,V1: Collision with motor vehicle in traffic / V2: Collision with motor vehicle in traffic / V3: Collision with motor vehicle in traffic ,"V1: Passenger car / V2:Light truck(van, mini-van, panel, pickup, sport utility) with only four tires / V3:Light truck(van, mini-van, panel, pickup, sport utility) with only four tires",Dry,Daylight,Clear,,Rte 93,,Exit 12 on Rte 93,93N EXIT 12,,237641.3431,892708.5028
3847241,BOSTON,10-Jun-2014,3:04 PM,Property damage only (none injured),4,0,0,Rear-end,V1: Slowing or stopped in traffic / V2:Travelling straight ahead / V3:Travelling straight ahead / V4:Travelling straight ahead,V1:Northbound / V2:Northbound / V3:Northbound / V4:Northbound ,V1: Collision with motor vehicle in traffic / V2: Collision with motor vehicle in traffic / V3: Collision with motor vehicle in traffic / V4: Collision with motor vehicle in traffic ,"V1: Passenger car / V2:Passenger car / V3:Passenger car / V4:Light truck(van, mini-van, panel, pickup, sport utility) with only four tires",Dry,Daylight,Cloudy,,Rte 93 N / UNKNOWN,,Exit 16 on Rte 93 N,,,236403.9842,897524.312
3845859,BOSTON,10-Jun-2014,4:10 PM,Property damage only (none injured),3,0,0,Angle,V1: Travelling straight ahead / V2:Changing lanes / V3:Travelling straight ahead,V1:Northbound / V2:Northbound / V3:Northbound ,V1: Collision with motor vehicle in traffic / V2: Collision with motor vehicle in traffic / V3: Collision with motor vehicle in traffic ,"V1: Passenger car / V2:Light truck(van, mini-van, panel, pickup, sport utility) with only four tires / V3:Bus (seats for more than 15 people, including driver)",Dry,Daylight,Cloudy,,GENERAL CASIMIR PULASKI SKYWAY Rte 93 N / COLUMBIA ROAD,,,SOUTH OF COLUMBIA ROAD,,236787.0013,896862.7653
3871530,BOSTON,10-Jun-2014,6:30 PM,Property damage only (none injured),2,0,0,"Sideswipe, opposite direction",V1: Slowing or stopped in traffic / V2:Turning left,V1:Southbound / V2:Northbound ,V1: Collision with motor vehicle in traffic / V2: Collision with motor vehicle in traffic ,V1: Passenger car / V2:Passenger car,Dry,Daylight,Not Reported,,SERVICE ROAD / LOGAN AIRPORT TERMINAL E,,,GULF EXPRESS,,239216.4242,902210.9911
3901034,BOSTON (DORCHESTER),10-Jun-2014,6:31 PM,Not Reported,1,0,0,Unknown,V1: Not reported,V1:Not reported ,V1: Not reported ,V1: Not reported,Wet,Daylight,Cloudy/Rain,DORCHESTER AVENUE / ASHMONT STREET,,,,,P2:Pedestrian,235981.2121,892919.3766
3847447,BOSTON,11-Jun-2014,00:00 AM,Property damage only (none injured),2,0,0,Rear-end,V1: Slowing or stopped in traffic / V2:Travelling straight ahead,V1:Southbound / V2:Southbound ,V1: Collision with motor vehicle in traffic / V2: Collision with motor vehicle in traffic ,"V1: Passenger car / V2:Unknown heavy truck, cannot classify",Dry,Dark - lighted roadway,Clear,,RAMP-RTS 93 SB/3 SB TO SEAPORT BLVD,,Exit 23 on Rte 93 S,,,236932.8074,900630.401
3847450,BOSTON,11-Jun-2014,10:35 AM,Property damage only (none injured),2,0,0,"Sideswipe, same direction",V1: Travelling straight ahead / V2:Travelling straight ahead,V1:Eastbound / V2:Eastbound ,V1: Collision with motor vehicle in traffic / V2: Collision with motor vehicle in traffic ,"V1: Passenger car / V2:Single-unit truck (2-axle, 6-tire)",Dry,Daylight,Clear,,CHARLESGATE EAST / COMMONWEALTH AVENUE,,,,,233649.9732,899935.8523
3845545,BOSTON,11-Jun-2014,11:00 AM,Property damage only (none injured),3,0,0,Rear-end,V1: Travelling straight ahead / V2:Slowing or stopped in traffic / V3:Slowing or stopped in traffic,V1:Southbound / V2:Southbound / V3:Southbound ,V1: Collision with motor vehicle in traffic / V2: Collision with motor vehicle in traffic / V3: Not reported ,"V1: Light truck(van, mini-van, panel, pickup, sport utility) with only four tires / V2:Passenger car / V3:Passenger car",Dry,Daylight,Clear,,Rte 93 S / UNKNOWN,,Exit 13 on Rte 93 S,,,237399.8866,894072.472
3867731,BOSTON (DORCHESTER),11-Jun-2014,11:50 AM,Not Reported,1,0,0,Single vehicle crash,V1: Slowing or stopped in traffic,V1:Westbound ,V1: Collision with pedestrian ,"V1: Light truck(van, mini-van, panel, pickup, sport utility) with only four tires",Dry,Daylight,Clear,PARK STREET / WASHINGTON STREET,,,,,,235284.6249,893981.1248
3845523,BOSTON,11-Jun-2014,1:20 PM,Non-fatal injury,1,1,0,Single vehicle crash,V1: Travelling straight ahead,V1:Northbound ,V1: Collision with guardrail ,"V1: Light truck(van, mini-van, panel, pickup, sport utility) with only four tires",Dry,Daylight,Clear,,Rte 93 N / UNKNOWN,,Exit 13 on Rte 93 N,,,237420.1414,894076.5227
3845515,BOSTON,11-Jun-2014,3:20 PM,Property damage only (none injured),2,0,0,Angle,V1: Turning right / V2:Travelling straight ahead,V1:Southbound / V2:Southbound ,V1: Collision with motor vehicle in traffic / V2: Collision with motor vehicle in traffic ,"V1: Light truck(van, mini-van, panel, pickup, sport utility) with only four tires / V2:Light truck(van, mini-van, panel, pickup, sport utility) with only four tires",Dry,Daylight,Clear,D STREET / CONGRESS STREET,,,,,,237867.9285,899829.5682
3847448,BOSTON,11-Jun-2014,3:20 PM,Property damage only (none injured),2,0,0,Rear-end,V1: Slowing or stopped in traffic / V2:Travelling straight ahead,V1:Northbound / V2:Northbound ,V1: Collision with median barrier / V2: Collision with motor vehicle in traffic ,V1: Passenger car / V2:Passenger car,Dry,Daylight,Clear,,TEMPORARY RAMP Rte 1 N / MAURICE TOBIN BRIDGE,,,,,235848.1406,902282.2336
3838472,BOSTON,11-Jun-2014,4:06 PM,Property damage only (none injured),2,0,0,Angle,V1: Travelling straight ahead / V2:Entering traffic lane,V1:Eastbound / V2:Eastbound ,V1: Collision with motor vehicle in traffic / V2: Collision with motor vehicle in traffic ,V1: Tractor/semi-trailer / V2:Passenger car,Dry,Daylight,Clear,,MASSACHUSETTS TURNPIKE Rte 90 E / RAMP - HAUL ROAD TO RT 90 EB,,,BOAT SECTION,,237829.6342,899715.4542
3862892,BOSTON,11-Jun-2014,4:08 PM,Property damage only (none injured),3,0,0,Rear-end,V1: Travelling straight ahead / V2:Travelling straight ahead / V3:Leaving traffic lane,V1:Not reported / V2:Southbound / V3:Southbound ,V1: Collision with motor vehicle in traffic / V2: Collision with motor vehicle in traffic / V3: Collision with motor vehicle in traffic ,V1: Truck/trailer / V2:Truck/trailer / V3:Passenger car,Dry,Daylight,Clear,,Rte 93 S,,Exit 23 on Rte 93 S,,,236856.2793,901152.8251
3847242,BOSTON,11-Jun-2014,4:14 PM,Property damage only (none injured),2,0,0,Rear-end,V1: Slowing or stopped in traffic / V2:Travelling straight ahead,V1:Northbound / V2:Northbound ,V1: Collision with motor vehicle in traffic / V2: Collision with motor vehicle in traffic ,"V1: Light truck(van, mini-van, panel, pickup, sport utility) with only four tires / V2:Passenger car",Dry,Daylight,Cloudy,,JOHN F FITZGERALD EXPRESSWAY Rte 93 N / JOHN F FITZGERALD EXPRESSWAY Rte 1 N,,,ZAKIM BRIDGE,,236022.5815,902078.2556
3861874,BOSTON,11-Jun-2014,6:53 PM,Property damage only (none injured),3,0,0,Rear-end,V1: Changing lanes / V2:Slowing or stopped in traffic / V3:Slowing or stopped in traffic,V1:Northbound / V2:Northbound / V3:Northbound ,V1: Collision with motor vehicle in traffic / V2: Collision with motor vehicle in traffic / V3: Collision with motor vehicle in traffic ,V1: Passenger car / V2:Passenger car / V3:Passenger car,Dry,Daylight,Clear/Cloudy,,Rte 93 N / UNKNOWN,,Exit 28 on Rte 93 N,,,234953.5188,903173.3157
3847243,BOSTON,11-Jun-2014,6:55 PM,Property damage only (none injured),2,0,0,Rear-end,V1: Slowing or stopped in traffic / V2:Travelling straight ahead,V1:Southbound / V2:Southbound ,V1: Collision with motor vehicle in traffic / V2: Collision with motor vehicle in traffic ,V1: Passenger car / V2:Passenger car,Dry,Daylight,Clear,,Rte 93 S / UNKNOWN,,Exit 24 on Rte 93 S,,,236397.1933,901565.6511
3850161,BOSTON,11-Jun-2014,9:50 PM,Property damage only (none injured),2,0,0,Rear-end,V1: Parked / V2:Travelling straight ahead,V1:Eastbound / V2:Eastbound ,V1: Collision with motor vehicle in traffic / V2: Collision with parked motor vehicle ,V1: Passenger car / V2:Passenger car,Dry,Dark - lighted roadway,Clear,,NEPONSET VALLEY PARKWAY Rte UNKNOW / 223,,,,,230545.1315,887422.6644
3845893,BOSTON,11-Jun-2014,11:10 PM,Property damage only (none injured),2,0,0,"Sideswipe, same direction",V1: Changing lanes / V2:Travelling straight ahead,V1:Not reported / V2:Not reported ,V1: Collision with motor vehicle in traffic / V2: Collision with motor vehicle in traffic ,V1: Passenger car / V2:Passenger car,Dry,Dark - lighted roadway,Clear,ARBORWAY / HYDE PARK AVENUE,,,,,,231936.9845,894590.4376
3863117,BOSTON,12-Jun-2014,7:00 AM,Property damage only (none injured),1,0,0,Single vehicle crash,V1: Travelling straight ahead,V1:Westbound ,V1: Collision with other movable object ,"V1: Light truck(van, mini-van, panel, pickup, sport utility) with only four tires",Dry,Daylight,Cloudy,,Rte UNKNOW,,,ENTERPRISE PARKING LOT AT LOGAN,,,
3845590,BOSTON,12-Jun-2014,7:52 AM,Property damage only (none injured),1,0,0,Single vehicle crash,V1: Travelling straight ahead,V1:Eastbound ,V1: Collision with overhead sign support ,"V1: Light truck(van, mini-van, panel, pickup, sport utility) with only four tires",Dry,Daylight,Clear,,RAMP - WESTERN AVE TO SOLDIERS FIELD RD / CAMBRIDGE STREET,,,RIVER STREET BRIDGE,,231486.5161,901224.5015
3850642,BOSTON,12-Jun-2014,10:44 AM,Property damage only (none injured),1,0,0,Single vehicle crash,V1: Travelling straight ahead,V1:Southbound ,V1: Collision with other movable object ,"V1: Single-unit truck (2-axle, 6-tire)",Dry,Daylight,Clear,,HAUL ROAD,,,,,236405.9992,898709.0585