Crash Number,City/Town Name,Crash Date,Crash Time,Crash Severity,Number of Vehicles,Total Nonfatal Injuries,Total Fatal Injuries,Manner of Collision,Vehicle Action Prior to Crash,Vehicle Travel Directions,Most Harmful Events,Vehicle Configuration,Road Surface Condition,Ambient Light,Weather Condition,At Roadway Intersection,Distance from Nearest Roadway Intersection,Distance from Nearest Milemarker,Distance from Nearest Exit,Distance from Nearest Landmark,Non Motorist Type,X Coordinate,Y Coordinate
3868269,BOSTON,12-Jun-2014,1:08 PM,Property damage only (none injured),3,0,0,Rear-end,V1: Slowing or stopped in traffic / V2:Slowing or stopped in traffic / V3:Travelling straight ahead,V1:Westbound / V2:Westbound / V3:Westbound ,V1: Collision with motor vehicle in traffic / V2: Collision with motor vehicle in traffic / V3: Collision with motor vehicle in traffic ,"V1: Light truck(van, mini-van, panel, pickup, sport utility) with only four tires / V2:Passenger car / V3:Passenger car",Dry,Daylight,Clear,,STORROW DRIVE / RAMP-STORROW DR WB TO RT 2A WB Rte R23625,,,MASSACHUSETTS AVENUE,,233948.8411,900272.089
3870888,BOSTON,12-Jun-2014,2:23 PM,Property damage only (none injured),2,0,0,Rear-end,V1: Backing / V2:Backing,V1:Northbound / V2:Westbound ,V1: Collision with motor vehicle in traffic / V2: Collision with motor vehicle in traffic ,V1: Passenger car / V2:Passenger car,Dry,Daylight,Clear,,,,,LIMOUSINE PARKING LOT AT LOGAN,,,
3863458,BOSTON,12-Jun-2014,2:37 PM,Property damage only (none injured),2,0,0,"Sideswipe, same direction",V1: Travelling straight ahead / V2:Parked,V1:Eastbound / V2:Eastbound ,V1: Collision with parked motor vehicle / V2: Collision with parked motor vehicle ,V1: Passenger car / V2:Passenger car,Dry,Daylight,Clear,,125 ARBORWAY Rte 203 W,,,ARBORETUM,,231334.1175,895389.2864
3847244,BOSTON,12-Jun-2014,3:46 PM,Property damage only (none injured),2,0,0,Rear-end,V1: Travelling straight ahead / V2:Travelling straight ahead,V1:Northbound / V2:Northbound ,V1: Collision with motor vehicle in traffic / V2: Collision with motor vehicle in traffic ,V1: Passenger car / V2:Passenger car,Dry,Daylight,Not Reported,,Rte 93 N / UNKNOWN,,Exit 28 on Rte 93 N,,,234953.5188,903173.3157
3865332,BOSTON,13-Jun-2014,1:15 AM,Property damage only (none injured),1,0,0,Single vehicle crash,V1: Leaving traffic lane,V1:Westbound ,V1: Reported but invalid ,V1: Passenger car,Dry,Dark - lighted roadway,Clear,,SOLDIERS FIELD ROAD / NORTH BEACON STREET,,,BIRMINGHAM PARKWAY,,228076.4976,901010.8434
3847255,BOSTON,13-Jun-2014,3:15 AM,Property damage only (none injured),2,0,0,"Sideswipe, same direction",V1: Travelling straight ahead / V2:Travelling straight ahead,V1:Westbound / V2:Westbound ,V1: Collision with motor vehicle in traffic / V2: Collision with motor vehicle in traffic ,V1: Passenger car / V2:Passenger car,Wet,Dark - lighted roadway,Rain,,COLUMBIA ROAD Rte UNKNOW / BUTTONWOOD STREET,,,,,236609.5872,896844.6625
3862590,BOSTON,13-Jun-2014,4:08 AM,Property damage only (none injured),1,0,0,Single vehicle crash,V1: Travelling straight ahead,V1:Westbound ,V1: Collision with median barrier ,V1: Passenger car,Dry,Dark - lighted roadway,Clear,,MASSACHUSETTS TURNPIKE Rte 90 W / RAMP-MASS AVE TO RT 90 WB Rte R11738,,,WEST OF PRUDENTIAL TUNNEL,,234045.6882,899769.6452
3847252,BOSTON,13-Jun-2014,6:38 AM,Property damage only (none injured),1,0,0,Single vehicle crash,V1: Travelling straight ahead,V1:Eastbound ,V1: Collision with median barrier ,V1: Passenger car,Wet,Daylight,Cloudy/Rain,,STORROW DRIVE Rte 28 N / RAMP-RT 28 NB (STORROW DR) TO RTS 93 NB/ Rte R23644,,,,,235341.3334,901428.6992
3847477,BOSTON,13-Jun-2014,6:38 AM,Non-fatal injury,1,1,0,Single vehicle crash,V1: Travelling straight ahead,V1:Eastbound ,V1: Collision with guardrail ,V1: Passenger car,Wet,Daylight,Cloudy/Rain,,STORROW DRIVE Rte 28 N / RAMP-RT 28 NB (STORROW DR) TO RTS 93 NB/ Rte R23644,,,@ MASS EYE AND EAR,,235344.3785,901433.1639
3847245,BOSTON,13-Jun-2014,7:23 AM,Property damage only (none injured),1,0,0,Single vehicle crash,V1: Travelling straight ahead,V1:Northbound ,V1: Collision with guardrail ,V1: Passenger car,Wet,Daylight,Cloudy/Rain,,RAMP-RTS 93 NB/1 NB TO RT 1 NB (TOBIN BR Rte 1 N,,Exit 27 on Rte 93 N,,,235468.8211,902504.1164
3863275,BOSTON,13-Jun-2014,7:39 AM,Property damage only (none injured),2,0,0,Angle,V1: Travelling straight ahead / V2:Parked,V1:Eastbound / V2:Eastbound ,V1: Collision with parked motor vehicle / V2: Collision with parked motor vehicle ,V1: Passenger car / V2:Passenger car,Wet,Daylight,Cloudy/Rain,,MORTON STREET Rte UNKNOW / 763,,,,,233882.0598,892628.3643
3845589,BOSTON,13-Jun-2014,9:45 AM,Property damage only (none injured),2,0,0,"Sideswipe, same direction",V1: Travelling straight ahead / V2:Changing lanes,V1:Northbound / V2:Northbound ,V1: Collision with motor vehicle in traffic / V2: Collision with motor vehicle in traffic ,"V1: Passenger car / V2:Light truck(van, mini-van, panel, pickup, sport utility) with only four tires",Wet,Daylight,Rain,,ARBORWAY Rte UNKNOW / KELLEY CIRCLE,,,,,231127.3231,895910.3818
3856893,BOSTON,13-Jun-2014,12:15 PM,Property damage only (none injured),2,0,0,Rear-end,V1: Travelling straight ahead / V2:Slowing or stopped in traffic,V1:Northbound / V2:Northbound ,V1: Collision with motor vehicle in traffic / V2: Collision with motor vehicle in traffic ,"V1: Light truck(van, mini-van, panel, pickup, sport utility) with only four tires / V2:Light truck(van, mini-van, panel, pickup, sport utility) with only four tires",Wet,Daylight,Cloudy/Rain,,Rte 93 S / UNKNOWN,,Exit 15 on Rte 93 S,,,236629.6253,897168.5001
3847246,BOSTON,13-Jun-2014,12:57 PM,Property damage only (none injured),2,0,0,Rear-end,V1: Travelling straight ahead / V2:Slowing or stopped in traffic,V1:Southbound / V2:Southbound ,V1: Collision with motor vehicle in traffic / V2: Collision with motor vehicle in traffic ,"V1: Light truck(van, mini-van, panel, pickup, sport utility) with only four tires / V2:Light truck(van, mini-van, panel, pickup, sport utility) with only four tires",Wet,Daylight,Rain,,RAMP - RUTHERFORD AVENUE TO RT 1 SB / RAMP - RUTHERFORD AVENUE TO RT 1 SB,,,RUTHERFORD AV TO CANA NB,,235879.9834,902327.6183
3856895,BOSTON,13-Jun-2014,1:00 PM,Property damage only (none injured),2,0,0,"Sideswipe, same direction",V1: Changing lanes / V2:Travelling straight ahead,V1:Northbound / V2:Northbound ,V1: Collision with motor vehicle in traffic / V2: Collision with motor vehicle in traffic ,"V1: Light truck(van, mini-van, panel, pickup, sport utility) with only four tires / V2:Passenger car",Wet,Daylight,Cloudy/Rain,,Rte 93 N / UNKNOWN,,Exit 13 on Rte 93 N,,,237420.1414,894076.5227
3870893,BOSTON,13-Jun-2014,1:55 PM,Property damage only (none injured),1,0,0,Single vehicle crash,V1: Travelling straight ahead,V1:Westbound ,V1: Collision with guardrail ,V1: Passenger car,Wet,Daylight,Cloudy,,STORROW DRIVE Rte UNKNOW W,,,WEEKS FOOTBRIDGE,,231377.8076,901969.8381
3847247,BOSTON,13-Jun-2014,3:20 PM,Property damage only (none injured),3,0,0,Angle,V1: Travelling straight ahead / V2:Travelling straight ahead / V3:Travelling straight ahead,V1:Southbound / V2:Southbound / V3:Southbound ,V1: Collision with motor vehicle in traffic / V2: Collision with motor vehicle in traffic / V3: Collision with motor vehicle in traffic ,V1: Passenger car / V2:Passenger car / V3:Passenger car,Wet,Daylight,Rain,,Rte 93 S / UNKNOWN,,Exit 23 on Rte 93 S,,,236856.2793,901152.8251
3847248,BOSTON,13-Jun-2014,3:40 PM,Property damage only (none injured),3,0,0,Rear-end,V1: Slowing or stopped in traffic / V2:Slowing or stopped in traffic / V3:Travelling straight ahead,V1:Westbound / V2:Westbound / V3:Westbound ,V1: Collision with motor vehicle in traffic / V2: Collision with motor vehicle in traffic / V3: Collision with motor vehicle in traffic ,V1: Passenger car / V2:Passenger car / V3:Passenger car,Dry,Daylight,Rain,,RAMP - RT 90 WB/CONGRESS STREET TO RT 93 Rte 90 W / RAMP - RT 90 WB TO RT 93 SB Rte 1A S,,,D RAMP,,236549.9304,899705.8857
3850647,BOSTON,13-Jun-2014,4:31 PM,Property damage only (none injured),2,0,0,Rear-end,V1: Slowing or stopped in traffic / V2:Slowing or stopped in traffic,V1:Southbound / V2:Southbound ,V1: Collision with motor vehicle in traffic / V2: Collision with motor vehicle in traffic ,V1: Passenger car / V2:Passenger car,Wet,Dusk,Rain,,Rte 93 S,,Exit 15 on Rte 93,,,236629.6253,897168.5001
3869442,BOSTON,13-Jun-2014,5:25 PM,Property damage only (none injured),3,0,0,Rear-end,V1: Travelling straight ahead / V2:Slowing or stopped in traffic / V3:Slowing or stopped in traffic,V1:Southbound / V2:Southbound / V3:Southbound ,V1: Collision with motor vehicle in traffic / V2: Collision with motor vehicle in traffic / V3: Collision with motor vehicle in traffic ,"V1: Passenger car / V2:Passenger car / V3:Light truck(van, mini-van, panel, pickup, sport utility) with only four tires",Dry,Daylight,Clear,,TEMPORARY RAMP Rte 1 S / MAURICE TOBIN BRIDGE,,,TOBIN BRIDGE,,235853.0976,902245.2623
3845568,BOSTON,13-Jun-2014,5:55 PM,Property damage only (none injured),2,0,0,Rear-end,V1: Slowing or stopped in traffic / V2:Travelling straight ahead,V1:Eastbound / V2:Eastbound ,V1: Collision with motor vehicle in traffic / V2: Collision with motor vehicle in traffic ,"V1: Light truck(van, mini-van, panel, pickup, sport utility) with only four tires / V2:Passenger car",Wet,Daylight,Cloudy/Rain,,STORROW DRIVE / CHARLESGATE OVERPASS,,,STORROW DR. E/B BY FAIRFIELD ST.,,234225.3187,900347.5614
3850251,BOSTON,13-Jun-2014,6:00 PM,Non-fatal injury,2,1,0,Rear-end,V1: Travelling straight ahead / V2:Travelling straight ahead,V1:Westbound / V2:Westbound ,V1: Collision with motor vehicle in traffic / V2: Collision with motor vehicle in traffic ,V1: Passenger car / V2:Passenger car,Dry,Dark - lighted roadway,Not Reported,,Rte 1A S,,,IN SUMNER TUNNEL,,237472.2576,902162.5437
3862016,BOSTON,13-Jun-2014,7:09 PM,Property damage only (none injured),2,0,0,Rear-end,V1: Slowing or stopped in traffic / V2:Slowing or stopped in traffic,V1:Southbound / V2:Southbound ,V1: Collision with motor vehicle in traffic / V2: Collision with motor vehicle in traffic ,V1: Passenger car / V2:Passenger car,Wet,Dusk,Cloudy/Rain,,Rte 93 S / UNKNOWN,,Exit 12 on Rte 93 S,,,237620.5493,892713.0989
3867625,BOSTON (DORCHESTER),14-Jun-2014,4:14 AM,Not Reported,1,0,0,Single vehicle crash,V1: Unknown,V1:Southbound ,V1: Collision with light pole or other post/support ,V1: Passenger car,Wet,Dark - lighted roadway,Rain,,2096 DORCHESTER AVENUE,,,,,235775.955,892114.0937
3847249,BOSTON,14-Jun-2014,4:46 AM,Property damage only (none injured),1,0,0,Single vehicle crash,V1: Travelling straight ahead,V1:Westbound ,V1: Collision with median barrier ,V1: Passenger car,Dry,Dark - lighted roadway,Cloudy,,Rte 90 W / UNKNOWN,,,,,238690.1464,900161.8679
3845569,BOSTON,14-Jun-2014,10:13 AM,Property damage only (none injured),1,0,0,Single vehicle crash,V1: Making U-turn,V1:Westbound ,V1: Collision with curb ,V1: Passenger car,Dry,Daylight,Cloudy,,RAMP - LEVERETT CONNECTOR TO STORROW DRI Rte 3A N / STORROW DRIVE Rte 3A N,,,H/4 MSP BARRACK,,235556.9035,901858.6489
3900931,BOSTON (DORCHESTER),14-Jun-2014,11:46 AM,Property damage only (none injured),2,0,0,Angle,V1: Turning left / V2:Turning left,V1:Not reported / V2:Not reported ,V1: Collision with motor vehicle in traffic / V2: Unknown ,"V1: Passenger car / V2:Light truck(van, mini-van, panel, pickup, sport utility) with only four tires",Dry,Daylight,Clear/Clear,,500 GENEVA AVENUE,,,,,235978.0244,894354.3029
3847250,BOSTON,14-Jun-2014,12:40 PM,Property damage only (none injured),3,0,0,Rear-end,V1: Travelling straight ahead / V2:Travelling straight ahead / V3:Travelling straight ahead,V1:Northbound / V2:Northbound / V3:Northbound ,V1: Collision with motor vehicle in traffic / V2: Collision with motor vehicle in traffic / V3: Collision with motor vehicle in traffic ,V1: Passenger car / V2:Passenger car / V3:Passenger car,Dry,Daylight,Clear,,Rte 93 N / UNKNOWN,,Exit 20 on Rte 93 N,,,235935.6734,898219.8317
3862684,BOSTON,14-Jun-2014,3:00 PM,Property damage only (none injured),2,0,0,Rear-end,V1: Travelling straight ahead / V2:Not reported,V1:Northbound / V2:Northbound ,V1: Collision with motor vehicle in traffic / V2: Not reported ,V1: Passenger car / V2:Passenger car,Dry,Daylight,Clear,,Rte 93 N / UNKNOWN,,Exit 23 on Rte 93 N,,,236957.4837,900943.9828
3881781,BOSTON,14-Jun-2014,4:19 PM,Property damage only (none injured),2,0,0,Rear-end,V1: Slowing or stopped in traffic / V2:Travelling straight ahead,V1:Eastbound / V2:Northbound ,V1: Collision with motor vehicle in traffic / V2: Collision with motor vehicle in traffic ,V1: Passenger car / V2:Passenger car,Dry,Daylight,Clear,,Rte 93 N / UNKNOWN,,Exit 18 on Rte 93 N,,,236146.0342,897892.2406
3852784,BOSTON,14-Jun-2014,8:00 PM,Non-fatal injury,1,1,0,Single vehicle crash,V1: Travelling straight ahead,V1:Eastbound ,V1: Collision with guardrail ,V1: Passenger car,Dry,Daylight,Clear,,STORROW DRIVE / RAMP-STORROW DR WB TO CLARENDON ST SB,,,,,234797.7614,900568.2294
3893838,BOSTON,14-Jun-2014,8:10 PM,Property damage only (none injured),2,0,0,"Sideswipe, same direction",V1: Travelling straight ahead / V2:Overtaking/passing,V1:Northbound / V2:Northbound ,V1: Collision with motor vehicle in traffic / V2: Collision with motor vehicle in traffic ,V1: Passenger car / V2:Passenger car,Dry,Daylight,Clear,,COMMONWEALTH AVENUE / CHARLESGATE EAST,,,CHARLESGATE E @ COMM. AVE. W/B,,233649.9732,899935.8523
3852690,BOSTON,14-Jun-2014,8:50 PM,Non-fatal injury,2,1,0,Rear-end,V1: Slowing or stopped in traffic / V2:Travelling straight ahead,V1:Northbound / V2:Northbound ,V1: Collision with motor vehicle in traffic / V2: Collision with motor vehicle in traffic ,V1: Passenger car / V2:Passenger car,Dry,Dark - lighted roadway,Clear,,STORROW DRIVE / RAMP-STORROW DR WB TO CLARENDON ST SB Rte R23614,,,BOWKER OVERPASS,,234627.9606,900496.8744
3847256,BOSTON,15-Jun-2014,1:01 AM,Property damage only (none injured),2,0,0,"Sideswipe, same direction",V1: Travelling straight ahead / V2:Travelling straight ahead,V1:Northbound / V2:Northbound ,V1: Collision with motor vehicle in traffic / V2: Collision with motor vehicle in traffic ,"V1: Passenger car / V2:Light truck(van, mini-van, panel, pickup, sport utility) with only four tires",Dry,Dark - lighted roadway,Clear,,GALLIVAN BOULEVARD Rte UNKNOW / 14,,,,,234729.0308,892097.4004
3862591,BOSTON,15-Jun-2014,2:40 AM,Non-fatal injury,3,1,0,"Sideswipe, same direction",V1: Travelling straight ahead / V2:Travelling straight ahead / V3:Travelling straight ahead,V1:Eastbound / V2:Eastbound / V3:Eastbound ,V1: Collision with motor vehicle in traffic / V2: Collision with motor vehicle in traffic / V3: Collision with motor vehicle in traffic ,V1: Passenger car / V2:Passenger car / V3:Passenger car,Dry,Dark - lighted roadway,Clear,,CALLAHAN TUNNEL / RAMP-NORTH ST TO CALLAHAN TUNL TUNNEL Rte R50154,,,CALLAHAN TUNNEL,,237320.7029,901970.1478
3850162,BOSTON,15-Jun-2014,4:35 AM,Property damage only (none injured),1,0,0,Single vehicle crash,V1: Travelling straight ahead,V1:Northbound ,V1: Collision with light pole or other post/support ,V1: Passenger car,Dry,Dawn,Clear,,348 TRUMAN PARKWAY / TRUMAN PARKWAY,,,#348,,231839.2213,889688.0082
3862688,BOSTON,15-Jun-2014,9:21 AM,Property damage only (none injured),2,0,0,Angle,V1: Travelling straight ahead / V2:Parked,V1:Westbound / V2:Westbound ,V1: Collision with motor vehicle in traffic / V2: Collision with motor vehicle in traffic ,"V1: Light truck(van, mini-van, panel, pickup, sport utility) with only four tires / V2:Passenger car",Dry,Daylight,Clear,,NORTHERN AVENUE / NORTHERN AVENUE,,,,,238001.617,899918.4787
3862685,BOSTON,15-Jun-2014,9:38 AM,Property damage only (none injured),1,0,0,Single vehicle crash,V1: Travelling straight ahead,V1:Westbound ,V1: Collision with motor vehicle in traffic ,V1: Passenger car,Dry,Daylight,Clear,,Rte 90 W,Rte 90  W Milemarker 133.0,,PRU TUNNEL,,234170.1927,899773.2896
3867223,BOSTON (DORCHESTER),15-Jun-2014,11:09 AM,Non-fatal injury,2,1,0,Single vehicle crash,V1: Travelling straight ahead / V2:Not reported,V1:Not reported / V2:Not reported ,V1: Collision with motor vehicle in traffic / V2: Not reported ,V1: Passenger car / V2:Passenger car,Dry,Daylight,Clear/Clear,BOWDOIN STREET / HOLIDAY STREET,,,,,,235302.3749,894683.8751
4040347,BOSTON,15-Jun-2014,1:11 PM,Non-fatal injury,2,2,0,Angle,V1: Travelling straight ahead / V2:Travelling straight ahead,V1:Eastbound / V2:Northbound ,V1: Collision with motor vehicle in traffic / V2: Collision with motor vehicle in traffic ,V1: Passenger car / V2:Passenger car,Dry,Daylight,Clear,THEODORE A GLYNN WAY / SOUTHAMPTON STREET,,,,,,235603.2967,898002.9376
3862592,BOSTON,15-Jun-2014,2:38 PM,Non-fatal injury,2,1,0,Rear-end,V1: Travelling straight ahead / V2:Travelling straight ahead,V1:Southbound / V2:Southbound ,V1: Collision with motor vehicle in traffic / V2: Collision with motor vehicle in traffic ,V1: Passenger car / V2:Passenger car,Dry,Daylight,Clear,,JOHN F FITZGERALD EXPRESSWAY Rte 93 S / GENERAL CASIMIR PULASKI SKYWAY Rte 1A S,,,SOUTH BAY MALL,,236216.0012,897760.6406
3862686,BOSTON,15-Jun-2014,2:44 PM,Property damage only (none injured),2,0,0,Rear-end,V1: Travelling straight ahead / V2:Travelling straight ahead,V1:Eastbound / V2:Eastbound ,V1: Collision with motor vehicle in traffic / V2: Collision with motor vehicle in traffic ,V1: Passenger car / V2:Passenger car,Dry,Daylight,Clear,,Rte 90 E / UNKNOWN,,Exit 26 on Rte 90 E,,,239052.4325,900927.5132
3907397,BOSTON (MATTAPAN),15-Jun-2014,4:42 PM,Non-fatal injury,2,3,0,Unknown,V1: Travelling straight ahead / V2:Unknown,V1:Not reported / V2:Not reported ,V1: Collision with motor vehicle in traffic / V2: Collision with motor vehicle in traffic ,"V1: Passenger car / V2:Light truck(van, mini-van, panel, pickup, sport utility) with only four tires",Dry,Daylight,Clear/Clear,PARK STREET / THANE STREET,,,,,,234995.1252,893910.3127
3865924,BOSTON,15-Jun-2014,9:07 PM,Property damage only (none injured),1,0,0,Single vehicle crash,V1: Travelling straight ahead,V1:Southbound ,V1: Collision with fence ,V1: Tractor/semi-trailer,Dry,Dark - lighted roadway,Clear,,Rte 93 S,Rte 93  S Milemarker 16.9,,,,236665.5292,900402.2801
3867693,BOSTON,15-Jun-2014,11:55 PM,Property damage only (none injured),2,0,0,"Sideswipe, same direction",V1: Travelling straight ahead / V2:Travelling straight ahead,V1:Eastbound / V2:Eastbound ,V1: Collision with motor vehicle in traffic / V2: Collision with motor vehicle in traffic ,"V1: Light truck(van, mini-van, panel, pickup, sport utility) with only four tires / V2:Passenger car",Dry,Dark - lighted roadway,Clear,,Rte 90 E,Rte 90  E Milemarker 130.0,,,,229761.5309,900823.963
3865928,BOSTON,16-Jun-2014,2:35 AM,Non-fatal injury,1,1,0,Single vehicle crash,V1: Not reported,V1:Westbound ,V1: Collision with other movable object ,"V1: Light truck(van, mini-van, panel, pickup, sport utility) with only four tires",Dry,Dark - lighted roadway,Clear,,VICTORY ROAD / FREEPORT STREET,,,,,237247.5315,894302.5001
3866922,BOSTON,16-Jun-2014,11:32 AM,Property damage only (none injured),2,0,0,"Sideswipe, same direction",V1: Travelling straight ahead / V2:Turning left,V1:Northbound / V2:Northbound ,V1: Collision with motor vehicle in traffic / V2: Collision with motor vehicle in traffic ,"V1: Passenger car / V2:Single-unit truck (2-axle, 6-tire)",Dry,Daylight,Clear,MASSACHUSETTS AVENUE CONNECTOR / MASSACHUSETTS AVENUE CONNECTOR / FRONTAGE ROAD,,,,FRONTAGE  RD  MASS  AVE  CONNECT,,235865.0173,898419.1854
3881468,BOSTON,16-Jun-2014,11:45 AM,Property damage only (none injured),2,0,0,Rear-end,V1: Travelling straight ahead / V2:Travelling straight ahead,V1:Northbound / V2:Northbound ,V1: Collision with motor vehicle in traffic / V2: Collision with motor vehicle in traffic ,V1: Passenger car / V2:Passenger car,Dry,Daylight,Clear,,TOBIN BRIDGE Rte 1 N / MAURICE TOBIN BRIDGE Rte 1 N,,,,,237311.3597,903997.918
3869630,BOSTON (DORCHESTER),16-Jun-2014,3:23 PM,Non-fatal injury,1,1,0,Single vehicle crash,V1: Travelling straight ahead,V1:Not reported ,V1: Collision with pedestrian ,"V1: Light truck(van, mini-van, panel, pickup, sport utility) with only four tires",Dry,Daylight,Clear,,WASHINGTON STREET / ELDON STREET,,,,P5:Pedestrian,234776.2344,894806.8124
3850158,BOSTON,16-Jun-2014,3:24 PM,Property damage only (none injured),2,0,0,Rear-end,V1: Slowing or stopped in traffic / V2:Travelling straight ahead,V1:Eastbound / V2:Eastbound ,V1: Collision with motor vehicle in traffic / V2: Collision with motor vehicle in traffic ,"V1: Light truck(van, mini-van, panel, pickup, sport utility) with only four tires / V2:Passenger car",Dry,Daylight,Clear,,Rte 90 E / UNKNOWN Rte TED WI,,,BOAT SECTION,,236679.5911,899691.6454
3866241,BOSTON,16-Jun-2014,7:38 PM,Non-fatal injury,2,2,0,Angle,V1: Travelling straight ahead / V2:Travelling straight ahead,V1:Southbound / V2:Westbound ,V1: Not reported / V2: Not reported ,"V1: Light truck(van, mini-van, panel, pickup, sport utility) with only four tires / V2:Light truck(van, mini-van, panel, pickup, sport utility) with only four tires",Dry,Daylight,Clear,,WEST ROXBURY PARKWAY Rte UNKNOW / 417,,,,,229125.3656,893556.9374
3901033,BOSTON (DORCHESTER),16-Jun-2014,10:20 PM,Not Reported,1,0,0,Unknown,V1: Unknown,V1:Not reported ,V1: Unknown ,V1: Passenger car,Dry,Dark - lighted roadway,Clear,,218 HANCOCK STREET / PLEASANT STREET,,,,,236282.9818,895591.4217
3899702,BOSTON,17-Jun-2014,7:20 AM,Non-fatal injury,2,1,0,Rear-end,V1: Travelling straight ahead / V2:Slowing or stopped in traffic,V1:Westbound / V2:Westbound ,V1: Collision with motor vehicle in traffic / V2: Collision with motor vehicle in traffic ,"V1: Passenger car / V2:Light truck(van, mini-van, panel, pickup, sport utility) with only four tires",Dry,Daylight,Clear,,MORTON STREET Rte UNKNOW W / CANTERBURY STREET,,,AMERICAN LEGION HWY. OVERPASS,,233302.1557,893677.645
3862593,BOSTON,17-Jun-2014,8:08 AM,Non-fatal injury,2,3,0,Rear-end,V1: Travelling straight ahead / V2:Slowing or stopped in traffic,V1:Southbound / V2:Southbound ,V1: Collision with motor vehicle in traffic / V2: Collision with motor vehicle in traffic ,"V1: Light truck(van, mini-van, panel, pickup, sport utility) with only four tires / V2:Light truck(van, mini-van, panel, pickup, sport utility) with only four tires",Dry,Daylight,Clear,,SUMNER TUNNEL / EAST BOSTON EXPRESSWAY,,,,,237417.8559,902115.2406
3862891,BOSTON,17-Jun-2014,8:26 AM,Property damage only (none injured),2,0,0,Rear-end,V1: Slowing or stopped in traffic / V2:Travelling straight ahead,V1:Eastbound / V2:Eastbound ,V1: Collision with motor vehicle in traffic / V2: Collision with motor vehicle in traffic ,"V1: Light truck(van, mini-van, panel, pickup, sport utility) with only four tires / V2:Single-unit truck (2-axle, 6-tire)",Dry,Daylight,Clear,,MASSACHUSETTS TURNPIKE Rte 90 E,,Exit 18 on Rte 90 E,,,230848.0146,900803.2929
3866696,BOSTON,17-Jun-2014,8:45 AM,Property damage only (none injured),2,0,0,Rear-end,V1: Slowing or stopped in traffic / V2:Changing lanes,V1:Southbound / V2:Southbound ,V1: Collision with motor vehicle in traffic / V2: Collision with motor vehicle in traffic ,"V1: Light truck(van, mini-van, panel, pickup, sport utility) with only four tires / V2:Passenger car",Dry,Daylight,Clear,,JOHN F FITZGERALD EXPRESSWAY Rte 93 S / RAMP-LEVERETT CIR TO RTS 93 SB/3 SB Rte 3A S,,,ZAKIM BRIDGE,,236090.5473,901966.9778
3852685,BOSTON,17-Jun-2014,10:10 AM,Property damage only (none injured),2,0,0,Angle,V1: Turning left / V2:Travelling straight ahead,V1:Northbound / V2:Westbound ,V1: Collision with motor vehicle in traffic / V2: Collision with motor vehicle in traffic ,"V1: Light truck(van, mini-van, panel, pickup, sport utility) with only four tires / V2:Passenger car",Dry,Daylight,Clear,D STREET / SUMMER STREET,,,,,,237728.4951,899633.9545
3853333,BOSTON,17-Jun-2014,10:50 AM,Property damage only (none injured),2,0,0,"Sideswipe, same direction",V1: Turning right / V2:Turning right,V1:Southbound / V2:Southbound ,V1: Collision with light pole or other post/support / V2: Collision with light pole or other post/support ,V1: Single-unit truck (3-or-more axles) / V2:Truck/trailer,Dry,Daylight,Clear,,CHARLES STREET CIRCLE / CAMBRIDGE STREET,,,,,235416.6999,901255.0377
3870894,BOSTON,17-Jun-2014,12:47 PM,Property damage only (none injured),2,0,0,"Sideswipe, same direction",V1: Turning left / V2:Making U-turn,V1:Westbound / V2:Westbound ,V1: Collision with motor vehicle in traffic / V2: Collision with motor vehicle in traffic ,"V1: Light truck(van, mini-van, panel, pickup, sport utility) with only four tires / V2:Light truck(van, mini-van, panel, pickup, sport utility) with only four tires",Dry,Daylight,Clear,,BIRMINGHAM PARKWAY Rte UNKNOW / WESTERN AVENUE,,,,,229180.0376,901281.697
3850252,BOSTON,17-Jun-2014,3:35 PM,Property damage only (none injured),2,0,0,Rear-end,V1: Travelling straight ahead / V2:Travelling straight ahead,V1:Southbound / V2:Southbound ,V1: Collision with motor vehicle in traffic / V2: Collision with motor vehicle in traffic ,"V1: Light truck(van, mini-van, panel, pickup, sport utility) with only four tires / V2:Passenger car",Dry,Daylight,Clear,,Rte 93 S / UNKNOWN,,,,,236156.3149,899504.8183
3850159,BOSTON,17-Jun-2014,4:40 PM,Property damage only (none injured),2,0,0,Rear-end,V1: Travelling straight ahead / V2:Slowing or stopped in traffic,V1:Northbound / V2:Northbound ,V1: Collision with motor vehicle in traffic / V2: Collision with motor vehicle in traffic ,"V1: Light truck(van, mini-van, panel, pickup, sport utility) with only four tires / V2:Light truck(van, mini-van, panel, pickup, sport utility) with only four tires",Dry,Daylight,Clear,,Rte 93 N / UNKNOWN,,Exit 20 on Rte 93 N,,,235935.6734,898219.8317
3862598,BOSTON,17-Jun-2014,11:49 PM,Property damage only (none injured),2,0,0,Head-on,V1: Turning left / V2:Travelling straight ahead,V1:Eastbound / V2:Westbound ,V1: Collision with motor vehicle in traffic / V2: Collision with motor vehicle in traffic ,V1: Passenger car / V2:Passenger car,Dry,Dawn,Clear,GALLIVAN BOULEVARD Rte 203 W / ADAMS STREET,,,,,,236640.2032,892562.3124
3880591,BOSTON,18-Jun-2014,1:27 AM,Property damage only (none injured),2,0,0,Angle,V1: Travelling straight ahead / V2:Parked,V1:Westbound / V2:Not reported ,V1: Collision with motor vehicle in traffic / V2: Collision with motor vehicle in traffic ,V1: Passenger car / V2:Passenger car,Dry,Dark - lighted roadway,Clear,,,,,PLEASURE BAY PARKING LOT,,,