Crash Number,City/Town Name,Crash Date,Crash Time,Crash Severity,Number of Vehicles,Total Nonfatal Injuries,Total Fatal Injuries,Manner of Collision,Vehicle Action Prior to Crash,Vehicle Travel Directions,Most Harmful Events,Vehicle Configuration,Road Surface Condition,Ambient Light,Weather Condition,At Roadway Intersection,Distance from Nearest Roadway Intersection,Distance from Nearest Milemarker,Distance from Nearest Exit,Distance from Nearest Landmark,Non Motorist Type,X Coordinate,Y Coordinate
3866715,BOSTON,23-Jun-2014,2:52 PM,Non-fatal injury,2,1,0,Angle,V1: Travelling straight ahead / V2:Slowing or stopped in traffic,V1:Northbound / V2:Northbound ,V1: Not reported / V2: Not reported ,"V1: Light truck(van, mini-van, panel, pickup, sport utility) with only four tires / V2:Passenger car",Dry,Daylight,Clear,,MORTON STREET Rte UNKNOW / 953 FULLER STREET,,,,,234513.9358,892226.2019
3869251,BOSTON,23-Jun-2014,3:07 PM,Property damage only (none injured),3,0,0,Rear-end,V1: Slowing or stopped in traffic / V2:Slowing or stopped in traffic / V3:Travelling straight ahead,V1:Westbound / V2:Westbound / V3:Westbound ,V1: Collision with motor vehicle in traffic / V2: Collision with motor vehicle in traffic / V3: Collision with motor vehicle in traffic ,"V1: Light truck(van, mini-van, panel, pickup, sport utility) with only four tires / V2:Light truck(van, mini-van, panel, pickup, sport utility) with only four tires / V3:Light truck(van, mini-van, panel, pickup, sport utility) with only four tires",Dry,Daylight,Clear,,WILLIAM DAY BOULEVARD Rte UNKNOW / KOSCIUSZKO CIRCLE,,,,,237000,896933.5626
3867512,BOSTON,23-Jun-2014,3:20 PM,Property damage only (none injured),3,0,0,Rear-end,V1: Slowing or stopped in traffic / V2:Slowing or stopped in traffic / V3:Travelling straight ahead,V1:Northbound / V2:Northbound / V3:Northbound ,V1: Collision with motor vehicle in traffic / V2: Collision with motor vehicle in traffic / V3: Collision with motor vehicle in traffic ,"V1: Light truck(van, mini-van, panel, pickup, sport utility) with only four tires / V2:Passenger car / V3:Light truck(van, mini-van, panel, pickup, sport utility) with only four tires",Dry,Daylight,Clear,,RAMP-RT 93 TO RTS 3 NB/28 SB (STORROW DR / EMBANKMENT ROAD Rte 28 S,,,SN TUNNEL,,235549.642,901852.1149
3868080,BOSTON,23-Jun-2014,3:35 PM,Non-fatal injury,1,1,0,Angle,V1: Turning left,V1:Southbound ,"V1: Collision with cyclist (bicycle, tricycle, unicycle, pedal car) ",V1: Passenger car,Dry,Daylight,Clear,NORTH HARVARD STREET / SOLDIERS FIELD ROAD,,,,,"P2:Pedalcyclist (bicycle, tricycle, unicycle, pedal car) / P3:Pedalcyclist (bicycle, tricycle, unicycle, pedal car) / P4:Pedalcyclist (bicycle, tricycle, unicycle, pedal car)",230992.2801,902048.053
3867513,BOSTON,23-Jun-2014,4:20 PM,Property damage only (none injured),2,0,0,Rear-end,V1: Travelling straight ahead / V2:Travelling straight ahead,V1:Southbound / V2:Southbound ,V1: Collision with motor vehicle in traffic / V2: Collision with motor vehicle in traffic ,V1: Passenger car / V2:Passenger car,Dry,Dark - lighted roadway,Clear,RAMP-RTS 93 SB/3 SB TO SB FRONTAGE RD/MA / JOHN F FITZGERALD EXPRESSWAY Rte I93 S / RAMP-ALBANY ST TO RTS 93 SB/3 SB,,,,O'NEILL TUNNEL,,236013.2782,899092.9984
3871542,BOSTON,23-Jun-2014,6:50 PM,Non-fatal injury,1,1,0,Head-on,V1: Travelling straight ahead,V1:Westbound ,"V1: Collision with cyclist (bicycle, tricycle, unicycle, pedal car) ",V1: Passenger car,Dry,Dusk,Clear,,SOLDIERS FIELD ROAD Rte UNKNOW W / 1650,,,,P2:Pedestrian,228672.3442,901120.7458
3866924,BOSTON,23-Jun-2014,7:00 PM,Property damage only (none injured),2,0,0,"Sideswipe, same direction",V1: Parked / V2:Backing,V1:Northbound / V2:Northbound ,V1: Collision with motor vehicle in traffic / V2: Collision with motor vehicle in traffic ,V1: Passenger car / V2:Tractor/semi-trailer,Dry,Daylight,Clear,,CHARLES STREET CIRCLE,,,,,235385.419,901294.6172
3867514,BOSTON,23-Jun-2014,7:10 PM,Property damage only (none injured),2,0,0,Rear-end,V1: Slowing or stopped in traffic / V2:Travelling straight ahead,V1:Southbound / V2:Southbound ,V1: Collision with motor vehicle in traffic / V2: Collision with motor vehicle in traffic ,"V1: Passenger car / V2:Light truck(van, mini-van, panel, pickup, sport utility) with only four tires",Dry,Daylight,Clear,,RAMP-RTS 93 SB/3 SB TO RTS 90 WB/93 SB / RAMP-RT 93 SB/PURCHASE ST TO RTS 93 SB/3,,,,,236271.8561,900071.3111
3870889,BOSTON,24-Jun-2014,7:37 AM,Non-fatal injury,1,1,0,Angle,V1: Entering traffic lane,V1:Southbound ,"V1: Collision with cyclist (bicycle, tricycle, unicycle, pedal car) ",V1: Passenger car,Dry,Daylight,Clear/Cloudy,,JAMAICAWAY Rte UNKNOW / KELLEY CIRCLE,,,KELLEY CIRCLE,"P2:Pedalcyclist (bicycle, tricycle, unicycle, pedal car)",231228.8755,895994.75
3865114,BOSTON,24-Jun-2014,10:11 AM,Property damage only (none injured),2,0,0,Rear-end,V1: Travelling straight ahead / V2:Slowing or stopped in traffic,V1:Southbound / V2:Southbound ,V1: Collision with motor vehicle in traffic / V2: Collision with motor vehicle in traffic ,"V1: Passenger car / V2:Light truck(van, mini-van, panel, pickup, sport utility) with only four tires",Dry,Daylight,Clear,,Rte 93 S / UNKNOWN,,Exit 23 on Rte 93 S,,,236856.2793,901152.8251
3881697,BOSTON,24-Jun-2014,10:20 AM,Non-fatal injury,2,1,0,Angle,V1: Travelling straight ahead / V2:Entering traffic lane,V1:Northbound / V2:Not reported ,V1: Collision with motor vehicle in traffic / V2: Collision with motor vehicle in traffic ,V1: Passenger car / V2:Passenger car,Dry,Daylight,Clear/Clear,DORCHESTER AVENUE / CHRISTOPHER STREET,,,,,,236219.094,894283.5627
3875939,BOSTON,24-Jun-2014,10:32 AM,Non-fatal injury,1,1,0,Angle,V1: Backing,V1:Westbound ,V1: Collision with motor vehicle in traffic ,"V1: Single-unit truck (2-axle, 6-tire)",Dry,Daylight,Clear,,TRUMAN HIGHWAY / GARFIELD AVENUE,,,,"P1:Pedalcyclist (bicycle, tricycle, unicycle, pedal car)",231069.1933,888785.9644
3869396,BOSTON,24-Jun-2014,11:45 AM,Property damage only (none injured),2,0,0,Angle,V1: Travelling straight ahead / V2:Travelling straight ahead,V1:Eastbound / V2:Southbound ,V1: Collision with motor vehicle in traffic / V2: Collision with motor vehicle in traffic ,V1: Passenger car / V2:Passenger car,Dry,Daylight,Clear,,MORTON STREET Rte UNKNOW / 875,,,,,234230.5003,892354.8237
3881709,BOSTON,24-Jun-2014,12:00 PM,Not Reported,2,0,0,Rear-end,V1: Travelling straight ahead / V2:Travelling straight ahead,V1:Eastbound / V2:Eastbound ,V1: Not reported / V2: Collision with motor vehicle in traffic ,V1: Passenger car / V2:Passenger car,Dry,Daylight,Clear,,182 BOWDOIN STREET,,,,,236021.4649,900937.4359
3887509,BOSTON (DORCHESTER),24-Jun-2014,12:27 PM,Property damage only (none injured),2,0,0,Rear-end,V1: Travelling straight ahead / V2:Turning left,V1:Westbound / V2:Not reported ,V1: Collision with motor vehicle in traffic / V2: Collision with motor vehicle in traffic ,"V1: Passenger car / V2:Bus (seats for more than 15 people, including driver)",Dry,Daylight,Clear/Clear,MORTON STREET Rte SR203 W / MORTON STREET Rte SR203 W / NORFOLK STREET,,,,975 MORTON STREET,,234066.8436,892435.125
3877893,BOSTON,24-Jun-2014,12:30 PM,Property damage only (none injured),2,0,0,Rear-end,V1: Travelling straight ahead / V2:Slowing or stopped in traffic,V1:Northbound / V2:Northbound ,V1: Collision with motor vehicle in traffic / V2: Collision with motor vehicle in traffic ,"V1: Passenger car / V2:Light truck(van, mini-van, panel, pickup, sport utility) with only four tires",Dry,Daylight,Clear,,WILLIAM DAY BOULEVARD Rte UNKNOW / P STREET,,,,,238975.3907,898098.9376
3868851,BOSTON,24-Jun-2014,3:01 PM,Property damage only (none injured),2,0,0,"Sideswipe, same direction",V1: Turning left / V2:Entering traffic lane,V1:Southbound / V2:Eastbound ,V1: Collision with motor vehicle in traffic / V2: Collision with motor vehicle in traffic ,"V1: Light truck(van, mini-van, panel, pickup, sport utility) with only four tires / V2:Passenger car",Dry,Daylight,Clear,,WEST ROXBURY VFW PARKWAY ROTARY / VETERANS OF FOREIGN WARS PARKWAY,,,,,229192.2879,894062.7186
3876637,BOSTON,24-Jun-2014,5:25 PM,Property damage only (none injured),3,0,0,"Sideswipe, same direction",V1: Travelling straight ahead / V2:Travelling straight ahead / V3:Travelling straight ahead,V1:Northbound / V2:Northbound / V3:Northbound ,V1: Collision with motor vehicle in traffic / V2: Collision with motor vehicle in traffic / V3: Collision with motor vehicle in traffic ,"V1: Light truck(van, mini-van, panel, pickup, sport utility) with only four tires / V2:Light truck(van, mini-van, panel, pickup, sport utility) with only four tires / V3:Single-unit truck (2-axle, 6-tire)",Dry,Daylight,Clear,,Rte 93 N,,Exit 11 on Rte 93,CU,,237094.7253,891674.8051
3867515,BOSTON,24-Jun-2014,6:43 PM,Property damage only (none injured),2,0,0,Rear-end,V1: Travelling straight ahead / V2:Slowing or stopped in traffic,V1:Northbound / V2:Northbound ,V1: Collision with motor vehicle in traffic / V2: Collision with motor vehicle in traffic ,V1: Passenger car / V2:Passenger car,Dry,Daylight,Clear,,Rte 93 N / UNKNOWN,,Exit 26 on Rte 93 N,,,236402.7433,901600.0342
3866716,BOSTON,24-Jun-2014,7:16 PM,Property damage only (none injured),2,0,0,Rear-end,V1: Slowing or stopped in traffic / V2:Travelling straight ahead,V1:Eastbound / V2:Eastbound ,V1: Collision with motor vehicle in traffic / V2: Collision with motor vehicle in traffic ,"V1: Light truck(van, mini-van, panel, pickup, sport utility) with only four tires / V2:Light truck(van, mini-van, panel, pickup, sport utility) with only four tires",Dry,Daylight,Clear,,MORTON STREET Rte 203 / EVANS STREET,,,,,234273.0086,892342.2902
3878667,BOSTON,24-Jun-2014,8:18 PM,Property damage only (none injured),2,0,0,Rear-end,V1: Slowing or stopped in traffic / V2:Travelling straight ahead,V1:Eastbound / V2:Eastbound ,V1: Collision with motor vehicle in traffic / V2: Collision with motor vehicle in traffic ,"V1: Light truck(van, mini-van, panel, pickup, sport utility) with only four tires / V2:Passenger car",Dry,Dusk,Clear,AIRPORT ROAD-DEPARTURE LEVEL / LOGAN AIRPORT TERMINAL C,,,,,,239701.1875,901967.4416
3876638,BOSTON,24-Jun-2014,8:40 PM,Property damage only (none injured),2,0,0,"Sideswipe, same direction",V1: Travelling straight ahead / V2:Changing lanes,V1:Eastbound / V2:Eastbound ,V1: Collision with motor vehicle in traffic / V2: Collision with motor vehicle in traffic ,"V1: Bus (seats for more than 15 people, including driver) / V2:Passenger car",Dry,Dusk,Clear,,GALLIVAN BOULEVARD / NEPONSET AVENUE,,,WALGREENS,,237735.2263,892889.9254
3886961,BOSTON,24-Jun-2014,11:33 PM,Property damage only (none injured),1,0,0,Single vehicle crash,V1: Travelling straight ahead,V1:Northbound ,V1: Collision with median barrier ,V1: Passenger car,Dry,Dark - lighted roadway,Clear,,RAMP-RT 93 NB TO RT 3 NB (STORROW DR),,Exit 26 on Rte 93 N,,,,
3875523,BOSTON (DORCHESTER),25-Jun-2014,00:00 AM,Non-fatal injury,2,1,0,"Sideswipe, same direction",V1: Travelling straight ahead / V2:Slowing or stopped in traffic,V1:Northbound / V2:Northbound ,V1: Collision with pedestrian / V2: Collision with motor vehicle in traffic ,"V1: Motorcycle / V2:Bus (seats for more than 15 people, including driver)",Dry,Daylight,Clear,,BLUE HILL AVENUE / SEAVER STREET,,,FRANKLIN PARK ZOO,,234238.338,895060.5463
3875526,BOSTON,25-Jun-2014,6:35 AM,Not Reported,3,0,0,Rear-end,V1: Slowing or stopped in traffic / V2:Slowing or stopped in traffic / V3:Travelling straight ahead,V1:Northbound / V2:Northbound / V3:Northbound ,V1: Collision with motor vehicle in traffic / V2: Collision with motor vehicle in traffic / V3: Collision with motor vehicle in traffic ,"V1: Passenger car / V2:Passenger car / V3:Light truck(van, mini-van, panel, pickup, sport utility) with only four tires",Dry,Daylight,Clear/Clear,RUGGLES STREET / PARKER STREET,,,,,,233485.7031,898575.8123
3877898,BOSTON,25-Jun-2014,8:32 AM,Property damage only (none injured),2,0,0,"Sideswipe, same direction",V1: Changing lanes / V2:Travelling straight ahead,V1:Northbound / V2:Northbound ,V1: Collision with motor vehicle in traffic / V2: Collision with motor vehicle in traffic ,"V1: Light truck(van, mini-van, panel, pickup, sport utility) with only four tires / V2:Passenger car",Dry,Daylight,Clear,,RAMP - RT 3A NB TO RT 93 NB Rte 3A / REDFIELD STREET,,,,,237743.1577,893099.9311
3867683,BOSTON,25-Jun-2014,4:20 PM,Property damage only (none injured),2,0,0,"Sideswipe, same direction",V1: Travelling straight ahead / V2:Changing lanes,V1:Southbound / V2:Southbound ,V1: Collision with motor vehicle in traffic / V2: Collision with motor vehicle in traffic ,V1: Tractor/semi-trailer / V2:Passenger car,Dry,Other,Other,,Rte 93 S,,Exit 20 on Rte 93 S,,,236954.209,900826.9442
3876696,BOSTON (ROXBURY),25-Jun-2014,5:23 PM,Non-fatal injury,1,1,0,Single vehicle crash,V1: Travelling straight ahead,V1:Not reported ,V1: Collision with pedestrian ,V1: Passenger car,Dry,Daylight,Clear/Clear,GREENVILLE STREET / DUDLEY STREET,,,,,P2:Pedestrian,234543.0784,897641.25
3873733,BOSTON,25-Jun-2014,5:58 PM,Property damage only (none injured),2,0,0,"Sideswipe, same direction",V1: Travelling straight ahead / V2:Turning right,V1:Not reported / V2:Northbound ,V1: Collision with motor vehicle in traffic / V2: Collision with motor vehicle in traffic ,"V1: Light truck(van, mini-van, panel, pickup, sport utility) with only four tires / V2:Bus (seats for more than 15 people, including driver)",Dry,Daylight,Clear/Clear,LONGWOOD AVENUE / AVENUE LOUIS PASTEUR,,,,,,232683.203,898589.3752
3865929,BOSTON,25-Jun-2014,6:35 PM,Property damage only (none injured),3,0,0,"Sideswipe, same direction",V1: Travelling straight ahead / V2:Parked / V3:Parked,V1:Eastbound / V2:Not reported / V3:Not reported ,V1: Collision with parked motor vehicle / V2: Collision with motor vehicle in traffic / V3: Collision with motor vehicle in traffic ,V1: Motorcycle / V2:Passenger car / V3:Passenger car,Dry,Daylight,Not Reported,,WILLIAM DAY BOULEVARD,,,PLEASURE BAY PARKING LOT AREA,,,
3867505,BOSTON,25-Jun-2014,7:10 PM,Non-fatal injury,2,1,0,"Sideswipe, same direction",V1: Travelling straight ahead / V2:Travelling straight ahead,V1:Westbound / V2:Westbound ,V1: Collision with motor vehicle in traffic / V2: Collision with motor vehicle in traffic ,V1: Passenger car / V2:Passenger car,Dry,Daylight,Cloudy,,Rte 90 W / UNKNOWN,,,,,228154.8166,900866.0695
3865115,BOSTON,25-Jun-2014,8:30 PM,Property damage only (none injured),2,0,0,Rear-end,V1: Slowing or stopped in traffic / V2:Travelling straight ahead,V1:Northbound / V2:Northbound ,V1: Collision with motor vehicle in traffic / V2: Collision with motor vehicle in traffic ,V1: Passenger car / V2:Passenger car,Dry,Dark - lighted roadway,Clear,,50 HARBORSIDE DRIVE,,,,,239089.9406,901348.5415
3893464,BOSTON,25-Jun-2014,9:10 PM,Property damage only (none injured),2,0,0,Rear-end,V1: Slowing or stopped in traffic / V2:Slowing or stopped in traffic,V1:Westbound / V2:Westbound ,V1: Collision with motor vehicle in traffic / V2: Collision with motor vehicle in traffic ,"V1: Light truck(van, mini-van, panel, pickup, sport utility) with only four tires / V2:Passenger car",Dry,Dark - lighted roadway,Clear,,STORROW DRIVE / RAMP-STORROW DR WB TO RT 2A WB,,,STORROW DR. W/B BY KENMORE EXIT,,233915.1567,900266.822
3881703,BOSTON (DORCHESTER),25-Jun-2014,10:20 PM,Property damage only (none injured),2,0,0,Not reported,V1: Travelling straight ahead / V2:Travelling straight ahead,V1:Northbound / V2:Southbound ,V1: Collision with motor vehicle in traffic / V2: Collision with motor vehicle in traffic ,"V1: Light truck(van, mini-van, panel, pickup, sport utility) with only four tires / V2:Passenger car",Not reported,Not reported,Not Reported,DRAPER STREET / ROBINSON STREET,,,,,,235976.2345,894743.1252
3881864,BOSTON,25-Jun-2014,11:20 PM,Property damage only (none injured),2,0,0,Angle,V1: Travelling straight ahead / V2:Turning left,V1:Southbound / V2:Westbound ,V1: Collision with other movable object / V2: Collision with other movable object ,V1: Passenger car / V2:Passenger car,Dry,Dark - lighted roadway,Not Reported,,SOLDIERS FIELD ROAD Rte UNKNOW / 300,,,,,231438.6927,900695.6988
3865930,BOSTON,26-Jun-2014,3:19 AM,Property damage only (none injured),2,0,0,Not reported,V1: Travelling straight ahead / V2:Travelling straight ahead,V1:Southbound / V2:Southbound ,V1: Other / V2: Collision with other movable object ,"V1: Single-unit truck (2-axle, 6-tire) / V2:Passenger car",Wet,Dark - lighted roadway,Rain,,Rte 93 S,,Exit 15 on Rte 93,,,236629.6253,897168.5001
3878649,BOSTON,26-Jun-2014,5:56 AM,Property damage only (none injured),1,0,0,Single vehicle crash,V1: Travelling straight ahead,V1:Southbound ,V1: Other ,"V1: Light truck(van, mini-van, panel, pickup, sport utility) with only four tires",Dry,Daylight,Clear,,Rte 93 S / UNKNOWN,,Exit 24 on Rte 93 S,,,236397.1933,901565.6511
3868078,BOSTON,26-Jun-2014,7:50 AM,Property damage only (none injured),3,0,0,Rear-end,V1: Slowing or stopped in traffic / V2:Travelling straight ahead / V3:Travelling straight ahead,V1:Eastbound / V2:Eastbound / V3:Eastbound ,V1: Collision with motor vehicle in traffic / V2: Collision with motor vehicle in traffic / V3: Collision with motor vehicle in traffic ,"V1: Light truck(van, mini-van, panel, pickup, sport utility) with only four tires / V2:Passenger car / V3:Light truck(van, mini-van, panel, pickup, sport utility) with only four tires",Dry,Daylight,Clear,,STORROW DRIVE / RAMP-BOYLSTON ST/CHARLESGATE E TO STORRO,,,BOWKER OVERPASS,,233978.6374,900256.697
3871543,BOSTON,26-Jun-2014,7:53 AM,Non-fatal injury,1,1,0,Single vehicle crash,V1: Travelling straight ahead,V1:Westbound ,V1: Collision with median barrier ,V1: Passenger car,Wet,Daylight,Cloudy/Rain,,SOLDIERS FIELD ROAD Rte UNKNOW W / NORTH HARVARD STREET,,,,,230992.3482,902048.2872
3868265,BOSTON,26-Jun-2014,12:21 PM,Property damage only (none injured),2,0,0,Angle,V1: Turning left / V2:Turning left,V1:Southbound / V2:Southbound ,V1: Not reported / V2: Not reported ,"V1: Truck/trailer / V2:Single-unit truck (2-axle, 6-tire)",Dry,Daylight,Not Reported,HARBORSIDE DRIVE / RAMP-HARBORSIDE DR TO AIRPORT RD ARR LEV / PORTER STREET,,,,,,238873.9051,902173.9625
3871544,BOSTON,26-Jun-2014,12:30 PM,Property damage only (none injured),2,0,0,Rear-end,V1: Travelling straight ahead / V2:Slowing or stopped in traffic,V1:Southbound / V2:Southbound ,V1: Collision with motor vehicle in traffic / V2: Collision with motor vehicle in traffic ,"V1: Light truck(van, mini-van, panel, pickup, sport utility) with only four tires / V2:Passenger car",Dry,Daylight,Cloudy,,NORTH HARVARD STREET / RAMP - N HARVARD ST TO SOLDIERS FIELD WB,,,ON LARZ ANDERSON BRIDGE,,231019.094,902090.4998
3930745,BOSTON (CHARLESTOWN),26-Jun-2014,4:29 PM,Non-fatal injury,1,1,0,Head-on,V1: Travelling straight ahead,V1:Not reported ,"V1: Collision with cyclist (bicycle, tricycle, unicycle, pedal car) ",V1: Passenger car,Dry,Daylight,Clear/Clear,ALFORD STREET Rte SR99 N / DEXTER STREET,,,,,"P2:Pedalcyclist (bicycle, tricycle, unicycle, pedal car)",235616.6348,904947.6349
3891432,BOSTON,26-Jun-2014,5:52 PM,Non-fatal injury,1,1,0,Single vehicle crash,V1: Travelling straight ahead,V1:Southbound ,V1: Collision with pedestrian ,"V1: Light truck(van, mini-van, panel, pickup, sport utility) with only four tires",Dry,Daylight,Clear,HYDE PARK AVENUE / BLAKEMORE STREET,,,,,P2:Pedestrian,231433.3383,892850.5843
3881708,BOSTON (DORCHESTER),26-Jun-2014,6:02 PM,Non-fatal injury,2,1,0,Rear-end,V1: Slowing or stopped in traffic / V2:Travelling straight ahead,V1:Westbound / V2:Westbound ,V1: Not reported / V2: Not reported ,"V1: Light truck(van, mini-van, panel, pickup, sport utility) with only four tires / V2:Passenger car",Dry,Daylight,Clear,DORCHESTER AVENUE / ADAMS STREET,,,,,,236297.1561,894655.5625
3866712,BOSTON,27-Jun-2014,2:32 AM,Non-fatal injury,1,1,0,Single vehicle crash,V1: Travelling straight ahead,V1:Westbound ,V1: Other ,V1: Motorcycle,Dry,Dark - lighted roadway,Clear,RAMP-SUMNER TUNL TO RT 3 NB (STORROW DR) / RAMP-SUMNER TUNL TO RT 93 NB/MARKET ST / SUMNER TUNNEL,,,,SUMNER TUNNEL/RAMP ST-SA,,236652.6955,901439.7832
3869437,BOSTON,27-Jun-2014,10:05 AM,Property damage only (none injured),2,0,0,Angle,V1: Turning right / V2:Travelling straight ahead,V1:Southbound / V2:Southbound ,V1: Collision with motor vehicle in traffic / V2: Collision with motor vehicle in traffic ,V1: Passenger car / V2:Passenger car,Dry,Daylight,Clear,CHARLESGATE WEST / BEACON STREET,,,,,,233543.9754,900022.1832
3880303,BOSTON (ROXBURY),27-Jun-2014,10:45 AM,Property damage only (none injured),2,0,0,"Sideswipe, opposite direction",V1: Backing / V2:Parked,V1:Southbound / V2:Not reported ,V1: Collision with parked motor vehicle / V2: Collision with parked motor vehicle ,"V1: Light truck(van, mini-van, panel, pickup, sport utility) with only four tires / V2:Passenger car",Dry,Daylight,Clear,FORT AVENUE / FORT AVENUE TERRACE,,,,,,233463.6247,897297.5127
3900400,BOSTON,27-Jun-2014,11:10 AM,Non-fatal injury,2,1,0,Rear-end,V1: Slowing or stopped in traffic / V2:Travelling straight ahead,V1:Northbound / V2:Northbound ,V1: Collision with motor vehicle in traffic / V2: Collision with motor vehicle in traffic ,"V1: Passenger car / V2:Light truck(van, mini-van, panel, pickup, sport utility) with only four tires",Dry,Daylight,Clear,,Rte 93 N / UNKNOWN,,Exit 15 on Rte 93 N,,,236972.2496,896473.4282
3880735,BOSTON,27-Jun-2014,12:30 PM,Property damage only (none injured),2,0,0,Rear-end,V1: Slowing or stopped in traffic / V2:Travelling straight ahead,V1:Southbound / V2:Southbound ,V1: Collision with motor vehicle in traffic / V2: Collision with motor vehicle in traffic ,V1: Passenger car / V2:Passenger car,Dry,Daylight,Clear,,Rte 93 S / UNKNOWN,,Exit 15 on Rte 93 S,,,236629.6253,897168.5001
3870890,BOSTON,27-Jun-2014,2:15 PM,Non-fatal injury,1,1,0,Angle,V1: Turning right,V1:Southbound ,"V1: Collision with cyclist (bicycle, tricycle, unicycle, pedal car) ",V1: Passenger car,Dry,Daylight,Not Reported,PARK DRIVE / RIVERWAY,,,,,"P3:Pedalcyclist (bicycle, tricycle, unicycle, pedal car)",232613.5541,899368.0335
3878951,BOSTON,27-Jun-2014,3:58 PM,Property damage only (none injured),2,0,0,"Sideswipe, same direction",V1: Travelling straight ahead / V2:Travelling straight ahead,V1:Northbound / V2:Northbound ,V1: Collision with motor vehicle in traffic / V2: Collision with motor vehicle in traffic ,V1: Passenger car / V2:Single-unit truck (3-or-more axles),Dry,Daylight,Cloudy,,Rte 93 N,,Exit 23 on Rte 93,,,236957.4837,900943.9828
3878278,BOSTON,27-Jun-2014,4:08 PM,Property damage only (none injured),1,0,0,Single vehicle crash,V1: Travelling straight ahead,V1:Northbound ,V1: Not reported ,V1: Passenger car,Dry,Daylight,Clear,,499 feet W from Intersection VETERANS OF FOREIGN WARS PARKWAY / EASTWOOD PLACE,,,,,227117.8995,890919.4496
3869173,BOSTON,27-Jun-2014,5:00 PM,Non-fatal injury,3,1,0,Rear-end,V1: Slowing or stopped in traffic / V2:Slowing or stopped in traffic / V3:Slowing or stopped in traffic,V1:Southbound / V2:Southbound / V3:Southbound ,V1: Collision with motor vehicle in traffic / V2: Collision with motor vehicle in traffic / V3: Collision with motor vehicle in traffic ,V1: Passenger car / V2:Passenger car / V3:Passenger car,Dry,Daylight,Clear,,Rte 93 S / UNKNOWN,,Exit 12 on Rte 93 S,,,237620.5493,892713.0989
3869172,BOSTON,27-Jun-2014,5:05 PM,Non-fatal injury,2,1,0,Rear-end,V1: Travelling straight ahead / V2:Slowing or stopped in traffic,V1:Eastbound / V2:Eastbound ,V1: Collision with motor vehicle in traffic / V2: Collision with motor vehicle in traffic ,V1: Passenger car / V2:Motorcycle,Dry,Daylight,Clear,,WILLIAM T MORRISSEY BOULEVARD / KOSCIUSZKO CIRCLE,,,COLUMBIA CIRCLE,,237017.0782,896879.6065
3867684,BOSTON,27-Jun-2014,8:08 PM,Property damage only (none injured),1,0,0,Single vehicle crash,V1: Travelling straight ahead,V1:Northbound ,V1: Collision with median barrier ,V1: Passenger car,Dry,Daylight,Clear,,Rte 93,,Exit 28 on Rte 93,,,234953.5188,903173.3157
3881360,BOSTON,28-Jun-2014,00:00 AM,Property damage only (none injured),3,0,0,Rear-end,V1: Travelling straight ahead / V2:Travelling straight ahead / V3:Travelling straight ahead,V1:Northbound / V2:Northbound / V3:Northbound ,V1: Collision with motor vehicle in traffic / V2: Collision with motor vehicle in traffic / V3: Collision with motor vehicle in traffic ,V1: Passenger car / V2:Passenger car / V3:Passenger car,Dry,Dark - lighted roadway,Clear,,JOHN F FITZGERALD EXPRESSWAY Rte 93 N / RAMP-RT 93 NB TO FRONTAGE RD ROAD,,,SOUTH OF 18,,236167.3173,897863.2691
3877899,BOSTON,28-Jun-2014,7:25 AM,Property damage only (none injured),2,0,0,"Sideswipe, same direction",V1: Travelling straight ahead / V2:Changing lanes,V1:Southbound / V2:Southbound ,V1: Collision with motor vehicle in traffic / V2: Collision with motor vehicle in traffic ,V1: Passenger car / V2:Passenger car,Dry,Daylight,Not Reported,,GALLIVAN BOULEVARD / NEPONSET AVENUE,,,NEPONEST CIRCLE,,237683.1973,892916.1925
3877936,BOSTON,28-Jun-2014,11:45 AM,Property damage only (none injured),2,0,0,Rear-end,V1: Travelling straight ahead / V2:Slowing or stopped in traffic,V1:Northbound / V2:Northbound ,V1: Collision with motor vehicle in traffic / V2: Collision with motor vehicle in traffic ,"V1: Motorcycle / V2:Light truck(van, mini-van, panel, pickup, sport utility) with only four tires",Dry,Daylight,Clear,,Rte 93 N / UNKNOWN,,Exit 14 on Rte 93 N,,,237258.9796,894483.3974
3877937,BOSTON,28-Jun-2014,11:45 AM,Property damage only (none injured),3,0,0,Rear-end,V1: Travelling straight ahead / V2:Slowing or stopped in traffic / V3:Slowing or stopped in traffic,V1:Northbound / V2:Northbound / V3:Northbound ,V1: Collision with motor vehicle in traffic / V2: Collision with motor vehicle in traffic / V3: Collision with motor vehicle in traffic ,"V1: Light truck(van, mini-van, panel, pickup, sport utility) with only four tires / V2:Light truck(van, mini-van, panel, pickup, sport utility) with only four tires / V3:Light truck(van, mini-van, panel, pickup, sport utility) with only four tires",Dry,Daylight,Clear,,Rte 93 N / UNKNOWN,,Exit 14 on Rte 93 N,,,237258.9796,894483.3974