Crash Number,City/Town Name,Crash Date,Crash Time,Crash Severity,Number of Vehicles,Total Nonfatal Injuries,Total Fatal Injuries,Manner of Collision,Vehicle Action Prior to Crash,Vehicle Travel Directions,Most Harmful Events,Vehicle Configuration,Road Surface Condition,Ambient Light,Weather Condition,At Roadway Intersection,Distance from Nearest Roadway Intersection,Distance from Nearest Milemarker,Distance from Nearest Exit,Distance from Nearest Landmark,Non Motorist Type,X Coordinate,Y Coordinate
3902080,BOSTON,28-Jun-2014,1:15 PM,Property damage only (none injured),2,0,0,Rear-end,V1: Slowing or stopped in traffic / V2:Travelling straight ahead,V1:Northbound / V2:Northbound ,V1: Collision with motor vehicle in traffic / V2: Collision with motor vehicle in traffic ,"V1: Passenger car / V2:Light truck(van, mini-van, panel, pickup, sport utility) with only four tires",Dry,Daylight,Clear,,NEPONSET AVENUE Rte 3A N / WILLIAM T MORRISSEY BOULEVARD Rte 3A N,,,AT NEPONSET CIRCLE,,237757.2467,892955.7602
3880300,BOSTON (ROXBURY),28-Jun-2014,4:00 PM,Non-fatal injury,1,1,0,Not reported,V1: Travelling straight ahead,V1:Not reported ,"V1: Collision with cyclist (bicycle, tricycle, unicycle, pedal car) ",V1: Passenger car,Not reported,Not reported,Not Reported,GEORGE STREET / MAGAZINE STREET,,,,,"P2:Pedalcyclist (bicycle, tricycle, unicycle, pedal car)",235222.7968,897369.8127
3878964,BOSTON,28-Jun-2014,4:02 PM,Non-fatal injury,2,1,0,Rear-end,V1: Travelling straight ahead / V2:Travelling straight ahead,V1:Westbound / V2:Westbound ,V1: Collision with motor vehicle in traffic / V2: Collision with motor vehicle in traffic ,"V1: Light truck(van, mini-van, panel, pickup, sport utility) with only four tires / V2:Single-unit truck (2-axle, 6-tire)",Dry,Daylight,Not Reported,,STORROW DRIVE Rte 28 S / CHARLES STREET Rte 3 N,,,@ LEE POOL,,235417.0844,901636.178
3877906,BOSTON,28-Jun-2014,4:40 PM,Non-fatal injury,3,2,0,Head-on,V1: Travelling straight ahead / V2:Turning left / V3:Slowing or stopped in traffic,V1:Northbound / V2:Southbound / V3:Westbound ,V1: Collision with motor vehicle in traffic / V2: Collision with motor vehicle in traffic / V3: Collision with motor vehicle in traffic ,V1: Passenger car / V2:Passenger car / V3:Passenger car,Dry,Daylight,Clear,ENNEKING PARKWAY / ENNEKING PARKWAY BRANCH,,,,,,229486.4675,891370.3467
3869533,BOSTON,29-Jun-2014,1:20 AM,Property damage only (none injured),2,0,0,Rear-end,V1: Travelling straight ahead / V2:Travelling straight ahead,V1:Westbound / V2:Westbound ,V1: Collision with motor vehicle in traffic / V2: Collision with motor vehicle in traffic ,V1: Passenger car / V2:Passenger car,Dry,Dark - lighted roadway,Clear,,MASSACHUSETTS AVENUE CONNECTOR / MASSACHUSETTS AVENUE CONNECTOR,,,MASS AVE EXTENSION,,235813.3933,898405.4513
3880738,BOSTON,29-Jun-2014,2:45 AM,Property damage only (none injured),2,0,0,Head-on,V1: Travelling straight ahead / V2:Turning left,V1:Westbound / V2:Westbound ,V1: Collision with motor vehicle in traffic / V2: Collision with motor vehicle in traffic ,V1: Passenger car / V2:Passenger car,Dry,Dark - lighted roadway,Not Reported,,GALLIVAN BOULEVARD Rte UNKNOW / GRANITE AVENUE,,,,,236643.2967,892556.1249
3877900,BOSTON,29-Jun-2014,12:20 PM,Non-fatal injury,1,1,0,"Sideswipe, opposite direction",V1: Turning left,V1:Southbound ,"V1: Collision with cyclist (bicycle, tricycle, unicycle, pedal car) ","V1: Light truck(van, mini-van, panel, pickup, sport utility) with only four tires",Dry,Daylight,Clear,,GALLIVAN BOULEVARD Rte UNKNOW / WASHINGTON STREET,,,,"P2:Pedalcyclist (bicycle, tricycle, unicycle, pedal car)",235509.2971,892128.6873
3881705,BOSTON,29-Jun-2014,2:55 PM,Non-fatal injury,1,1,0,Single vehicle crash,V1: Turning right,V1:Not reported ,V1: Collision with pedestrian ,"V1: Light truck(van, mini-van, panel, pickup, sport utility) with only four tires",Dry,Daylight,Clear,,302 BOWDOIN STREET,,,,"P2:Pedalcyclist (bicycle, tricycle, unicycle, pedal car)",235828.2873,895336.3856
3866926,BOSTON,29-Jun-2014,11:45 PM,Property damage only (none injured),2,0,0,Rear-end,V1: Changing lanes / V2:Travelling straight ahead,V1:Northbound / V2:Northbound ,V1: Collision with motor vehicle in traffic / V2: Collision with motor vehicle in traffic ,V1: Passenger car / V2:Passenger car,Dry,Dark - lighted roadway,Clear,,Rte 93 N,,Exit 20 on Rte 93 N,,,235935.6734,898219.8317
3877901,BOSTON,30-Jun-2014,00:00 AM,Non-fatal injury,2,2,0,Angle,V1: Travelling straight ahead / V2:Travelling straight ahead,V1:Northbound / V2:Northbound ,V1: Collision with motor vehicle in traffic / V2: Collision with motor vehicle in traffic ,V1: Passenger car / V2:Passenger car,Dry,Dark - lighted roadway,Clear,,WILLIAM T MORRISSEY BOULEVARD / FREEPORT STREET,,,,,237175.7656,894558.6879
3905308,BOSTON,30-Jun-2014,3:30 AM,Non-fatal injury,2,1,0,Angle,V1: Travelling straight ahead / V2:Travelling straight ahead,V1:Southbound / V2:Westbound ,V1: Collision with motor vehicle in traffic / V2: Collision with motor vehicle in traffic ,"V1: Light truck(van, mini-van, panel, pickup, sport utility) with only four tires / V2:Light truck(van, mini-van, panel, pickup, sport utility) with only four tires",Dry,Dark - lighted roadway,Clear,TREMONT STREET / ARLINGTON STREET,,,,,,235544.2657,899754.25
3881704,BOSTON (DORCHESTER),30-Jun-2014,6:30 AM,Not Reported,2,0,0,"Sideswipe, same direction",V1: Travelling straight ahead / V2:Parked,V1:Not reported / V2:Not reported ,V1: Not reported / V2: Not reported ,"V1: Passenger car / V2:Light truck(van, mini-van, panel, pickup, sport utility) with only four tires",Dry,Daylight,Clear/Clear,,280 ADAMS STREET,,,,,236405.3539,894444.0106
3900181,BOSTON,30-Jun-2014,7:20 AM,Property damage only (none injured),2,0,0,Rear-end,V1: Slowing or stopped in traffic / V2:Slowing or stopped in traffic,V1:Northbound / V2:Northbound ,V1: Collision with motor vehicle in traffic / V2: Collision with motor vehicle in traffic ,"V1: Light truck(van, mini-van, panel, pickup, sport utility) with only four tires / V2:Light truck(van, mini-van, panel, pickup, sport utility) with only four tires",Dry,Daylight,Clear,,Rte 93 N,,Exit 14 on Rte 93 N,93N EXIT 14,,237258.9796,894483.3974
3870891,BOSTON,30-Jun-2014,8:15 AM,Property damage only (none injured),2,0,0,Head-on,V1: Travelling straight ahead / V2:Turning left,V1:Westbound / V2:Eastbound ,V1: Collision with motor vehicle in traffic / V2: Collision with motor vehicle in traffic ,V1: Passenger car / V2:Passenger car,Dry,Daylight,Clear/Cloudy,BROOKLINE AVENUE / RIVERWAY,,,,,,232136.0747,898499.2837
3901250,BOSTON,30-Jun-2014,8:45 AM,Property damage only (none injured),2,0,0,Rear-end,V1: Slowing or stopped in traffic / V2:Turning right,V1:Northbound / V2:Northbound ,V1: Collision with motor vehicle in traffic / V2: Collision with motor vehicle in traffic ,V1: Passenger car / V2:Passenger car,Dry,Daylight,Clear,,WILLIAM T MORRISSEY BOULEVARD Rte UNKNOW / MOUNT VERNON STREET,,,,,237021.0595,896808.7677
3875946,BOSTON,30-Jun-2014,9:09 AM,Property damage only (none injured),2,0,0,"Sideswipe, same direction",V1: Entering traffic lane / V2:Travelling straight ahead,V1:Westbound / V2:Westbound ,V1: Collision with motor vehicle in traffic / V2: Collision with motor vehicle in traffic ,"V1: Passenger car / V2:Bus (seats for more than 15 people, including driver)",Dry,Daylight,Clear,,Rte 90 W,Rte 90  W Milemarker 132.0,,,,232572.2182,899870.4883
3908775,BOSTON (DORCHESTER),30-Jun-2014,11:00 AM,Unknown,3,0,0,Rear-end,V1: Travelling straight ahead / V2:Slowing or stopped in traffic / V3:Slowing or stopped in traffic,V1:Not reported / V2:Not reported / V3:Not reported ,V1: Collision with motor vehicle in traffic / V2: Collision with motor vehicle in traffic / V3: Other ,"V1: Passenger car / V2:Light truck(van, mini-van, panel, pickup, sport utility) with only four tires / V3:Unknown vehicle configuration",Dry,Daylight,Cloudy/Cloudy,BLUE HILL AVENUE / JULIAN STREET,,,,,,234807.0784,896619.1874
3881707,BOSTON,30-Jun-2014,12:00 PM,Not Reported,2,0,0,"Sideswipe, same direction",V1: Not reported / V2:Not reported,V1:Not reported / V2:Not reported ,V1: Not reported / V2: Not reported ,V1: Passenger car / V2:Unknown vehicle configuration,Not reported,Not reported,Not Reported,,8 KENWOOD STREET,,,,,235350.0802,893562.4815
3869428,BOSTON,30-Jun-2014,3:43 PM,Property damage only (none injured),2,0,0,Angle,V1: Entering traffic lane / V2:Travelling straight ahead,V1:Westbound / V2:Northbound ,V1: Collision with motor vehicle in traffic / V2: Collision with motor vehicle in traffic ,V1: Passenger car / V2:Passenger car,Dry,Daylight,Clear,,GALLIVAN BOULEVARD / WILMINGTON AVENUE,,,WALGREENS,,234735.3124,892096.0627
3880951,BOSTON,30-Jun-2014,4:48 PM,Property damage only (none injured),2,0,0,Angle,V1: Changing lanes / V2:Changing lanes,V1:Southbound / V2:Southbound ,V1: Collision with motor vehicle in traffic / V2: Collision with motor vehicle in traffic ,V1: Passenger car / V2:Truck/trailer,Dry,Daylight,Clear,,Rte 93 S,,Exit 18 on Rte 93 S,,,236013.2783,899092.9981
3888455,BOSTON,30-Jun-2014,5:10 PM,Property damage only (none injured),2,0,0,Angle,V1: Travelling straight ahead / V2:Turning left,V1:Southbound / V2:Westbound ,V1: Not reported / V2: Not reported ,V1: Passenger car / V2:Passenger car,Dry,Daylight,Clear,VETERANS OF FOREIGN WARS PARKWAY / CHARLES PARK ROAD,,,,,,227048.0563,891866.0907
3887541,BOSTON,30-Jun-2014,6:30 PM,Non-fatal injury,2,2,0,Angle,V1: Travelling straight ahead / V2:Turning left,V1:Southbound / V2:Northbound ,V1: Collision with motor vehicle in traffic / V2: Collision with motor vehicle in traffic ,V1: Passenger car / V2:Passenger car,Dry,Daylight,Clear,HOTEL DRIVE / SERVICE ROAD,,,,,,239080.0102,902249.4666
3901561,BOSTON,30-Jun-2014,6:42 PM,Property damage only (none injured),2,0,0,"Sideswipe, same direction",V1: Changing lanes / V2:Travelling straight ahead,V1:Northbound / V2:Northbound ,V1: Collision with motor vehicle in traffic / V2: Collision with motor vehicle in traffic ,"V1: Unknown heavy truck, cannot classify / V2:Passenger car",Dry,Daylight,Clear,,Rte 93 N,,Exit 14 on Rte 93 N,,,237258.9796,894483.3974
3881406,BOSTON,30-Jun-2014,6:45 PM,Property damage only (none injured),2,0,0,"Sideswipe, same direction",V1: Changing lanes / V2:Travelling straight ahead,V1:Northbound / V2:Northbound ,V1: Collision with motor vehicle in traffic / V2: Collision with motor vehicle in traffic ,"V1: Passenger car / V2:Light truck(van, mini-van, panel, pickup, sport utility) with only four tires",Dry,Daylight,Clear,,Rte 93 N,,Exit 14 on Rte 93 N,,,237258.9796,894483.3974
3887378,BOSTON,30-Jun-2014,10:14 PM,Property damage only (none injured),3,0,0,Rear-end,V1: Travelling straight ahead / V2:Slowing or stopped in traffic / V3:Slowing or stopped in traffic,V1:Southbound / V2:Southbound / V3:Southbound ,V1: Collision with motor vehicle in traffic / V2: Collision with motor vehicle in traffic / V3: Collision with motor vehicle in traffic ,"V1: Passenger car / V2:Passenger car / V3:Light truck(van, mini-van, panel, pickup, sport utility) with only four tires",Dry,Dark - lighted roadway,Clear,,JOHN F FITZGERALD EXPRESSWAY Rte 93 S / SOUTHBOUND FRONTAGE ROAD,,,SOUTH BAY ON RAMP,,236404.9944,897491.9889
3880571,BOSTON,30-Jun-2014,10:15 PM,Property damage only (none injured),2,0,0,Rear-end,V1: Travelling straight ahead / V2:Slowing or stopped in traffic,V1:Southbound / V2:Southbound ,V1: Collision with motor vehicle in traffic / V2: Collision with motor vehicle in traffic ,"V1: Passenger car / V2:Light truck(van, mini-van, panel, pickup, sport utility) with only four tires",Dry,Dark - roadway not lighted,Cloudy,,JOHN F FITZGERALD EXPRESSWAY Rte 93 S / GENERAL CASIMIR PULASKI SKYWAY Rte 1A S,,,SOUTHBAY,,236251.029,897711.0791
3876931,BOSTON (DORCHESTER),01-Jul-2014,5:40 AM,Property damage only (none injured),2,0,0,Angle,V1: Travelling straight ahead / V2:Making U-turn,V1:Southbound / V2:Southbound ,V1: Collision with motor vehicle in traffic / V2: Collision with motor vehicle in traffic ,"V1: Bus (seats for more than 15 people, including driver) / V2:Passenger car",Dry,Daylight,Clear/Clear,,1457 DORCHESTER AVENUE / LINCOLN STREET,,,,,236256.0937,894457.375
3923327,BOSTON (BRIGHTON),01-Jul-2014,7:29 AM,Not Reported,2,0,0,"Sideswipe, same direction",V1: Not reported / V2:Not reported,V1:Eastbound / V2:Southbound ,V1: Not reported / V2: Not reported ,"V1: Passenger car / V2:Light truck(van, mini-van, panel, pickup, sport utility) with only four tires",Dry,Daylight,Clear,,1927 BEACON STREET,,,,,228967.3223,898477.0717
3878840,BOSTON,01-Jul-2014,9:30 AM,Property damage only (none injured),4,0,0,"Sideswipe, same direction",V1: Travelling straight ahead / V2:Parked / V3:Parked / V4:Travelling straight ahead,V1:Eastbound / V2:Eastbound / V3:Eastbound / V4:Eastbound ,V1: Collision with motor vehicle in traffic / V2: Collision with motor vehicle in traffic / V3: Collision with motor vehicle in traffic / V4: Collision with motor vehicle in traffic ,"V1: Light truck(van, mini-van, panel, pickup, sport utility) with only four tires / V2:Passenger car / V3:Passenger car / V4:Other",Dry,Daylight,Not Reported,,COLUMBIA ROAD,,,,,236450.1702,896734.9233
3878843,BOSTON,01-Jul-2014,11:48 AM,Property damage only (none injured),2,0,0,Rear-end,V1: Travelling straight ahead / V2:Slowing or stopped in traffic,V1:Northbound / V2:Northbound ,V1: Collision with motor vehicle in traffic / V2: Collision with motor vehicle in traffic ,"V1: Passenger car / V2:Single-unit truck (2-axle, 6-tire)",Dry,Daylight,Clear,,Rte 93 N,,Exit 15 on Rte 93 N,,,236972.2496,896473.4282
3880324,BOSTON (ROXBURY),01-Jul-2014,12:10 PM,Non-fatal injury,2,1,0,Single vehicle crash,V1: Travelling straight ahead / V2:Travelling straight ahead,V1:Southbound / V2:Southbound ,V1: Collision with motor vehicle in traffic / V2: Collision with motor vehicle in traffic ,"V1: Passenger car / V2:Light truck(van, mini-van, panel, pickup, sport utility) with only four tires",Dry,Daylight,Clear,WARREN STREET / EDGEWOOD STREET,,,,,,234499.8123,896592.4999
3869371,BOSTON,01-Jul-2014,2:40 PM,Property damage only (none injured),2,0,0,Rear-end,V1: Slowing or stopped in traffic / V2:Slowing or stopped in traffic,V1:Southbound / V2:Southbound ,V1: Collision with motor vehicle in traffic / V2: Collision with motor vehicle in traffic ,"V1: Passenger car / V2:Light truck(van, mini-van, panel, pickup, sport utility) with only four tires",Dry,Dark - lighted roadway,Cloudy,,Rte 93 S / UNKNOWN,,Exit 24 on Rte 93 S,O'NEILL TUNNEL,,236397.1933,901565.6511
3877870,BOSTON,01-Jul-2014,3:40 PM,Property damage only (none injured),3,0,0,Rear-end,V1: Travelling straight ahead / V2:Travelling straight ahead / V3:Travelling straight ahead,V1:Northbound / V2:Northbound / V3:Northbound ,V1: Collision with motor vehicle in traffic / V2: Collision with motor vehicle in traffic / V3: Collision with motor vehicle in traffic ,"V1: Passenger car / V2:Passenger car / V3:Light truck(van, mini-van, panel, pickup, sport utility) with only four tires",Dry,Daylight,Clear,RAMP-RT 90 EB TO RTS 93 NB/3 NB / RAMP-RTS 90 WB/1A SB TO RTS 93 NB/3 NB / RAMP-RTS 90/1A SB TO RTS 93 NB/3 NB,,,,D RAMP MERGE,,236547.9413,900082.3841
3880596,BOSTON,01-Jul-2014,3:47 PM,Non-fatal injury,2,1,0,"Sideswipe, opposite direction",V1: Travelling straight ahead / V2:Turning left,V1:Northbound / V2:Southbound ,V1: Collision with motor vehicle in traffic / V2: Collision with motor vehicle in traffic ,"V1: Light truck(van, mini-van, panel, pickup, sport utility) with only four tires / V2:Light truck(van, mini-van, panel, pickup, sport utility) with only four tires",Dry,Daylight,Clear,VETERANS OF FOREIGN WARS PARKWAY / LA GRANGE STREET,,,,,,227356.7344,893407.1877
3876643,BOSTON,01-Jul-2014,5:35 PM,Non-fatal injury,4,2,0,Angle,V1: Turning right / V2:Travelling straight ahead / V3:Slowing or stopped in traffic / V4:Parked,V1:Northbound / V2:Northbound / V3:Westbound / V4:Not reported ,V1: Collision with motor vehicle in traffic / V2: Collision with motor vehicle in traffic / V3: Collision with motor vehicle in traffic / V4: Collision with motor vehicle in traffic ,V1: Passenger car / V2:Passenger car / V3:Passenger car / V4:Passenger car,Dry,Daylight,Clear,WILLIAM T MORRISSEY BOULEVARD / VICTORY ROAD,,,,,,237177.5626,894270.7499
3880319,BOSTON,01-Jul-2014,10:48 PM,Non-fatal injury,1,1,0,Single vehicle crash,V1: Not reported,V1:Not reported ,V1: Not reported ,V1: Passenger car,Dry,Dark - lighted roadway,Clear,,10 LAWRENCE AVENUE,,,,P2:Pedestrian,234703.7,895946.4132
3882061,BOSTON,01-Jul-2014,11:42 PM,Property damage only (none injured),2,0,0,Rear-end,V1: Travelling straight ahead / V2:Slowing or stopped in traffic,V1:Eastbound / V2:Eastbound ,V1: Collision with motor vehicle in traffic / V2: Collision with motor vehicle in traffic ,"V1: Light truck(van, mini-van, panel, pickup, sport utility) with only four tires / V2:Light truck(van, mini-van, panel, pickup, sport utility) with only four tires",Dry,Dark - lighted roadway,Clear,,STORROW DRIVE / RAMP-BOYLSTON ST/CHARLESGATE E TO STORRO,,,FAIRFIELD ST OVERPASS,,234234.1648,900350.8539
3886708,BOSTON (ROXBURY),02-Jul-2014,3:50 AM,Property damage only (none injured),2,0,0,"Sideswipe, same direction",V1: Travelling straight ahead / V2:Travelling straight ahead,V1:Northbound / V2:Not reported ,V1: Collision with motor vehicle in traffic / V2: Collision with motor vehicle in traffic ,V1: Truck/trailer / V2:Passenger car,Dry,Daylight,Clear/Clear,HARRISON AVENUE / MELNEA CASS BOULEVARD,,,,,,234671.5627,898041.1251
3893459,BOSTON,02-Jul-2014,7:24 AM,Property damage only (none injured),2,0,0,Rear-end,V1: Slowing or stopped in traffic / V2:Slowing or stopped in traffic,V1:Westbound / V2:Westbound ,V1: Collision with motor vehicle in traffic / V2: Collision with motor vehicle in traffic ,V1: Passenger car / V2:Passenger car,Dry,Daylight,Clear,,MASSACHUSETTS TURNPIKE Rte 90 W,,,W OF TOLL PLAZA 37,,239083.8566,901974.1233
3902081,BOSTON,02-Jul-2014,7:29 AM,Property damage only (none injured),3,0,0,Angle,V1: Slowing or stopped in traffic / V2:Slowing or stopped in traffic / V3:Travelling straight ahead,V1:Northbound / V2:Northbound / V3:Northbound ,V1: Collision with motor vehicle in traffic / V2: Collision with motor vehicle in traffic / V3: Collision with motor vehicle in traffic ,"V1: Passenger car / V2:Light truck(van, mini-van, panel, pickup, sport utility) with only four tires / V3:Light truck(van, mini-van, panel, pickup, sport utility) with only four tires",Dry,Daylight,Clear,,Rte 93 N / UNKNOWN,,Exit 11 on Rte 93 N,,,237094.7253,891674.8051
3877903,BOSTON,02-Jul-2014,8:17 AM,Non-fatal injury,2,1,0,Rear-end,V1: Travelling straight ahead / V2:Slowing or stopped in traffic,V1:Southbound / V2:Southbound ,V1: Collision with motor vehicle in traffic / V2: Collision with motor vehicle in traffic ,"V1: Light truck(van, mini-van, panel, pickup, sport utility) with only four tires / V2:Passenger car",Dry,Daylight,Clear,,Rte 93 S / UNKNOWN,,Exit 12 on Rte 93 S,,,237620.5493,892713.0989
3871519,BOSTON,02-Jul-2014,12:54 PM,Property damage only (none injured),2,0,0,Rear-end,V1: Changing lanes / V2:Travelling straight ahead,V1:Westbound / V2:Westbound ,V1: Collision with motor vehicle in traffic / V2: Collision with motor vehicle in traffic ,"V1: Light truck(van, mini-van, panel, pickup, sport utility) with only four tires / V2:Light truck(van, mini-van, panel, pickup, sport utility) with only four tires",Dry,Daylight,Clear,,MASSACHUSETTS TURNPIKE Rte 90 W / RAMP-DARTMOUTH ST TO RT 90 WB,,,PRU TUNNEL,,234529.1821,899783.7984
3878650,BOSTON,02-Jul-2014,2:30 PM,Property damage only (none injured),3,0,0,Rear-end,V1: Slowing or stopped in traffic / V2:Slowing or stopped in traffic / V3:Travelling straight ahead,V1:Southbound / V2:Southbound / V3:Southbound ,V1: Collision with motor vehicle in traffic / V2: Collision with motor vehicle in traffic / V3: Collision with motor vehicle in traffic ,"V1: Passenger car / V2:Light truck(van, mini-van, panel, pickup, sport utility) with only four tires / V3:Light truck(van, mini-van, panel, pickup, sport utility) with only four tires",Dry,Daylight,Clear,,LEVERETT CONNECTOR SOUTH / RAMP-RT 93 SB TO RT 28/NASHUA ST STREET,,,,,235798.5783,901858.647
3878472,BOSTON,02-Jul-2014,2:35 PM,Non-fatal injury,2,1,0,Angle,V1: Travelling straight ahead / V2:Not reported,V1:Southbound / V2:Not reported ,V1: Collision with motor vehicle in traffic / V2: Not reported ,"V1: Motorcycle / V2:Light truck(van, mini-van, panel, pickup, sport utility) with only four tires",Dry,Daylight,Clear,,CHARLESGATE WEST / BEACON STREET,,,,,233543.9754,900022.1832
3878651,BOSTON,02-Jul-2014,5:10 PM,Property damage only (none injured),3,0,0,Rear-end,V1: Slowing or stopped in traffic / V2:Slowing or stopped in traffic / V3:Travelling straight ahead,V1:Eastbound / V2:Northbound / V3:Northbound ,V1: Collision with motor vehicle in traffic / V2: Collision with motor vehicle in traffic / V3: Collision with motor vehicle in traffic ,"V1: Passenger car / V2:Light truck(van, mini-van, panel, pickup, sport utility) with only four tires / V3:Passenger car",Dry,Daylight,Clear,,1217 feet N from Intersection JOHN F FITZGERALD EXPRESSWAY Rte 1 N / JOHN F FITZGERALD EXPRESSWAY Rte 93 N,,,ZAKIM BRIDGE,,235970.2241,902139.4573
3959162,BOSTON,02-Jul-2014,6:39 PM,Non-fatal injury,3,1,0,Unknown,V1: Travelling straight ahead / V2:Travelling straight ahead / V3:Travelling straight ahead,V1:Westbound / V2:Northbound / V3:Southbound ,V1: Not reported / V2: Not reported / V3: Not reported ,"V1: Passenger car / V2:Passenger car / V3:Light truck(van, mini-van, panel, pickup, sport utility) with only four tires",Dry,Daylight,Clear,QUINCY STREET / CLARKSON STREET,,,,,,235756.7344,895499.7501
3876686,BOSTON,03-Jul-2014,7:45 AM,Property damage only (none injured),1,0,0,Single vehicle crash,V1: Travelling straight ahead,V1:Eastbound ,V1: Collision with overhead sign support ,V1: Truck/trailer,Dry,Daylight,Clear,,STORROW DRIVE Rte 28 N / EMBANKMENT ROAD Rte 28 N,,,RAMP FROM CHARLES CIRCLE TO STOR,,235227.8445,901272.0023
3878844,BOSTON,03-Jul-2014,8:03 AM,Property damage only (none injured),2,0,0,Rear-end,V1: Slowing or stopped in traffic / V2:Slowing or stopped in traffic,V1:Southbound / V2:Southbound ,V1: Collision with motor vehicle in traffic / V2: Collision with motor vehicle in traffic ,V1: Tractor/semi-trailer / V2:Passenger car,Dry,Daylight,Clear,,GENERAL CASIMIR PULASKI SKYWAY Rte 93 S / RAMP - RT 93 SB TO RT 3A SB,,,TOLLMAN ON RAMP,,237620.7733,892713.525
3923330,BOSTON (ALLSTON),03-Jul-2014,8:42 AM,Non-fatal injury,2,1,0,Angle,V1: Not reported / V2:Not reported,V1:Eastbound / V2:Eastbound ,V1: Not reported / V2: Not reported ,"V1: Light truck(van, mini-van, panel, pickup, sport utility) with only four tires / V2:Light truck(van, mini-van, panel, pickup, sport utility) with only four tires",Not reported,Daylight,Clear,COMMONWEALTH AVENUE / THORNDIKE STREET,,,,,,230769.8396,900097.8137
3877871,BOSTON,03-Jul-2014,9:26 AM,Property damage only (none injured),2,0,0,Rear-end,V1: Travelling straight ahead / V2:Slowing or stopped in traffic,V1:Northbound / V2:Northbound ,V1: Collision with motor vehicle in traffic / V2: Collision with motor vehicle in traffic ,"V1: Light truck(van, mini-van, panel, pickup, sport utility) with only four tires / V2:Passenger car",Dry,Daylight,Clear,,RAMP-RT 93 TO RTS 3 NB/28 SB (STORROW DR Rte 3 N / RAMP-RT 93 NB/SUMNER TUNL TO RT 3 NB (ST Rte 3 N,,,STATION TUNNEL,,235662.0708,901889.3906
3877904,BOSTON,03-Jul-2014,1:01 PM,Non-fatal injury,3,2,0,Rear-end,V1: Slowing or stopped in traffic / V2:Slowing or stopped in traffic / V3:Slowing or stopped in traffic,V1:Southbound / V2:Southbound / V3:Southbound ,V1: Collision with motor vehicle in traffic / V2: Collision with motor vehicle in traffic / V3: Collision with motor vehicle in traffic ,"V1: Passenger car / V2:Light truck(van, mini-van, panel, pickup, sport utility) with only four tires / V3:Passenger car",Dry,Daylight,Clear,,Rte 93 S / UNKNOWN,,Exit 15 on Rte 93 S,,,236629.6253,897168.5001
3876632,BOSTON,03-Jul-2014,1:09 PM,Property damage only (none injured),2,0,0,Angle,V1: Leaving traffic lane / V2:Turning left,V1:Southbound / V2:Westbound ,V1: Collision with motor vehicle in traffic / V2: Collision with motor vehicle in traffic ,V1: Passenger car / V2:Truck/trailer,Dry,Daylight,Clear,,D STREET / CONGRESS STREET,,,,,237867.9285,899829.5682
3869249,BOSTON,03-Jul-2014,1:34 PM,Non-fatal injury,1,1,0,Angle,V1: Travelling straight ahead,V1:Eastbound ,V1: Collision with motor vehicle in traffic ,"V1: Light truck(van, mini-van, panel, pickup, sport utility) with only four tires",Dry,Daylight,Clear,,,,,WB MASON BLDG & UPS PRK LOT,,,
3871545,BOSTON,03-Jul-2014,2:19 PM,Property damage only (none injured),2,0,0,Angle,V1: Travelling straight ahead / V2:Travelling straight ahead,V1:Southbound / V2:Eastbound ,V1: Collision with motor vehicle in traffic / V2: Collision with motor vehicle in traffic ,"V1: Passenger car / V2:Light truck(van, mini-van, panel, pickup, sport utility) with only four tires",Dry,Daylight,Cloudy,SOLDIERS FIELD FRONTAGE ROAD WB / WESTERN AVENUE / RAMP-WESTERN AVE TO SOLDIERS FIELD RD WB,,,,,,231481.1975,901589.8493
3888457,BOSTON,03-Jul-2014,2:56 PM,Property damage only (none injured),2,0,0,"Sideswipe, same direction",V1: Travelling straight ahead / V2:Overtaking/passing,V1:Eastbound / V2:Eastbound ,V1: Collision with motor vehicle in traffic / V2: Collision with motor vehicle in traffic ,"V1: Light truck(van, mini-van, panel, pickup, sport utility) with only four tires / V2:Light truck(van, mini-van, panel, pickup, sport utility) with only four tires",Dry,Daylight,Clear,,MORTON STREET Rte UNKNOW / 741,,,,,233821.45,892691.1024
3885947,BOSTON (ROXBURY),03-Jul-2014,3:37 PM,Non-fatal injury,1,1,0,Angle,V1: Travelling straight ahead,V1:Northbound ,"V1: Collision with cyclist (bicycle, tricycle, unicycle, pedal car) ","V1: Light truck(van, mini-van, panel, pickup, sport utility) with only four tires",Dry,Daylight,Clear/Clear,HUMBOLDT AVENUE / MARTIN LUTHER KING BOULEVARD,,,,,"P2:Pedalcyclist (bicycle, tricycle, unicycle, pedal car)",234123.6096,896587.1874
3905105,BOSTON,03-Jul-2014,3:45 PM,Property damage only (none injured),2,0,0,Rear-end,V1: Slowing or stopped in traffic / V2:Travelling straight ahead,V1:Southbound / V2:Southbound ,V1: Collision with motor vehicle in traffic / V2: Collision with motor vehicle in traffic ,"V1: Light truck(van, mini-van, panel, pickup, sport utility) with only four tires / V2:Passenger car",Dry,Daylight,Clear,,Rte 93 S / UNKNOWN,,Exit 12 on Rte 93 S,,,237620.5493,892713.0989