Crash Number,City/Town Name,Crash Date,Crash Time,Crash Severity,Number of Vehicles,Total Nonfatal Injuries,Total Fatal Injuries,Manner of Collision,Vehicle Action Prior to Crash,Vehicle Travel Directions,Most Harmful Events,Vehicle Configuration,Road Surface Condition,Ambient Light,Weather Condition,At Roadway Intersection,Distance from Nearest Roadway Intersection,Distance from Nearest Milemarker,Distance from Nearest Exit,Distance from Nearest Landmark,Non Motorist Type,X Coordinate,Y Coordinate
3877905,BOSTON,03-Jul-2014,4:56 PM,Property damage only (none injured),2,0,0,Rear-end,V1: Slowing or stopped in traffic / V2:Entering traffic lane,V1:Southbound / V2:Southbound ,V1: Collision with motor vehicle in traffic / V2: Collision with motor vehicle in traffic ,"V1: Light truck(van, mini-van, panel, pickup, sport utility) with only four tires / V2:Passenger car",Dry,Daylight,Clear,WILLIAM T MORRISSEY BOULEVARD / FREEPORT STREET,,,,,,237149.8439,894580.3748
3869439,BOSTON,03-Jul-2014,6:17 PM,Non-fatal injury,2,1,0,Rear-end,V1: Slowing or stopped in traffic / V2:Travelling straight ahead,V1:Northbound / V2:Northbound ,V1: Collision with motor vehicle in traffic / V2: Collision with motor vehicle in traffic ,"V1: Passenger car / V2:Light truck(van, mini-van, panel, pickup, sport utility) with only four tires",Dry,Daylight,Clear,,WILLIAM T MORRISSEY BOULEVARD Rte UNKNOW / NEPONSET AVENUE,,,,,237696.0819,892924.3425
3881702,BOSTON,03-Jul-2014,6:46 PM,Not Reported,1,0,0,Single vehicle crash,V1: Turning left,V1:Eastbound ,V1: Not reported ,V1: Passenger car,Dry,Daylight,Clear,TALBOT AVENUE / WASHINGTON STREET,,,,,,235329.9845,893393.1876
3871552,BOSTON,03-Jul-2014,10:23 PM,Property damage only (none injured),2,0,0,Angle,V1: Travelling straight ahead / V2:Turning left,V1:Northbound / V2:Southbound ,V1: Collision with motor vehicle in traffic / V2: Collision with motor vehicle in traffic ,"V1: Light truck(van, mini-van, panel, pickup, sport utility) with only four tires / V2:Passenger car",Wet,Dark - roadway not lighted,Cloudy/Rain,,CENTRE PERKINS STREET ROTARY / CENTRE STREET,,,,,232154.7209,896889.415
3871520,BOSTON,04-Jul-2014,10:37 AM,Non-fatal injury,4,2,0,Rear-end,V1: Slowing or stopped in traffic / V2:Travelling straight ahead / V3:Slowing or stopped in traffic / V4:Travelling straight ahead,V1:Eastbound / V2:Eastbound / V3:Eastbound / V4:Eastbound ,V1: Collision with motor vehicle in traffic / V2: Collision with motor vehicle in traffic / V3: Collision with motor vehicle in traffic / V4: Collision with motor vehicle in traffic ,V1: Passenger car / V2:Passenger car / V3:Passenger car / V4:Passenger car,Dry,Daylight,Clear,,EAST BOSTON EXPRESSWAY Rte 1A N / CALLAHAN TUNNEL,,,,,238035.7765,902633.3468
3871521,BOSTON,04-Jul-2014,2:26 PM,Non-fatal injury,1,2,0,Single vehicle crash,V1: Travelling straight ahead,V1:Westbound ,V1: Collision with guardrail ,"V1: Light truck(van, mini-van, panel, pickup, sport utility) with only four tires","Water (standing, moving)",Daylight,Cloudy/Rain,,Rte 90 W / UNKNOWN,,,,,233849.5805,899785.5734
3869440,BOSTON,04-Jul-2014,3:43 PM,Property damage only (none injured),2,0,0,Angle,V1: Travelling straight ahead / V2:Turning left,V1:Westbound / V2:Southbound ,V1: Collision with motor vehicle in traffic / V2: Collision with motor vehicle in traffic ,"V1: Passenger car / V2:Light truck(van, mini-van, panel, pickup, sport utility) with only four tires",Wet,Daylight,Cloudy/Rain,,GALLIVAN BOULEVARD Rte UNKNOW / GRANITE AVENUE,,,,,236643.2967,892556.1249
3871522,BOSTON,04-Jul-2014,3:58 PM,Property damage only (none injured),1,0,0,Single vehicle crash,V1: Travelling straight ahead,V1:Eastbound ,V1: Collision with other movable object ,V1: Passenger car,Wet,Daylight,Rain,,RAMP-MASS AVE TO SB FRONTAGE RD / MASSACHUSETTS AVENUE CONNECTOR,,,CONNECTOR,,235540.8713,898343.8632
3888452,BOSTON,04-Jul-2014,4:09 PM,Property damage only (none injured),1,0,0,Single vehicle crash,V1: Travelling straight ahead,V1:Northbound ,V1: Collision with median barrier ,V1: Passenger car,Wet,Dark - lighted roadway,Cloudy,,Rte 93 S / UNKNOWN,,Exit 24 on Rte 93 S,,,236397.1933,901565.6511
3871523,BOSTON,04-Jul-2014,4:13 PM,Property damage only (none injured),3,0,0,Rear-end,V1: Changing lanes / V2:Travelling straight ahead / V3:Travelling straight ahead,V1:Northbound / V2:Northbound / V3:Northbound ,V1: Collision with median barrier / V2: Collision with motor vehicle in traffic / V3: Collision with motor vehicle in traffic ,"V1: Passenger car / V2:Light truck(van, mini-van, panel, pickup, sport utility) with only four tires / V3:Light truck(van, mini-van, panel, pickup, sport utility) with only four tires",Wet,Daylight,Rain,,Rte 93 N / UNKNOWN,,,,,236742.6233,900426.5825
3878652,BOSTON,04-Jul-2014,4:29 PM,Property damage only (none injured),1,0,0,Single vehicle crash,V1: Travelling straight ahead,V1:Westbound ,V1: Collision with guardrail ,"V1: Light truck(van, mini-van, panel, pickup, sport utility) with only four tires",Wet,Daylight,Cloudy/Rain,,MASSACHUSETTS TURNPIKE Rte 90 W / RAMP-MASS AVE TO RT 90 WB,,,NEAR MASSACHUSETTS AVE ON RAMP,,233723.8438,899794.0486
3871524,BOSTON,04-Jul-2014,4:30 PM,Property damage only (none injured),1,0,0,Single vehicle crash,V1: Travelling straight ahead,V1:Westbound ,V1: Collision with curb ,V1: Passenger car,Wet,Dark - lighted roadway,Rain,,RAMP-RTS 90 WB/1A SB TO RTS 93 NB/3 NB,,Exit 24 on Rte 90 W,,,236472.8843,899752.8445
3878653,BOSTON,04-Jul-2014,5:07 PM,Property damage only (none injured),2,0,0,Rear-end,V1: Travelling straight ahead / V2:Travelling straight ahead,V1:Northbound / V2:Northbound ,V1: Collision with motor vehicle in traffic / V2: Collision with motor vehicle in traffic ,V1: Passenger car / V2:Passenger car,Wet,Daylight,Rain,,Rte 93 N / UNKNOWN,,,,,236742.6233,900426.5825
3869395,BOSTON,04-Jul-2014,6:15 PM,Non-fatal injury,3,2,0,Head-on,V1: Travelling straight ahead / V2:Travelling straight ahead / V3:Travelling straight ahead,V1:Eastbound / V2:Westbound / V3:Westbound ,V1: Collision with motor vehicle in traffic / V2: Collision with motor vehicle in traffic / V3: Collision with motor vehicle in traffic ,"V1: Passenger car / V2:Passenger car / V3:Light truck(van, mini-van, panel, pickup, sport utility) with only four tires",Wet,Daylight,Rain,SOLDIERS FIELD ROAD / SOLDIERS FIELD ROAD,,,,ELIOT BRIDGE CONNECTOR,,230478.0938,902530.5623
3871525,BOSTON,04-Jul-2014,6:21 PM,Property damage only (none injured),1,0,0,Single vehicle crash,V1: Travelling straight ahead,V1:Northbound ,V1: Collision with motor vehicle in traffic ,V1: Passenger car,Wet,Daylight,Rain,,Rte 93 N / UNKNOWN,,,,,236873.3679,900520.4569
3871526,BOSTON,04-Jul-2014,6:53 PM,Property damage only (none injured),1,0,0,Single vehicle crash,V1: Travelling straight ahead,V1:Northbound ,V1: Collision with motor vehicle in traffic ,V1: Passenger car,Wet,Dusk,Rain,,Rte 93 S / UNKNOWN,,,,,236793.1221,900500.0765
3870900,BOSTON,04-Jul-2014,7:57 PM,Property damage only (none injured),1,0,0,Single vehicle crash,V1: Travelling straight ahead,V1:Westbound ,V1: Collision with guardrail ,V1: Passenger car,Wet,Daylight,Rain,,SOLDIERS FIELD ROAD / SOLDIERS FIELD ROAD,,,HARVARD TURN,,230708.5651,902472.3232
3881701,BOSTON,04-Jul-2014,7:58 PM,Non-fatal injury,3,2,0,Angle,V1: Unknown / V2:Travelling straight ahead / V3:Parked,V1:Northbound / V2:Northbound / V3:Southbound ,V1: Collision with motor vehicle in traffic / V2: Collision with motor vehicle in traffic / V3: Collision with motor vehicle in traffic ,"V1: Passenger car / V2:Light truck(van, mini-van, panel, pickup, sport utility) with only four tires / V3:Light truck(van, mini-van, panel, pickup, sport utility) with only four tires",Wet,Dusk,Rain,DORCHESTER AVENUE / BAILEY STREET,,,,,,235913.6716,892792.1252
3871527,BOSTON,04-Jul-2014,8:40 PM,Property damage only (none injured),1,0,0,Single vehicle crash,V1: Travelling straight ahead,V1:Southbound ,V1: Collision with median barrier ,V1: Passenger car,Wet,Dark - lighted roadway,Rain,,Rte 93 S / UNKNOWN,,Exit 23 on Rte 93 S,,,236856.2793,901152.8251
3880572,BOSTON,04-Jul-2014,9:44 PM,Property damage only (none injured),2,0,0,"Sideswipe, same direction",V1: Travelling straight ahead / V2:Travelling straight ahead,V1:Southbound / V2:Southbound ,V1: Collision with motor vehicle in traffic / V2: Collision with motor vehicle in traffic ,V1: Passenger car / V2:Passenger car,Wet,Dark - lighted roadway,Rain,,Rte 93 S / UNKNOWN,,,,,235823.6632,898598.9368
3878438,BOSTON,05-Jul-2014,00:00 AM,Property damage only (none injured),2,0,0,"Sideswipe, same direction",V1: Making U-turn / V2:Parked,V1:Northbound / V2:Northbound ,V1: Collision with parked motor vehicle / V2: Collision with motor vehicle in traffic ,V1: Passenger car / V2:Passenger car,Wet,Dark - lighted roadway,Rain,,742 TRUMAN PARKWAY,,,,,231339.4975,889047.5923
3887381,BOSTON,05-Jul-2014,00:00 AM,Property damage only (none injured),2,0,0,"Sideswipe, same direction",V1: Travelling straight ahead / V2:Entering traffic lane,V1:Northbound / V2:Northbound ,V1: Collision with motor vehicle in traffic / V2: Collision with motor vehicle in traffic ,V1: Passenger car / V2:Passenger car,Wet,Dark - lighted roadway,Clear/Rain,,Rte 93 N,,Exit 15 on Rte 93 N,,,236972.2496,896473.4282
3870892,BOSTON,05-Jul-2014,00:00 AM,Property damage only (none injured),1,0,0,Single vehicle crash,V1: Travelling straight ahead,V1:Eastbound ,V1: Collision with guardrail ,V1: Passenger car,Wet,Dark - lighted roadway,Rain,,STORROW DRIVE Rte 28 N / EMBANKMENT ROAD Rte 28 N,,,,,235285.4266,901387.8761
3878655,BOSTON,05-Jul-2014,00:00 AM,Property damage only (none injured),1,0,0,Single vehicle crash,V1: Changing lanes,V1:Westbound ,V1: Collision with light pole or other post/support ,V1: Passenger car,Wet,Dark - lighted roadway,Rain,,NORTH BEACON STREET Rte UNKNOW / BROOKS STREET,,,,,227994.0736,900990.3301
3878952,BOSTON,05-Jul-2014,2:00 AM,Property damage only (none injured),1,0,0,Single vehicle crash,V1: Travelling straight ahead,V1:Southbound ,V1: Collision with median barrier ,"V1: Light truck(van, mini-van, panel, pickup, sport utility) with only four tires",Dry,Dark - lighted roadway,Not Reported,,Rte 93 S,,Exit 24 on Rte 93 S,,,236397.1933,901565.6511
3871528,BOSTON,05-Jul-2014,2:45 AM,Property damage only (none injured),2,0,0,Rear-end,V1: Travelling straight ahead / V2:Travelling straight ahead,V1:Westbound / V2:Westbound ,V1: Collision with motor vehicle in traffic / V2: Collision with motor vehicle in traffic ,"V1: Light truck(van, mini-van, panel, pickup, sport utility) with only four tires / V2:Passenger car",Wet,Dark - lighted roadway,Rain,,Rte 90 W / UNKNOWN,,Exit 20 on Rte 90 W,,,231452.5043,900558.3731
3878656,BOSTON,05-Jul-2014,6:48 AM,Property damage only (none injured),1,0,0,Single vehicle crash,V1: Travelling straight ahead,V1:Westbound ,V1: Collision with guardrail ,V1: Passenger car,Wet,Dawn,Cloudy,,SOLDIERS FIELD ROAD Rte UNKNOW W / NORTH HARVARD STREET,,,,,230992.3482,902048.2872
3871529,BOSTON,05-Jul-2014,7:14 AM,Property damage only (none injured),1,0,0,Not reported,V1: Travelling straight ahead,V1:Northbound ,V1: Collision with median barrier ,"V1: Light truck(van, mini-van, panel, pickup, sport utility) with only four tires",Wet,Daylight,Cloudy/Rain,,Rte 93 N / UNKNOWN,,Exit 20 on Rte 93 N,,,235935.6734,898219.8317
3880573,BOSTON,05-Jul-2014,7:38 AM,Not Reported,1,0,0,Single vehicle crash,V1: Travelling straight ahead,V1:Northbound ,V1: Collision with median barrier ,"V1: Light truck(van, mini-van, panel, pickup, sport utility) with only four tires",Wet,Dark - lighted roadway,Rain,,RAMP-RTS 93 NB/1 NB TO RT 1 NB (TOBIN BR Rte 1 N,,Exit 27 on Rte 93 N,,,235518.1127,902522.4101
3880574,BOSTON,05-Jul-2014,7:46 AM,Property damage only (none injured),2,0,0,Not reported,V1: Travelling straight ahead / V2:Travelling straight ahead,V1:Southbound / V2:Northbound ,V1: Collision with other movable object / V2: Not reported ,"V1: Passenger car / V2:Light truck(van, mini-van, panel, pickup, sport utility) with only four tires",Dry,Daylight,Clear,,JOHN F FITZGERALD EXPRESSWAY Rte 93 N / JOHN F FITZGERALD EXPRESSWAY Rte 93 N,,,ZAKIM BRIDGE,,236031.6076,902067.6273
3881714,BOSTON (DORCHESTER),05-Jul-2014,2:30 PM,Non-fatal injury,2,3,0,Head-on,V1: Travelling straight ahead / V2:Travelling straight ahead,V1:Southbound / V2:Northbound ,V1: Collision with motor vehicle in traffic / V2: Collision with motor vehicle in traffic ,V1: Passenger car / V2:Passenger car,Dry,Daylight,Clear/Unknown,,53 ADAMS STREET,,,,,234835.4371,897568.3568
3871553,BOSTON,05-Jul-2014,2:55 PM,Property damage only (none injured),2,0,0,"Sideswipe, same direction",V1: Travelling straight ahead / V2:Changing lanes,V1:Northbound / V2:Northbound ,V1: Collision with motor vehicle in traffic / V2: Collision with motor vehicle in traffic ,"V1: Light truck(van, mini-van, panel, pickup, sport utility) with only four tires / V2:Light truck(van, mini-van, panel, pickup, sport utility) with only four tires",Dry,Daylight,Clear,,CENTRE PERKINS STREET ROTARY / CENTRE STREET,,,CENTRE STREET ROTARY,,232166.7748,896903.1578
3887382,BOSTON,05-Jul-2014,3:14 PM,Property damage only (none injured),2,0,0,Rear-end,V1: Slowing or stopped in traffic / V2:Slowing or stopped in traffic,V1:Northbound / V2:Northbound ,V1: Collision with motor vehicle in traffic / V2: Collision with motor vehicle in traffic ,"V1: Light truck(van, mini-van, panel, pickup, sport utility) with only four tires / V2:Passenger car",Dry,Daylight,Clear,,WILLIAM DAY BOULEVARD / L STREET,,,DAY BLVD @ L ST,,238307.7815,897755.4374
3955209,BOSTON (DORCHESTER),05-Jul-2014,7:10 PM,Not Reported,3,0,0,Not reported,V1: Turning left / V2:Travelling straight ahead / V3:Travelling straight ahead,V1:Not reported / V2:Not reported / V3:Not reported ,V1: Not reported / V2: Not reported / V3: Not reported ,"V1: Passenger car / V2:Light truck(van, mini-van, panel, pickup, sport utility) with only four tires / V3:Light truck(van, mini-van, panel, pickup, sport utility) with only four tires",Not reported,Not reported,Not Reported,,1305 DORCHESTER AVENUE,,,,,236377.6932,895154.1413
3905532,BOSTON (DORCHESTER),05-Jul-2014,9:45 PM,Property damage only (none injured),3,0,0,"Sideswipe, same direction",V1: Travelling straight ahead / V2:Travelling straight ahead / V3:Travelling straight ahead,V1:Not reported / V2:Not reported / V3:Not reported ,V1: Collision with motor vehicle in traffic / V2: Collision with motor vehicle in traffic / V3: Collision with motor vehicle in traffic ,"V1: Passenger car / V2:Passenger car / V3:Light truck(van, mini-van, panel, pickup, sport utility) with only four tires",Dry,Dark - lighted roadway,Clear/Clear,EAST COTTAGE STREET / NORFOLK AVENUE,,,,,,235794.4842,896856.2501
3904231,BOSTON,05-Jul-2014,11:21 PM,Property damage only (none injured),2,0,0,"Sideswipe, opposite direction",V1: Not reported / V2:Not reported,V1:Not reported / V2:Not reported ,V1: Not reported / V2: Not reported ,"V1: Unknown heavy truck, cannot classify / V2:Passenger car",Dry,Dark - lighted roadway,Clear,,22 HIAWATHA ROAD,,,,,233485.9057,891849.7565
3885945,BOSTON (ROXBURY),05-Jul-2014,11:56 PM,Non-fatal injury,1,1,0,Single vehicle crash,V1: Travelling straight ahead,V1:Not reported ,V1: Collision with pedestrian ,V1: Passenger car,Dry,Dark - lighted roadway,Clear,,392 COLUMBIA ROAD,,,,P2:Pedestrian,235426.2831,895734.9204
3885941,BOSTON (ROXBURY),06-Jul-2014,2:00 AM,Non-fatal injury,2,1,0,Angle,V1: Travelling straight ahead / V2:Turning right,V1:Not reported / V2:Not reported ,V1: Collision with motor vehicle in traffic / V2: Collision with motor vehicle in traffic ,V1: Passenger car / V2:Passenger car,Dry,Dark - lighted roadway,Clear/Clear,BLUE HILL AVENUE / STANWOOD STREET,,,,,,234460.6248,895614.6875
3886962,BOSTON,06-Jul-2014,2:59 AM,Property damage only (none injured),2,0,0,Angle,V1: Travelling straight ahead / V2:Slowing or stopped in traffic,V1:Northbound / V2:Northbound ,V1: Collision with median barrier / V2: Collision with motor vehicle in traffic ,V1: Passenger car / V2:Passenger car,Dry,Dark - lighted roadway,Clear,,ATLANTIC AVENUE / ATLANTIC AVENUE,,,RAMP A-CN,,236987.8096,900874.5816
3880734,BOSTON,06-Jul-2014,4:59 AM,Non-fatal injury,2,3,0,Head-on,V1: Travelling straight ahead / V2:Travelling straight ahead,V1:Westbound / V2:Eastbound ,V1: Collision with motor vehicle in traffic / V2: Collision with motor vehicle in traffic ,"V1: Light truck(van, mini-van, panel, pickup, sport utility) with only four tires / V2:Light truck(van, mini-van, panel, pickup, sport utility) with only four tires",Dry,Dawn,Clear,,SOLDIERS FIELD ROAD / WESTERN AVENUE,,,WEEKS FOOTBRIDGE.,,231376.2796,901956.5227
3884340,BOSTON,06-Jul-2014,7:40 AM,Property damage only (none injured),2,0,0,Not reported,V1: Travelling straight ahead / V2:Parked,V1:Northbound / V2:Not reported ,V1: Collision with parked motor vehicle / V2: Collision with motor vehicle in traffic ,V1: Passenger car / V2:Passenger car,Not reported,Not reported,Not Reported,,7 SUMNER STREET,,,,,236185.1327,896663.3773
3877907,BOSTON,06-Jul-2014,7:21 PM,Property damage only (none injured),2,0,0,Angle,V1: Turning right / V2:Travelling straight ahead,V1:Westbound / V2:Westbound ,V1: Collision with motor vehicle in traffic / V2: Collision with motor vehicle in traffic ,V1: Passenger car / V2:Passenger car,Dry,Daylight,Clear,TRUMAN HIGHWAY / WILLIAMS AVENUE,,,,,,231380.0156,889077.3127
3887636,BOSTON,07-Jul-2014,10:00 AM,Property damage only (none injured),2,0,0,Angle,V1: Turning left / V2:Travelling straight ahead,V1:Northbound / V2:Not reported ,V1: Collision with motor vehicle in traffic / V2: Collision with motor vehicle in traffic ,"V1: Light truck(van, mini-van, panel, pickup, sport utility) with only four tires / V2:Passenger car",Dry,Daylight,Clear,DORCHESTER AVENUE / PREBLE STREET / SOUTHAMPTON STREET,,,,,,236510.1312,897763.8146
3887383,BOSTON,07-Jul-2014,11:30 AM,Property damage only (none injured),2,0,0,Rear-end,V1: Slowing or stopped in traffic / V2:Slowing or stopped in traffic,V1:Westbound / V2:Westbound ,V1: Collision with motor vehicle in traffic / V2: Collision with motor vehicle in traffic ,V1: Passenger car / V2:Passenger car,Dry,Daylight,Clear,,GALLIVAN BOULEVARD Rte UNKNOW / 659,,,,,237247.1296,892653.4381
3894433,BOSTON,07-Jul-2014,2:44 PM,Not Reported,3,0,0,Head-on,V1: Travelling straight ahead / V2:Parked / V3:Parked,V1:Not reported / V2:Not reported / V3:Not reported ,V1: Collision with parked motor vehicle / V2: Collision with motor vehicle in traffic / V3: Collision with parked motor vehicle ,V1: Not reported / V2:Passenger car / V3:Passenger car,Dry,Dark - lighted roadway,Clear,,31 COBDEN STREET,,,,,233373.0232,896383.8541
3878257,BOSTON,07-Jul-2014,4:44 PM,Property damage only (none injured),3,0,0,Rear-end,V1: Slowing or stopped in traffic / V2:Slowing or stopped in traffic / V3:Slowing or stopped in traffic,V1:Eastbound / V2:Eastbound / V3:Eastbound ,V1: Collision with motor vehicle in traffic / V2: Collision with motor vehicle in traffic / V3: Not reported ,V1: Passenger car / V2:Passenger car / V3:Passenger car,Dry,Daylight,Clear,,Rte 90 E,Rte 90  E Milemarker 130.0,,,,229761.5309,900823.963
3878654,BOSTON,07-Jul-2014,4:45 PM,Non-fatal injury,3,2,0,Angle,V1: Travelling straight ahead / V2:Travelling straight ahead / V3:Travelling straight ahead,V1:Northbound / V2:Eastbound / V3:Westbound ,V1: Collision with motor vehicle in traffic / V2: Collision with motor vehicle in traffic / V3: Collision with motor vehicle in traffic ,V1: Passenger car / V2:Passenger car / V3:Passenger car,Dry,Daylight,Clear,,FRONTAGE ROAD Rte UNKNOW N / BROADWAY,,,,"P4:Other non-motorist (wheelchair, etc.)",236165.6755,899351.7012
3905307,BOSTON,07-Jul-2014,4:59 PM,Non-fatal injury,1,1,0,Single vehicle crash,V1: Unknown,V1:Not reported ,"V1: Collision with cyclist (bicycle, tricycle, unicycle, pedal car) ","V1: Light truck(van, mini-van, panel, pickup, sport utility) with only four tires",Dry,Daylight,Clear/Clear,BLUE HILL AVENUE / BRUNSWICK STREET,,,,,"P2:Pedalcyclist (bicycle, tricycle, unicycle, pedal car)",234531.2189,895738.0001
3881838,BOSTON,07-Jul-2014,6:48 PM,Non-fatal injury,1,1,0,Single vehicle crash,V1: Travelling straight ahead,V1:Eastbound ,V1: Collision with pedestrian ,V1: Passenger car,Wet,Daylight,Cloudy,,LOVELL STREET / LOVELL STREET,,,,P2:Pedestrian,239335.996,903340.7516
3881022,BOSTON,07-Jul-2014,10:17 PM,Non-fatal injury,2,1,0,Rear-end,V1: Slowing or stopped in traffic / V2:Slowing or stopped in traffic,V1:Northbound / V2:Northbound ,V1: Not reported / V2: Not reported ,"V1: Passenger car / V2:Unknown heavy truck, cannot classify",Dry,Dark - lighted roadway,Clear,,1 HARBORSIDE DRIVE,,,,,239107.7369,901542.8365
3896119,BOSTON,08-Jul-2014,1:19 AM,Fatal injury,1,1,1,Single vehicle crash,V1: Travelling straight ahead,V1:Southbound ,V1: Collision with pedestrian ,V1: Passenger car,Dry,Dark - lighted roadway,Clear,,Rte 93 S / UNKNOWN,,,,P2:Pedestrian,235863.7765,898289.7074
3887385,BOSTON,08-Jul-2014,7:06 AM,Non-fatal injury,3,1,0,Rear-end,V1: Slowing or stopped in traffic / V2:Slowing or stopped in traffic / V3:Travelling straight ahead,V1:Southbound / V2:Southbound / V3:Southbound ,V1: Collision with motor vehicle in traffic / V2: Collision with motor vehicle in traffic / V3: Collision with motor vehicle in traffic ,V1: Passenger car / V2:Passenger car / V3:Passenger car,Dry,Daylight,Clear,,Rte 93 S / UNKNOWN,,Exit 15 on Rte 93 S,,,236629.6253,897168.5001
3901611,BOSTON,08-Jul-2014,8:11 AM,Not Reported,1,0,0,Not reported,V1: Not reported,V1:Not reported ,V1: Not reported ,"V1: Unknown heavy truck, cannot classify",Not reported,Not reported,Not Reported,,301 MASSACHUSETTS AVENUE,,,,"P2:Pedalcyclist (bicycle, tricycle, unicycle, pedal car)",234185.9288,899237.2705
3878579,BOSTON,08-Jul-2014,8:45 AM,Property damage only (none injured),2,0,0,"Sideswipe, same direction",V1: Travelling straight ahead / V2:Changing lanes,V1:Westbound / V2:Westbound ,V1: Collision with motor vehicle in traffic / V2: Collision with motor vehicle in traffic ,"V1: Light truck(van, mini-van, panel, pickup, sport utility) with only four tires / V2:Light truck(van, mini-van, panel, pickup, sport utility) with only four tires",Dry,Daylight,Clear,,Rte UNKNOW,,,CHARLES CIRCLE,,235385.419,901294.6172
3881352,BOSTON,08-Jul-2014,10:15 AM,Property damage only (none injured),2,0,0,Rear-end,V1: Turning right / V2:Turning right,V1:Westbound / V2:Westbound ,V1: Collision with motor vehicle in traffic / V2: Collision with motor vehicle in traffic ,"V1: Passenger car / V2:Light truck(van, mini-van, panel, pickup, sport utility) with only four tires",Dry,Daylight,Clear,,Rte UNKNOW,,,GILMORE BRIDGE,,235589.0628,902712.3014
3899317,BOSTON,08-Jul-2014,10:35 AM,Property damage only (none injured),3,0,0,Rear-end,V1: Slowing or stopped in traffic / V2:Slowing or stopped in traffic / V3:Travelling straight ahead,V1:Northbound / V2:Northbound / V3:Northbound ,V1: Collision with motor vehicle in traffic / V2: Collision with motor vehicle in traffic / V3: Collision with motor vehicle in traffic ,"V1: Passenger car / V2:Passenger car / V3:Light truck(van, mini-van, panel, pickup, sport utility) with only four tires",Dry,Daylight,Not Reported,,Rte 93 N / UNKNOWN,,Exit 13 on Rte 93 N,,,237420.1414,894076.5227
3888934,BOSTON (DORCHESTER),08-Jul-2014,10:58 AM,Not Reported,1,0,0,Not reported,V1: Travelling straight ahead,V1:Not reported ,V1: Not reported ,V1: Passenger car,Not reported,Not reported,Not Reported,QUINCY STREET / STANLEY STREET,,,,,,235557.656,895676.3123
3886276,BOSTON,08-Jul-2014,11:50 AM,Property damage only (none injured),2,0,0,Rear-end,V1: Travelling straight ahead / V2:Travelling straight ahead,V1:Northbound / V2:Northbound ,V1: Collision with motor vehicle in traffic / V2: Collision with motor vehicle in traffic ,"V1: Light truck(van, mini-van, panel, pickup, sport utility) with only four tires / V2:Passenger car",Dry,Daylight,Clear,VETERANS OF FOREIGN WARS PARKWAY / LA GRANGE STREET,,,,,,227356.7344,893407.1877
3880575,BOSTON,08-Jul-2014,1:30 PM,Property damage only (none injured),2,0,0,"Sideswipe, same direction",V1: Parked / V2:Overtaking/passing,V1:Westbound / V2:Westbound ,V1: Collision with motor vehicle in traffic / V2: Collision with motor vehicle in traffic ,"V1: Light truck(van, mini-van, panel, pickup, sport utility) with only four tires / V2:Light truck(van, mini-van, panel, pickup, sport utility) with only four tires",Dry,Daylight,Clear,,LOGAN AIRPORT TERMINAL B,,,,,239696.9677,901387.1601
3881483,BOSTON,08-Jul-2014,2:56 PM,Property damage only (none injured),3,0,0,Rear-end,V1: Travelling straight ahead / V2:Slowing or stopped in traffic / V3:Slowing or stopped in traffic,V1:Northbound / V2:Northbound / V3:Northbound ,V1: Collision with motor vehicle in traffic / V2: Collision with motor vehicle in traffic / V3: Collision with motor vehicle in traffic ,"V1: Passenger car / V2:Light truck(van, mini-van, panel, pickup, sport utility) with only four tires / V3:Light truck(van, mini-van, panel, pickup, sport utility) with only four tires",Dry,Daylight,Clear,,LEVERETT CONNECTOR NORTH / RAMP-RT 28 NB (STORROW DR) TO RTS 93 NB/,,,,,235992.4964,902012.9433
3881848,BOSTON,08-Jul-2014,4:36 PM,Property damage only (none injured),2,0,0,Rear-end,V1: Travelling straight ahead / V2:Slowing or stopped in traffic,V1:Southbound / V2:Southbound ,V1: Collision with motor vehicle in traffic / V2: Collision with motor vehicle in traffic ,"V1: Light truck(van, mini-van, panel, pickup, sport utility) with only four tires / V2:Light truck(van, mini-van, panel, pickup, sport utility) with only four tires",Dry,Daylight,Clear,,Rte 93 S / UNKNOWN,,Exit 24 on Rte 93 S,,,236397.1933,901565.6511
3900169,BOSTON (JAMAICA PLAIN),08-Jul-2014,5:11 PM,Non-fatal injury,1,1,0,Single vehicle crash,V1: Travelling straight ahead,V1:Not reported ,V1: Collision with parked motor vehicle ,"V1: Light truck(van, mini-van, panel, pickup, sport utility) with only four tires",Dry,Daylight,Clear,POND STREET / AVON STREET,,,,,,230285.527,895520.1974