Crash Number,City/Town Name,Crash Date,Crash Time,Crash Severity,Number of Vehicles,Total Nonfatal Injuries,Total Fatal Injuries,Manner of Collision,Vehicle Action Prior to Crash,Vehicle Travel Directions,Most Harmful Events,Vehicle Configuration,Road Surface Condition,Ambient Light,Weather Condition,At Roadway Intersection,Distance from Nearest Roadway Intersection,Distance from Nearest Milemarker,Distance from Nearest Exit,Distance from Nearest Landmark,Non Motorist Type,X Coordinate,Y Coordinate
3882058,BOSTON,09-Jul-2014,00:00 AM,Property damage only (none injured),1,0,0,Single vehicle crash,V1: Travelling straight ahead,V1:Not reported ,V1: Collision with light pole or other post/support ,V1: Passenger car,Dry,Dark - lighted roadway,Clear,,TRUMAN HIGHWAY / DANA AVENUE,,,,,231159.8029,888909.0317
3881839,BOSTON,09-Jul-2014,5:42 AM,Non-fatal injury,1,1,0,Single vehicle crash,V1: Not reported,V1:Not reported ,V1: Not reported ,V1: Motorcycle,Dry,Daylight,Clear,JAMAICAWAY / BYNNER STREET,,,,,,231761.922,897172.3748
3925156,BOSTON (DORCHESTER),09-Jul-2014,7:30 AM,Non-fatal injury,1,1,0,Angle,V1: Turning right,V1:Not reported ,"V1: Collision with cyclist (bicycle, tricycle, unicycle, pedal car) ","V1: Light truck(van, mini-van, panel, pickup, sport utility) with only four tires",Dry,Daylight,Clear,DORCHESTER AVENUE / HALLAM STREET,,,,,"P2:Pedalcyclist (bicycle, tricycle, unicycle, pedal car)",236530.6874,896089.6248
3878593,BOSTON,09-Jul-2014,8:20 AM,Property damage only (none injured),2,0,0,Angle,V1: Turning right / V2:Travelling straight ahead,V1:Northbound / V2:Westbound ,V1: Collision with motor vehicle in traffic / V2: Collision with motor vehicle in traffic ,"V1: Light truck(van, mini-van, panel, pickup, sport utility) with only four tires / V2:Passenger car",Dry,Daylight,Clear,COLUMBIA ROAD / COLUMBIA ROAD / RAMP-RTS 93 NB/3 NB TO COLUMBIA RD,,,,,,236856.5944,896870.7883
3881361,BOSTON,09-Jul-2014,9:24 AM,Non-fatal injury,2,1,0,Rear-end,V1: Slowing or stopped in traffic / V2:Slowing or stopped in traffic,V1:Northbound / V2:Northbound ,V1: Collision with motor vehicle in traffic / V2: Collision with motor vehicle in traffic ,"V1: Light truck(van, mini-van, panel, pickup, sport utility) with only four tires / V2:Passenger car",Dry,Daylight,Clear,,MAURICE TOBIN BRIDGE Rte 1 N / TOBIN BRIDGE Rte 1 N,,,,,237201.239,903829.9868
3904435,BOSTON,09-Jul-2014,11:13 AM,Not Reported,2,0,0,"Sideswipe, same direction",V1: Travelling straight ahead / V2:Turning right,V1:Not reported / V2:Not reported ,V1: Unknown / V2: Unknown ,"V1: Light truck(van, mini-van, panel, pickup, sport utility) with only four tires / V2:Passenger car",Dry,Daylight,Clear,MASSACHUSETTS AVENUE / BEACON STREET,,,,,,233821.7968,900120.375
3904531,BOSTON,09-Jul-2014,12:00 PM,Unknown,2,0,0,Not reported,V1: Parked / V2:Unknown,V1:Not reported / V2:Not reported ,V1: Collision with parked motor vehicle / V2: Collision with parked motor vehicle ,"V1: Passenger car / V2:Light truck(van, mini-van, panel, pickup, sport utility) with only four tires",Not reported,Not reported,Not Reported,,30 DACIA STREET,,,,,234847.0255,896150.4917
3905305,BOSTON,09-Jul-2014,12:20 PM,Non-fatal injury,2,3,0,Not reported,V1: Slowing or stopped in traffic / V2:Turning right,V1:Northbound / V2:Eastbound ,V1: Collision with motor vehicle in traffic / V2: Collision with motor vehicle in traffic ,V1: Passenger car / V2:Passenger car,Not reported,Not reported,Not Reported,COLUMBIA ROAD / HANCOCK STREET,,,,,,235748.0985,896243.9759
3896432,BOSTON (DORCHESTER),09-Jul-2014,12:55 PM,Property damage only (none injured),2,0,0,Angle,V1: Travelling straight ahead / V2:Travelling straight ahead,V1:Not reported / V2:Not reported ,V1: Collision with motor vehicle in traffic / V2: Collision with motor vehicle in traffic ,"V1: Passenger car / V2:Light truck(van, mini-van, panel, pickup, sport utility) with only four tires",Dry,Daylight,Clear/Clear,BOWDOIN STREET / HANCOCK STREET,,,,,,236093.0636,895684.6221
3902083,BOSTON,09-Jul-2014,1:45 PM,Non-fatal injury,2,1,0,Rear-end,V1: Slowing or stopped in traffic / V2:Travelling straight ahead,V1:Southbound / V2:Southbound ,V1: Collision with motor vehicle in traffic / V2: Collision with motor vehicle in traffic ,"V1: Light truck(van, mini-van, panel, pickup, sport utility) with only four tires / V2:Passenger car",Dry,Daylight,Clear,,Rte 93 S / UNKNOWN,,Exit 15 on Rte 93 S,,,236629.6253,897168.5001
3881429,BOSTON,09-Jul-2014,2:22 PM,Non-fatal injury,2,1,0,Angle,V1: Travelling straight ahead / V2:Travelling straight ahead,V1:Eastbound / V2:Northbound ,V1: Collision with motor vehicle in traffic / V2: Collision with motor vehicle in traffic ,"V1: Single-unit truck (2-axle, 6-tire) / V2:Light truck(van, mini-van, panel, pickup, sport utility) with only four tires",Dry,Daylight,Clear,,FRONTAGE ROAD,,,,,236044.5116,899066.2647
3901923,BOSTON,09-Jul-2014,2:30 PM,Property damage only (none injured),2,0,0,"Sideswipe, same direction",V1: Travelling straight ahead / V2:Overtaking/passing,V1:Northbound / V2:Northbound ,V1: Collision with motor vehicle in traffic / V2: Collision with motor vehicle in traffic ,"V1: Passenger car / V2:Single-unit truck (2-axle, 6-tire)",Dry,Daylight,Clear,,GENERAL CASIMIR PULASKI SKYWAY Rte 93 N / RAMP - RT 93 NB TO MORRISSEY BLVD,,,NEPONSET ONRAMP,,237259.1687,894482.9519
3881362,BOSTON,09-Jul-2014,4:55 PM,Non-fatal injury,3,1,0,Rear-end,V1: Slowing or stopped in traffic / V2:Slowing or stopped in traffic / V3:Travelling straight ahead,V1:Northbound / V2:Northbound / V3:Northbound ,V1: Collision with motor vehicle in traffic / V2: Collision with motor vehicle in traffic / V3: Collision with motor vehicle in traffic ,"V1: Passenger car / V2:Light truck(van, mini-van, panel, pickup, sport utility) with only four tires / V3:Light truck(van, mini-van, panel, pickup, sport utility) with only four tires",Dry,Daylight,Clear,,LEVERETT CONNECTOR NORTH / RAMP-RT 28 NB (STORROW DR) TO RTS 93 NB/,,,LEVERETT CONNECTOR NORTH,,235877.9779,902153.9784
3888235,BOSTON,09-Jul-2014,10:35 PM,Property damage only (none injured),2,0,0,"Sideswipe, same direction",V1: Changing lanes / V2:Travelling straight ahead,V1:Westbound / V2:Westbound ,V1: Collision with motor vehicle in traffic / V2: Collision with motor vehicle in traffic ,"V1: Passenger car / V2:Bus (seats for more than 15 people, including driver)",Dry,Dark - lighted roadway,Clear/Cloudy,,STORROW DRIVE Rte 28 S / EMBANKMENT ROAD Rte 28 S,,,@ LONGFELLOW BRIDGE,,235215.6431,901364.7135
3902079,BOSTON,10-Jul-2014,5:30 AM,Property damage only (none injured),2,0,0,"Sideswipe, same direction",V1: Travelling straight ahead / V2:Parked,V1:Northbound / V2:Northbound ,V1: Collision with motor vehicle in traffic / V2: Collision with motor vehicle in traffic ,"V1: Light truck(van, mini-van, panel, pickup, sport utility) with only four tires / V2:Passenger car",Dry,Daylight,Clear,,LOGAN AIRPORT TERMINAL B,,,,,239702.3654,901366.0051
3881430,BOSTON,10-Jul-2014,7:00 AM,Property damage only (none injured),2,0,0,Rear-end,V1: Slowing or stopped in traffic / V2:Travelling straight ahead,V1:Westbound / V2:Westbound ,V1: Collision with motor vehicle in traffic / V2: Collision with motor vehicle in traffic ,V1: Single-unit truck (3-or-more axles) / V2:Tractor/semi-trailer,Dry,Daylight,Clear,,MASSACHUSETTS TURNPIKE Rte 90 W / TED WILLIAMS TUNNEL,,,TWT,,239051.4028,900924.2439
3878058,BOSTON,10-Jul-2014,7:24 AM,Property damage only (none injured),2,0,0,Rear-end,V1: Slowing or stopped in traffic / V2:Slowing or stopped in traffic,V1:Westbound / V2:Westbound ,V1: Collision with motor vehicle in traffic / V2: Collision with motor vehicle in traffic ,V1: Passenger car / V2:Passenger car,Dry,Daylight,Clear,,MASSACHUSETTS TURNPIKE Rte 90 W,,,PLAZA 37,,239066.7656,902036.4523
3896340,BOSTON,10-Jul-2014,8:50 AM,Property damage only (none injured),3,0,0,"Sideswipe, same direction",V1: Overtaking/passing / V2:Slowing or stopped in traffic / V3:Slowing or stopped in traffic,V1:Northbound / V2:Northbound / V3:Northbound ,V1: Collision with motor vehicle in traffic / V2: Collision with motor vehicle in traffic / V3: Collision with motor vehicle in traffic ,"V1: Single-unit truck (2-axle, 6-tire) / V2:Light truck(van, mini-van, panel, pickup, sport utility) with only four tires / V3:Passenger car",Dry,Daylight,Clear,,JOHN F FITZGERALD EXPRESSWAY Rte 93 N / RAMP-BROADWAY TO RTS 93 NB/3 NB,,,ENTRANCE TO O&AMP;APOS;NEIL TUNN,,236457.3487,899874.5226
3905309,BOSTON,10-Jul-2014,10:30 AM,Non-fatal injury,2,1,0,Not reported,V1: Travelling straight ahead / V2:Turning right,V1:Not reported / V2:Not reported ,V1: Collision with motor vehicle in traffic / V2: Collision with motor vehicle in traffic ,V1: Passenger car / V2:Unknown vehicle configuration,Not reported,Not reported,Not Reported,WEST COTTAGE STREET / WOODVILLE STREET,,,,,,234989.9688,896763.2499
3896253,BOSTON,10-Jul-2014,2:32 PM,Property damage only (none injured),2,0,0,"Sideswipe, same direction",V1: Changing lanes / V2:Travelling straight ahead,V1:Southbound / V2:Southbound ,V1: Collision with motor vehicle in traffic / V2: Not reported ,V1: Passenger car / V2:Passenger car,Dry,Daylight,Clear,,OLD COLONY AVENUE / LOGAN WAY,,,,,236878.2358,897571.2619
3905304,BOSTON,10-Jul-2014,4:00 PM,Non-fatal injury,2,2,0,Rear-end,V1: Travelling straight ahead / V2:Slowing or stopped in traffic,V1:Not reported / V2:Not reported ,V1: Collision with motor vehicle in traffic / V2: Collision with motor vehicle in traffic ,V1: Passenger car / V2:Passenger car,Dry,Daylight,Clear/Clear,,380 WARREN STREET,,,,,234465.4028,896480.3743
3888935,BOSTON (DORCHESTER),10-Jul-2014,5:07 PM,Property damage only (none injured),1,0,0,Not reported,V1: Parked,V1:Not reported ,"V1: Collision with cyclist (bicycle, tricycle, unicycle, pedal car) ","V1: Light truck(van, mini-van, panel, pickup, sport utility) with only four tires",Dry,Daylight,Clear,,1403 DORCHESTER AVENUE,,,,"P2:Pedalcyclist (bicycle, tricycle, unicycle, pedal car)",236326.4356,894832.0141
3886520,BOSTON,10-Jul-2014,5:30 PM,Property damage only (none injured),2,0,0,Angle,V1: Turning left / V2:Travelling straight ahead,V1:Westbound / V2:Eastbound ,V1: Collision with motor vehicle in traffic / V2: Collision with motor vehicle in traffic ,V1: Passenger car / V2:Tractor/semi-trailer,Dry,Daylight,Clear,HAUL ROAD / CYPHER STREET,,,,CYPER ST,,236964.1466,899344.7268
3901925,BOSTON,10-Jul-2014,5:30 PM,Property damage only (none injured),2,0,0,Angle,V1: Turning left / V2:Travelling straight ahead,V1:Southbound / V2:Westbound ,V1: Collision with motor vehicle in traffic / V2: Collision with motor vehicle in traffic ,V1: Passenger car / V2:Passenger car,Dry,Daylight,Clear,,GALLIVAN BOULEVARD / WESSEX STREET,,,,,236183.254,892405.8816
3880593,BOSTON,10-Jul-2014,11:00 PM,Property damage only (none injured),4,0,0,Not reported,V1: Travelling straight ahead / V2:Travelling straight ahead / V3:Travelling straight ahead / V4:Travelling straight ahead,V1:Northbound / V2:Northbound / V3:Northbound / V4:Northbound ,V1: Collision with other movable object / V2: Collision with other movable object / V3: Collision with other movable object / V4: Collision with other movable object ,V1: Passenger car / V2:Passenger car / V3:Passenger car / V4:Passenger car,Dry,Dark - lighted roadway,Clear,,Rte 93 N / UNKNOWN,,Exit 13 on Rte 93 N,,,237420.1414,894076.5227
3900932,BOSTON,11-Jul-2014,4:44 AM,Non-fatal injury,2,2,0,Not reported,V1: Travelling straight ahead / V2:Travelling straight ahead,V1:Not reported / V2:Not reported ,V1: Overturn/rollover / V2: Not reported ,V1: Passenger car / V2:Passenger car,Not reported,Not reported,Not Reported,HUNTINGTON AVENUE / LOUIS PRANG STREET,,,,,,233334.7968,898648.8752
3907084,BOSTON,11-Jul-2014,8:40 AM,Non-fatal injury,1,1,0,Single vehicle crash,V1: Travelling straight ahead,V1:Northbound ,V1: Collision with overhead sign support ,"V1: Light truck(van, mini-van, panel, pickup, sport utility) with only four tires",Dry,Daylight,Clear,,CENTRAL PARKING ACCESS ROAD / CENTRAL PARKING ACCESS ROAD,,,,,239478.2667,902029.0271
3878961,BOSTON,11-Jul-2014,9:13 AM,Property damage only (none injured),2,0,0,Angle,V1: Turning left / V2:Travelling straight ahead,V1:Northbound / V2:Northbound ,V1: Collision with motor vehicle in traffic / V2: Collision with motor vehicle in traffic ,"V1: Light truck(van, mini-van, panel, pickup, sport utility) with only four tires / V2:Passenger car",Dry,Daylight,Clear,MASSACHUSETTS AVENUE CONNECTOR / FRONTAGE ROAD / RAMP-FRONTAGE RD TO RTS 93 NB/3 NB,,,,,,235865.0173,898419.1854
3878963,BOSTON,11-Jul-2014,9:30 AM,Property damage only (none injured),3,0,0,Rear-end,V1: Slowing or stopped in traffic / V2:Slowing or stopped in traffic / V3:Travelling straight ahead,V1:Northbound / V2:Northbound / V3:Northbound ,V1: Collision with motor vehicle in traffic / V2: Collision with motor vehicle in traffic / V3: Collision with motor vehicle in traffic ,"V1: Light truck(van, mini-van, panel, pickup, sport utility) with only four tires / V2:Passenger car / V3:Tractor/semi-trailer",Dry,Daylight,Clear,,GENERAL CASIMIR PULASKI SKYWAY Rte 93 N / RAMP-COLUMBIA RD TO RTS 93 NB/3 NB,Rte 93  N Milemarker 15.5,,,,236720.6922,897043.0256
3888939,BOSTON (DORCHESTER),11-Jul-2014,10:34 AM,Non-fatal injury,1,1,0,Single vehicle crash,V1: Travelling straight ahead,V1:Eastbound ,V1: Collision with pedestrian ,V1: Passenger car,Dry,Daylight,Clear,NEPONSET AVENUE,VICTORY ROAD / MANLEY STREET,,,,P2:Pedestrian,236781.0626,894038.1248
3896120,BOSTON,11-Jul-2014,12:17 PM,Property damage only (none injured),2,0,0,Rear-end,V1: Slowing or stopped in traffic / V2:Travelling straight ahead,V1:Southbound / V2:Southbound ,V1: Collision with motor vehicle in traffic / V2: Collision with motor vehicle in traffic ,"V1: Light truck(van, mini-van, panel, pickup, sport utility) with only four tires / V2:Passenger car",Dry,Daylight,Clear,,JOHN F FITZGERALD EXPRESSWAY Rte 3A S / RAMP-LEVERETT CIR TO RTS 93 SB/3 SB Rte 3A S,,,ENTRANCE TO THE S/B O'NEIL TUNNE,,236222.338,901801.1215
3882036,BOSTON,11-Jul-2014,12:46 PM,Property damage only (none injured),1,0,0,Single vehicle crash,V1: Entering traffic lane,V1:Eastbound ,V1: Collision with curb ,"V1: Single-unit truck (2-axle, 6-tire)",Dry,Daylight,Clear,,RAMP-CAMBRIDGE ST/WESTERN AVE TO RT 90 E,,,,,231262.7783,900796.6333
3881351,BOSTON,11-Jul-2014,3:31 PM,Property damage only (none injured),2,0,0,Rear-end,V1: Travelling straight ahead / V2:Slowing or stopped in traffic,V1:Westbound / V2:Westbound ,V1: Collision with motor vehicle in traffic / V2: Collision with motor vehicle in traffic ,"V1: Passenger car / V2:Light truck(van, mini-van, panel, pickup, sport utility) with only four tires",Dry,Daylight,Clear,,Rte 90 W / UNKNOWN,,,,,231312.2051,900784.6587
3907399,BOSTON (ROXBURY),11-Jul-2014,3:46 PM,Not Reported,1,0,0,Not reported,V1: Not reported,V1:Not reported ,V1: Not reported ,V1: Unknown vehicle configuration,Not reported,Not reported,Not Reported,,125 PARKER HILL AVENUE,,,,,232479.9608,897789.0651
3878670,BOSTON,11-Jul-2014,5:45 PM,Property damage only (none injured),2,0,0,Rear-end,V1: Slowing or stopped in traffic / V2:Slowing or stopped in traffic,V1:Northbound / V2:Northbound ,V1: Collision with motor vehicle in traffic / V2: Collision with motor vehicle in traffic ,"V1: Passenger car / V2:Light truck(van, mini-van, panel, pickup, sport utility) with only four tires",Dry,Daylight,Clear,,Rte 93 N / UNKNOWN,,Exit 13 on Rte 93 N,,,237420.1414,894076.5227
3938917,BOSTON,11-Jul-2014,8:10 PM,Non-fatal injury,1,1,0,Single vehicle crash,V1: Travelling straight ahead,V1:Southbound ,V1: Collision with curb ,V1: Motorcycle,Dry,Dark - lighted roadway,Clear,,JAMAICAWAY Rte UNKNOW / BYNNER STREET,,,,,231761.9221,897172.3749
3888625,BOSTON (DORCHESTER),12-Jul-2014,00:00 AM,Non-fatal injury,1,1,0,Head-on,V1: Travelling straight ahead,V1:Not reported ,V1: Not reported ,"V1: Single-unit truck (2-axle, 6-tire)",Dry,Daylight,Clear,,118 BOWDOIN STREET,,,,P2:Pedestrian,236009.1045,901048.1745
3912208,BOSTON,12-Jul-2014,10:58 AM,Non-fatal injury,1,1,0,Not reported,V1: Travelling straight ahead,V1:Northbound ,V1: Not reported ,"V1: Light truck(van, mini-van, panel, pickup, sport utility) with only four tires",Dry,Daylight,Clear,,160 SOUTHAMPTON STREET,,,,P2:Pedestrian,235686.5304,897978.9924
3878595,BOSTON,12-Jul-2014,11:48 AM,Property damage only (none injured),2,0,0,Rear-end,V1: Slowing or stopped in traffic / V2:Travelling straight ahead,V1:Westbound / V2:Westbound ,V1: Collision with motor vehicle in traffic / V2: Collision with motor vehicle in traffic ,"V1: Passenger car / V2:Light truck(van, mini-van, panel, pickup, sport utility) with only four tires",Dry,Daylight,Clear,,GALLIVAN BOULEVARD Rte UNKNOW W / 272 ALICIA ROAD,,,,"P3:Other non-motorist (wheelchair, etc.)",235645.547,892190.2502
3888938,BOSTON (DORCHESTER),12-Jul-2014,12:00 PM,Fatal injury,1,0,1,Single vehicle crash,V1: Not reported,V1:Not reported ,V1: Not reported ,"V1: Light truck(van, mini-van, panel, pickup, sport utility) with only four tires",Dry,Dark - lighted roadway,Clear,RIVER STREET / WASHINGTON STREET,,,,,P2:Pedestrian,235525.0155,891426.0626
3923270,BOSTON,12-Jul-2014,1:29 PM,Property damage only (none injured),2,0,0,Rear-to-rear,V1: Backing / V2:Parked,V1:Not reported / V2:Not reported ,V1: Collision with parked motor vehicle / V2: Unknown ,V1: Passenger car / V2:Passenger car,Dry,Daylight,Clear/Clear,,CALUMET STREET,,,STOP & SHOP,,232536.5494,898155.3814
3882044,BOSTON,12-Jul-2014,3:17 PM,Property damage only (none injured),2,0,0,"Sideswipe, same direction",V1: Travelling straight ahead / V2:Travelling straight ahead,V1:Southbound / V2:Southbound ,V1: Collision with motor vehicle in traffic / V2: Collision with motor vehicle in traffic ,V1: Passenger car / V2:Truck tractor (bobtail),Dry,Daylight,Not Reported,,LEVERETT CIRCLE / EMBANKMENT ROAD Rte 28 S,,,,,235573.5416,901874.0909
3881467,BOSTON,12-Jul-2014,3:45 PM,Property damage only (none injured),2,0,0,Angle,V1: Travelling straight ahead / V2:Turning left,V1:Northbound / V2:Eastbound ,V1: Collision with motor vehicle in traffic / V2: Collision with motor vehicle in traffic ,V1: Passenger car / V2:Passenger car,Dry,Daylight,Clear,,FRONTAGE ROAD Rte UNKNOW N / BROADWAY,,,,,236165.6755,899351.7012
3881833,BOSTON,12-Jul-2014,5:20 PM,Property damage only (none injured),2,0,0,Rear-end,V1: Travelling straight ahead / V2:Travelling straight ahead,V1:Southbound / V2:Southbound ,V1: Collision with motor vehicle in traffic / V2: Collision with motor vehicle in traffic ,V1: Passenger car / V2:Passenger car,Dry,Daylight,Clear,,Rte 93 S / UNKNOWN,,Exit 26 on Rte 93 S,,,234851.4113,903728.5151
3900401,BOSTON,12-Jul-2014,6:00 PM,Property damage only (none injured),3,0,0,Rear-end,V1: Travelling straight ahead / V2:Slowing or stopped in traffic / V3:Travelling straight ahead,V1:Southbound / V2:Southbound / V3:Southbound ,V1: Collision with motor vehicle in traffic / V2: Collision with motor vehicle in traffic / V3: Collision with motor vehicle in traffic ,V1: Passenger car / V2:Passenger car / V3:Passenger car,Dry,Daylight,Clear,,Rte 93 S / UNKNOWN,,Exit 15 on Rte 93 S,,,236629.6253,897168.5001
3881796,BOSTON,13-Jul-2014,00:00 AM,Property damage only (none injured),1,0,0,Single vehicle crash,V1: Travelling straight ahead,V1:Northbound ,V1: Collision with motor vehicle in traffic ,V1: Passenger car,Dry,Dark - lighted roadway,Clear,,Rte 93 N / UNKNOWN,,Exit 23 on Rte 93 N,,,236957.4837,900943.9828
3905317,BOSTON,13-Jul-2014,00:00 AM,Non-fatal injury,1,1,0,Single vehicle crash,V1: Turning left,V1:Not reported ,V1: Collision with pedestrian ,V1: Passenger car,Dry,Dark - lighted roadway,Clear,TREMONT STREET / HAMMOND STREET,,,,,P2:Pedestrian,234283.4063,898622.1872
3896076,BOSTON,13-Jul-2014,10:40 AM,Non-fatal injury,1,1,0,Single vehicle crash,V1: Travelling straight ahead,V1:Southbound ,V1: Collision with median barrier ,V1: Passenger car,Dry,Daylight,Clear,,Rte 93 S / UNKNOWN,,Exit 13 on Rte 93 S,,,237399.8866,894072.472
3881413,BOSTON,13-Jul-2014,12:24 PM,Non-fatal injury,3,1,0,Rear-end,V1: Slowing or stopped in traffic / V2:Slowing or stopped in traffic / V3:Travelling straight ahead,V1:Southbound / V2:Southbound / V3:Southbound ,V1: Collision with motor vehicle in traffic / V2: Collision with motor vehicle in traffic / V3: Collision with motor vehicle in traffic ,"V1: Light truck(van, mini-van, panel, pickup, sport utility) with only four tires / V2:Passenger car / V3:Light truck(van, mini-van, panel, pickup, sport utility) with only four tires",Dry,Daylight,Clear,,MAURICE TOBIN BRIDGE Rte 1 S / TOBIN BRIDGE Rte 1 S,,,TOBIN BRIDGE CHARLESTOWN,,236910.2645,903399.0783
3912046,BOSTON,13-Jul-2014,3:20 PM,Property damage only (none injured),3,0,0,Rear-end,V1: Travelling straight ahead / V2:Slowing or stopped in traffic / V3:Slowing or stopped in traffic,V1:Northbound / V2:Northbound / V3:Northbound ,V1: Collision with motor vehicle in traffic / V2: Collision with motor vehicle in traffic / V3: Collision with motor vehicle in traffic ,"V1: Passenger car / V2:Light truck(van, mini-van, panel, pickup, sport utility) with only four tires / V3:Light truck(van, mini-van, panel, pickup, sport utility) with only four tires",Dry,Daylight,Clear,,GENERAL CASIMIR PULASKI SKYWAY Rte 93 N,,Exit 14 on Rte 93 N,,,237268.0131,894460.9837
3902086,BOSTON,13-Jul-2014,4:15 PM,Non-fatal injury,2,1,0,Angle,V1: Entering traffic lane / V2:Travelling straight ahead,V1:Southbound / V2:Westbound ,V1: Collision with motor vehicle in traffic / V2: Collision with motor vehicle in traffic ,V1: Passenger car / V2:Passenger car,Dry,Daylight,Clear,,GALLIVAN BOULEVARD Rte UNKNOW / MILTON AVENUE,,,,,235078.9376,892049.5623
3878969,BOSTON,13-Jul-2014,6:55 PM,Property damage only (none injured),2,0,0,Rear-end,V1: Slowing or stopped in traffic / V2:Travelling straight ahead,V1:Northbound / V2:Northbound ,V1: Collision with motor vehicle in traffic / V2: Collision with motor vehicle in traffic ,"V1: Passenger car / V2:Light truck(van, mini-van, panel, pickup, sport utility) with only four tires",Dry,Daylight,Clear,,Rte 93 N,,Exit 15 on Rte 93 N,,,236972.2496,896473.4282
3886968,BOSTON,13-Jul-2014,10:40 PM,Non-fatal injury,2,1,0,Angle,V1: Travelling straight ahead / V2:Turning left,V1:Westbound / V2:Northbound ,V1: Collision with motor vehicle in traffic / V2: Collision with motor vehicle in traffic ,V1: Passenger car / V2:Passenger car,Dry,Dark - lighted roadway,Cloudy,,CAMBRIDGE STREET Rte UNKNOW / MASSACHUSETTS TURNPIKE,,,DOUBLE TREE HOTEL,,230416.0205,900716.7499
3889164,BOSTON,14-Jul-2014,1:32 AM,Non-fatal injury,2,1,0,Rear-end,V1: Travelling straight ahead / V2:Travelling straight ahead,V1:Not reported / V2:Not reported ,V1: Collision with motor vehicle in traffic / V2: Collision with motor vehicle in traffic ,"V1: Light truck(van, mini-van, panel, pickup, sport utility) with only four tires / V2:Light truck(van, mini-van, panel, pickup, sport utility) with only four tires",Dry,Dark - lighted roadway,Cloudy/Other,,LOVELL STREET,,,,,239308.0297,903325.5703
3909645,BOSTON (DORCHESTER),14-Jul-2014,8:35 AM,Non-fatal injury,2,2,0,Rear-end,V1: Slowing or stopped in traffic / V2:Travelling straight ahead,V1:Eastbound / V2:Eastbound ,V1: Collision with motor vehicle in traffic / V2: Collision with motor vehicle in traffic ,V1: Passenger car / V2:Passenger car,Dry,Daylight,Clear,EAST STREET / DORCHESTER AVENUE,,,,,,236407.2345,895327.0623
3901326,BOSTON,14-Jul-2014,9:05 AM,Property damage only (none injured),2,0,0,"Sideswipe, same direction",V1: Travelling straight ahead / V2:Entering traffic lane,V1:Northbound / V2:Northbound ,V1: Collision with motor vehicle in traffic / V2: Collision with motor vehicle in traffic ,"V1: Bus (seats for more than 15 people, including driver) / V2:Passenger car",Dry,Daylight,Clear,RAMP-RT 93 NB TO FRONTAGE RD ROAD / JOHN  F FITZGERALD EXPRESSWAY Rte I93 N,,,,@ RAMP II ON RAMP,,236145.8437,897892.5002
3881868,BOSTON,14-Jul-2014,10:58 AM,Property damage only (none injured),2,0,0,Rear-end,V1: Slowing or stopped in traffic / V2:Travelling straight ahead,V1:Southbound / V2:Southbound ,V1: Collision with motor vehicle in traffic / V2: Collision with motor vehicle in traffic ,"V1: Light truck(van, mini-van, panel, pickup, sport utility) with only four tires / V2:Passenger car",Dry,Daylight,Cloudy,,SUMNER TUNNEL / RAMP-SUMNER TUNL TO RT 3 NB (STORROW DR),,,SUMNER TUNNEL,,237232.3477,901953.9384
3901042,BOSTON,14-Jul-2014,11:30 AM,Non-fatal injury,3,1,0,Unknown,V1: Slowing or stopped in traffic / V2:Entering traffic lane / V3:Travelling straight ahead,V1:Southbound / V2:Northbound / V3:Westbound ,V1: Collision with motor vehicle in traffic / V2: Collision with motor vehicle in traffic / V3: Collision with motor vehicle in traffic ,"V1: Passenger car / V2:Passenger car / V3:Light truck(van, mini-van, panel, pickup, sport utility) with only four tires",Dry,Daylight,Clear/Clear,COLUMBIA ROAD / WASHINGTON STREET,,,,,,234591.703,895070.8124
3902087,BOSTON,14-Jul-2014,11:50 AM,Property damage only (none injured),2,0,0,"Sideswipe, same direction",V1: Travelling straight ahead / V2:Entering traffic lane,V1:Southbound / V2:Southbound ,V1: Collision with motor vehicle in traffic / V2: Collision with motor vehicle in traffic ,V1: Passenger car / V2:Passenger car,Dry,Daylight,Clear,,985 WILLIAM T MORRISSEY BOULEVARD / 985 BLOOMINGTON STREET,,,,,237397.4033,893445.6261
3888254,BOSTON (DORCHESTER),14-Jul-2014,12:05 PM,Non-fatal injury,2,1,0,Not reported,V1: Travelling straight ahead / V2:Travelling straight ahead,V1:Not reported / V2:Not reported ,V1: Collision with motor vehicle in traffic / V2: Collision with motor vehicle in traffic ,"V1: Passenger car / V2:Unknown heavy truck, cannot classify",Not reported,Not reported,Not Reported,SAWYER AVENUE / PLEASANT STREET,,,,,,236366.1875,895903.5625
3909548,BOSTON,14-Jul-2014,3:30 PM,Not Reported,2,0,0,Not reported,V1: Not reported / V2:Not reported,V1:Not reported / V2:Not reported ,V1: Not reported / V2: Not reported ,V1: Passenger car / V2:Passenger car,Not reported,Not reported,Not Reported,HUNTINGTON AVENUE / FORSYTH WAY,,,,,,233602.6014,898818.5224