Crash Number,City/Town Name,Crash Date,Crash Time,Crash Severity,Number of Vehicles,Total Nonfatal Injuries,Total Fatal Injuries,Manner of Collision,Vehicle Action Prior to Crash,Vehicle Travel Directions,Most Harmful Events,Vehicle Configuration,Road Surface Condition,Ambient Light,Weather Condition,At Roadway Intersection,Distance from Nearest Roadway Intersection,Distance from Nearest Milemarker,Distance from Nearest Exit,Distance from Nearest Landmark,Non Motorist Type,X Coordinate,Y Coordinate
3880599,BOSTON,14-Jul-2014,3:47 PM,Property damage only (none injured),2,0,0,Rear-end,V1: Travelling straight ahead / V2:Travelling straight ahead,V1:Eastbound / V2:Eastbound ,V1: Collision with motor vehicle in traffic / V2: Collision with motor vehicle in traffic ,V1: Motorcycle / V2:Passenger car,Dry,Daylight,Cloudy,,MORTON STREET Rte 203 E / RAMP-RT 203 EB TO/FROM AMERICAN LEGION H,,,AMERICAN LEGION PKWAY,,233355.9538,893483.3036
3882045,BOSTON,14-Jul-2014,4:56 PM,Non-fatal injury,2,1,0,Angle,V1: Travelling straight ahead / V2:Travelling straight ahead,V1:Southbound / V2:Westbound ,V1: Collision with motor vehicle in traffic / V2: Collision with motor vehicle in traffic ,V1: Passenger car / V2:Passenger car,Dry,Daylight,Cloudy,BROOKLINE AVENUE / FENWAY,,,,,,232691.9572,899212.3563
3881235,BOSTON (HYDE PARK),14-Jul-2014,5:00 PM,Not Reported,2,0,0,Angle,V1: Travelling straight ahead / V2:Turning left,V1:Northbound / V2:Southbound ,V1: Collision with motor vehicle in traffic / V2: Collision with motor vehicle in traffic ,"V1: Passenger car / V2:Light truck(van, mini-van, panel, pickup, sport utility) with only four tires",Dry,Daylight,Cloudy,WEST STREET / LODGEHILL ROAD,,,,,,230710.1409,890550.9998
3901038,BOSTON,14-Jul-2014,5:08 PM,Not Reported,2,0,0,Rear-end,V1: Backing / V2:Parked,V1:Not reported / V2:Not reported ,V1: Collision with parked motor vehicle / V2: Collision with parked motor vehicle ,V1: Passenger car / V2:Passenger car,Dry,Daylight,Cloudy/Rain,,37 PARKER HILL AVENUE,,,,,232176.5124,897996.7492
3881834,BOSTON,14-Jul-2014,5:20 PM,Property damage only (none injured),2,0,0,Rear-end,V1: Travelling straight ahead / V2:Slowing or stopped in traffic,V1:Southbound / V2:Southbound ,V1: Collision with motor vehicle in traffic / V2: Collision with motor vehicle in traffic ,V1: Passenger car / V2:Passenger car,Wet,Dark - lighted roadway,Rain,,Rte 93 S / UNKNOWN,,Exit 20 on Rte 93 S,,,236954.209,900826.9442
3881835,BOSTON,14-Jul-2014,7:00 PM,Property damage only (none injured),3,0,0,Rear-end,V1: Travelling straight ahead / V2:Travelling straight ahead / V3:Travelling straight ahead,V1:Southbound / V2:Southbound / V3:Southbound ,V1: Collision with motor vehicle in traffic / V2: Collision with motor vehicle in traffic / V3: Collision with motor vehicle in traffic ,"V1: Passenger car / V2:Passenger car / V3:Light truck(van, mini-van, panel, pickup, sport utility) with only four tires",Dry,Dusk,Rain,,Rte 93 S / UNKNOWN,,Exit 24 on Rte 93 S,,,236397.1933,901565.6511
3896121,BOSTON,14-Jul-2014,9:08 PM,Property damage only (none injured),1,0,0,Single vehicle crash,V1: Travelling straight ahead,V1:Eastbound ,V1: Collision with guardrail ,V1: Passenger car,Wet,Dark - lighted roadway,Cloudy,,STORROW DRIVE Rte 28 N / EMBANKMENT ROAD Rte 28 N,,,LONGFELLOW BRIDGE,,235231.4838,901312.2596
3882057,BOSTON,15-Jul-2014,00:00 AM,Property damage only (none injured),1,0,0,Single vehicle crash,V1: Travelling straight ahead,V1:Westbound ,V1: Collision with guardrail ,V1: Passenger car,Wet,Dark - lighted roadway,Rain,,SOLDIERS FIELD ROAD / NORTH HARVARD STREET,,,BETWEEN WEEKS FOOTBRIDGE AND N H,,230992.3482,902048.2872
3902054,BOSTON,15-Jul-2014,8:15 AM,Non-fatal injury,1,1,0,Single vehicle crash,V1: Travelling straight ahead,V1:Northbound ,V1: Collision with light pole or other post/support ,V1: Passenger car,Dry,Daylight,Clear,NEPONSET AVENUE / GALLIVAN BOULEVARD,,,,,,237735.2263,892889.9254
3893233,BOSTON,15-Jul-2014,10:00 AM,Property damage only (none injured),2,0,0,Angle,V1: Backing / V2:Parked,V1:Northbound / V2:Not reported ,V1: Not reported / V2: Not reported ,V1: Passenger car / V2:Passenger car,Dry,Daylight,Clear,,26 TOLMAN STREET,,,,,237416.581,893305.3831
3881866,BOSTON,15-Jul-2014,12:25 PM,Non-fatal injury,2,1,0,Angle,V1: Turning left / V2:Travelling straight ahead,V1:Northbound / V2:Westbound ,V1: Collision with motor vehicle in traffic / V2: Collision with motor vehicle in traffic ,"V1: Passenger car / V2:Light truck(van, mini-van, panel, pickup, sport utility) with only four tires",Dry,Daylight,Clear,,MORTON STREET Rte UNKNOW W / WILCOCK STREET,,,,,233512.2969,893040.0627
3901554,BOSTON,15-Jul-2014,1:25 PM,Non-fatal injury,3,2,0,Not reported,V1: Slowing or stopped in traffic / V2:Slowing or stopped in traffic / V3:Changing lanes,V1:Eastbound / V2:Eastbound / V3:Eastbound ,V1: Collision with motor vehicle in traffic / V2: Collision with motor vehicle in traffic / V3: Collision with motor vehicle in traffic ,V1: Passenger car / V2:Truck tractor (bobtail) / V3:Passenger car,Not reported,Not reported,Not Reported,,811 MASSACHUSETTS AVENUE,,,,,235249.8504,898102.0204
3883936,BOSTON,15-Jul-2014,4:52 PM,Non-fatal injury,1,1,0,Not reported,V1: Travelling straight ahead,V1:Westbound ,V1: Collision with motor vehicle in traffic ,"V1: Bus (seats for 7-15 people, including driver)",Dry,Daylight,Clear,,STORROW DRIVE / DAVID G MUGAR WAY Rte 28 S,,,@ HATCH SHELL,,235166.8172,900796.4008
3898439,BOSTON,15-Jul-2014,5:30 PM,Property damage only (none injured),3,0,0,Rear-end,V1: Travelling straight ahead / V2:Slowing or stopped in traffic / V3:Slowing or stopped in traffic,V1:Northbound / V2:Northbound / V3:Northbound ,V1: Collision with motor vehicle in traffic / V2: Collision with motor vehicle in traffic / V3: Collision with motor vehicle in traffic ,"V1: Light truck(van, mini-van, panel, pickup, sport utility) with only four tires / V2:Light truck(van, mini-van, panel, pickup, sport utility) with only four tires / V3:Light truck(van, mini-van, panel, pickup, sport utility) with only four tires",Dry,Daylight,Clear,,Rte 93 N / UNKNOWN,,Exit 28 on Rte 93 N,,,234953.5188,903173.3157
3886263,BOSTON,15-Jul-2014,9:10 PM,Property damage only (none injured),3,0,0,Rear-end,V1: Slowing or stopped in traffic / V2:Slowing or stopped in traffic / V3:Travelling straight ahead,V1:Southbound / V2:Southbound / V3:Southbound ,V1: Collision with motor vehicle in traffic / V2: Collision with motor vehicle in traffic / V3: Collision with motor vehicle in traffic ,"V1: Passenger car / V2:Passenger car / V3:Light truck(van, mini-van, panel, pickup, sport utility) with only four tires",Dry,Dark - lighted roadway,Clear,,SOUTHBOUND FRONTAGE ROAD,,,,,236233.643,897708.7329
3881469,BOSTON,15-Jul-2014,10:45 PM,Non-fatal injury,3,1,0,Rear-end,V1: Travelling straight ahead / V2:Travelling straight ahead / V3:Travelling straight ahead,V1:Westbound / V2:Westbound / V3:Westbound ,V1: Collision with motor vehicle in traffic / V2: Collision with motor vehicle in traffic / V3: Collision with motor vehicle in traffic ,"V1: Passenger car / V2:Passenger car / V3:Light truck(van, mini-van, panel, pickup, sport utility) with only four tires",Dry,Dark - lighted roadway,Clear,,STORROW DRIVE Rte UNKNOW W / DAVID G MUGAR WAY,,,,,235214.6816,900915.4701
3880589,BOSTON,16-Jul-2014,1:32 AM,Property damage only (none injured),1,0,0,Single vehicle crash,V1: Other,V1:Southbound ,V1: Collision with fence ,V1: Passenger car,Dry,Dark - lighted roadway,Clear,,KELLEY CIRCLE Rte UNKNOW / PARKMAN DRIVE,,,,,231180.0939,895997.3752
4022499,BOSTON,16-Jul-2014,5:45 AM,Non-fatal injury,1,1,0,Single vehicle crash,V1: Travelling straight ahead,V1:Westbound ,V1: Collision with pedestrian ,"V1: Bus (seats for more than 15 people, including driver)",Unknown,Unknown,Unknown,SOUTHAMPTON STREET / ELLERY STREET,,,,,P2:Pedestrian,236409.1561,897788.0624
3905314,BOSTON,16-Jul-2014,7:54 AM,Property damage only (none injured),2,0,0,Not reported,V1: Turning left / V2:Other,V1:Not reported / V2:Northbound ,V1: Collision with motor vehicle in traffic / V2: Collision with motor vehicle in traffic ,V1: Passenger car / V2:Passenger car,Not reported,Not reported,Not Reported,,BELVIDERE STREET / DALTON STREET,,,,,234325.7502,899572.5002
3881836,BOSTON,16-Jul-2014,8:05 AM,Property damage only (none injured),2,0,0,Rear-end,V1: Changing lanes / V2:Travelling straight ahead,V1:Southbound / V2:Southbound ,V1: Collision with motor vehicle in traffic / V2: Collision with motor vehicle in traffic ,"V1: Light truck(van, mini-van, panel, pickup, sport utility) with only four tires / V2:Passenger car",Wet,Daylight,Cloudy,,Rte 93 S / UNKNOWN,,,,,235868.8264,902227.4649
3902066,BOSTON,16-Jul-2014,8:30 AM,Property damage only (none injured),2,0,0,"Sideswipe, opposite direction",V1: Travelling straight ahead / V2:Turning right,V1:Eastbound / V2:Northbound ,V1: Collision with motor vehicle in traffic / V2: Collision with motor vehicle in traffic ,V1: Passenger car / V2:Passenger car,Dry,Daylight,Not Reported,COLUMBIA ROAD / BABE RUTH PARK DRIVE,,,,,,237269.1402,897834.8207
3882037,BOSTON,16-Jul-2014,10:20 AM,Property damage only (none injured),5,0,0,Rear-end,V1: Other / V2:Slowing or stopped in traffic / V3:Slowing or stopped in traffic / V4:Slowing or stopped in traffic / V5:Slowing or stopped in traffic,V1:Southbound / V2:Southbound / V3:Southbound / V4:Southbound / V5:Southbound ,V1: Collision with motor vehicle in traffic / V2: Collision with motor vehicle in traffic / V3: Collision with motor vehicle in traffic / V4: Collision with motor vehicle in traffic / V5: Collision with motor vehicle in traffic ,"V1: Light truck(van, mini-van, panel, pickup, sport utility) with only four tires / V2:Passenger car / V3:Passenger car / V4:Passenger car / V5:Passenger car",Wet,Daylight,Rain,,459 feet S from Intersection JOHN F FITZGERALD EXPRESSWAY Rte 93 S / RAMP-N WASHINGTON ST TO RTS 93 SB/3 SB,Rte 93  S Milemarker 17.3,,,,236903.2041,901021.6179
3888660,BOSTON,16-Jul-2014,10:40 AM,Property damage only (none injured),2,0,0,Rear-end,V1: Changing lanes / V2:Travelling straight ahead,V1:Southbound / V2:Southbound ,V1: Collision with motor vehicle in traffic / V2: Collision with motor vehicle in traffic ,V1: Passenger car / V2:Single-unit truck (3-or-more axles),Wet,Daylight,Rain,,Rte 93 S,,Exit 23 on Rte 93 S,,,236856.2793,901152.8251
3881470,BOSTON,16-Jul-2014,10:40 AM,Non-fatal injury,2,1,0,Rear-end,V1: Slowing or stopped in traffic / V2:Travelling straight ahead,V1:Eastbound / V2:Eastbound ,V1: Collision with motor vehicle in traffic / V2: Collision with motor vehicle in traffic ,V1: Passenger car / V2:Passenger car,Wet,Daylight,Not Reported,,CHARLES STREET / LONGFELLOW BRIDGE,,,MASS EYE &AMP; EAR,,235315.0875,901308.8257
3905531,BOSTON,16-Jul-2014,10:45 AM,Property damage only (none injured),2,0,0,Head-on,V1: Travelling straight ahead / V2:Turning left,V1:Not reported / V2:Not reported ,V1: Collision with motor vehicle in traffic / V2: Collision with motor vehicle in traffic ,V1: Passenger car / V2:Passenger car,Wet,Daylight,Rain,HEATH STREET / SCHILLER STREET,,,,,,232538.1565,897366.9373
3882046,BOSTON,16-Jul-2014,12:05 PM,Non-fatal injury,1,1,0,Single vehicle crash,V1: Turning left,V1:Westbound ,V1: Collision with guardrail ,V1: Passenger car,Wet,Daylight,Rain,,0 feet E from Intersection SOLDIERS FIELD ROAD / NORTH HARVARD STREET,,,,,230992.3482,902048.2872
3888657,BOSTON,16-Jul-2014,1:10 PM,Property damage only (none injured),2,0,0,Angle,V1: Travelling straight ahead / V2:Changing lanes,V1:Southbound / V2:Southbound ,V1: Collision with motor vehicle in traffic / V2: Collision with motor vehicle in traffic ,V1: Tractor/semi-trailer / V2:Passenger car,Dry,Daylight,Clear,,TEMPORARY RAMP Rte 1 S / MAURICE TOBIN BRIDGE,,,TOBIN BRIDGE,,235853.0976,902245.2623
3881837,BOSTON,16-Jul-2014,3:30 PM,Property damage only (none injured),2,0,0,"Sideswipe, same direction",V1: Changing lanes / V2:Travelling straight ahead,V1:Eastbound / V2:Eastbound ,V1: Collision with motor vehicle in traffic / V2: Collision with motor vehicle in traffic ,"V1: Light truck(van, mini-van, panel, pickup, sport utility) with only four tires / V2:Passenger car",Wet,Daylight,Cloudy/Rain,,LEVERETT CIRCLE CONNECTOR Rte UNKNOW E / LEVERETT CIRCLE,,,S-N TUNNEL,,235663.3717,901874.5894
3886224,BOSTON,16-Jul-2014,4:10 PM,Non-fatal injury,4,1,0,Rear-end,V1: Travelling straight ahead / V2:Travelling straight ahead / V3:Travelling straight ahead / V4:Travelling straight ahead,V1:Eastbound / V2:Eastbound / V3:Eastbound / V4:Eastbound ,V1: Collision with motor vehicle in traffic / V2: Collision with motor vehicle in traffic / V3: Collision with motor vehicle in traffic / V4: Collision with motor vehicle in traffic ,"V1: Light truck(van, mini-van, panel, pickup, sport utility) with only four tires / V2:Passenger car / V3:Passenger car / V4:Passenger car",Dry,Daylight,Clear,,RAMP-FRONTAGE RD TO RTS 90 EB/1A NB / FRONTAGE ROAD,,,FL RAMP,,236053.4088,899028.443
3882038,BOSTON,16-Jul-2014,4:45 PM,Property damage only (none injured),3,0,0,Rear-end,V1: Travelling straight ahead / V2:Slowing or stopped in traffic / V3:Slowing or stopped in traffic,V1:Southbound / V2:Southbound / V3:Southbound ,V1: Collision with motor vehicle in traffic / V2: Collision with motor vehicle in traffic / V3: Collision with motor vehicle in traffic ,"V1: Light truck(van, mini-van, panel, pickup, sport utility) with only four tires / V2:Passenger car / V3:Light truck(van, mini-van, panel, pickup, sport utility) with only four tires",Wet,Daylight,Rain,,RAMP-LEVERETT CIR TO RTS 93 SB/3 SB Rte 3A S / JOHN F FITZGERALD EXPRESSWAY Rte 1 S,,,LOWER DECK,,236120.5158,901910.8255
3892731,BOSTON,16-Jul-2014,4:46 PM,Non-fatal injury,1,1,0,Not reported,V1: Travelling straight ahead,V1:Not reported ,V1: Collision with pedestrian ,V1: Passenger car,Wet,Daylight,Rain/Rain,,20 feet S from Intersection 14 DOWNER COURT / BOWDOIN STREET,,,,P3:Pedestrian,235947.9541,895547.447
3887126,BOSTON,16-Jul-2014,5:00 PM,Unknown,2,0,0,"Sideswipe, opposite direction",V1: Travelling straight ahead / V2:Slowing or stopped in traffic,V1:Eastbound / V2:Westbound ,V1: Collision with motor vehicle in traffic / V2: Collision with motor vehicle in traffic ,"V1: Light truck(van, mini-van, panel, pickup, sport utility) with only four tires / V2:Other",Wet,Daylight,Rain/Cloudy,HUNTINGTON AVENUE / FENWOOD ROAD,754 HUNTINGTON AVENUE,,,TROLLEY,,232502.4819,898217.9192
3892732,BOSTON,16-Jul-2014,5:24 PM,Property damage only (none injured),1,0,0,Single vehicle crash,V1: Turning left,V1:Westbound ,"V1: Collision with cyclist (bicycle, tricycle, unicycle, pedal car) ",V1: Passenger car,Wet,Daylight,Rain/Rain,DORCHESTER AVENUE / HANCOCK STREET,,,,,"P2:Pedalcyclist (bicycle, tricycle, unicycle, pedal car)",236415.7967,895386.25
3887998,BOSTON,16-Jul-2014,6:47 PM,Property damage only (none injured),2,0,0,Angle,V1: Turning left / V2:Travelling straight ahead,V1:Southbound / V2:Southbound ,V1: Collision with motor vehicle in traffic / V2: Collision with motor vehicle in traffic ,V1: Passenger car / V2:Passenger car,Wet,Daylight,Cloudy/Rain,,NEPONSET AVENUE Rte UNKNOW / WILLIAM T MORRISSEY BOULEVARD,,,,,237696.0819,892924.3425
3881471,BOSTON,16-Jul-2014,7:00 PM,Not Reported,2,0,0,"Sideswipe, same direction",V1: Parked / V2:Slowing or stopped in traffic,V1:Not reported / V2:Not reported ,V1: Collision with motor vehicle in traffic / V2: Collision with parked motor vehicle ,V1: Passenger car / V2:Not reported,Dry,Daylight,Clear,,,,,CASTLE ISLAND PARKING LOT,,,
3887190,BOSTON,16-Jul-2014,9:00 PM,Fatal injury,1,0,1,Single vehicle crash,V1: Travelling straight ahead,V1:Eastbound ,V1: Collision with pedestrian ,V1: Passenger car,Dry,Dark - lighted roadway,Cloudy,,CAMBRIDGE STREET / Rte 90,,,RAMP TO ROUTE 90,P2:Pedestrian,230416.0205,900716.7499
3898364,BOSTON,16-Jul-2014,9:14 PM,Property damage only (none injured),1,0,0,Single vehicle crash,V1: Entering traffic lane,V1:Westbound ,V1: Collision with motor vehicle in traffic ,"V1: Light truck(van, mini-van, panel, pickup, sport utility) with only four tires",Wet,Dark - roadway not lighted,Clear,,MORTON STREET Rte UNKNOW,,,SHEA ROTARY,,232426.4151,894490.4999
3893846,BOSTON,17-Jul-2014,7:40 AM,Property damage only (none injured),2,0,0,Angle,V1: Travelling straight ahead / V2:Turning left,V1:Eastbound / V2:Westbound ,V1: Collision with motor vehicle in traffic / V2: Collision with motor vehicle in traffic ,"V1: Passenger car / V2:Light truck(van, mini-van, panel, pickup, sport utility) with only four tires",Dry,Daylight,Clear,,PERKINS STREET / PARKMAN DRIVE,,,,,231007.4685,896603.125
3896079,BOSTON,17-Jul-2014,12:20 PM,Property damage only (none injured),2,0,0,Rear-end,V1: Travelling straight ahead / V2:Travelling straight ahead,V1:Northbound / V2:Northbound ,V1: Collision with motor vehicle in traffic / V2: Collision with motor vehicle in traffic ,"V1: Passenger car / V2:Light truck(van, mini-van, panel, pickup, sport utility) with only four tires",Dry,Daylight,Clear,,OLD COLONY AVENUE / SERGEANT ALEXANDER F PACUSKA CIRCLE,,,,,236907.8697,897780.5061
3902070,BOSTON,17-Jul-2014,9:30 PM,Non-fatal injury,2,1,0,Rear-end,V1: Entering traffic lane / V2:Entering traffic lane,V1:Northbound / V2:Northbound ,V1: Collision with motor vehicle in traffic / V2: Collision with motor vehicle in traffic ,"V1: Light truck(van, mini-van, panel, pickup, sport utility) with only four tires / V2:Passenger car",Dry,Dark - lighted roadway,Clear,JOHN F FITZGERALD EXPRESSWAY Rte I93 N / RAMP-RT 3A NB TO RTS 93 NB/3 NB Rte SR3A N,,,,RAMP FROM NEOPNSET TO RTE 93N,,237634.4299,893472.9536
3925697,BOSTON (CHARLESTOWN),17-Jul-2014,9:41 PM,Not Reported,4,0,0,"Sideswipe, opposite direction",V1: Unknown / V2:Parked / V3:Parked / V4:Parked,V1:Not reported / V2:Not reported / V3:Not reported / V4:Not reported ,V1: Collision with parked motor vehicle / V2: Collision with parked motor vehicle / V3: Not reported / V4: Not reported ,V1: Unknown vehicle configuration / V2:Unknown vehicle configuration / V3:Unknown vehicle configuration / V4:Unknown vehicle configuration,Dry,Dark - lighted roadway,Clear/Unknown,MEDFORD STREET / MONUMENT STREET,,,,,,236321.5313,903334.1248
3893232,BOSTON,18-Jul-2014,9:40 AM,Non-fatal injury,2,2,0,Not reported,V1: Slowing or stopped in traffic / V2:Slowing or stopped in traffic,V1:Northbound / V2:Northbound ,V1: Collision with motor vehicle in traffic / V2: Collision with motor vehicle in traffic ,"V1: Light truck(van, mini-van, panel, pickup, sport utility) with only four tires / V2:Passenger car",Not reported,Not reported,Not Reported,,1001 ADAMS STREET,,,,,236222.8858,891882.1757
3881849,BOSTON,18-Jul-2014,10:15 AM,Property damage only (none injured),2,0,0,Angle,V1: Travelling straight ahead / V2:Travelling straight ahead,V1:Southbound / V2:Eastbound ,V1: Collision with motor vehicle in traffic / V2: Collision with motor vehicle in traffic ,V1: Passenger car / V2:Passenger car,Dry,Daylight,Clear,,CHARLESGATE EAST Rte UNKNOW / COMMONWEALTH AVENUE,,,,,233649.9732,899935.8523
3905106,BOSTON,18-Jul-2014,10:55 AM,Property damage only (none injured),2,0,0,Angle,V1: Travelling straight ahead / V2:Changing lanes,V1:Westbound / V2:Westbound ,V1: Collision with motor vehicle in traffic / V2: Collision with motor vehicle in traffic ,"V1: Light truck(van, mini-van, panel, pickup, sport utility) with only four tires / V2:Light truck(van, mini-van, panel, pickup, sport utility) with only four tires",Dry,Daylight,Clear,,200 feet S from Intersection 655 WILLIAM T MORRISSEY BOULEVARD / FREEPORT STREET,,,SHELL GAS STATION,,237135.0028,894525.5542
3898447,BOSTON,18-Jul-2014,11:52 AM,Non-fatal injury,2,1,0,Head-on,V1: Entering traffic lane / V2:Travelling straight ahead,V1:Westbound / V2:Eastbound ,V1: Collision with motor vehicle in traffic / V2: Collision with motor vehicle in traffic ,"V1: Light truck(van, mini-van, panel, pickup, sport utility) with only four tires / V2:Motorcycle",Dry,Daylight,Not Reported,MORTON STREET Rte SR203 W / GALLIVAN BOULEVARD Rte SR203 W,,,,,,234631.4265,892127.267
3899318,BOSTON,18-Jul-2014,1:20 PM,Property damage only (none injured),2,0,0,"Sideswipe, same direction",V1: Travelling straight ahead / V2:Travelling straight ahead,V1:Northbound / V2:Northbound ,V1: Reported but invalid / V2: Collision with motor vehicle in traffic ,"V1: Light truck(van, mini-van, panel, pickup, sport utility) with only four tires / V2:Passenger car",Dry,Daylight,Clear,,Rte 93 N / UNKNOWN,,Exit 11 on Rte 93 N,,,237094.7253,891674.8051
3886963,BOSTON,18-Jul-2014,3:30 PM,Property damage only (none injured),2,0,0,Rear-end,V1: Slowing or stopped in traffic / V2:Travelling straight ahead,V1:Westbound / V2:Westbound ,V1: Collision with motor vehicle in traffic / V2: Collision with motor vehicle in traffic ,V1: Passenger car / V2:Passenger car,Dry,Daylight,Clear,STORROW DRIVE / BERKELEY STREET,,,,STORROW DR W/B,,234799.0958,900581.8027
3881795,BOSTON,18-Jul-2014,3:50 PM,Non-fatal injury,2,1,0,Angle,V1: Travelling straight ahead / V2:Turning left,V1:Northbound / V2:Southbound ,V1: Collision with motor vehicle in traffic / V2: Collision with motor vehicle in traffic ,V1: Passenger car / V2:Passenger car,Dry,Daylight,Cloudy,AUTUMN STREET / RIVERWAY,,,,,,232105.411,898811.5289
3909666,BOSTON (DORCHESTER),18-Jul-2014,5:16 PM,Non-fatal injury,3,1,0,Rear-end,V1: Travelling straight ahead / V2:Travelling straight ahead / V3:Not reported,V1:Southbound / V2:Southbound / V3:Not reported ,V1: Collision with motor vehicle in traffic / V2: Collision with motor vehicle in traffic / V3: Not reported ,V1: Passenger car / V2:Passenger car / V3:Not reported,Dry,Daylight,Cloudy,WASHINGTON STREET / STOCKTON STREET,,,,,,235351.872,892598.2707
3899319,BOSTON,19-Jul-2014,10:04 AM,Property damage only (none injured),3,0,0,Rear-end,V1: Travelling straight ahead / V2:Travelling straight ahead / V3:Travelling straight ahead,V1:Northbound / V2:Northbound / V3:Northbound ,V1: Collision with motor vehicle in traffic / V2: Collision with motor vehicle in traffic / V3: Collision with motor vehicle in traffic ,"V1: Light truck(van, mini-van, panel, pickup, sport utility) with only four tires / V2:Passenger car / V3:Passenger car",Dry,Daylight,Cloudy,,Rte 93 N / UNKNOWN,,Exit 13 on Rte 93 N,,,237420.1414,894076.5227
3892831,BOSTON (DORCHESTER),19-Jul-2014,11:00 AM,Not Reported,1,0,0,Not reported,V1: Travelling straight ahead,V1:Not reported ,V1: Not reported ,"V1: Light truck(van, mini-van, panel, pickup, sport utility) with only four tires",Dry,Not reported,Clear,,1944 DORCHESTER AVENUE,,,,P2:Pedestrian,235899.0119,892723.2956
3886965,BOSTON,19-Jul-2014,4:34 PM,Non-fatal injury,2,1,0,Angle,V1: Travelling straight ahead / V2:Travelling straight ahead,V1:Eastbound / V2:Northbound ,V1: Collision with motor vehicle in traffic / V2: Collision with motor vehicle in traffic ,V1: Passenger car / V2:Passenger car,Dry,Daylight,Not Reported,RAMP-BOYLSTON ST TO COMMONWEALTH AVE / COMMONWEALTH AVENUE Rte SR2 E / CHARLESGATE EAST,,,,,,233650.5,899898.4998
3899302,BOSTON,19-Jul-2014,5:04 PM,Property damage only (none injured),1,0,0,Single vehicle crash,V1: Travelling straight ahead,V1:Southbound ,V1: Collision with guardrail ,V1: Passenger car,Dry,Daylight,Clear,,Rte 93 S / UNKNOWN,,Exit 15 on Rte 93 S,,,236629.6253,897168.5001
3893031,BOSTON (DORCHESTER),19-Jul-2014,7:11 PM,Property damage only (none injured),2,0,0,Angle,V1: Other / V2:Travelling straight ahead,V1:Westbound / V2:Westbound ,V1: Collision with motor vehicle in traffic / V2: Collision with motor vehicle in traffic ,"V1: Light truck(van, mini-van, panel, pickup, sport utility) with only four tires / V2:Light truck(van, mini-van, panel, pickup, sport utility) with only four tires",Dry,Daylight,Cloudy,,59 CHARLES STREET,,,,,235400.172,900899.9375
3930748,BOSTON (CHARLESTOWN),19-Jul-2014,10:41 PM,Not Reported,1,0,0,Single vehicle crash,V1: Travelling straight ahead,V1:Northbound ,V1: Collision with unknown fixed object ,V1: Passenger car,Dry,Dark - lighted roadway,Clear/Unknown,,525 MAIN STREET,,,,,235271.1103,903637.4815
3902044,BOSTON,20-Jul-2014,00:00 AM,Non-fatal injury,1,1,0,Single vehicle crash,V1: Changing lanes,V1:Westbound ,V1: Collision with median barrier ,V1: Passenger car,Dry,Dark - lighted roadway,Clear,,STORROW DRIVE Rte UNKNOW W,,,HATCHSHELL,,235176.6897,900826.525
3907421,BOSTON,20-Jul-2014,1:47 AM,Property damage only (none injured),1,0,0,Single vehicle crash,V1: Turning left,V1:Southbound ,V1: Not reported ,V1: Passenger car,Dry,Dark - lighted roadway,Clear,,WILLIAM T MORRISSEY BOULEVARD,,,OUTSIDE OF STOP N SHOP,,237244.7559,893743.7065
3908776,BOSTON (ROXBURY),20-Jul-2014,2:20 AM,Not Reported,2,0,0,Not reported,V1: Not reported / V2:Not reported,V1:Not reported / V2:Not reported ,V1: Not reported / V2: Not reported ,V1: Unknown vehicle configuration / V2:Unknown vehicle configuration,Not reported,Not reported,Not Reported,COLUMBIA ROAD / DUDLEY STREET,,,,,,235858.5001,896369.6873
3889156,BOSTON,20-Jul-2014,4:09 AM,Non-fatal injury,1,1,0,Single vehicle crash,V1: Changing lanes,V1:Southbound ,V1: Collision with guardrail ,V1: Passenger car,Dry,Dark - roadway not lighted,Clear,,Rte 93 S / UNKNOWN,,,,,235823.6632,898598.9368
3907402,BOSTON (ROXBURY),20-Jul-2014,7:50 AM,Property damage only (none injured),3,0,0,Angle,V1: Travelling straight ahead / V2:Parked / V3:Parked,V1:Southbound / V2:Not reported / V3:Not reported ,V1: Collision with parked motor vehicle / V2: Collision with other movable object / V3: Collision with parked motor vehicle ,V1: Passenger car / V2:Passenger car / V3:Passenger car,Dry,Daylight,Cloudy/Cloudy,,830 PARKER STREET,,,,,233014.3357,897554.0875
3920651,BOSTON,20-Jul-2014,9:55 AM,Non-fatal injury,1,1,0,Single vehicle crash,V1: Entering traffic lane,V1:Eastbound ,V1: Collision with pedestrian ,"V1: Light truck(van, mini-van, panel, pickup, sport utility) with only four tires",Dry,Daylight,Clear/Clear,,31 NEW CHARDON STREET,,,,,236102.8752,901423.2198
3886264,BOSTON,20-Jul-2014,10:29 AM,Property damage only (none injured),2,0,0,Rear-end,V1: Slowing or stopped in traffic / V2:Slowing or stopped in traffic,V1:Southbound / V2:Southbound ,V1: Collision with motor vehicle in traffic / V2: Collision with motor vehicle in traffic ,"V1: Light truck(van, mini-van, panel, pickup, sport utility) with only four tires / V2:Light truck(van, mini-van, panel, pickup, sport utility) with only four tires",Dry,Daylight,Cloudy,,TEMPORARY RAMP Rte 1 S / MAURICE TOBIN BRIDGE,,,,,235853.0976,902245.2623