Crash Number,City/Town Name,Crash Date,Crash Time,Crash Severity,Number of Vehicles,Total Nonfatal Injuries,Total Fatal Injuries,Manner of Collision,Vehicle Action Prior to Crash,Vehicle Travel Directions,Most Harmful Events,Vehicle Configuration,Road Surface Condition,Ambient Light,Weather Condition,At Roadway Intersection,Distance from Nearest Roadway Intersection,Distance from Nearest Milemarker,Distance from Nearest Exit,Distance from Nearest Landmark,Non Motorist Type,X Coordinate,Y Coordinate
3900170,BOSTON (JAMAICA PLAIN),20-Jul-2014,3:48 PM,Non-fatal injury,2,1,0,Rear-end,V1: Unknown / V2:Parked,V1:Westbound / V2:Not reported ,V1: Collision with parked motor vehicle / V2: Collision with curb ,"V1: Passenger car / V2:Light truck(van, mini-van, panel, pickup, sport utility) with only four tires",Dry,Dark - lighted roadway,Clear/Cloudy,,3557 WASHINGTON STREET,,,,,232205.8289,894967.7408
3908818,BOSTON (DORCHESTER),20-Jul-2014,4:05 PM,Property damage only (none injured),2,0,0,Rear-end,V1: Slowing or stopped in traffic / V2:Travelling straight ahead,V1:Not reported / V2:Not reported ,V1: Collision with motor vehicle in traffic / V2: Collision with motor vehicle in traffic ,"V1: Light truck(van, mini-van, panel, pickup, sport utility) with only four tires / V2:Passenger car",Dry,Daylight,Clear/Clear,COLUMBIA ROAD / GENEVA AVENUE,,,,176 COLUMBIA ROAD,,234760.0624,895160.3126
3888932,BOSTON,20-Jul-2014,4:29 PM,Property damage only (none injured),2,0,0,"Sideswipe, same direction",V1: Entering traffic lane / V2:Travelling straight ahead,V1:Northbound / V2:Northbound ,V1: Collision with motor vehicle in traffic / V2: Collision with motor vehicle in traffic ,V1: Passenger car / V2:Passenger car,Dry,Daylight,Clear,,,,,,,235557.656,895676.3123
3886225,BOSTON,20-Jul-2014,5:36 PM,Property damage only (none injured),2,0,0,Angle,V1: Travelling straight ahead / V2:Changing lanes,V1:Northbound / V2:Northbound ,V1: Collision with motor vehicle in traffic / V2: Collision with motor vehicle in traffic ,"V1: Light truck(van, mini-van, panel, pickup, sport utility) with only four tires / V2:Light truck(van, mini-van, panel, pickup, sport utility) with only four tires",Dry,Daylight,Clear,,Rte 93 N / UNKNOWN,,Exit 20 on Rte 93 N,,,235935.6734,898219.8317
3925184,BOSTON,20-Jul-2014,9:08 PM,Unknown,2,0,0,Not reported,V1: Turning left / V2:Travelling straight ahead,V1:Northbound / V2:Southbound ,V1: Collision with motor vehicle in traffic / V2: Collision with motor vehicle in traffic ,V1: Passenger car / V2:Passenger car,Not reported,Not reported,Not Reported,,QUINCY STREET / BOWDOIN STREET,,,,,235861.8905,895379.9375
3886265,BOSTON,20-Jul-2014,10:04 PM,Non-fatal injury,1,1,0,Single vehicle crash,V1: Travelling straight ahead,V1:Northbound ,V1: Collision with pedestrian ,V1: Passenger car,Dry,Dark - lighted roadway,Clear,,MASSACHUSETTS AVENUE CONNECTOR,,,,,235313.8508,898172.7011
3953327,BOSTON,20-Jul-2014,11:00 PM,Non-fatal injury,1,2,0,Angle,V1: Travelling straight ahead,V1:Not reported ,V1: Not reported ,V1: Passenger car,Dry,Dark - lighted roadway,Cloudy,HUNTINGTON AVENUE Rte 9 W / FRAWLEY STREET,,,,,"P2:Pedalcyclist (bicycle, tricycle, unicycle, pedal car)",232316.0156,898159.2502
3889157,BOSTON,21-Jul-2014,9:05 AM,Property damage only (none injured),2,0,0,Rear-end,V1: Travelling straight ahead / V2:Travelling straight ahead,V1:Northbound / V2:Northbound ,V1: Collision with motor vehicle in traffic / V2: Collision with motor vehicle in traffic ,V1: Passenger car / V2:Passenger car,Dry,Daylight,Clear,,Rte 93 N / UNKNOWN,,,,,236612.9046,900287.568
3888443,BOSTON,21-Jul-2014,9:12 AM,Non-fatal injury,1,1,0,Single vehicle crash,V1: Travelling straight ahead,V1:Northbound ,V1: Other ,V1: Passenger car,"Sand, mud, dirt, oil, gravel",Daylight,Clear,,TEMPORARY RAMP Rte 1 N / MAURICE TOBIN BRIDGE,,,TOBIN BRIDGE N/B,,235848.1406,902282.2336
3899303,BOSTON,21-Jul-2014,11:40 AM,Property damage only (none injured),2,0,0,Rear-end,V1: Travelling straight ahead / V2:Travelling straight ahead,V1:Southbound / V2:Southbound ,V1: Collision with motor vehicle in traffic / V2: Collision with motor vehicle in traffic ,"V1: Light truck(van, mini-van, panel, pickup, sport utility) with only four tires / V2:Passenger car",Dry,Daylight,Not Reported,,Rte 93 S / UNKNOWN,,Exit 15 on Rte 93 S,,,236629.6253,897168.5001
4016176,BOSTON,21-Jul-2014,5:00 PM,Non-fatal injury,1,1,0,Single vehicle crash,V1: Travelling straight ahead,V1:Not reported ,V1: Collision with pedestrian ,V1: Passenger car,Dry,Daylight,Clear,,749 DORCHESTER AVENUE,,,,P2:Pedestrian,236526.2485,897237.3051
3886971,BOSTON,21-Jul-2014,5:04 PM,Property damage only (none injured),2,0,0,Rear-end,V1: Entering traffic lane / V2:Turning right,V1:Southbound / V2:Westbound ,V1: Collision with motor vehicle in traffic / V2: Collision with motor vehicle in traffic ,V1: Passenger car / V2:Passenger car,Dry,Daylight,Clear,MURRAY CIRCLE / ARBORWAY / CENTRE STREET,,,,,,231216.1249,895485.9374
3901166,BOSTON,21-Jul-2014,7:46 PM,Property damage only (none injured),3,0,0,Rear-end,V1: Slowing or stopped in traffic / V2:Slowing or stopped in traffic / V3:Travelling straight ahead,V1:Northbound / V2:Eastbound / V3:Northbound ,V1: Collision with motor vehicle in traffic / V2: Collision with motor vehicle in traffic / V3: Collision with motor vehicle in traffic ,"V1: Passenger car / V2:Passenger car / V3:Light truck(van, mini-van, panel, pickup, sport utility) with only four tires",Dry,Daylight,Clear,,BOSTON UNIVERSITY BRIDGE Rte 2 E / BOSTON UNIVERSITY BRIDGE Rte 2 W,,,,,232079.2957,900303.107
3897133,BOSTON,21-Jul-2014,9:45 PM,Not Reported,2,0,0,"Sideswipe, same direction",V1: Unknown / V2:Unknown,V1:Not reported / V2:Not reported ,V1: Unknown non-collision / V2: Unknown non-collision ,"V1: Passenger car / V2:Light truck(van, mini-van, panel, pickup, sport utility) with only four tires",Dry,Dark - unknown roadway lighting,Clear/Clear,,72 DRAPER STREET,,,,,235902.9165,894924.6341
3886522,BOSTON,21-Jul-2014,10:16 PM,Non-fatal injury,1,1,0,Single vehicle crash,V1: Travelling straight ahead,V1:Northbound ,V1: Collision with median barrier ,"V1: Light truck(van, mini-van, panel, pickup, sport utility) with only four tires",Dry,Dark - lighted roadway,Clear,,JOHN F FITZGERALD EXPRESSWAY Rte 3A N / JOHN F FITZGERALD EXPRESSWAY Rte 3A N,,,XX-RAMP,,235842.3039,898436.3235
3893131,BOSTON (DORCHESTER),22-Jul-2014,1:09 AM,Not Reported,2,0,0,"Sideswipe, opposite direction",V1: Travelling straight ahead / V2:Parked,V1:Not reported / V2:Not reported ,V1: Collision with parked motor vehicle / V2: Collision with motor vehicle in traffic ,V1: Passenger car / V2:Passenger car,Dry,Dark - lighted roadway,Clear/Clear,MOUNT IDA ROAD / FOX STREET,,,,,,235875.1877,895140.7501
3887999,BOSTON,22-Jul-2014,3:14 AM,Not Reported,3,0,0,Angle,V1: Parked / V2:Parked / V3:Travelling straight ahead,V1:Not reported / V2:Not reported / V3:Westbound ,V1: Collision with motor vehicle in traffic / V2: Collision with motor vehicle in traffic / V3: Collision with motor vehicle in traffic ,V1: Passenger car / V2:Passenger car / V3:Not reported,Dry,Dark - lighted roadway,Clear,SERGEANT ALEXANDER F PACUSKA CIRCLE / OLD COLONY AVENUE / COLUMBIA ROAD,,,,,,236914.0075,897778.485
3886230,BOSTON,22-Jul-2014,4:10 AM,Non-fatal injury,1,1,0,Single vehicle crash,V1: Travelling straight ahead,V1:Southbound ,V1: Collision with median barrier ,V1: Passenger car,Dry,Dark - lighted roadway,Clear,,Rte 93 S,,Exit 12 on Rte 93 S,PRIOR TO EXIT 12,,237620.5493,892713.0989
3907087,BOSTON,22-Jul-2014,6:46 AM,Property damage only (none injured),2,0,0,Rear-end,V1: Slowing or stopped in traffic / V2:Travelling straight ahead,V1:Northbound / V2:Northbound ,V1: Collision with motor vehicle in traffic / V2: Collision with motor vehicle in traffic ,"V1: Light truck(van, mini-van, panel, pickup, sport utility) with only four tires / V2:Light truck(van, mini-van, panel, pickup, sport utility) with only four tires",Dry,Daylight,Clear,,Rte 93 N / UNKNOWN,,Exit 13 on Rte 93 N,,,237420.1414,894076.5227
3908777,BOSTON,22-Jul-2014,8:55 AM,Non-fatal injury,2,2,0,Angle,V1: Travelling straight ahead / V2:Travelling straight ahead,V1:Southbound / V2:Northbound ,V1: Collision with motor vehicle in traffic / V2: Collision with motor vehicle in traffic ,"V1: Passenger car / V2:Light truck(van, mini-van, panel, pickup, sport utility) with only four tires",Dry,Daylight,Cloudy,HUMBOLDT AVENUE / HOMESTEAD STREET,,,,,,233759.1562,895793.6248
3900044,BOSTON,22-Jul-2014,9:40 AM,Property damage only (none injured),2,0,0,Rear-end,V1: Travelling straight ahead / V2:Slowing or stopped in traffic,V1:Northbound / V2:Northbound ,V1: Collision with motor vehicle in traffic / V2: Collision with motor vehicle in traffic ,V1: Passenger car / V2:Passenger car,Dry,Daylight,Clear,,Rte 93 N,,,,,,
3893231,BOSTON,22-Jul-2014,1:20 PM,Non-fatal injury,2,2,0,Angle,V1: Turning left / V2:Travelling straight ahead,V1:Not reported / V2:Not reported ,V1: Collision with motor vehicle in traffic / V2: Collision with motor vehicle in traffic ,V1: Passenger car / V2:Passenger car,Dry,Daylight,Clear,TALBOT AVENUE / CENTRE STREET,,,,,,235397.8905,893385.7502
3924927,BOSTON,22-Jul-2014,5:30 PM,Non-fatal injury,2,1,0,"Sideswipe, opposite direction",V1: Changing lanes / V2:Travelling straight ahead,V1:Westbound / V2:Northbound ,V1: Not reported / V2: Not reported ,V1: Passenger car / V2:Passenger car,Dry,Daylight,Clear,MORTON STREET / HARVARD STREET,,,,,,233493.5311,893100.9999
3888351,BOSTON,22-Jul-2014,9:38 PM,Property damage only (none injured),3,0,0,Rear-end,V1: Travelling straight ahead / V2:Slowing or stopped in traffic / V3:Slowing or stopped in traffic,V1:Southbound / V2:Southbound / V3:Southbound ,V1: Collision with motor vehicle in traffic / V2: Collision with motor vehicle in traffic / V3: Collision with motor vehicle in traffic ,"V1: Light truck(van, mini-van, panel, pickup, sport utility) with only four tires / V2:Passenger car / V3:Passenger car",Dry,Dark - lighted roadway,Clear,,Rte 93 S / UNKNOWN,,Exit 26 on Rte 93 S,,,234851.4113,903728.5151
3886967,BOSTON,22-Jul-2014,11:21 PM,Property damage only (none injured),2,0,0,Angle,V1: Turning right / V2:Travelling straight ahead,V1:Westbound / V2:Westbound ,V1: Collision with motor vehicle in traffic / V2: Collision with motor vehicle in traffic ,"V1: Light truck(van, mini-van, panel, pickup, sport utility) with only four tires / V2:Passenger car",Dry,Dark - lighted roadway,Clear,CHARLESGATE WEST / BEACON STREET,,,,,,233543.9754,900022.1832
3925209,BOSTON (DORCHESTER),23-Jul-2014,7:00 AM,Not Reported,2,0,0,Angle,V1: Not reported / V2:Not reported,V1:Not reported / V2:Not reported ,V1: Not reported / V2: Not reported ,V1: Passenger car / V2:Passenger car,Dry,Daylight,Clear/Clear,WASHINGTON STREET / ERIE STREET,,,,,,234751.1096,894853.1873
3886970,BOSTON,23-Jul-2014,8:45 AM,Property damage only (none injured),2,0,0,Rear-end,V1: Travelling straight ahead / V2:Slowing or stopped in traffic,V1:Eastbound / V2:Eastbound ,V1: Collision with motor vehicle in traffic / V2: Collision with motor vehicle in traffic ,"V1: Passenger car / V2:Light truck(van, mini-van, panel, pickup, sport utility) with only four tires",Dry,Daylight,Cloudy,,20 NONANTUM ROAD,,,COMMUNITY ROWING,,227304.921,900001.3959
3906431,BOSTON,23-Jul-2014,9:45 AM,Property damage only (none injured),2,0,0,"Sideswipe, same direction",V1: Parked / V2:Travelling straight ahead,V1:Northbound / V2:Northbound ,V1: Collision with motor vehicle in traffic / V2: Collision with parked motor vehicle ,"V1: Passenger car / V2:Bus (seats for more than 15 people, including driver)",Dry,Daylight,Clear,WASHINGTON STREET / EAST SPRINGFIELD STREET,,,,,,234915.4385,898584.1513
3924595,BOSTON,23-Jul-2014,11:13 AM,Property damage only (none injured),2,0,0,"Sideswipe, same direction",V1: Travelling straight ahead / V2:Overtaking/passing,V1:Eastbound / V2:Eastbound ,V1: Collision with motor vehicle in traffic / V2: Collision with motor vehicle in traffic ,"V1: Bus (seats for more than 15 people, including driver) / V2:Passenger car",Dry,Daylight,Clear,,MASSACHUSETTS TURNPIKE Rte 90 E / MASSACHUSETTS TURNPIKE Rte 90 E,Rte 90  Milemarker 131.0,,IC 20,,231179.3307,900804.4962
3900238,BOSTON,23-Jul-2014,11:20 AM,Non-fatal injury,2,1,0,Rear-end,V1: Slowing or stopped in traffic / V2:Travelling straight ahead,V1:Northbound / V2:Northbound ,V1: Collision with motor vehicle in traffic / V2: Collision with motor vehicle in traffic ,"V1: Passenger car / V2:Light truck(van, mini-van, panel, pickup, sport utility) with only four tires",Dry,Daylight,Clear,VETERANS OF FOREIGN WARS PARKWAY / SPRING STREET,,,,,,227039.2156,891318.8539
3928451,BOSTON (SOUTH BOSTON),23-Jul-2014,12:05 PM,Property damage only (none injured),2,0,0,Angle,V1: Travelling straight ahead / V2:Travelling straight ahead,V1:Westbound / V2:Southbound ,V1: Collision with motor vehicle in traffic / V2: Collision with motor vehicle in traffic ,V1: Passenger car / V2:Passenger car,Dry,Daylight,Clear,ATLANTIC STREET / F STREET / WEST BROADWAY,,,,,,237268.7657,898578.7502
3925206,BOSTON,23-Jul-2014,2:57 PM,Non-fatal injury,2,2,0,"Sideswipe, same direction",V1: Travelling straight ahead / V2:Entering traffic lane,V1:Not reported / V2:Not reported ,V1: Collision with motor vehicle in traffic / V2: Collision with motor vehicle in traffic ,"V1: Light truck(van, mini-van, panel, pickup, sport utility) with only four tires / V2:Passenger car",Dry,Daylight,Clear,,485 WASHINGTON STREET,,,,,236145.5624,900567.9813
3887540,BOSTON,23-Jul-2014,5:45 PM,Non-fatal injury,2,1,0,Rear-end,V1: Slowing or stopped in traffic / V2:Travelling straight ahead,V1:Southbound / V2:Southbound ,V1: Collision with motor vehicle in traffic / V2: Collision with motor vehicle in traffic ,"V1: Light truck(van, mini-van, panel, pickup, sport utility) with only four tires / V2:Passenger car",Dry,Daylight,Clear,,Rte 93 S,,Exit 18 on Rte 93 S,,,236013.2783,899092.9981
3930754,BOSTON,23-Jul-2014,6:15 PM,Not Reported,1,0,0,Single vehicle crash,V1: Travelling straight ahead,V1:Not reported ,V1: Not reported ,V1: Passenger car,Dry,Daylight,Clear,CONGRESS STREET / DORCHESTER AVENUE,,,,,,236891.4846,900306.8127
3889158,BOSTON,23-Jul-2014,6:15 PM,Property damage only (none injured),2,0,0,Rear-end,V1: Travelling straight ahead / V2:Travelling straight ahead,V1:Southbound / V2:Southbound ,V1: Collision with motor vehicle in traffic / V2: Collision with motor vehicle in traffic ,"V1: Passenger car / V2:Light truck(van, mini-van, panel, pickup, sport utility) with only four tires",Dry,Dark - lighted roadway,Clear,,Rte 93 S / UNKNOWN,,Exit 24 on Rte 93 S,,,236397.1933,901565.6511
3908778,BOSTON,23-Jul-2014,6:17 PM,Non-fatal injury,2,1,0,Angle,V1: Travelling straight ahead / V2:Entering traffic lane,V1:Not reported / V2:Not reported ,V1: Collision with motor vehicle in traffic / V2: Collision with motor vehicle in traffic ,V1: Passenger car / V2:Passenger car,Dry,Daylight,Clear,WARREN STREET / HAZELWOOD STREET,,,,,,234417.9532,896396
3905323,BOSTON,23-Jul-2014,7:12 PM,Non-fatal injury,1,1,0,Single vehicle crash,V1: Parked,V1:Not reported ,V1: Collision with pedestrian ,V1: Passenger car,Dry,Dusk,Clear,,650 COLUMBUS AVENUE,,,,"P2:Pedalcyclist (bicycle, tricycle, unicycle, pedal car)",234285.1271,898790.1295
3901612,BOSTON,23-Jul-2014,8:22 PM,Property damage only (none injured),2,0,0,"Sideswipe, opposite direction",V1: Turning left / V2:Turning left,V1:Southbound / V2:Not reported ,V1: Collision with motor vehicle in traffic / V2: Collision with motor vehicle in traffic ,V1: Passenger car / V2:Single-unit truck (3-or-more axles),Dry,Dark - lighted roadway,Cloudy,OLD COLONY AVENUE / OCALLAGHAN WAY,,,,,,236891.6126,897193.1266
3896243,BOSTON,23-Jul-2014,9:05 PM,Property damage only (none injured),2,0,0,Rear-end,V1: Travelling straight ahead / V2:Slowing or stopped in traffic,V1:Northbound / V2:Northbound ,V1: Collision with motor vehicle in traffic / V2: Collision with motor vehicle in traffic ,"V1: Light truck(van, mini-van, panel, pickup, sport utility) with only four tires / V2:Passenger car",Dry,Dark - lighted roadway,Clear,,GALLIVAN BOULEVARD / NEPONSET AVENUE,,,NEPONSET CIRLCE,,237735.2263,892889.9254
3898365,BOSTON,23-Jul-2014,10:25 PM,Property damage only (none injured),2,0,0,"Sideswipe, opposite direction",V1: Travelling straight ahead / V2:Travelling straight ahead,V1:Eastbound / V2:Northbound ,V1: Not reported / V2: Not reported ,"V1: Light truck(van, mini-van, panel, pickup, sport utility) with only four tires / V2:Passenger car",Dry,Dark - lighted roadway,Clear,,MORTON STREET Rte 203 / HARVARD STREET,,,,,233493.5311,893100.9999
3888244,BOSTON,24-Jul-2014,00:00 AM,Non-fatal injury,2,1,0,Rear-end,V1: Slowing or stopped in traffic / V2:Travelling straight ahead,V1:Eastbound / V2:Eastbound ,V1: Collision with motor vehicle in traffic / V2: Collision with motor vehicle in traffic ,V1: Passenger car / V2:Passenger car,Dry,Dark - lighted roadway,Clear,HARBORSIDE DRIVE / HOTEL DRIVE,,,,,,239115.9147,901723.3359
3925215,BOSTON (DORCHESTER),24-Jul-2014,2:50 AM,Property damage only (none injured),2,0,0,Angle,V1: Travelling straight ahead / V2:Turning left,V1:Westbound / V2:Eastbound ,V1: Collision with parked motor vehicle / V2: Collision with motor vehicle in traffic ,"V1: Light truck(van, mini-van, panel, pickup, sport utility) with only four tires / V2:Light truck(van, mini-van, panel, pickup, sport utility) with only four tires",Dry,Dark - lighted roadway,Clear,NEPONSET AVENUE / ASHMONT STREET,,,,,,237242.0623,893385.3125
3889159,BOSTON,24-Jul-2014,8:01 AM,Property damage only (none injured),3,0,0,Rear-end,V1: Slowing or stopped in traffic / V2:Slowing or stopped in traffic / V3:Travelling straight ahead,V1:Eastbound / V2:Eastbound / V3:Eastbound ,V1: Collision with motor vehicle in traffic / V2: Collision with motor vehicle in traffic / V3: Collision with motor vehicle in traffic ,V1: Passenger car / V2:Passenger car / V3:Passenger car,Dry,Daylight,Clear,,MASSACHUSETTS TURNPIKE Rte 90 E / UNKNOWN,Rte 90  E Milemarker 133.0,,AFTER PRUDENTIAL TUNNEL,,234145.1703,899758.6608
3905330,BOSTON,24-Jul-2014,9:09 AM,Non-fatal injury,1,1,0,Single vehicle crash,V1: Travelling straight ahead,V1:Not reported ,V1: Collision with pedestrian ,V1: Passenger car,Dry,Daylight,Cloudy,WASHINGTON STREET / BOWDOIN STREET,,,,,P2:Pedestrian,235156.7969,894409.0002
3896038,BOSTON,24-Jul-2014,11:38 AM,Property damage only (none injured),2,0,0,Rear-end,V1: Slowing or stopped in traffic / V2:Travelling straight ahead,V1:Northbound / V2:Northbound ,V1: Collision with motor vehicle in traffic / V2: Collision with motor vehicle in traffic ,V1: Passenger car / V2:Passenger car,Dry,Daylight,Clear,,Rte 93 N / UNKNOWN,,Exit 11 on Rte 93 N,,,237094.7253,891674.8051
3908858,BOSTON,24-Jul-2014,1:30 PM,Property damage only (none injured),2,0,0,"Sideswipe, same direction",V1: Travelling straight ahead / V2:Travelling straight ahead,V1:Southbound / V2:Southbound ,V1: Collision with motor vehicle in traffic / V2: Collision with motor vehicle in traffic ,"V1: Passenger car / V2:Single-unit truck (2-axle, 6-tire)",Dry,Daylight,Clear,,GENERAL CASIMIR PULASKI SKYWAY Rte 93 / SOUTHBOUND FRONTAGE ROAD,,,,,236397.8356,897503.8647
3889160,BOSTON,24-Jul-2014,1:31 PM,Property damage only (none injured),2,0,0,Rear-end,V1: Travelling straight ahead / V2:Slowing or stopped in traffic,V1:Northbound / V2:Northbound ,V1: Collision with motor vehicle in traffic / V2: Collision with motor vehicle in traffic ,"V1: Light truck(van, mini-van, panel, pickup, sport utility) with only four tires / V2:Light truck(van, mini-van, panel, pickup, sport utility) with only four tires",Dry,Daylight,Clear,,Rte 93 N / UNKNOWN,,,,,236742.6233,900426.5825
3888008,BOSTON,24-Jul-2014,3:00 PM,Property damage only (none injured),2,0,0,Rear-end,V1: Slowing or stopped in traffic / V2:Travelling straight ahead,V1:Northbound / V2:Northbound ,V1: Collision with motor vehicle in traffic / V2: Collision with motor vehicle in traffic ,V1: Passenger car / V2:Passenger car,Dry,Daylight,Cloudy,,STORROW DRIVE / STORROW DRIVE,,,BOWKER OVERPASS,,233362.0643,900087.5581
3889161,BOSTON,24-Jul-2014,3:50 PM,Property damage only (none injured),2,0,0,"Sideswipe, same direction",V1: Changing lanes / V2:Travelling straight ahead,V1:Westbound / V2:Westbound ,V1: Collision with motor vehicle in traffic / V2: Collision with motor vehicle in traffic ,V1: Passenger car / V2:Passenger car,Dry,Daylight,Clear,,Rte 90 W,,Exit 20 on Rte 90 W,,,231452.5043,900558.3731
3908859,BOSTON,24-Jul-2014,6:18 PM,Non-fatal injury,3,1,0,Rear-end,V1: Slowing or stopped in traffic / V2:Slowing or stopped in traffic / V3:Travelling straight ahead,V1:Northbound / V2:Northbound / V3:Northbound ,V1: Collision with motor vehicle in traffic / V2: Collision with motor vehicle in traffic / V3: Collision with motor vehicle in traffic ,"V1: Light truck(van, mini-van, panel, pickup, sport utility) with only four tires / V2:Light truck(van, mini-van, panel, pickup, sport utility) with only four tires / V3:Light truck(van, mini-van, panel, pickup, sport utility) with only four tires",Dry,Daylight,Clear,,Rte 93 N,,Exit 14 on Rte 93 N,,,237258.9796,894483.3974
3911906,BOSTON,24-Jul-2014,8:50 PM,Non-fatal injury,2,1,0,Not reported,V1: Travelling straight ahead / V2:Travelling straight ahead,V1:Southbound / V2:Southbound ,V1: Reported but invalid / V2: Collision with median barrier ,"V1: Light truck(van, mini-van, panel, pickup, sport utility) with only four tires / V2:Passenger car",Dry,Dark - lighted roadway,Clear,,JOHN F FITZGERALD EXPRESSWAY Rte 93 S / RAMP-MORRISSEY BLVD TO RTS 93 SB/3 SB,,,NORTH HOV,,237669.5508,892836.2184
3889162,BOSTON,24-Jul-2014,10:20 PM,Non-fatal injury,1,1,0,Single vehicle crash,V1: Travelling straight ahead,V1:Southbound ,V1: Collision with motor vehicle in traffic ,V1: Motorcycle,Dry,Dark - lighted roadway,Clear/Cloudy,,Rte 93 S / UNKNOWN,,Exit 26 on Rte 93 S,LEVERETT CONNECTOR,,234851.4113,903728.5151
3920641,BOSTON (BRIGHTON),25-Jul-2014,5:40 AM,Property damage only (none injured),1,0,0,Single vehicle crash,V1: Not reported,V1:Not reported ,V1: Not reported ,V1: Passenger car,Dry,Daylight,Clear,NORTH BEACON STREET / MURDOCK STREET,,,,,"P2:Pedalcyclist (bicycle, tricycle, unicycle, pedal car)",229233.5938,900578.0001
3896039,BOSTON,25-Jul-2014,7:40 AM,Property damage only (none injured),2,0,0,"Sideswipe, same direction",V1: Travelling straight ahead / V2:Turning right,V1:Southbound / V2:Southbound ,V1: Collision with motor vehicle in traffic / V2: Collision with motor vehicle in traffic ,V1: Passenger car / V2:Passenger car,Dry,Daylight,Not Reported,WILLIAM T MORRISSEY BOULEVARD / WILLIAM T MORRISSEY BOULEVARD / DOMINIC J BIANCULLI BOULEVARD,,,,,,237343.1393,896000.098
3889332,BOSTON,25-Jul-2014,8:38 AM,Property damage only (none injured),2,0,0,"Sideswipe, same direction",V1: Changing lanes / V2:Travelling straight ahead,V1:Northbound / V2:Northbound ,V1: Collision with motor vehicle in traffic / V2: Collision with motor vehicle in traffic ,"V1: Light truck(van, mini-van, panel, pickup, sport utility) with only four tires / V2:Single-unit truck (2-axle, 6-tire)",Dry,Daylight,Clear/Cloudy,,TEMPORARY RAMP Rte 1 N / MAURICE TOBIN BRIDGE,,,,,235848.1406,902282.2336
3896244,BOSTON,25-Jul-2014,9:54 AM,Property damage only (none injured),4,0,0,Rear-end,V1: Travelling straight ahead / V2:Slowing or stopped in traffic / V3:Slowing or stopped in traffic / V4:Slowing or stopped in traffic,V1:Northbound / V2:Northbound / V3:Northbound / V4:Northbound ,V1: Collision with motor vehicle in traffic / V2: Collision with motor vehicle in traffic / V3: Collision with motor vehicle in traffic / V4: Collision with motor vehicle in traffic ,"V1: Light truck(van, mini-van, panel, pickup, sport utility) with only four tires / V2:Passenger car / V3:Passenger car / V4:Passenger car",Dry,Daylight,Clear,,Rte 93 N,,Exit 14 on Rte 93 N,,,237258.9796,894483.3974
3907401,BOSTON,25-Jul-2014,1:30 PM,Non-fatal injury,2,1,0,Rear-end,V1: Slowing or stopped in traffic / V2:Travelling straight ahead,V1:Eastbound / V2:Eastbound ,V1: Not reported / V2: Collision with motor vehicle in traffic ,V1: Passenger car / V2:Passenger car,Dry,Daylight,Clear,WASHINGTON STREET / MARCELLA STREET,,,,,,233537.1089,896781.3721
3889163,BOSTON,25-Jul-2014,2:12 PM,Property damage only (none injured),2,0,0,"Sideswipe, same direction",V1: Turning left / V2:Travelling straight ahead,V1:Northbound / V2:Northbound ,V1: Collision with motor vehicle in traffic / V2: Collision with motor vehicle in traffic ,V1: Passenger car / V2:Passenger car,Dry,Daylight,Clear,,FRONTAGE ROAD Rte UNKNOW N / WEST FOURTH STREET,,,,,236111.8694,899236.5468
3889165,BOSTON,25-Jul-2014,3:10 PM,Property damage only (none injured),2,0,0,Angle,V1: Turning right / V2:Travelling straight ahead,V1:Southbound / V2:Southbound ,V1: Collision with motor vehicle in traffic / V2: Collision with motor vehicle in traffic ,"V1: Light truck(van, mini-van, panel, pickup, sport utility) with only four tires / V2:Passenger car",Dry,Daylight,Clear,CHARLESGATE WEST / BEACON STREET,,,,,,233543.9754,900022.1832
3923750,BOSTON,25-Jul-2014,6:11 PM,Property damage only (none injured),2,0,0,Rear-end,V1: Slowing or stopped in traffic / V2:Backing,V1:Northbound / V2:Southbound ,V1: Collision with motor vehicle in traffic / V2: Collision with motor vehicle in traffic ,"V1: Bus (seats for more than 15 people, including driver) / V2:Passenger car",Dry,Daylight,Clear,HARBORSIDE DRIVE / RAMP-HARBORSIDE DR TO AIRPORT RD ARR LEV / PORTER STREET,,,,,,238873.9051,902173.9625
3899304,BOSTON,25-Jul-2014,7:10 PM,Non-fatal injury,3,1,0,Angle,V1: Travelling straight ahead / V2:Slowing or stopped in traffic / V3:Turning left,V1:Northbound / V2:Northbound / V3:Southbound ,V1: Collision with motor vehicle in traffic / V2: Collision with motor vehicle in traffic / V3: Collision with motor vehicle in traffic ,"V1: Light truck(van, mini-van, panel, pickup, sport utility) with only four tires / V2:Light truck(van, mini-van, panel, pickup, sport utility) with only four tires / V3:Passenger car",Dry,Daylight,Not Reported,GALLIVAN BOULEVARD / DORCHESTER AVENUE,,,,,,235804.4062,892252.5627