Crash Number,City/Town Name,Crash Date,Crash Time,Crash Severity,Number of Vehicles,Total Nonfatal Injuries,Total Fatal Injuries,Manner of Collision,Vehicle Action Prior to Crash,Vehicle Travel Directions,Most Harmful Events,Vehicle Configuration,Road Surface Condition,Ambient Light,Weather Condition,At Roadway Intersection,Distance from Nearest Roadway Intersection,Distance from Nearest Milemarker,Distance from Nearest Exit,Distance from Nearest Landmark,Non Motorist Type,X Coordinate,Y Coordinate
3955615,BOSTON,25-Jul-2014,8:00 PM,Property damage only (none injured),1,0,0,Rear-end,V1: Turning left,V1:Not reported ,V1: Not reported ,V1: Passenger car,Dry,Dark - lighted roadway,Clear,HARRISON AVENUE / KNEELAND STREET,,,,,"P2:Pedalcyclist (bicycle, tricycle, unicycle, pedal car)",236124.2014,900108.9933
3887993,BOSTON,25-Jul-2014,9:00 PM,Property damage only (none injured),2,0,0,"Sideswipe, opposite direction",V1: Backing / V2:Slowing or stopped in traffic,V1:Eastbound / V2:Westbound ,V1: Collision with motor vehicle in traffic / V2: Collision with motor vehicle in traffic ,"V1: Light truck(van, mini-van, panel, pickup, sport utility) with only four tires / V2:Light truck(van, mini-van, panel, pickup, sport utility) with only four tires",Dry,Dark - lighted roadway,Clear,,HOTEL DRIVE,,,,,239039.5197,902327.0036
3889146,BOSTON,25-Jul-2014,11:26 PM,Property damage only (none injured),2,0,0,"Sideswipe, same direction",V1: Changing lanes / V2:Travelling straight ahead,V1:Westbound / V2:Westbound ,V1: Collision with motor vehicle in traffic / V2: Collision with motor vehicle in traffic ,"V1: Light truck(van, mini-van, panel, pickup, sport utility) with only four tires / V2:Passenger car",Dry,Dark - lighted roadway,Clear,,MASSACHUSETTS AVENUE CONNECTOR / FRONTAGE ROAD,,,MASSACHUSETTS AVENUE CONNECTOR,,235848.5441,898422.7997
3908819,BOSTON (ROXBURY),26-Jul-2014,4:00 AM,Property damage only (none injured),2,0,0,"Sideswipe, same direction",V1: Travelling straight ahead / V2:Parked,V1:Southbound / V2:Not reported ,V1: Collision with parked motor vehicle / V2: Collision with motor vehicle in traffic ,V1: Passenger car / V2:Passenger car,Dry,Dark - lighted roadway,Clear/Clear,,93 CENTRE STREET,,,,,233344.8859,897589.1865
3896035,BOSTON,26-Jul-2014,4:31 AM,Not Reported,1,0,0,Single vehicle crash,V1: Entering traffic lane,V1:Not reported ,V1: Not reported ,V1: Passenger car,Dry,Dark - lighted roadway,Clear,,Rte 93 N / UNKNOWN,,Exit 23 on Rte 93 N,,,236957.4837,900943.9828
3887978,BOSTON,26-Jul-2014,5:20 AM,Property damage only (none injured),2,0,0,Rear-end,V1: Travelling straight ahead / V2:Travelling straight ahead,V1:Northbound / V2:Northbound ,V1: Collision with motor vehicle in traffic / V2: Collision with motor vehicle in traffic ,"V1: Passenger car / V2:Light truck(van, mini-van, panel, pickup, sport utility) with only four tires",Dry,Dark - lighted roadway,Clear,,QUINCY SHORE DRIVE Rte 3A N / NEPONSET AVENUE Rte 3A N,,,NEPONSET BRIDGE,,238027.0778,892720.3292
3896040,BOSTON,26-Jul-2014,8:24 AM,Non-fatal injury,2,2,0,Head-on,V1: Travelling straight ahead / V2:Entering traffic lane,V1:Westbound / V2:Southbound ,V1: Collision with motor vehicle in traffic / V2: Collision with motor vehicle in traffic ,V1: Passenger car / V2:Passenger car,Dry,Daylight,Clear,,GALLIVAN BOULEVARD Rte UNKNOW / CARRUTH STREET,,,,,236300.7969,892454.3127
3905533,BOSTON (JAMAICA PLAIN),26-Jul-2014,11:50 AM,Non-fatal injury,2,2,0,Rear-end,V1: Travelling straight ahead / V2:Slowing or stopped in traffic,V1:Southbound / V2:Southbound ,V1: Collision with motor vehicle in traffic / V2: Collision with motor vehicle in traffic ,V1: Motorcycle / V2:Passenger car,Dry,Daylight,Clear,WASHINGTON STREET / KENTON ROAD / UNION AVENUE,ROCKVALE CIRCLE,,,,,232434.7345,895283.8126
3896036,BOSTON,26-Jul-2014,1:45 PM,Property damage only (none injured),2,0,0,Angle,V1: Turning right / V2:Turning right,V1:Southbound / V2:Southbound ,V1: Collision with motor vehicle in traffic / V2: Collision with motor vehicle in traffic ,"V1: Passenger car / V2:Light truck(van, mini-van, panel, pickup, sport utility) with only four tires",Dry,Daylight,Clear,,,,,TAXI POOL PRKG LOT LOGAN AIRPORT,,,
3893460,BOSTON,26-Jul-2014,5:10 PM,Property damage only (none injured),2,0,0,"Sideswipe, same direction",V1: Travelling straight ahead / V2:Travelling straight ahead,V1:Southbound / V2:Southbound ,V1: Collision with motor vehicle in traffic / V2: Collision with motor vehicle in traffic ,"V1: Passenger car / V2:Light truck(van, mini-van, panel, pickup, sport utility) with only four tires",Dry,Daylight,Clear,,Rte 93 S / UNKNOWN,,Exit 20 on Rte 93 S,,,236954.209,900826.9442
3898435,BOSTON,26-Jul-2014,5:14 PM,Property damage only (none injured),3,0,0,Rear-end,V1: Slowing or stopped in traffic / V2:Slowing or stopped in traffic / V3:Slowing or stopped in traffic,V1:Southbound / V2:Southbound / V3:Southbound ,V1: Collision with motor vehicle in traffic / V2: Collision with motor vehicle in traffic / V3: Collision with motor vehicle in traffic ,"V1: Passenger car / V2:Light truck(van, mini-van, panel, pickup, sport utility) with only four tires / V3:Light truck(van, mini-van, panel, pickup, sport utility) with only four tires",Dry,Daylight,Clear,,JOHN F FITZGERALD EXPRESSWAY Rte 93 S / RAMP-LEVERETT CIR TO RTS 93 SB/3 SB Rte 3A S,,,PORTAL ENTERANCE ONEAL TUNNEL,,236167.0364,901873.2358
3893558,BOSTON,26-Jul-2014,5:35 PM,Property damage only (none injured),2,0,0,Rear-end,V1: Slowing or stopped in traffic / V2:Slowing or stopped in traffic,V1:Westbound / V2:Westbound ,V1: Collision with motor vehicle in traffic / V2: Collision with motor vehicle in traffic ,V1: Passenger car / V2:Passenger car,Dry,Daylight,Clear,,MASSACHUSETTS AVENUE CONNECTOR / MASSACHUSETTS AVENUE,,,,,235278.9454,898146.4035
3993477,BOSTON,26-Jul-2014,6:08 PM,Property damage only (none injured),2,0,0,Not reported,V1: Parked / V2:Travelling straight ahead,V1:Not reported / V2:Not reported ,V1: Collision with unknown movable object / V2: Collision with unknown movable object ,"V1: Passenger car / V2:Light truck(van, mini-van, panel, pickup, sport utility) with only four tires",Not reported,Not reported,Not Reported,WALTER STREET / BUSSEY STREET,,,,,,230566.531,894068.3748
3925211,BOSTON (DORCHESTER),26-Jul-2014,10:59 PM,Property damage only (none injured),2,0,0,Angle,V1: Turning left / V2:Travelling straight ahead,V1:Not reported / V2:Not reported ,V1: Collision with motor vehicle in traffic / V2: Collision with motor vehicle in traffic ,V1: Passenger car / V2:Passenger car,Dry,Dark - lighted roadway,Clear,,315 FREEPORT STREET,,,,,237010.56,894691.7856
3925216,BOSTON (DORCHESTER),27-Jul-2014,00:00 AM,Not Reported,2,0,0,Angle,V1: Travelling straight ahead / V2:Not reported,V1:Not reported / V2:Not reported ,V1: Not reported / V2: Not reported ,V1: Passenger car / V2:Unknown vehicle configuration,Dry,Dark - lighted roadway,Clear/Clear,SAINT GREGORY STREET / WASHINGTON STREET,,,,,,235503.1096,891787.3748
3930766,BOSTON,27-Jul-2014,3:00 AM,Not Reported,1,0,0,Not reported,V1: Not reported,V1:Not reported ,V1: Not reported ,V1: Unknown vehicle configuration,Not reported,Not reported,Not Reported,,371 HANOVER STREET,,,,,236792.9544,901698.2781
3925199,BOSTON (DORCHESTER),27-Jul-2014,3:45 AM,Not Reported,2,0,0,Head-on,V1: Travelling straight ahead / V2:Turning left,V1:Not reported / V2:Not reported ,V1: Not reported / V2: Not reported ,V1: Unknown vehicle configuration / V2:Unknown vehicle configuration,Wet,Daylight,Rain,NEPONSET AVENUE / ASHMONT STREET,,,,,,237242.0623,893385.3125
3909585,BOSTON,27-Jul-2014,11:22 AM,Property damage only (none injured),2,0,0,"Sideswipe, opposite direction",V1: Travelling straight ahead / V2:Parked,V1:Northbound / V2:Not reported ,V1: Collision with parked motor vehicle / V2: Collision with motor vehicle in traffic ,V1: Passenger car / V2:Passenger car,Wet,Daylight,Cloudy/Rain,,67 SOUTH HUNTINGTON AVENUE,,,,,232025.9036,897836.2589
3940032,BOSTON (DORCHESTER),27-Jul-2014,11:45 AM,Non-fatal injury,2,1,0,Head-on,V1: Travelling straight ahead / V2:Turning left,V1:Not reported / V2:Not reported ,V1: Collision with motor vehicle in traffic / V2: Collision with motor vehicle in traffic ,"V1: Light truck(van, mini-van, panel, pickup, sport utility) with only four tires / V2:Passenger car",Wet,Daylight,Rain,NEPONSET AVENUE / ASHMONT STREET,,,,,,237242.0623,893385.3125
3893447,BOSTON,27-Jul-2014,12:06 PM,Property damage only (none injured),2,0,0,Rear-end,V1: Travelling straight ahead / V2:Changing lanes,V1:Southbound / V2:Southbound ,V1: Collision with motor vehicle in traffic / V2: Collision with motor vehicle in traffic ,V1: Passenger car / V2:Passenger car,Dry,Daylight,Clear,,TEMPORARY RAMP Rte 1 S / MAURICE TOBIN BRIDGE,,,TOBIN BRIDGE,,235853.0976,902245.2623
3898443,BOSTON,27-Jul-2014,12:12 PM,Property damage only (none injured),3,0,0,Rear-end,V1: Slowing or stopped in traffic / V2:Slowing or stopped in traffic / V3:Travelling straight ahead,V1:Northbound / V2:Northbound / V3:Northbound ,V1: Collision with motor vehicle in traffic / V2: Collision with motor vehicle in traffic / V3: Collision with motor vehicle in traffic ,"V1: Light truck(van, mini-van, panel, pickup, sport utility) with only four tires / V2:Light truck(van, mini-van, panel, pickup, sport utility) with only four tires / V3:Light truck(van, mini-van, panel, pickup, sport utility) with only four tires",Dry,Daylight,Clear,,Rte 93 N / UNKNOWN,,,,,236742.6233,900426.5825
3896125,BOSTON,27-Jul-2014,12:30 PM,Property damage only (none injured),2,0,0,Rear-end,V1: Slowing or stopped in traffic / V2:Travelling straight ahead,V1:Eastbound / V2:Eastbound ,V1: Collision with motor vehicle in traffic / V2: Collision with motor vehicle in traffic ,"V1: Light truck(van, mini-van, panel, pickup, sport utility) with only four tires / V2:Passenger car",Wet,Daylight,Cloudy/Rain,,1660 SOLDIERS FIELD ROAD,,,STARBUCKS,,228655.4056,901114.9393
3907089,BOSTON,27-Jul-2014,10:34 PM,Property damage only (none injured),2,0,0,Rear-end,V1: Travelling straight ahead / V2:Slowing or stopped in traffic,V1:Eastbound / V2:Eastbound ,V1: Collision with motor vehicle in traffic / V2: Collision with motor vehicle in traffic ,V1: Passenger car / V2:Passenger car,Dry,Dark - lighted roadway,Cloudy,,GALLIVAN BOULEVARD Rte UNKNOW / NEPONSET AVENUE,,,,,237735.2263,892889.9254
3896126,BOSTON,27-Jul-2014,10:48 PM,Non-fatal injury,2,1,0,Angle,V1: Changing lanes / V2:Travelling straight ahead,V1:Westbound / V2:Southbound ,V1: Collision with motor vehicle in traffic / V2: Collision with motor vehicle in traffic ,V1: Passenger car / V2:Passenger car,Dry,Dark - lighted roadway,Clear,CAMBRIDGE STREET / MASSACHUSETTS TURNPIKE,,,,,,230416.0205,900716.7499
3888658,BOSTON,28-Jul-2014,00:00 AM,Property damage only (none injured),1,0,0,Single vehicle crash,V1: Travelling straight ahead,V1:Southbound ,V1: Collision with tree ,V1: Passenger car,Dry,Dark - lighted roadway,Not Reported,,WILLIAM T MORRISSEY BOULEVARD / TOLMAN STREET,,,93S ON RAMP,,237470.2341,893376.8169
3893836,BOSTON,28-Jul-2014,5:50 AM,Property damage only (none injured),1,0,0,Single vehicle crash,V1: Travelling straight ahead,V1:Southbound ,V1: Other ,V1: Passenger car,Dry,Daylight,Cloudy,,Rte 93 S,,Exit 18 on Rte 93 S,,,236013.2783,899092.9981
3901158,BOSTON,28-Jul-2014,9:50 AM,Non-fatal injury,1,1,0,Single vehicle crash,V1: Travelling straight ahead,V1:Southbound ,V1: Collision with median barrier ,V1: Passenger car,Wet,Daylight,Cloudy,,LEVERETT CONNECTOR SOUTH,,,L-CS RAMP,,234812.5446,903304.8679
3890246,BOSTON,28-Jul-2014,9:50 AM,Property damage only (none injured),1,0,0,Single vehicle crash,V1: Travelling straight ahead,V1:Northbound ,V1: Collision with motor vehicle in traffic ,V1: Passenger car,Wet,Daylight,Cloudy,,RAMP-RT 28 NB (STORROW DR) TO RTS 93 NB/ / EMBANKMENT ROAD Rte 28 N,,,S-N TUNNEL,,235649.1208,901866.14
3889144,BOSTON,28-Jul-2014,10:15 AM,Property damage only (none injured),3,0,0,Rear-end,V1: Travelling straight ahead / V2:Travelling straight ahead / V3:Travelling straight ahead,V1:Eastbound / V2:Eastbound / V3:Eastbound ,V1: Collision with motor vehicle in traffic / V2: Collision with motor vehicle in traffic / V3: Collision with motor vehicle in traffic ,"V1: Passenger car / V2:Light truck(van, mini-van, panel, pickup, sport utility) with only four tires / V3:Light truck(van, mini-van, panel, pickup, sport utility) with only four tires",Wet,Daylight,Cloudy,,RAMP-RT 90 EB TO CAMBRIDGE ST,,Exit 18 on Rte 90 E,,,230805.6569,900804.7114
3908970,BOSTON,28-Jul-2014,10:52 AM,Property damage only (none injured),2,0,0,"Sideswipe, same direction",V1: Travelling straight ahead / V2:Not reported,V1:Northbound / V2:Not reported ,V1: Collision with motor vehicle in traffic / V2: Not reported ,V1: Passenger car / V2:Tractor/semi-trailer,Dry,Daylight,Clear,,Rte 93 N,,Exit 15 on Rte 93 N,,,236972.2496,896473.4282
3903932,BOSTON,28-Jul-2014,11:12 AM,Not Reported,2,0,0,Head-on,V1: Travelling straight ahead / V2:Turning left,V1:Not reported / V2:Not reported ,V1: Collision with motor vehicle in traffic / V2: Not reported ,V1: Passenger car / V2:Passenger car,Dry,Daylight,Clear,BEACON STREET / PARK DRIVE,,,,,,232535.3748,899651.148
3908547,BOSTON,28-Jul-2014,4:25 PM,Property damage only (none injured),4,0,0,Rear-end,V1: Slowing or stopped in traffic / V2:Slowing or stopped in traffic / V3:Slowing or stopped in traffic / V4:Slowing or stopped in traffic,V1:Westbound / V2:Westbound / V3:Westbound / V4:Westbound ,V1: Collision with motor vehicle in traffic / V2: Collision with motor vehicle in traffic / V3: Collision with motor vehicle in traffic / V4: Collision with motor vehicle in traffic ,"V1: Passenger car / V2:Light truck(van, mini-van, panel, pickup, sport utility) with only four tires / V3:Passenger car / V4:Passenger car",Dry,Daylight,Cloudy/Rain,,MASSACHUSETTS TURNPIKE Rte 90 W,,Exit 20 on Rte 90 W,,,231412.1688,900645.9631
3925212,BOSTON (DORCHESTER),28-Jul-2014,4:30 PM,Non-fatal injury,2,1,0,"Sideswipe, opposite direction",V1: Turning left / V2:Turning left,V1:Westbound / V2:Eastbound ,V1: Collision with motor vehicle in traffic / V2: Collision with moped ,V1: MOPED / V2:Passenger car,Dry,Daylight,Clear,BOWDOIN STREET / HAMILTON STREET,,,,,,235699.7969,895175.2502
3923735,BOSTON (BRIGHTON),28-Jul-2014,7:35 PM,Non-fatal injury,1,1,0,Single vehicle crash,V1: Turning right,V1:Westbound ,"V1: Collision with cyclist (bicycle, tricycle, unicycle, pedal car) ","V1: Light truck(van, mini-van, panel, pickup, sport utility) with only four tires",Dry,Daylight,Clear,KIRKWOOD ROAD / RADNOR ROAD,,,,,"P2:Pedalcyclist (bicycle, tricycle, unicycle, pedal car)",228332.9377,898981.3128
3925944,BOSTON (DORCHESTER),29-Jul-2014,9:15 AM,Property damage only (none injured),2,0,0,Rear-end,V1: Slowing or stopped in traffic / V2:Slowing or stopped in traffic,V1:Northbound / V2:Northbound ,V1: Collision with motor vehicle in traffic / V2: Collision with motor vehicle in traffic ,"V1: Light truck(van, mini-van, panel, pickup, sport utility) with only four tires / V2:Light truck(van, mini-van, panel, pickup, sport utility) with only four tires",Dry,Daylight,Clear/Clear,NEPONSET AVENUE / MINOT STREET,,,,,,237596.2188,892987
3893448,BOSTON,29-Jul-2014,2:55 PM,Property damage only (none injured),3,0,0,Rear-end,V1: Slowing or stopped in traffic / V2:Slowing or stopped in traffic / V3:Travelling straight ahead,V1:Southbound / V2:Southbound / V3:Southbound ,V1: Collision with motor vehicle in traffic / V2: Collision with motor vehicle in traffic / V3: Collision with motor vehicle in traffic ,"V1: Light truck(van, mini-van, panel, pickup, sport utility) with only four tires / V2:Passenger car / V3:Light truck(van, mini-van, panel, pickup, sport utility) with only four tires",Dry,Other,Clear,,Rte 93 S / UNKNOWN,,Exit 24 on Rte 93 S,,,236397.1933,901565.6511
3906333,BOSTON,29-Jul-2014,3:37 PM,Non-fatal injury,2,1,0,Not reported,V1: Slowing or stopped in traffic / V2:Entering traffic lane,V1:Northbound / V2:Westbound ,V1: Collision with motor vehicle in traffic / V2: Collision with motor vehicle in traffic ,"V1: Bus (seats for more than 15 people, including driver) / V2:Passenger car",Dry,Daylight,Clear,WASHINGTON STREET / LENOX STREET,,,,,,234711.424,898370.2392
3900040,BOSTON,29-Jul-2014,4:30 PM,Property damage only (none injured),2,0,0,Rear-end,V1: Travelling straight ahead / V2:Travelling straight ahead,V1:Northbound / V2:Southbound ,V1: Collision with motor vehicle in traffic / V2: Collision with motor vehicle in traffic ,"V1: Passenger car / V2:Light truck(van, mini-van, panel, pickup, sport utility) with only four tires",Dry,Daylight,Clear,,Rte 93 N,,Exit 23 on Rte 93,SOUTH OF EXIT 23,,236957.4837,900943.9828
3902365,BOSTON,29-Jul-2014,4:35 PM,Non-fatal injury,1,1,0,Angle,V1: Turning left,V1:Eastbound ,"V1: Collision with cyclist (bicycle, tricycle, unicycle, pedal car) ",V1: Passenger car,Dry,Daylight,Clear,GREEN STREET / BROOKSIDE AVENUE / UNION AVENUE,AMORY STREET,,,,"P2:Pedalcyclist (bicycle, tricycle, unicycle, pedal car)",232446.8751,895602.5623
3900045,BOSTON,29-Jul-2014,5:05 PM,Property damage only (none injured),3,0,0,Rear-end,V1: Travelling straight ahead / V2:Slowing or stopped in traffic / V3:Slowing or stopped in traffic,V1:Northbound / V2:Northbound / V3:Not reported ,V1: Collision with motor vehicle in traffic / V2: Collision with motor vehicle in traffic / V3: Collision with motor vehicle in traffic ,"V1: Light truck(van, mini-van, panel, pickup, sport utility) with only four tires / V2:Passenger car / V3:Passenger car",Dry,Daylight,Clear,,Rte 93 N,,Exit 16 on Rte 93,SOUTH OF EXIT #16,,236403.9842,897524.312
3938231,BOSTON (HYDE PARK),29-Jul-2014,5:18 PM,Non-fatal injury,3,4,0,"Sideswipe, same direction",V1: Travelling straight ahead / V2:Travelling straight ahead / V3:Not reported,V1:Not reported / V2:Not reported / V3:Not reported ,V1: Unknown / V2: Unknown / V3: Not reported ,V1: Passenger car / V2:Passenger car / V3:Passenger car,Dry,Daylight,Clear,,743 HYDE PARK AVENUE,,,,,231351.6983,891684.8835
3900039,BOSTON,29-Jul-2014,5:25 PM,Property damage only (none injured),2,0,0,Rear-end,V1: Travelling straight ahead / V2:Travelling straight ahead,V1:Southbound / V2:Southbound ,V1: Collision with motor vehicle in traffic / V2: Collision with motor vehicle in traffic ,V1: Tractor/semi-trailer / V2:Passenger car,Dry,Daylight,Not Reported,,JOHN F FITZGERALD EXPRESSWAY Rte 93 S / RAMP-SURFACE ARTERY TO RTS 93 SB/3 SB,,,OUTSIDE THE O&AMP;APOS;NEIL TUNN,,236268.6714,899988.7678
3923337,BOSTON (BRIGHTON),29-Jul-2014,7:04 PM,Non-fatal injury,2,1,0,Rear-end,V1: Slowing or stopped in traffic / V2:Slowing or stopped in traffic,V1:Southbound / V2:Southbound ,V1: Collision with impact attenuator/crash cushion / V2: Collision with impact attenuator/crash cushion ,"V1: Light truck(van, mini-van, panel, pickup, sport utility) with only four tires / V2:Passenger car",Dry,Dawn,Cloudy/Cloudy,CHESTNUT HILL AVENUE / COMMONWEALTH AVENUE,,,,,,228565.3749,898690.4998
3899275,BOSTON,29-Jul-2014,10:30 PM,Property damage only (none injured),3,0,0,Rear-end,V1: Travelling straight ahead / V2:Travelling straight ahead / V3:Not reported,V1:Southbound / V2:Southbound / V3:Southbound ,V1: Collision with motor vehicle in traffic / V2: Collision with motor vehicle in traffic / V3: Collision with motor vehicle in traffic ,"V1: Passenger car / V2:Passenger car / V3:Light truck(van, mini-van, panel, pickup, sport utility) with only four tires",Dry,Dark - lighted roadway,Clear,,SOUTHBOUND FRONTAGE ROAD / HAUL ROAD,,,HEGARTY BRIDGE,,235874.8344,898246.2263
3908550,BOSTON,30-Jul-2014,7:20 AM,Property damage only (none injured),2,0,0,"Sideswipe, same direction",V1: Overtaking/passing / V2:Leaving traffic lane,V1:Westbound / V2:Westbound ,V1: Collision with motor vehicle in traffic / V2: Collision with motor vehicle in traffic ,"V1: Passenger car / V2:Light truck(van, mini-van, panel, pickup, sport utility) with only four tires",Dry,Daylight,Clear,,GALLIVAN BOULEVARD Rte 203 W / DORCHESTER AVENUE,,,,,235804.4062,892252.5627
3923273,BOSTON,30-Jul-2014,9:37 AM,Property damage only (none injured),2,0,0,Unknown,V1: Turning left / V2:Parked,V1:Not reported / V2:Not reported ,V1: Collision with parked motor vehicle / V2: Collision with motor vehicle in traffic ,V1: Passenger car / V2:Passenger car,Dry,Daylight,Clear/Clear,,24 GENEVA AVENUE,,,,,234466.4587,895415.1595
3896245,BOSTON,30-Jul-2014,10:57 AM,Property damage only (none injured),2,0,0,Rear-end,V1: Travelling straight ahead / V2:Travelling straight ahead,V1:Northbound / V2:Northbound ,V1: Collision with motor vehicle in traffic / V2: Collision with motor vehicle in traffic ,"V1: Single-unit truck (2-axle, 6-tire) / V2:Single-unit truck (2-axle, 6-tire)",Dry,Daylight,Clear,WILLIAM DAY BOULEVARD / G STREET,,,,,,237574.4593,897847.2389
3896343,BOSTON,30-Jul-2014,10:57 AM,Property damage only (none injured),1,0,0,Single vehicle crash,V1: Travelling straight ahead,V1:Eastbound ,V1: Collision with highway traffic sign post ,"V1: Single-unit truck (2-axle, 6-tire)",Dry,Daylight,Clear,,STORROW DRIVE / RAMP-BERKELEY ST TO STORROW DR EB (RT 28,,,SILBER WAY,,235140.13,900710.0051
3896042,BOSTON,30-Jul-2014,2:13 PM,Property damage only (none injured),2,0,0,Rear-end,V1: Travelling straight ahead / V2:Slowing or stopped in traffic,V1:Southbound / V2:Southbound ,V1: Collision with motor vehicle in traffic / V2: Collision with motor vehicle in traffic ,"V1: Passenger car / V2:Light truck(van, mini-van, panel, pickup, sport utility) with only four tires",Dry,Daylight,Clear,,Rte 93 S / UNKNOWN,,Exit 12 on Rte 93 S,,,237620.5493,892713.0989
3901247,BOSTON,30-Jul-2014,2:41 PM,Property damage only (none injured),2,0,0,Rear-end,V1: Slowing or stopped in traffic / V2:Travelling straight ahead,V1:Southbound / V2:Southbound ,V1: Collision with motor vehicle in traffic / V2: Collision with motor vehicle in traffic ,V1: Motorcycle / V2:Passenger car,Dry,Daylight,Clear,,CHARLES STREET CIRCLE Rte UNKNOW,,,,,235385.419,901294.6172
3901240,BOSTON,30-Jul-2014,3:10 PM,Property damage only (none injured),3,0,0,Rear-end,V1: Travelling straight ahead / V2:Travelling straight ahead / V3:Travelling straight ahead,V1:Northbound / V2:Northbound / V3:Northbound ,V1: Collision with motor vehicle in traffic / V2: Collision with motor vehicle in traffic / V3: Collision with motor vehicle in traffic ,"V1: Light truck(van, mini-van, panel, pickup, sport utility) with only four tires / V2:Light truck(van, mini-van, panel, pickup, sport utility) with only four tires / V3:Light truck(van, mini-van, panel, pickup, sport utility) with only four tires",Dry,Daylight,Clear,,LEVERETT CONNECTOR NORTH,,,LEVERETT ON RAMP NORTHBOUND,,234810.8139,903337.3409
3893449,BOSTON,30-Jul-2014,4:45 PM,Property damage only (none injured),3,0,0,Rear-end,V1: Travelling straight ahead / V2:Slowing or stopped in traffic / V3:Travelling straight ahead,V1:Eastbound / V2:Eastbound / V3:Eastbound ,V1: Collision with motor vehicle in traffic / V2: Collision with motor vehicle in traffic / V3: Collision with motor vehicle in traffic ,"V1: Light truck(van, mini-van, panel, pickup, sport utility) with only four tires / V2:Light truck(van, mini-van, panel, pickup, sport utility) with only four tires / V3:Passenger car",Dry,Dark - lighted roadway,Clear,,MASSACHUSETTS TURNPIKE Rte 90 E / RAMP-RT 90 EB TO RT 9 (STUART ST/HUNTING,,,PRU TUNNEL,,234266.2764,899762.037
3992786,BOSTON (ROSLINDALE),30-Jul-2014,4:45 PM,Non-fatal injury,2,1,0,Not reported,V1: Turning right / V2:Overtaking/passing,V1:Northbound / V2:Northbound ,V1: Collision with motor vehicle in traffic / V2: Collision with motor vehicle in traffic ,"V1: Passenger car / V2:Bus (seats for more than 15 people, including driver)",Not reported,Not reported,Not Reported,WASHINGTON STREET / BEECH STREET,,,,,,229942.4844,892046.9998
3896246,BOSTON,30-Jul-2014,5:14 PM,Non-fatal injury,2,2,0,Rear-end,V1: Travelling straight ahead / V2:Slowing or stopped in traffic,V1:Southbound / V2:Southbound ,V1: Collision with motor vehicle in traffic / V2: Collision with motor vehicle in traffic ,"V1: Passenger car / V2:Light truck(van, mini-van, panel, pickup, sport utility) with only four tires",Dry,Daylight,Clear,,Rte 93 S,,Exit 15 on Rte 93,SAVIN HILL,,236629.6253,897168.5001
3896044,BOSTON,30-Jul-2014,6:30 PM,Non-fatal injury,2,1,0,Rear-end,V1: Slowing or stopped in traffic / V2:Travelling straight ahead,V1:Southbound / V2:Southbound ,V1: Collision with motor vehicle in traffic / V2: Collision with motor vehicle in traffic ,"V1: Light truck(van, mini-van, panel, pickup, sport utility) with only four tires / V2:Passenger car",Dry,Daylight,Clear,,NEPONSET AVENUE Rte 3A S / GALLIVAN BOULEVARD Rte 3A S,,,NEPONSET BRIDGE OUTBOUND,,237872.6845,892827.3511
3899276,BOSTON,30-Jul-2014,6:46 PM,Property damage only (none injured),3,0,0,Rear-end,V1: Travelling straight ahead / V2:Slowing or stopped in traffic / V3:Slowing or stopped in traffic,V1:Southbound / V2:Southbound / V3:Southbound ,V1: Collision with motor vehicle in traffic / V2: Collision with motor vehicle in traffic / V3: Collision with motor vehicle in traffic ,V1: Passenger car / V2:Passenger car / V3:Passenger car,Dry,Daylight,Clear,,JOHN F FITZGERALD EXPRESSWAY Rte 93 S / RAMP-RTS 93 SB/3 SB TO CALLAHAN TUNNEL,,,ENTRANCE PORTAL,,236376.6773,901594.7844
3896252,BOSTON,30-Jul-2014,8:00 PM,Property damage only (none injured),1,0,0,Single vehicle crash,V1: Turning left,V1:Northbound ,V1: Collision with pedestrian ,"V1: Bus (seats for more than 15 people, including driver)",Dry,Daylight,Clear,FRANKFORT STREET / LOVELL STREET,,,,,P1:Pedestrian,239100.9218,903210.1875
3908815,BOSTON,30-Jul-2014,11:15 PM,Non-fatal injury,1,1,0,Not reported,V1: Travelling straight ahead,V1:Southbound ,V1: Collision with pedestrian ,V1: Passenger car,Dry,Dark - lighted roadway,Clear,WASHINGTON STREET / ROXBURY STREET,,,,,,234234.7499,897761.8127
3890540,BOSTON,30-Jul-2014,11:30 PM,Non-fatal injury,1,2,0,Single vehicle crash,V1: Turning left,V1:Southbound ,"V1: Collision with cyclist (bicycle, tricycle, unicycle, pedal car) ",V1: Passenger car,Dry,Dark - lighted roadway,Clear,FRANCIS STREET / RIVERWAY,,,,,"P1:Pedalcyclist (bicycle, tricycle, unicycle, pedal car) / P2:Pedalcyclist (bicycle, tricycle, unicycle, pedal car)",232080.5294,898632.4523