Crash Number,City/Town Name,Crash Date,Crash Time,Crash Severity,Number of Vehicles,Total Nonfatal Injuries,Total Fatal Injuries,Manner of Collision,Vehicle Action Prior to Crash,Vehicle Travel Directions,Most Harmful Events,Vehicle Configuration,Road Surface Condition,Ambient Light,Weather Condition,At Roadway Intersection,Distance from Nearest Roadway Intersection,Distance from Nearest Milemarker,Distance from Nearest Exit,Distance from Nearest Landmark,Non Motorist Type,X Coordinate,Y Coordinate
3959148,BOSTON (DORCHESTER),30-Jul-2014,11:30 PM,Non-fatal injury,1,1,0,Angle,V1: Turning right,V1:Not reported ,"V1: Collision with cyclist (bicycle, tricycle, unicycle, pedal car) ",V1: Passenger car,Dry,Dark - lighted roadway,Cloudy,COLUMBIA ROAD / EAST COTTAGE STREET / MASSACHUSETTS AVENUE,,,,,"P2:Pedalcyclist (bicycle, tricycle, unicycle, pedal car)",236117.9909,896749.218
3993474,BOSTON,31-Jul-2014,7:40 AM,Property damage only (none injured),2,0,0,Rear-end,V1: Turning right / V2:Slowing or stopped in traffic,V1:Not reported / V2:Not reported ,V1: Collision with motor vehicle in traffic / V2: Collision with motor vehicle in traffic ,V1: Passenger car / V2:Passenger car,Dry,Daylight,Clear,WALTER STREET / CENTRE STREET,,,,,,230516.1093,894243.8126
3910034,BOSTON,31-Jul-2014,8:00 AM,Property damage only (none injured),2,0,0,"Sideswipe, same direction",V1: Changing lanes / V2:Travelling straight ahead,V1:Northbound / V2:Northbound ,V1: Collision with motor vehicle in traffic / V2: Collision with motor vehicle in traffic ,V1: Passenger car / V2:Passenger car,Dry,Daylight,Clear,,CAMBRIDGE STREET / RAMP-RT 90 TO CAMBRIDGE ST EB,,,DOUBLETREE HOTEL,,231496.0315,901231.0937
3899277,BOSTON,31-Jul-2014,8:49 AM,Property damage only (none injured),1,0,0,Single vehicle crash,V1: Travelling straight ahead,V1:Westbound ,V1: Overturn/rollover ,"V1: Light truck(van, mini-van, panel, pickup, sport utility) with only four tires",Dry,Daylight,Not Reported,,Rte 90 W / UNKNOWN,,,,,231857.2326,900218.8073
3902374,BOSTON (ROXBURY),31-Jul-2014,9:01 AM,Property damage only (none injured),2,0,0,Angle,V1: Travelling straight ahead / V2:Travelling straight ahead,V1:Not reported / V2:Not reported ,V1: Collision with motor vehicle in traffic / V2: Collision with motor vehicle in traffic ,V1: Passenger car / V2:Passenger car,Not reported,Daylight,Clear,COLUMBUS AVENUE / WALNUT AVENUE,,,,,,233385.0782,895956.6876
3923741,BOSTON,31-Jul-2014,2:40 PM,Property damage only (none injured),2,0,0,Rear-end,V1: Travelling straight ahead / V2:Slowing or stopped in traffic,V1:Southbound / V2:Southbound ,V1: Collision with motor vehicle in traffic / V2: Collision with motor vehicle in traffic ,V1: Passenger car / V2:Passenger car,Dry,Daylight,Clear,,Rte 93 S,,Exit 24 on Rte 93 S,,,236397.1933,901565.6511
3953971,BOSTON (HYDE PARK),31-Jul-2014,5:00 PM,Not Reported,1,0,0,Not reported,V1: Turning right,V1:Northbound ,"V1: Collision with cyclist (bicycle, tricycle, unicycle, pedal car) ",V1: Passenger car,Not reported,Not reported,Not Reported,WEST STREET / GWINNETT STREET,,,,,"P2:Pedalcyclist (bicycle, tricycle, unicycle, pedal car)",230971.7657,890321.6873
3893548,BOSTON,31-Jul-2014,6:20 PM,Non-fatal injury,2,1,0,Rear-end,V1: Travelling straight ahead / V2:Slowing or stopped in traffic,V1:Northbound / V2:Northbound ,V1: Collision with motor vehicle in traffic / V2: Collision with motor vehicle in traffic ,V1: Passenger car / V2:Passenger car,Dry,Daylight,Clear,,JOHN F FITZGERALD EXPRESSWAY Rte 93 N / JOHN F FITZGERALD EXPRESSWAY Rte 93 N,,,ZAKIM BRIDGE,,235956.2269,902155.5502
3896045,BOSTON,31-Jul-2014,6:30 PM,Property damage only (none injured),3,0,0,Rear-end,V1: Travelling straight ahead / V2:Slowing or stopped in traffic / V3:Slowing or stopped in traffic,V1:Northbound / V2:Northbound / V3:Northbound ,V1: Collision with motor vehicle in traffic / V2: Collision with motor vehicle in traffic / V3: Collision with motor vehicle in traffic ,"V1: Passenger car / V2:Light truck(van, mini-van, panel, pickup, sport utility) with only four tires / V3:Light truck(van, mini-van, panel, pickup, sport utility) with only four tires",Dry,Daylight,Clear,,Rte 93 N / UNKNOWN,,Exit 13 on Rte 93 N,,,237420.1414,894076.5227
3893839,BOSTON,31-Jul-2014,9:49 PM,Property damage only (none injured),2,0,0,"Sideswipe, same direction",V1: Travelling straight ahead / V2:Parked,V1:Westbound / V2:Westbound ,V1: Collision with motor vehicle in traffic / V2: Collision with motor vehicle in traffic ,V1: Passenger car / V2:Passenger car,Dry,Dark - lighted roadway,Clear,,MORTON STREET Rte 203 / SELDEN STREET,,,,,234424.4024,892301.6634
3899750,BOSTON,01-Aug-2014,00:00 AM,Non-fatal injury,1,1,0,Single vehicle crash,V1: Overtaking/passing,V1:Westbound ,V1: Collision with median barrier ,V1: Passenger car,Dry,Dark - lighted roadway,Clear,,Rte 90 W / UNKNOWN,,,,,227833.3271,900850.8984
3907400,BOSTON,01-Aug-2014,00:00 AM,Not Reported,2,0,0,Unknown,V1: Parked / V2:Not reported,V1:Not reported / V2:Not reported ,V1: Collision with parked motor vehicle / V2: Not reported ,V1: Passenger car / V2:Unknown vehicle configuration,Dry,Dark - lighted roadway,Clear/Clear,,75 WEST COTTAGE STREET,,,,,234956.6276,896759.5305
3899307,BOSTON,01-Aug-2014,1:51 AM,Property damage only (none injured),1,0,0,Single vehicle crash,V1: Turning left,V1:Southbound ,V1: Collision with tree ,"V1: Light truck(van, mini-van, panel, pickup, sport utility) with only four tires",Dry,Dark - lighted roadway,Not Reported,,WILLIAM T MORRISSEY BOULEVARD Rte UNKNOW / VICTORY ROAD,,,,,237177.5625,894270.7504
3899278,BOSTON,01-Aug-2014,7:10 AM,Property damage only (none injured),3,0,0,Rear-end,V1: Travelling straight ahead / V2:Travelling straight ahead / V3:Travelling straight ahead,V1:Southbound / V2:Southbound / V3:Southbound ,V1: Collision with motor vehicle in traffic / V2: Collision with motor vehicle in traffic / V3: Collision with motor vehicle in traffic ,"V1: Light truck(van, mini-van, panel, pickup, sport utility) with only four tires / V2:Light truck(van, mini-van, panel, pickup, sport utility) with only four tires / V3:Light truck(van, mini-van, panel, pickup, sport utility) with only four tires",Dry,Daylight,Clear,INTERSTATE 93 Rte I93 S / LEVERETT CONNECTOR SOUTH,,,,STATION TUNNEL,,234851.4114,903728.5153
3934833,BOSTON,01-Aug-2014,7:15 AM,Property damage only (none injured),2,0,0,Rear-end,V1: Slowing or stopped in traffic / V2:Travelling straight ahead,V1:Northbound / V2:Northbound ,V1: Collision with motor vehicle in traffic / V2: Collision with motor vehicle in traffic ,"V1: Passenger car / V2:Single-unit truck (2-axle, 6-tire)",Dry,Daylight,Clear,,Rte 93 N,,Exit 14 on Rte 93 N,,,237258.9796,894483.3974
3922673,BOSTON,01-Aug-2014,8:04 AM,Property damage only (none injured),4,0,0,Rear-end,V1: Slowing or stopped in traffic / V2:Slowing or stopped in traffic / V3:Slowing or stopped in traffic / V4:Travelling straight ahead,V1:Southbound / V2:Southbound / V3:Southbound / V4:Southbound ,V1: Collision with motor vehicle in traffic / V2: Collision with motor vehicle in traffic / V3: Collision with motor vehicle in traffic / V4: Collision with motor vehicle in traffic ,"V1: Light truck(van, mini-van, panel, pickup, sport utility) with only four tires / V2:Passenger car / V3:Light truck(van, mini-van, panel, pickup, sport utility) with only four tires / V4:Passenger car",Dry,Daylight,Clear,,JOHN F FITZGERALD EXPRESSWAY Rte 93 S / RAMP-RTS 93 SB/3 SB TO CALLAHAN TUNNEL,,,O'NEIL TUNNEL,,236378.9239,901591.5943
3928714,BOSTON,01-Aug-2014,8:17 AM,Non-fatal injury,1,1,0,Single vehicle crash,V1: Turning left,V1:Westbound ,V1: Collision with pedestrian ,"V1: Light truck(van, mini-van, panel, pickup, sport utility) with only four tires",Dry,Daylight,Clear,,FRONTAGE ROAD Rte UNKNOW N / WEST FOURTH STREET,,,,P2:Pedestrian,236111.8694,899236.5468
3908968,BOSTON,01-Aug-2014,8:30 AM,Property damage only (none injured),2,0,0,Rear-end,V1: Travelling straight ahead / V2:Slowing or stopped in traffic,V1:Northbound / V2:Northbound ,V1: Collision with motor vehicle in traffic / V2: Collision with motor vehicle in traffic ,V1: Single-unit truck (3-or-more axles) / V2:Passenger car,Dry,Daylight,Clear,,Rte 93 N,,Exit 16 on Rte 93,,,236403.9842,897524.312
3907425,BOSTON,01-Aug-2014,10:23 AM,Property damage only (none injured),3,0,0,Rear-end,V1: Slowing or stopped in traffic / V2:Slowing or stopped in traffic / V3:Travelling straight ahead,V1:Southbound / V2:Southbound / V3:Southbound ,V1: Collision with motor vehicle in traffic / V2: Collision with motor vehicle in traffic / V3: Collision with motor vehicle in traffic ,"V1: Passenger car / V2:Passenger car / V3:Light truck(van, mini-van, panel, pickup, sport utility) with only four tires",Dry,Daylight,Clear,DORCHESTER STREET / OLD COLONY AVENUE,,,,,,236824.1827,897997.6952
3901159,BOSTON,01-Aug-2014,11:17 AM,Property damage only (none injured),2,0,0,Rear-end,V1: Slowing or stopped in traffic / V2:Travelling straight ahead,V1:Southbound / V2:Southbound ,V1: Collision with motor vehicle in traffic / V2: Collision with motor vehicle in traffic ,V1: Passenger car / V2:Passenger car,Dry,Daylight,Clear,,Rte 93 S / UNKNOWN,,Exit 23 on Rte 93 S,,,236856.2793,901152.8251
3909419,BOSTON,01-Aug-2014,2:24 PM,Property damage only (none injured),1,0,0,Single vehicle crash,V1: Travelling straight ahead,V1:Eastbound ,V1: Not reported ,V1: Truck/trailer,Dry,Daylight,Clear,,STORROW DRIVE Rte 28 N / EMBANKMENT ROAD Rte 28 N,,,BENEATH LONGFELLOW BRIDGE,,235228.9423,901284.8639
3896122,BOSTON,01-Aug-2014,3:50 PM,Non-fatal injury,2,1,0,Rear-end,V1: Slowing or stopped in traffic / V2:Travelling straight ahead,V1:Westbound / V2:Westbound ,V1: Collision with motor vehicle in traffic / V2: Collision with motor vehicle in traffic ,V1: Passenger car / V2:Passenger car,Dry,Daylight,Clear,,STORROW DRIVE Rte 28 S / CHARLES STREET Rte 3 N,,,@ LEE POOL,,235400.7457,901590.0721
3896072,BOSTON,01-Aug-2014,4:44 PM,Not Reported,2,0,0,"Sideswipe, same direction",V1: Parked / V2:Turning left,V1:Not reported / V2:Not reported ,V1: Not reported / V2: Not reported ,V1: Passenger car / V2:Passenger car,Dry,Daylight,Cloudy,,,,,IN PARKING GARAGE ECONOMY LOT,,,
3912189,BOSTON,01-Aug-2014,10:38 PM,Property damage only (none injured),2,0,0,"Sideswipe, opposite direction",V1: Not reported / V2:Not reported,V1:Not reported / V2:Not reported ,V1: Not reported / V2: Not reported ,"V1: Unknown heavy truck, cannot classify / V2:Light truck(van, mini-van, panel, pickup, sport utility) with only four tires",Dry,Dark - lighted roadway,Clear,ALLSTON STREET / CAROL AVENUE,,,,,,229636.9377,899409.25
3908552,BOSTON,01-Aug-2014,11:28 PM,Non-fatal injury,2,1,0,"Sideswipe, same direction",V1: Travelling straight ahead / V2:Changing lanes,V1:Northbound / V2:Northbound ,V1: Collision with motor vehicle in traffic / V2: Collision with median barrier ,"V1: Light truck(van, mini-van, panel, pickup, sport utility) with only four tires / V2:Passenger car",Dry,Dark - lighted roadway,Cloudy,,Rte 93 N / UNKNOWN,,Exit 12 on Rte 93 N,,,237641.3431,892708.5028
3901167,BOSTON,02-Aug-2014,1:45 AM,Property damage only (none injured),2,0,0,Angle,V1: Travelling straight ahead / V2:Travelling straight ahead,V1:Southbound / V2:Eastbound ,V1: Collision with motor vehicle in traffic / V2: Collision with motor vehicle in traffic ,V1: Passenger car / V2:Passenger car,Dry,Dark - lighted roadway,Clear,BEACON STREET / RAMP-BEACON ST WB TO STORROW DR WB,,,,,,233602.6782,900041.9243
3899279,BOSTON,02-Aug-2014,3:15 AM,Property damage only (none injured),2,0,0,Rear-end,V1: Slowing or stopped in traffic / V2:Travelling straight ahead,V1:Eastbound / V2:Eastbound ,V1: Collision with motor vehicle in traffic / V2: Collision with motor vehicle in traffic ,V1: Passenger car / V2:Passenger car,Dry,Dark - lighted roadway,Cloudy,RAMP-SUMNER TUNL TO RT 3 NB (STORROW DR) / RAMP-SUMNER TUNL TO RT 93 NB/MARKET ST / SUMNER TUNNEL,,,Exit STORRO on Rte UNKNOW,,,236652.6955,901439.7832
3899308,BOSTON,02-Aug-2014,10:31 AM,Property damage only (none injured),2,0,0,Rear-end,V1: Travelling straight ahead / V2:Travelling straight ahead,V1:Northbound / V2:Northbound ,V1: Collision with motor vehicle in traffic / V2: Collision with motor vehicle in traffic ,"V1: Light truck(van, mini-van, panel, pickup, sport utility) with only four tires / V2:Passenger car",Wet,Daylight,Not Reported,,Rte 93 N / UNKNOWN,,Exit 14 on Rte 93 N,,,237258.9796,894483.3974
3940031,BOSTON (DORCHESTER),02-Aug-2014,11:00 AM,Non-fatal injury,2,3,0,Angle,V1: Travelling straight ahead / V2:Turning left,V1:Not reported / V2:Not reported ,V1: Collision with motor vehicle in traffic / V2: Collision with motor vehicle in traffic ,"V1: Light truck(van, mini-van, panel, pickup, sport utility) with only four tires / V2:Passenger car",Wet,Daylight,Rain,ASHMONT STREET / NEWHALL STREET,,,,,,236990.6406,893301.3127
3926082,BOSTON,02-Aug-2014,2:33 PM,Property damage only (none injured),2,0,0,Rear-end,V1: Travelling straight ahead / V2:Slowing or stopped in traffic,V1:Northbound / V2:Northbound ,V1: Collision with motor vehicle in traffic / V2: Collision with motor vehicle in traffic ,V1: Passenger car / V2:Passenger car,Dry,Daylight,Clear,JOHN F FITZGERALD EXPRESSWAY Rte I93 N / RAMP-RTS 90/1A SB TO RTS 93 NB/3 NB,,Rte 93  N Milemarker 17.0,,,,236586.4586,900220.4936
3899280,BOSTON,02-Aug-2014,4:35 PM,Property damage only (none injured),2,0,0,Rear-end,V1: Slowing or stopped in traffic / V2:Turning left,V1:Southbound / V2:Southbound ,V1: Collision with motor vehicle in traffic / V2: Collision with motor vehicle in traffic ,V1: Passenger car / V2:Passenger car,Dry,Daylight,Cloudy,,JOHN F FITZGERALD EXPRESSWAY Rte 93 S / RAMP-RTS 93 SB/3 SB TO SB FRONTAGE RD/MA,,,@ ALBANY ST,,236024.2532,899121.1489
3896256,BOSTON,02-Aug-2014,4:58 PM,Property damage only (none injured),2,0,0,Angle,V1: Making U-turn / V2:Travelling straight ahead,V1:Northbound / V2:Northbound ,V1: Collision with motor vehicle in traffic / V2: Collision with motor vehicle in traffic ,V1: Passenger car / V2:Passenger car,Dry,Daylight,Cloudy,,WILLIAM T MORRISSEY BOULEVARD / DOMINIC J BIANCULLI BOULEVARD,,,,,237369.8146,896003.7328
3936102,BOSTON,02-Aug-2014,7:08 PM,Property damage only (none injured),2,0,0,Rear-end,V1: Entering traffic lane / V2:Entering traffic lane,V1:Eastbound / V2:Eastbound ,V1: Collision with motor vehicle in traffic / V2: Collision with motor vehicle in traffic ,"V1: Light truck(van, mini-van, panel, pickup, sport utility) with only four tires / V2:Passenger car",Dry,Dusk,Clear,GALLIVAN BOULEVARD Rte SR3A S / RAMP-RTS 93 SB/3 SB TO RTS 3A SB/203 EB Rte I93 S,,,Exit 12 on Rte 93 S,@ WALGREENS,,237512.8437,892767.8123
3962303,BOSTON,02-Aug-2014,10:45 PM,Non-fatal injury,2,1,0,"Sideswipe, same direction",V1: Travelling straight ahead / V2:Not reported,V1:Southbound / V2:Southbound ,V1: Collision with motor vehicle in traffic / V2: Collision with motor vehicle in traffic ,"V1: Light truck(van, mini-van, panel, pickup, sport utility) with only four tires / V2:Light truck(van, mini-van, panel, pickup, sport utility) with only four tires",Wet,Dark - lighted roadway,Rain,,Rte 93 S / UNKNOWN,,Exit 12 on Rte 93 S,RAMADA CUTOUT,,237620.5493,892713.0989
3911907,BOSTON,03-Aug-2014,00:00 AM,Non-fatal injury,2,1,0,Rear-end,V1: Slowing or stopped in traffic / V2:Travelling straight ahead,V1:Northbound / V2:Northbound ,V1: Collision with motor vehicle in traffic / V2: Collision with motor vehicle in traffic ,V1: Passenger car / V2:Motorcycle,Dry,Dark - lighted roadway,Clear,,Rte 93 N / UNKNOWN,,Exit 15 on Rte 93 N,,,236972.2496,896473.4282
3925194,BOSTON (DORCHESTER),03-Aug-2014,1:30 AM,Unknown,2,0,0,"Sideswipe, same direction",V1: Parked / V2:Unknown,V1:Not reported / V2:Not reported ,V1: Not reported / V2: Collision with parked motor vehicle ,"V1: Light truck(van, mini-van, panel, pickup, sport utility) with only four tires / V2:Light truck(van, mini-van, panel, pickup, sport utility) with only four tires",Dry,Dark - lighted roadway,Cloudy,PLAYSTEAD ROAD / SAVIN HILL AVENUE,,,,,,236986.6296,895600.1257
3923742,BOSTON,03-Aug-2014,2:50 AM,Property damage only (none injured),2,0,0,Rear-end,V1: Travelling straight ahead / V2:Slowing or stopped in traffic,V1:Northbound / V2:Northbound ,V1: Collision with motor vehicle in traffic / V2: Collision with motor vehicle in traffic ,V1: Passenger car / V2:Passenger car,Dry,Dark - lighted roadway,Clear,,Rte 93 N,,Exit 20 on Rte 93 N,AT EXIT 20,,235935.6734,898219.8317
3920650,BOSTON,03-Aug-2014,12:35 PM,Non-fatal injury,4,1,0,Angle,V1: Travelling straight ahead / V2:Travelling straight ahead / V3:Parked / V4:Parked,V1:Northbound / V2:Westbound / V3:Not reported / V4:Not reported ,V1: Collision with motor vehicle in traffic / V2: Collision with motor vehicle in traffic / V3: Collision with motor vehicle in traffic / V4: Collision with motor vehicle in traffic ,"V1: Passenger car / V2:Passenger car / V3:Light truck(van, mini-van, panel, pickup, sport utility) with only four tires / V4:Passenger car",Dry,Daylight,Clear,BEACH STREET / LINCOLN STREET,,,,,,236371.5281,900141.0383
3899688,BOSTON,03-Aug-2014,1:32 PM,Property damage only (none injured),2,0,0,Rear-end,V1: Slowing or stopped in traffic / V2:Slowing or stopped in traffic,V1:Southbound / V2:Southbound ,V1: Collision with motor vehicle in traffic / V2: Collision with motor vehicle in traffic ,"V1: Passenger car / V2:Light truck(van, mini-van, panel, pickup, sport utility) with only four tires",Dry,Daylight,Clear,,ALBANY STREET,,Exit 18 on Rte 93 S,,,235910.3767,898937.1644
3912022,BOSTON,03-Aug-2014,2:05 PM,Non-fatal injury,2,3,0,"Sideswipe, same direction",V1: Travelling straight ahead / V2:Travelling straight ahead,V1:Northbound / V2:Northbound ,V1: Collision with motor vehicle in traffic / V2: Collision with motor vehicle in traffic ,"V1: Light truck(van, mini-van, panel, pickup, sport utility) with only four tires / V2:Passenger car",Dry,Daylight,Clear/Clear,,666 WASHINGTON STREET,,,,,236023.3634,900224.7978
3933735,BOSTON,03-Aug-2014,2:23 PM,Property damage only (none injured),2,0,0,Rear-end,V1: Slowing or stopped in traffic / V2:Travelling straight ahead,V1:Northbound / V2:Northbound ,V1: Collision with motor vehicle in traffic / V2: Collision with motor vehicle in traffic ,"V1: Light truck(van, mini-van, panel, pickup, sport utility) with only four tires / V2:Passenger car",Dry,Daylight,Clear,,Rte 93 N / UNKNOWN,,Exit 15 on Rte 93 N,,,236972.2496,896473.4282
3899761,BOSTON,03-Aug-2014,4:15 PM,Property damage only (none injured),2,0,0,Rear-end,V1: Travelling straight ahead / V2:Changing lanes,V1:Southbound / V2:Southbound ,V1: Collision with motor vehicle in traffic / V2: Collision with motor vehicle in traffic ,V1: Passenger car / V2:Passenger car,Dry,Daylight,Clear,,Rte 93 S,,Exit 23 on Rte 93 S,"RT 93 SOUTH, EXIT 23",,236856.2793,901152.8251
3905108,BOSTON,03-Aug-2014,5:30 PM,Property damage only (none injured),3,0,0,Rear-end,V1: Turning left / V2:Travelling straight ahead / V3:Travelling straight ahead,V1:Northbound / V2:Northbound / V3:Southbound ,V1: Collision with motor vehicle in traffic / V2: Collision with motor vehicle in traffic / V3: Collision with motor vehicle in traffic ,"V1: Passenger car / V2:Passenger car / V3:Light truck(van, mini-van, panel, pickup, sport utility) with only four tires",Dry,Daylight,Clear,MORTON STREET / HANNON STREET,,,,,,234147.0069,892377.4768
3908632,BOSTON,03-Aug-2014,6:50 PM,Property damage only (none injured),2,0,0,Rear-end,V1: Travelling straight ahead / V2:Travelling straight ahead,V1:Northbound / V2:Northbound ,V1: Collision with motor vehicle in traffic / V2: Collision with motor vehicle in traffic ,"V1: Light truck(van, mini-van, panel, pickup, sport utility) with only four tires / V2:Passenger car",Dry,Daylight,Clear,,Rte 93 N / UNKNOWN,,Exit 13 on Rte 93 N,,,237420.1414,894076.5227
3908814,BOSTON (ROXBURY),03-Aug-2014,8:53 PM,Non-fatal injury,2,2,0,Angle,V1: Turning left / V2:Travelling straight ahead,V1:Northbound / V2:Southbound ,V1: Collision with motor vehicle in traffic / V2: Collision with motor vehicle in traffic ,V1: Passenger car / V2:Unknown vehicle configuration,Dry,Dark - lighted roadway,Clear/Clear,TREMONT STREET / MELNEA CASS BOULEVARD,,,,,,234034.0787,898437.6747
3911908,BOSTON,03-Aug-2014,10:15 PM,Property damage only (none injured),2,0,0,Angle,V1: Slowing or stopped in traffic / V2:Travelling straight ahead,V1:Southbound / V2:Southbound ,V1: Collision with motor vehicle in traffic / V2: Collision with motor vehicle in traffic ,V1: Passenger car / V2:Passenger car,Dry,Dark - lighted roadway,Clear,,WILLIAM T MORRISSEY BOULEVARD,,,MALIBU BEACH,,237378.8248,895224.8946
3925191,BOSTON,03-Aug-2014,10:41 PM,Non-fatal injury,2,1,0,Not reported,V1: Travelling straight ahead / V2:Turning left,V1:Northbound / V2:Not reported ,V1: Collision with motor vehicle in traffic / V2: Collision with motor vehicle in traffic ,V1: Passenger car / V2:Passenger car,Not reported,Not reported,Not Reported,BOWDOIN STREET / DRAPER STREET,,,,,,235741.9842,895227.0625
3898450,BOSTON,03-Aug-2014,11:15 PM,Non-fatal injury,1,1,0,Single vehicle crash,V1: Travelling straight ahead,V1:Not reported ,V1: Collision with tree ,V1: Passenger car,Dry,Dark - lighted roadway,Clear,,VETERANS OF FOREIGN WARS PARKWAY Rte UNKNOW / WEST ROXBURY VFW PARKWAY ROTARY,,,,,229244.3438,894033.7502
3925193,BOSTON (DORCHESTER),04-Aug-2014,00:00 AM,Not Reported,3,0,0,"Sideswipe, same direction",V1: Travelling straight ahead / V2:Parked / V3:Parked,V1:Not reported / V2:Not reported / V3:Not reported ,V1: Not reported / V2: Not reported / V3: Not reported ,"V1: Light truck(van, mini-van, panel, pickup, sport utility) with only four tires / V2:Passenger car / V3:Light truck(van, mini-van, panel, pickup, sport utility) with only four tires",Dry,Dark - lighted roadway,Clear/Clear,,14 BURT STREET,,,,,235663.5932,892807.1284
3907090,BOSTON,04-Aug-2014,1:30 AM,Property damage only (none injured),1,0,0,Single vehicle crash,V1: Travelling straight ahead,V1:Westbound ,V1: Collision with tree ,V1: Passenger car,Dry,Dark - lighted roadway,Clear,,NEPONSET VALLEY PARKWAY Rte UNKNOW / TRUMAN HIGHWAY,,,,,230941.0155,887276.4376
3930752,BOSTON (CHARLESTOWN),04-Aug-2014,7:45 AM,Not Reported,1,0,0,Single vehicle crash,V1: Turning right,V1:Westbound ,V1: Collision with pedestrian ,V1: Unknown vehicle configuration,Dry,Daylight,Clear/Clear,NORTH WASHINGTON STREET / NEW RUTHERFORD AVENUE Rte SR99 S / CHELSEA STREET,,,,,P2:Pedestrian,236072.6005,902366.3306
3939272,BOSTON,04-Aug-2014,8:30 AM,Property damage only (none injured),1,0,0,Not reported,V1: Backing,V1:Not reported ,V1: Collision with light pole or other post/support ,"V1: Single-unit truck (2-axle, 6-tire)",Not reported,Not reported,Not Reported,,160 COMMONWEALTH AVENUE,,,,,234710.8662,900201.7944
3899689,BOSTON,04-Aug-2014,9:31 AM,Property damage only (none injured),2,0,0,Rear-end,V1: Slowing or stopped in traffic / V2:Travelling straight ahead,V1:Southbound / V2:Southbound ,V1: Collision with motor vehicle in traffic / V2: Collision with motor vehicle in traffic ,V1: Passenger car / V2:Passenger car,Dry,Daylight,Clear,,Rte 93 S / UNKNOWN,,,,,234855.7597,903591.5463
3900182,BOSTON,04-Aug-2014,10:00 AM,Property damage only (none injured),2,0,0,Rear-end,V1: Slowing or stopped in traffic / V2:Travelling straight ahead,V1:Southbound / V2:Southbound ,V1: Collision with motor vehicle in traffic / V2: Collision with motor vehicle in traffic ,V1: Passenger car / V2:Passenger car,Dry,Daylight,Clear,,Rte 93 S / UNKNOWN,,Exit 12 on Rte 93 S,,,237620.5493,892713.0989
3899301,BOSTON,04-Aug-2014,11:30 AM,Property damage only (none injured),2,0,0,Angle,V1: Entering traffic lane / V2:Travelling straight ahead,V1:Eastbound / V2:Southbound ,V1: Collision with motor vehicle in traffic / V2: Collision with motor vehicle in traffic ,"V1: Light truck(van, mini-van, panel, pickup, sport utility) with only four tires / V2:Light truck(van, mini-van, panel, pickup, sport utility) with only four tires",Dry,Daylight,Clear,,CHARLES STREET CIRCLE Rte UNKNOW / CAMBRIDGE STREET,,,,,235416.6999,901255.0377
3908558,BOSTON,04-Aug-2014,4:25 PM,Property damage only (none injured),3,0,0,Rear-end,V1: Travelling straight ahead / V2:Travelling straight ahead / V3:Travelling straight ahead,V1:Northbound / V2:Northbound / V3:Northbound ,V1: Collision with motor vehicle in traffic / V2: Collision with motor vehicle in traffic / V3: Collision with motor vehicle in traffic ,V1: Passenger car / V2:Passenger car / V3:Passenger car,Dry,Daylight,Clear,,Rte 93 / UNKNOWN,,Exit 12 on Rte 93,,,237641.3431,892708.5028
3899762,BOSTON,04-Aug-2014,4:55 PM,Property damage only (none injured),2,0,0,Angle,V1: Changing lanes / V2:Slowing or stopped in traffic,V1:Westbound / V2:Westbound ,V1: Collision with motor vehicle in traffic / V2: Collision with motor vehicle in traffic ,"V1: Passenger car / V2:Light truck(van, mini-van, panel, pickup, sport utility) with only four tires",Dry,Daylight,Clear,,EAST BOSTON EXPRESSWAY Rte 1A S / SUMNER TUNNEL,,,,,238041.3696,902662.0925
3923744,BOSTON,04-Aug-2014,6:47 PM,Non-fatal injury,3,1,0,Rear-end,V1: Slowing or stopped in traffic / V2:Slowing or stopped in traffic / V3:Travelling straight ahead,V1:Westbound / V2:Westbound / V3:Westbound ,V1: Collision with motor vehicle in traffic / V2: Collision with motor vehicle in traffic / V3: Collision with motor vehicle in traffic ,"V1: Passenger car / V2:Passenger car / V3:Light truck(van, mini-van, panel, pickup, sport utility) with only four tires",Dry,Daylight,Clear,,MASSACHUSETTS TURNPIKE Rte 90 W / RAMP-ARLINGTON ST TO RT 90 WB,Rte 90  W Milemarker 134.0,,,,235117.8487,899805.5403
3925196,BOSTON (DORCHESTER),04-Aug-2014,8:00 PM,Not Reported,1,0,0,Angle,V1: Not reported,V1:Not reported ,V1: Not reported ,V1: Passenger car,Dry,Dusk,Clear,GENEVA AVENUE / OLNEY STREET,,,,,"P2:Pedalcyclist (bicycle, tricycle, unicycle, pedal car)",235110.8439,895024.0627
3901322,BOSTON,04-Aug-2014,9:25 PM,Property damage only (none injured),2,0,0,Rear-end,V1: Slowing or stopped in traffic / V2:Travelling straight ahead,V1:Southbound / V2:Southbound ,V1: Collision with motor vehicle in traffic / V2: Collision with motor vehicle in traffic ,"V1: Light truck(van, mini-van, panel, pickup, sport utility) with only four tires / V2:Light truck(van, mini-van, panel, pickup, sport utility) with only four tires",Dry,Dark - lighted roadway,Clear,,Rte 93,,Exit 15 on Rte 93,,,236629.6253,897168.5001