Crash Number,City/Town Name,Crash Date,Crash Time,Crash Severity,Number of Vehicles,Total Nonfatal Injuries,Total Fatal Injuries,Manner of Collision,Vehicle Action Prior to Crash,Vehicle Travel Directions,Most Harmful Events,Vehicle Configuration,Road Surface Condition,Ambient Light,Weather Condition,At Roadway Intersection,Distance from Nearest Roadway Intersection,Distance from Nearest Milemarker,Distance from Nearest Exit,Distance from Nearest Landmark,Non Motorist Type,X Coordinate,Y Coordinate
3923763,BOSTON,09-Aug-2014,12:08 PM,Property damage only (none injured),3,0,0,Rear-end,V1: Travelling straight ahead / V2:Not reported / V3:Slowing or stopped in traffic,V1:Southbound / V2:Not reported / V3:Southbound ,V1: Collision with motor vehicle in traffic / V2: Not reported / V3: Collision with motor vehicle in traffic ,"V1: Light truck(van, mini-van, panel, pickup, sport utility) with only four tires / V2:Passenger car / V3:Passenger car",Dry,Daylight,Clear,,Rte 93 S,,Exit 15 on Rte 93,,,236629.6253,897168.5001
3922698,BOSTON,09-Aug-2014,12:55 PM,Property damage only (none injured),3,0,0,Rear-end,V1: Slowing or stopped in traffic / V2:Slowing or stopped in traffic / V3:Slowing or stopped in traffic,V1:Southbound / V2:Southbound / V3:Southbound ,V1: Collision with motor vehicle in traffic / V2: Collision with motor vehicle in traffic / V3: Collision with motor vehicle in traffic ,"V1: Passenger car / V2:Passenger car / V3:Light truck(van, mini-van, panel, pickup, sport utility) with only four tires",Dry,Daylight,Clear,,Rte 93 S / UNKNOWN,,Exit 15 on Rte 93 S,,,236629.6253,897168.5001
3925178,BOSTON,09-Aug-2014,4:30 PM,Non-fatal injury,2,1,0,Rear-end,V1: Travelling straight ahead / V2:Slowing or stopped in traffic,V1:Not reported / V2:Not reported ,V1: Collision with motor vehicle in traffic / V2: Collision with motor vehicle in traffic ,"V1: Passenger car / V2:Light truck(van, mini-van, panel, pickup, sport utility) with only four tires",Dry,Daylight,Clear,,GRANITE AVENUE / EDNA ROAD,,,,,236713.7034,892349.5001
3922739,BOSTON,09-Aug-2014,6:55 PM,Property damage only (none injured),2,0,0,Rear-end,V1: Travelling straight ahead / V2:Slowing or stopped in traffic,V1:Southbound / V2:Southbound ,V1: Collision with motor vehicle in traffic / V2: Collision with motor vehicle in traffic ,"V1: Passenger car / V2:Light truck(van, mini-van, panel, pickup, sport utility) with only four tires",Dry,Daylight,Clear,,JOHN F FITZGERALD EXPRESSWAY Rte 93 S / RAMP-RTS 93 SB/3 SB TO CALLAHAN TUNNEL,,,PRIOR TO EXIT 24,,236387.0065,901580.117
3922679,BOSTON,09-Aug-2014,11:15 PM,Property damage only (none injured),3,0,0,Rear-end,V1: Slowing or stopped in traffic / V2:Travelling straight ahead / V3:Travelling straight ahead,V1:Southbound / V2:Southbound / V3:Southbound ,V1: Collision with motor vehicle in traffic / V2: Collision with motor vehicle in traffic / V3: Collision with motor vehicle in traffic ,"V1: Light truck(van, mini-van, panel, pickup, sport utility) with only four tires / V2:Passenger car / V3:Passenger car",Dry,Dark - lighted roadway,Clear,,INTERSTATE 93 Rte 93 S,,Exit 26 on Rte 93 S,,,,
3910648,BOSTON,10-Aug-2014,00:00 AM,Property damage only (none injured),2,0,0,Rear-end,V1: Travelling straight ahead / V2:Travelling straight ahead,V1:Westbound / V2:Westbound ,V1: Collision with motor vehicle in traffic / V2: Collision with motor vehicle in traffic ,V1: Passenger car / V2:Passenger car,Dry,Dark - lighted roadway,Clear,,MASSACHUSETTS TURNPIKE Rte 90 W / MASSACHUSETTS TURNPIKE Rte 90 W,,Exit 19 on Rte 90 W,,,231202.4278,900837.839
3915031,BOSTON,10-Aug-2014,9:10 AM,Non-fatal injury,2,1,0,Angle,V1: Travelling straight ahead / V2:Travelling straight ahead,V1:Southbound / V2:Westbound ,V1: Collision with motor vehicle in traffic / V2: Collision with motor vehicle in traffic ,"V1: Passenger car / V2:Light truck(van, mini-van, panel, pickup, sport utility) with only four tires",Dry,Daylight,Clear/Clear,WESTERN AVENUE / EVERETT STREET,,,,,,230039.6252,901472.5
3924104,BOSTON,10-Aug-2014,10:46 AM,Property damage only (none injured),2,0,0,Rear-end,V1: Travelling straight ahead / V2:Travelling straight ahead,V1:Southbound / V2:Southbound ,V1: Collision with motor vehicle in traffic / V2: Collision with motor vehicle in traffic ,"V1: MOPED / V2:Light truck(van, mini-van, panel, pickup, sport utility) with only four tires",Dry,Daylight,Clear,,GALLIVAN BOULEVARD Rte UNKNOW / WESSEX STREET,,,,,236183.254,892405.8816
3922740,BOSTON,10-Aug-2014,11:47 AM,Non-fatal injury,2,1,0,Rear-end,V1: Slowing or stopped in traffic / V2:Travelling straight ahead,V1:Southbound / V2:Southbound ,V1: Collision with motor vehicle in traffic / V2: Collision with motor vehicle in traffic ,"V1: Light truck(van, mini-van, panel, pickup, sport utility) with only four tires / V2:Light truck(van, mini-van, panel, pickup, sport utility) with only four tires",Dry,Daylight,Not Reported,,Rte 93 S,Rte 93  S Milemarker 19.1,,RTE 93 SB CAR POOL LANE,,235048.5428,902993.248
3924105,BOSTON,10-Aug-2014,2:25 PM,Property damage only (none injured),2,0,0,Rear-end,V1: Slowing or stopped in traffic / V2:Travelling straight ahead,V1:Northbound / V2:Northbound ,V1: Collision with motor vehicle in traffic / V2: Collision with motor vehicle in traffic ,V1: Passenger car / V2:Passenger car,Dry,Daylight,Clear,,Rte 93 N,,Exit 13 on Rte 93 N,93N EXIT 13,,237420.1414,894076.5227
4041527,BOSTON,10-Aug-2014,2:32 PM,Non-fatal injury,2,1,0,Single vehicle crash,V1: Slowing or stopped in traffic / V2:Travelling straight ahead,V1:Southbound / V2:Westbound ,V1: Other non-collision / V2: Other non-collision ,V1: Passenger car / V2:Motorcycle,Dry,Daylight,Clear,MORAINE STREET / ASHCROFT STREET,,,,,,231821.3125,896664.7498
4024594,BOSTON,10-Aug-2014,7:00 PM,Not Reported,3,0,0,Not reported,V1: Travelling straight ahead / V2:Travelling straight ahead / V3:Not reported,V1:Not reported / V2:Northbound / V3:Not reported ,V1: Not reported / V2: Not reported / V3: Not reported ,V1: Passenger car / V2:Passenger car / V3:Passenger car,Dry,Daylight,Clear/Clear,BLUE HILL AVENUE / COLUMBIA ROAD,,,,,,234215.2186,894861.2498
3925171,BOSTON (DORCHESTER),10-Aug-2014,7:10 PM,Not Reported,1,0,0,Unknown,V1: Not reported,V1:Not reported ,V1: Not reported ,V1: Passenger car,Dry,Daylight,Clear/Clear,BOWDOIN STREET / GENEVA AVENUE,,,,,"P2:Pedalcyclist (bicycle, tricycle, unicycle, pedal car)",235337.1719,894858.1875
3909170,BOSTON,10-Aug-2014,7:13 PM,Non-fatal injury,2,1,0,Rear-end,V1: Slowing or stopped in traffic / V2:Travelling straight ahead,V1:Southbound / V2:Southbound ,V1: Collision with motor vehicle in traffic / V2: Collision with motor vehicle in traffic ,"V1: Light truck(van, mini-van, panel, pickup, sport utility) with only four tires / V2:Light truck(van, mini-van, panel, pickup, sport utility) with only four tires",Dry,Daylight,Clear,WILLIAM T MORRISSEY BOULEVARD / FREEPORT STREET,,,,,,237149.8439,894580.3748
3912676,BOSTON (ROXBURY),10-Aug-2014,10:42 PM,Property damage only (none injured),2,0,0,Unknown,V1: Travelling straight ahead / V2:Parked,V1:Westbound / V2:Westbound ,V1: Collision with parked motor vehicle / V2: Not reported ,V1: Passenger car / V2:Passenger car,Dry,Dark - lighted roadway,Clear,MARSHFIELD STREET / BATCHELDER STREET,,,,,,235520.8125,897015.6874
3912677,BOSTON,11-Aug-2014,4:54 AM,Property damage only (none injured),2,0,0,Rear-end,V1: Travelling straight ahead / V2:Parked,V1:Northbound / V2:Not reported ,V1: Collision with parked motor vehicle / V2: Collision with parked motor vehicle ,"V1: Passenger car / V2:Light truck(van, mini-van, panel, pickup, sport utility) with only four tires",Dry,Dark - lighted roadway,Clear/Clear,,498 BLUE HILL AVENUE,,,,,234295.1321,895267.8796
3922769,BOSTON,11-Aug-2014,6:58 AM,Property damage only (none injured),3,0,0,Rear-end,V1: Travelling straight ahead / V2:Slowing or stopped in traffic / V3:Slowing or stopped in traffic,V1:Northbound / V2:Northbound / V3:Northbound ,V1: Collision with motor vehicle in traffic / V2: Collision with motor vehicle in traffic / V3: Collision with motor vehicle in traffic ,"V1: Passenger car / V2:Light truck(van, mini-van, panel, pickup, sport utility) with only four tires / V3:Passenger car",Dry,Daylight,Clear,,JOHN F FITZGERALD EXPRESSWAY Rte 93 N / RAMP-RTS 93 NB/3 NB TO COLUMBIA RD,,,93N SAVIN HILL,,236980.5086,896438.1559
4013246,BOSTON (HYDE PARK),11-Aug-2014,7:30 AM,Not Reported,2,0,0,Not reported,V1: Not reported / V2:Not reported,V1:Not reported / V2:Not reported ,V1: Not reported / V2: Not reported ,"V1: Passenger car / V2:Unknown heavy truck, cannot classify",Not reported,Not reported,Not Reported,SOUTHBOURNE ROAD / HYDE PARK AVENUE,,,,,,231493.846,893337.2659
3911915,BOSTON,11-Aug-2014,7:45 AM,Property damage only (none injured),2,0,0,Rear-end,V1: Slowing or stopped in traffic / V2:Travelling straight ahead,V1:Northbound / V2:Northbound ,V1: Collision with motor vehicle in traffic / V2: Collision with motor vehicle in traffic ,"V1: Passenger car / V2:Light truck(van, mini-van, panel, pickup, sport utility) with only four tires",Dry,Daylight,Clear,JOHN F FITZGERALD EXPRESSWAY Rte I93 N / RAMP-RT 3A NB TO RTS 93 NB/3 NB Rte SR3A N,,,,TOP OF THE NEOPNSET ONRAMP,,237634.4299,893472.9536
3905104,BOSTON,11-Aug-2014,8:01 AM,Property damage only (none injured),2,0,0,Angle,V1: Travelling straight ahead / V2:Changing lanes,V1:Northbound / V2:Westbound ,V1: Collision with motor vehicle in traffic / V2: Collision with motor vehicle in traffic ,V1: Passenger car / V2:Passenger car,Dry,Daylight,Clear,,JAMAICAWAY Rte UNKNOW / KELLEY CIRCLE,,,,,231228.8755,895994.75
3902071,BOSTON,11-Aug-2014,8:55 AM,Non-fatal injury,1,1,0,Single vehicle crash,V1: Travelling straight ahead,V1:Northbound ,V1: Collision with tree ,V1: Passenger car,Dry,Daylight,Clear,,VETERANS OF FOREIGN WARS PARKWAY Rte UNKNOW / 940 BAKER STREET,,,,,227086.7657,893107.1877
3912675,BOSTON (ROXBURY),11-Aug-2014,4:08 PM,Property damage only (none injured),2,0,0,Not reported,V1: Slowing or stopped in traffic / V2:Not reported,V1:Northbound / V2:Not reported ,V1: Not reported / V2: Not reported ,V1: Passenger car / V2:MOPED,Not reported,Not reported,Not Reported,BURRELL STREET / CLIFTON STREET,,,,,,235380.9218,897026.5623
3909428,BOSTON,11-Aug-2014,5:22 PM,Property damage only (none injured),4,0,0,Rear-end,V1: Travelling straight ahead / V2:Travelling straight ahead / V3:Travelling straight ahead / V4:Travelling straight ahead,V1:Southbound / V2:Southbound / V3:Southbound / V4:Southbound ,V1: Collision with motor vehicle in traffic / V2: Collision with motor vehicle in traffic / V3: Collision with motor vehicle in traffic / V4: Collision with motor vehicle in traffic ,"V1: Passenger car / V2:Light truck(van, mini-van, panel, pickup, sport utility) with only four tires / V3:Passenger car / V4:Single-unit truck (2-axle, 6-tire)",Dry,Daylight,Not Reported,,GENERAL CASIMIR PULASKI SKYWAY Rte 93 S / COLUMBIA ROAD,,Exit 15 on Rte 93 S,,,236787.0013,896862.7653
3909983,BOSTON,11-Aug-2014,7:34 PM,Property damage only (none injured),2,0,0,"Sideswipe, same direction",V1: Travelling straight ahead / V2:Changing lanes,V1:Eastbound / V2:Eastbound ,V1: Collision with motor vehicle in traffic / V2: Collision with motor vehicle in traffic ,V1: Passenger car / V2:Passenger car,Dry,Daylight,Clear,,MARTHA ROAD Rte UNKNOW / LEVERETT CIRCLE,,,,,235616.8745,901859.5295
3924106,BOSTON,12-Aug-2014,1:35 AM,Property damage only (none injured),2,0,0,Rear-end,V1: Travelling straight ahead / V2:Entering traffic lane,V1:Northbound / V2:Northbound ,V1: Collision with motor vehicle in traffic / V2: Collision with motor vehicle in traffic ,"V1: Light truck(van, mini-van, panel, pickup, sport utility) with only four tires / V2:Passenger car",Dry,Dark - lighted roadway,Clear,,KOSCIUSZKO CIRCLE Rte UNKNOW,,,,,237020.6238,896892.1848
3909208,BOSTON,12-Aug-2014,4:17 AM,Property damage only (none injured),1,0,0,Single vehicle crash,V1: Turning right,V1:Northbound ,V1: Collision with tree ,V1: Passenger car,Dry,Dark - lighted roadway,Clear,,CHARLESGATE WEST Rte UNKNOW / NEWBURY STREET,,,,,233547.2952,899810.187
3915331,BOSTON (ALLSTON),12-Aug-2014,6:20 AM,Non-fatal injury,1,1,0,Angle,V1: Turning left,V1:Northbound ,"V1: Collision with cyclist (bicycle, tricycle, unicycle, pedal car) ","V1: Light truck(van, mini-van, panel, pickup, sport utility) with only four tires",Dry,Daylight,Clear,,181 BRIGHTON AVENUE,,,,"P2:Pedalcyclist (bicycle, tricycle, unicycle, pedal car)",230168.4624,900360.5602
3911917,BOSTON,12-Aug-2014,6:50 AM,Non-fatal injury,3,2,0,Rear-end,V1: Slowing or stopped in traffic / V2:Slowing or stopped in traffic / V3:Travelling straight ahead,V1:Northbound / V2:Northbound / V3:Northbound ,V1: Collision with motor vehicle in traffic / V2: Collision with motor vehicle in traffic / V3: Collision with motor vehicle in traffic ,"V1: Light truck(van, mini-van, panel, pickup, sport utility) with only four tires / V2:Light truck(van, mini-van, panel, pickup, sport utility) with only four tires / V3:Passenger car",Dry,Daylight,Clear,,Rte 93 N / UNKNOWN,,Exit 13 on Rte 93 N,,,237420.1414,894076.5227
3910650,BOSTON,12-Aug-2014,8:31 AM,Property damage only (none injured),2,0,0,Rear-end,V1: Slowing or stopped in traffic / V2:Travelling straight ahead,V1:Northbound / V2:Northbound ,V1: Collision with motor vehicle in traffic / V2: Collision with motor vehicle in traffic ,"V1: Light truck(van, mini-van, panel, pickup, sport utility) with only four tires / V2:Light truck(van, mini-van, panel, pickup, sport utility) with only four tires",Dry,Daylight,Clear,,PARSONS STREET Rte UNKNOW / NORTH BEACON STREET,,,,,228152.7188,900975.5
3922680,BOSTON,12-Aug-2014,9:18 AM,Property damage only (none injured),3,0,0,Rear-end,V1: Slowing or stopped in traffic / V2:Travelling straight ahead / V3:Slowing or stopped in traffic,V1:Southbound / V2:Southbound / V3:Southbound ,V1: Collision with motor vehicle in traffic / V2: Collision with motor vehicle in traffic / V3: Collision with motor vehicle in traffic ,"V1: Passenger car / V2:Light truck(van, mini-van, panel, pickup, sport utility) with only four tires / V3:Light truck(van, mini-van, panel, pickup, sport utility) with only four tires",Dry,Daylight,Clear,,INTERSTATE 93 Rte 93 S / RAMP-RT 1 SB (TOBIN BRG) TO RT 93 SB Rte 1 S,,,LOWER DECK,,235545.5028,902538.3791
3928424,BOSTON,12-Aug-2014,10:24 AM,Non-fatal injury,1,1,0,Single vehicle crash,V1: Travelling straight ahead,V1:Southbound ,V1: Collision with pedestrian ,"V1: Bus (seats for more than 15 people, including driver)",Dry,Daylight,Clear,,531 DUDLEY STREET,,,,P3:Pedestrian,235247.1305,896914.1455
3912674,BOSTON (ROXBURY),12-Aug-2014,10:43 AM,Non-fatal injury,2,1,0,Rear-end,V1: Turning right / V2:Travelling straight ahead,V1:Not reported / V2:Northbound ,V1: Collision with motor vehicle in traffic / V2: Collision with motor vehicle in traffic ,V1: Passenger car / V2:Unknown vehicle configuration,Wet,Daylight,Rain/Cloudy,TREMONT STREET / COLUMBUS AVENUE,,,,,,233428.1405,897959.5625
3911918,BOSTON,12-Aug-2014,11:25 AM,Non-fatal injury,1,1,0,Head-on,V1: Travelling straight ahead,V1:Northbound ,V1: Collision with pedestrian ,V1: Passenger car,Dry,Daylight,Not Reported,WILLIAM DAY BOULEVARD / EAST BROADWAY,,,,,P2:Pedestrian,239246.125,898503.9373
3933625,BOSTON,12-Aug-2014,6:25 PM,Property damage only (none injured),2,0,0,Rear-end,V1: Slowing or stopped in traffic / V2:Travelling straight ahead,V1:Westbound / V2:Westbound ,V1: Collision with motor vehicle in traffic / V2: Collision with motor vehicle in traffic ,"V1: Passenger car / V2:Light truck(van, mini-van, panel, pickup, sport utility) with only four tires",Dry,Dark - lighted roadway,Cloudy,,RAMP-RT 90 WB/CONGRESS ST TO RTS 93/3 Rte 90 W / RAMP-RTS 90 WB/1A SB TO RTS 93 SB/3 SB Rte 1A S,,,RAMP D,,236480.9838,899739.0641
3915431,BOSTON,12-Aug-2014,9:38 PM,Not Reported,1,0,0,Rear-end,V1: Backing,V1:Not reported ,V1: Collision with pedestrian ,"V1: Light truck(van, mini-van, panel, pickup, sport utility) with only four tires",Dry,Dark - lighted roadway,Clear,KELTON STREET / ALLSTON STREET,,,,,P2:Pedestrian,229808.2032,899740.0624
3925165,BOSTON (DORCHESTER),12-Aug-2014,9:50 PM,Not Reported,2,0,0,Angle,V1: Not reported / V2:Not reported,V1:Not reported / V2:Not reported ,V1: Not reported / V2: Not reported ,"V1: Light truck(van, mini-van, panel, pickup, sport utility) with only four tires / V2:Passenger car",Dry,Dusk,Clear,CLARKSON STREET / QUINCY STREET,,,,,,235756.7344,895499.7501
3910178,BOSTON,13-Aug-2014,2:37 AM,Non-fatal injury,2,1,0,Head-on,V1: Travelling straight ahead / V2:Travelling straight ahead,V1:Eastbound / V2:Northbound ,V1: Collision with motor vehicle in traffic / V2: Collision with motor vehicle in traffic ,V1: Passenger car / V2:Passenger car,Dry,Dark - lighted roadway,Clear,BACK STREET / BERKELEY STREET / RAMP-BERKELEY ST TO STORROW DR EB (RT 28,,,,,,235009.6998,900623.457
3922741,BOSTON,13-Aug-2014,4:30 AM,Property damage only (none injured),1,0,0,Single vehicle crash,V1: Travelling straight ahead,V1:Northbound ,V1: Other ,V1: Passenger car,Wet,Dark - lighted roadway,Rain,,Rte 93 N / UNKNOWN,,Exit 23 on Rte 93 N,,,236957.4837,900943.9828
3907085,BOSTON,13-Aug-2014,5:04 AM,Property damage only (none injured),1,0,0,Single vehicle crash,V1: Travelling straight ahead,V1:Westbound ,V1: Collision with curb ,V1: Passenger car,Wet,Dark - lighted roadway,Rain,,EMBANKMENT ROAD Rte 28 S / EMBANKMENT ROAD Rte 28 S,,,COPLEY,,235245.0113,901415.3802
3909155,BOSTON,13-Aug-2014,6:27 AM,Non-fatal injury,1,1,0,Single vehicle crash,V1: Travelling straight ahead,V1:Northbound ,V1: Collision with motor vehicle in traffic ,"V1: Light truck(van, mini-van, panel, pickup, sport utility) with only four tires",Wet,Daylight,Rain,,WILLIAM T MORRISSEY BOULEVARD / WILLIAM T MORRISSEY BOULEVARD Rte 3A N,,,,,237732.5803,893105.9317
3932250,BOSTON,13-Aug-2014,8:01 AM,Property damage only (none injured),2,0,0,Rear-end,V1: Travelling straight ahead / V2:Slowing or stopped in traffic,V1:Southbound / V2:Southbound ,V1: Collision with motor vehicle in traffic / V2: Collision with motor vehicle in traffic ,V1: Single-unit truck (3-or-more axles) / V2:Passenger car,Dry,Daylight,Cloudy,,Rte 93 S,,Exit 23 on Rte 93 S,,,236856.2793,901152.8251
3932241,BOSTON,13-Aug-2014,8:15 AM,Non-fatal injury,1,1,0,Single vehicle crash,V1: Travelling straight ahead,V1:Northbound ,V1: Collision with motor vehicle in traffic ,V1: Passenger car,Wet,Daylight,Rain,,Rte 93 N,,Exit 20 on Rte 93 N,,,235935.6734,898219.8317
3933925,BOSTON,13-Aug-2014,8:19 AM,Non-fatal injury,2,1,0,Rear-end,V1: Travelling straight ahead / V2:Slowing or stopped in traffic,V1:Northbound / V2:Northbound ,V1: Collision with motor vehicle in traffic / V2: Collision with motor vehicle in traffic ,"V1: Bus (seats for 7-15 people, including driver) / V2:Passenger car",Wet,Daylight,Rain,,FRONTAGE ROAD / WIDETT CIRCLE,,,,,236004.2736,898158.7919
3908549,BOSTON,13-Aug-2014,9:54 AM,Non-fatal injury,1,1,0,Single vehicle crash,V1: Travelling straight ahead,V1:Westbound ,V1: Collision with guardrail ,V1: Passenger car,Wet,Daylight,Cloudy/Rain,,SOLDIERS FIELD ROAD / RAMP - WESTERN AVE TO SOLDIERS FIELD RD,,,,,231451.3487,901892.5018
3964494,BOSTON (ROXBURY),13-Aug-2014,10:30 AM,Non-fatal injury,2,1,0,Head-on,V1: Travelling straight ahead / V2:Not reported,V1:Not reported / V2:Not reported ,V1: Not reported / V2: Not reported ,V1: Passenger car / V2:Passenger car,Wet,Daylight,Rain/Rain,,NORFOLK AVENUE / SHIRLEY STREET,,,,,235513.7971,897263.2502
3928715,BOSTON,13-Aug-2014,10:57 AM,Property damage only (none injured),3,0,0,Rear-end,V1: Slowing or stopped in traffic / V2:Slowing or stopped in traffic / V3:Travelling straight ahead,V1:Southbound / V2:Southbound / V3:Southbound ,V1: Collision with motor vehicle in traffic / V2: Collision with motor vehicle in traffic / V3: Collision with motor vehicle in traffic ,"V1: Light truck(van, mini-van, panel, pickup, sport utility) with only four tires / V2:Passenger car / V3:Passenger car",Wet,Daylight,Rain,,Rte 93 S / UNKNOWN,,Exit 26 on Rte 93 S,,,234851.4113,903728.5151
3936159,BOSTON,13-Aug-2014,11:10 AM,Non-fatal injury,2,1,0,Rear-end,V1: Travelling straight ahead / V2:Slowing or stopped in traffic,V1:Westbound / V2:Westbound ,V1: Collision with motor vehicle in traffic / V2: Collision with motor vehicle in traffic ,"V1: Passenger car / V2:Light truck(van, mini-van, panel, pickup, sport utility) with only four tires",Wet,Daylight,Rain,MURRAY CIRCLE / CENTRE STREET,,,,CENTRE ST.,,231216.1249,895485.9374
3923807,BOSTON (ALLSTON),13-Aug-2014,11:42 AM,Property damage only (none injured),1,0,0,Single vehicle crash,V1: Travelling straight ahead,V1:Eastbound ,V1: Not reported ,V1: Passenger car,Dry,Dark - lighted roadway,Rain,,180 BRIGHTON AVENUE,,,,,230201.5014,900355.0797
3908973,BOSTON,13-Aug-2014,12:25 PM,Property damage only (none injured),2,0,0,Angle,V1: Turning left / V2:Turning left,V1:Northbound / V2:Northbound ,V1: Collision with motor vehicle in traffic / V2: Collision with motor vehicle in traffic ,V1: Truck/trailer / V2:Passenger car,Wet,Daylight,Cloudy/Rain,RIVER STREET / CAMBRIDGE STREET / SOLDIERS FIELD FRONTAGE ROAD WB,,,,RIVER STREET BRIDGE,,231514.4842,901235.6252
3907420,BOSTON,13-Aug-2014,1:20 PM,Non-fatal injury,1,1,0,Single vehicle crash,V1: Travelling straight ahead,V1:Westbound ,V1: Collision with guardrail ,V1: Passenger car,Wet,Daylight,Rain,,SOLDIERS FIELD ROAD / RAMP-SOLDIERS FIELD RD WB TO N HARVARD S,,,WEEKS FOOT BRIDGE,,231120.0241,902006.2935
3923776,BOSTON,13-Aug-2014,3:40 PM,Property damage only (none injured),2,0,0,Angle,V1: Travelling straight ahead / V2:Entering traffic lane,V1:Eastbound / V2:Northbound ,V1: Collision with motor vehicle in traffic / V2: Collision with motor vehicle in traffic ,"V1: Passenger car / V2:Light truck(van, mini-van, panel, pickup, sport utility) with only four tires",Wet,Daylight,Rain,,MORTON STREET / WELLINGTON HILL STREET,,,,,233583.8197,892800.7396
3909148,BOSTON,13-Aug-2014,4:12 PM,Property damage only (none injured),1,0,0,Single vehicle crash,V1: Travelling straight ahead,V1:Westbound ,V1: Collision with median barrier ,V1: Passenger car,Wet,Daylight,Rain,,SOLDIERS FIELD ROAD Rte UNKNOW W / NORTH HARVARD STREET,,,,,230992.3482,902048.2872
3963268,BOSTON,13-Aug-2014,6:47 PM,Non-fatal injury,3,1,0,Angle,V1: Leaving traffic lane / V2:Leaving traffic lane / V3:Travelling straight ahead,V1:Westbound / V2:Westbound / V3:Westbound ,V1: Collision with median barrier / V2: Collision with median barrier / V3: Collision with motor vehicle in traffic ,V1: Tractor/doubles / V2:Truck/trailer / V3:Passenger car,Wet,Daylight,Cloudy/Rain,,MASSACHUSETTS TURNPIKE Rte 90 W / TED WILLIAMS TUNNEL,,,,,239051.4028,900924.2439
3909209,BOSTON,13-Aug-2014,8:53 PM,Property damage only (none injured),2,0,0,Angle,V1: Turning left / V2:Travelling straight ahead,V1:Northbound / V2:Southbound ,V1: Collision with motor vehicle in traffic / V2: Collision with motor vehicle in traffic ,"V1: Light truck(van, mini-van, panel, pickup, sport utility) with only four tires / V2:Passenger car",Wet,Dark - lighted roadway,Rain,RIVERWAY / LONGWOOD AVENUE,,,,,,232142.9084,898941.3686
3922717,BOSTON,13-Aug-2014,9:48 PM,Non-fatal injury,2,1,0,Angle,V1: Travelling straight ahead / V2:Turning left,V1:Eastbound / V2:Westbound ,V1: Collision with motor vehicle in traffic / V2: Collision with motor vehicle in traffic ,"V1: Passenger car / V2:Light truck(van, mini-van, panel, pickup, sport utility) with only four tires",Dry,Dark - lighted roadway,Clear,,MORTON STREET Rte UNKNOW / HARVARD STREET,,,,,233493.5311,893100.9999
3924107,BOSTON,14-Aug-2014,7:50 AM,Property damage only (none injured),2,0,0,Rear-end,V1: Slowing or stopped in traffic / V2:Travelling straight ahead,V1:Northbound / V2:Northbound ,V1: Collision with motor vehicle in traffic / V2: Collision with motor vehicle in traffic ,V1: Passenger car / V2:Passenger car,Dry,Daylight,Clear,,Rte 93 N / UNKNOWN,,Exit 14 on Rte 93 N,,,237258.9796,894483.3974
3922681,BOSTON,14-Aug-2014,4:00 PM,Non-fatal injury,3,1,0,Rear-end,V1: Slowing or stopped in traffic / V2:Slowing or stopped in traffic / V3:Travelling straight ahead,V1:Southbound / V2:Southbound / V3:Southbound ,V1: Collision with motor vehicle in traffic / V2: Collision with motor vehicle in traffic / V3: Collision with motor vehicle in traffic ,"V1: Passenger car / V2:Light truck(van, mini-van, panel, pickup, sport utility) with only four tires / V3:Passenger car",Dry,Daylight,Clear,LEVERETT CIRCLE / NASHUA STREET / RAMP-RT 93 NB/SUMNER TUNL TO NASHUA ST,,,,,,235663.3717,901874.5894
3922768,BOSTON,14-Aug-2014,5:55 PM,Non-fatal injury,2,1,0,Rear-end,V1: Travelling straight ahead / V2:Travelling straight ahead,V1:Eastbound / V2:Eastbound ,V1: Collision with motor vehicle in traffic / V2: Collision with motor vehicle in traffic ,V1: Passenger car / V2:Passenger car,Dry,Daylight,Clear,,STORROW DRIVE Rte UNKNOW E,,,PRIOR TO KENMORE,,,
3962714,BOSTON,14-Aug-2014,6:25 PM,Non-fatal injury,1,1,0,Single vehicle crash,V1: Travelling straight ahead,V1:Southbound ,V1: Collision with median barrier ,V1: Passenger car,Dry,Daylight,Clear,,,,,MASSPORT EXIT FOR LOT 2,,,
3922742,BOSTON,14-Aug-2014,6:35 PM,Property damage only (none injured),3,0,0,Rear-end,V1: Slowing or stopped in traffic / V2:Slowing or stopped in traffic / V3:Travelling straight ahead,V1:Southbound / V2:Southbound / V3:Southbound ,V1: Collision with motor vehicle in traffic / V2: Collision with motor vehicle in traffic / V3: Collision with motor vehicle in traffic ,"V1: Light truck(van, mini-van, panel, pickup, sport utility) with only four tires / V2:Light truck(van, mini-van, panel, pickup, sport utility) with only four tires / V3:Passenger car",Dry,Daylight,Clear,,Rte 93 S / UNKNOWN,,Exit 24 on Rte 93 S,,,236397.1933,901565.6511
3932254,BOSTON,14-Aug-2014,7:21 PM,Property damage only (none injured),3,0,0,Rear-end,V1: Travelling straight ahead / V2:Slowing or stopped in traffic / V3:Slowing or stopped in traffic,V1:Westbound / V2:Westbound / V3:Westbound ,V1: Collision with motor vehicle in traffic / V2: Collision with motor vehicle in traffic / V3: Collision with motor vehicle in traffic ,"V1: Passenger car / V2:Light truck(van, mini-van, panel, pickup, sport utility) with only four tires / V3:Passenger car",Dry,Daylight,Clear,,MASSACHUSETTS TURNPIKE Rte 90 W / MASSACHUSETTS TURNPIKE Rte 90 W,Rte 90  W Milemarker 132.0,,,,232569.5079,899871.1756