Crash Number,City/Town Name,Crash Date,Crash Time,Crash Severity,Number of Vehicles,Total Nonfatal Injuries,Total Fatal Injuries,Manner of Collision,Vehicle Action Prior to Crash,Vehicle Travel Directions,Most Harmful Events,Vehicle Configuration,Road Surface Condition,Ambient Light,Weather Condition,At Roadway Intersection,Distance from Nearest Roadway Intersection,Distance from Nearest Milemarker,Distance from Nearest Exit,Distance from Nearest Landmark,Non Motorist Type,X Coordinate,Y Coordinate
3922770,BOSTON,14-Aug-2014,7:57 PM,Property damage only (none injured),2,0,0,Rear-end,V1: Travelling straight ahead / V2:Slowing or stopped in traffic,V1:Southbound / V2:Southbound ,V1: Collision with motor vehicle in traffic / V2: Collision with motor vehicle in traffic ,"V1: Passenger car / V2:Light truck(van, mini-van, panel, pickup, sport utility) with only four tires",Dry,Dusk,Clear,,Rte 93 S / UNKNOWN,,Exit 15 on Rte 93 S,,,236629.6253,897168.5001
3912045,BOSTON,14-Aug-2014,10:12 PM,Property damage only (none injured),1,0,0,Single vehicle crash,V1: Travelling straight ahead,V1:Eastbound ,V1: Collision with highway traffic sign post ,"V1: Single-unit truck (2-axle, 6-tire)",Dry,Dark - lighted roadway,Not Reported,,STORROW DRIVE Rte 28 N / EMBANKMENT ROAD Rte 28 N,,,AT FIELDLER FOOTBRIDGE,,235229.6951,901293.6254
3928535,BOSTON (DORCHESTER),15-Aug-2014,2:35 AM,Property damage only (none injured),3,0,0,Rear-end,V1: Turning right / V2:Not reported / V3:Parked,V1:Not reported / V2:Not reported / V3:Not reported ,V1: Not reported / V2: Not reported / V3: Not reported ,"V1: Passenger car / V2:Passenger car / V3:Light truck(van, mini-van, panel, pickup, sport utility) with only four tires",Dry,Dark - lighted roadway,Cloudy,,20 CHARLOTTE STREET,,,,,234174.3864,894473.8235
3939265,BOSTON,15-Aug-2014,5:34 AM,Non-fatal injury,3,1,0,Angle,V1: Entering traffic lane / V2:Travelling straight ahead / V3:Not reported,V1:Southbound / V2:Eastbound / V3:Not reported ,V1: Not reported / V2: Collision with motor vehicle in traffic / V3: Not reported ,V1: Passenger car / V2:Truck/trailer / V3:Passenger car,Dry,Daylight,Clear,SOUTH MUNROE TERRACE / NEPONSET AVENUE,,,,,,237057.8124,893686.8749
3911919,BOSTON,15-Aug-2014,7:51 AM,Non-fatal injury,1,1,0,Single vehicle crash,V1: Travelling straight ahead,V1:Southbound ,V1: Collision with guardrail ,"V1: Light truck(van, mini-van, panel, pickup, sport utility) with only four tires",Dry,Daylight,Clear,,Rte 93 S / UNKNOWN,,Exit 12 on Rte 93 S,,,237620.5493,892713.0989
3911920,BOSTON,15-Aug-2014,11:29 AM,Non-fatal injury,2,1,0,Angle,V1: Travelling straight ahead / V2:Travelling straight ahead,V1:Eastbound / V2:Northbound ,V1: Collision with motor vehicle in traffic / V2: Reported but invalid ,V1: Passenger car / V2:Passenger car,Dry,Daylight,Clear,WILLIAM T MORRISSEY BOULEVARD / BIANCULLI BOULEVARD,,,,UNIVERSITY OF MASS ACCESS ROAD,,237369.7223,896004.065
3927895,BOSTON,15-Aug-2014,1:35 PM,Property damage only (none injured),2,0,0,Rear-end,V1: Slowing or stopped in traffic / V2:Travelling straight ahead,V1:Northbound / V2:Northbound ,V1: Collision with motor vehicle in traffic / V2: Collision with motor vehicle in traffic ,V1: Passenger car / V2:Passenger car,Dry,Daylight,Clear,GALLIVAN BOULEVARD / NEPONSET AVENUE / WILLIAM T MORRISSEY BOULEVARD,,,,,,237731.8737,892907.403
3942632,BOSTON,15-Aug-2014,2:00 PM,Non-fatal injury,2,2,0,"Sideswipe, opposite direction",V1: Travelling straight ahead / V2:Travelling straight ahead,V1:Not reported / V2:Not reported ,V1: Collision with motor vehicle in traffic / V2: Collision with motor vehicle in traffic ,V1: Passenger car / V2:Passenger car,Dry,Daylight,Clear/Clear,HUMBOLDT AVENUE / TOWNSEND STREET,,,,,,234086.2346,896367.7499
3923747,BOSTON,15-Aug-2014,2:37 PM,Property damage only (none injured),3,0,0,Rear-end,V1: Slowing or stopped in traffic / V2:Changing lanes / V3:Changing lanes,V1:Southbound / V2:Southbound / V3:Southbound ,V1: Collision with motor vehicle in traffic / V2: Collision with motor vehicle in traffic / V3: Collision with motor vehicle in traffic ,"V1: Light truck(van, mini-van, panel, pickup, sport utility) with only four tires / V2:Passenger car / V3:Truck/trailer",Dry,Daylight,Clear,RAMP-RT 1 SB (TOBIN BRG) TO RT 93 SB Rte US1 S / RAMP-RT 1 SB TO RTS 3 NB/28 (LEVERETT CO,,,,RAMP FROM TOBIN TO RTE 93 S/B,,235493.2797,902491.7967
3923818,BOSTON,15-Aug-2014,4:10 PM,Property damage only (none injured),2,0,0,Angle,V1: Slowing or stopped in traffic / V2:Slowing or stopped in traffic,V1:Not reported / V2:Not reported ,V1: Collision with motor vehicle in traffic / V2: Collision with motor vehicle in traffic ,V1: Passenger car / V2:Passenger car,Dry,Daylight,Clear,COMMONWEALTH AVENUE / ALLSTON STREET,,,,,,229853.5679,899842.3698
3942633,BOSTON,15-Aug-2014,9:00 PM,Property damage only (none injured),2,0,0,"Sideswipe, same direction",V1: Travelling straight ahead / V2:Parked,V1:Not reported / V2:Not reported ,V1: Collision with motor vehicle in traffic / V2: Collision with motor vehicle in traffic ,"V1: Light truck(van, mini-van, panel, pickup, sport utility) with only four tires / V2:Passenger car",Dry,Dark - lighted roadway,Clear/Clear,,133 EAST COTTAGE STREET,,,,,235926.4896,896824.9415
3942531,BOSTON,15-Aug-2014,9:25 PM,Non-fatal injury,2,2,0,Rear-end,V1: Travelling straight ahead / V2:Not reported,V1:Not reported / V2:Not reported ,V1: Collision with motor vehicle in traffic / V2: Not reported ,V1: Passenger car / V2:Passenger car,Dry,Dark - lighted roadway,Clear,,FOLSOM STREET / DUDLEY STREET,,,,,235390.7655,896652.1249
3954523,BOSTON,16-Aug-2014,11:54 AM,Not Reported,2,0,0,Angle,V1: Travelling straight ahead / V2:Turning right,V1:Southbound / V2:Eastbound ,V1: Not reported / V2: Collision with motor vehicle in traffic ,V1: Passenger car / V2:Passenger car,Dry,Daylight,Clear,GREENWICH STREET / DORCHESTER AVENUE,,,,,,236326.4686,894832.1876
3924108,BOSTON,16-Aug-2014,2:25 PM,Property damage only (none injured),1,0,0,Single vehicle crash,V1: Travelling straight ahead,V1:Southbound ,V1: Collision with motor vehicle in traffic ,V1: Motorcycle,Dry,Daylight,Clear,,Rte 93 S / UNKNOWN,,Exit 15 on Rte 93 S,,,236629.6253,897168.5001
3922774,BOSTON,16-Aug-2014,4:10 PM,Not Reported,2,0,0,"Sideswipe, same direction",V1: Travelling straight ahead / V2:Turning left,V1:Northbound / V2:Northbound ,V1: Collision with motor vehicle in traffic / V2: Collision with motor vehicle in traffic ,"V1: Light truck(van, mini-van, panel, pickup, sport utility) with only four tires / V2:Light truck(van, mini-van, panel, pickup, sport utility) with only four tires",Dry,Daylight,Clear,,ARBORWAY Rte UNKNOW / CENTRE STREET,,,,,231152.5791,895470.3126
3922743,BOSTON,16-Aug-2014,5:30 PM,Property damage only (none injured),2,0,0,Rear-end,V1: Travelling straight ahead / V2:Slowing or stopped in traffic,V1:Northbound / V2:Northbound ,V1: Collision with motor vehicle in traffic / V2: Collision with motor vehicle in traffic ,"V1: Passenger car / V2:Light truck(van, mini-van, panel, pickup, sport utility) with only four tires",Dry,Daylight,Clear,JOHN F FITZGERALD EXPRESSWAY Rte I93 N / RAMP-RT 93 NB TO RT 3 NB (STORROW DR) Rte SR3A N,,,,RAMP D,,236402.7438,901600.034
3943134,BOSTON (DORCHESTER),16-Aug-2014,5:30 PM,Not Reported,2,0,0,"Sideswipe, same direction",V1: Parked / V2:Not reported,V1:Westbound / V2:Westbound ,V1: Collision with unknown fixed object / V2: Not reported ,V1: Passenger car / V2:Passenger car,Dry,Daylight,Clear,WASHINGTON STREET / TALBOT AVENUE,,,,,,235329.9845,893393.1876
3932255,BOSTON,16-Aug-2014,7:14 PM,Property damage only (none injured),2,0,0,"Sideswipe, same direction",V1: Travelling straight ahead / V2:Leaving traffic lane,V1:Northbound / V2:Northbound ,V1: Collision with motor vehicle in traffic / V2: Collision with motor vehicle in traffic ,"V1: Single-unit truck (2-axle, 6-tire) / V2:Passenger car",Dry,Dark - lighted roadway,Clear,,Rte 93 N,,Exit 26 on Rte 93 N,,,236402.7433,901600.0342
3922744,BOSTON,16-Aug-2014,10:55 PM,Property damage only (none injured),1,0,0,Single vehicle crash,V1: Leaving traffic lane,V1:Southbound ,V1: Collision with median barrier ,"V1: Light truck(van, mini-van, panel, pickup, sport utility) with only four tires",Dry,Dark - lighted roadway,Clear,,Rte 93 S / UNKNOWN,,Exit 20 on Rte 93 S,,,236954.209,900826.9442
4041065,BOSTON,17-Aug-2014,3:40 AM,Non-fatal injury,2,1,0,Not reported,V1: Travelling straight ahead / V2:Travelling straight ahead,V1:Not reported / V2:Northbound ,V1: Collision with motor vehicle in traffic / V2: Collision with motor vehicle in traffic ,"V1: Passenger car / V2:Light truck(van, mini-van, panel, pickup, sport utility) with only four tires",Not reported,Not reported,Not Reported,NEW WASHINGTON STREET / WASHINGTON STREET,,,,,,231981.1809,894658.9212
3928726,BOSTON,17-Aug-2014,3:55 AM,Property damage only (none injured),1,0,0,Single vehicle crash,V1: Travelling straight ahead,V1:Eastbound ,V1: Collision with curb ,V1: Passenger car,Wet,Dark - lighted roadway,Cloudy/Rain,,STORROW DRIVE Rte 28 N / RAMP-RT 28 NB (STORROW DR) TO RTS 93 NB/,,,(BY MASS EYE &AMP; EAR),,235351.0414,901445.053
3909244,BOSTON,17-Aug-2014,4:09 AM,Not Reported,1,0,0,Single vehicle crash,V1: Travelling straight ahead,V1:Southbound ,V1: Collision with guardrail ,V1: Passenger car,Wet,Dark - lighted roadway,Rain,,Rte 93 S / UNKNOWN,,Exit 13 on Rte 93 S,,,237399.8866,894072.472
3942432,BOSTON (ROXBURY),17-Aug-2014,4:25 AM,Non-fatal injury,2,1,0,Not reported,V1: Travelling straight ahead / V2:Travelling straight ahead,V1:Eastbound / V2:Northbound ,V1: Collision with motor vehicle in traffic / V2: Collision with motor vehicle in traffic ,"V1: Passenger car / V2:Light truck(van, mini-van, panel, pickup, sport utility) with only four tires",Not reported,Not reported,Not Reported,NORFOLK AVENUE / MAGAZINE STREET,,,,,,235319.8279,897444
3922700,BOSTON,17-Aug-2014,5:23 AM,Property damage only (none injured),1,0,0,Single vehicle crash,V1: Travelling straight ahead,V1:Southbound ,V1: Collision with motor vehicle in traffic ,V1: Passenger car,Dry,Dusk,Clear,,Rte 93 S / UNKNOWN,,Exit 15 on Rte 93 S,,,236629.6253,897168.5001
3938951,BOSTON,17-Aug-2014,6:07 AM,Non-fatal injury,2,3,0,Angle,V1: Travelling straight ahead / V2:Travelling straight ahead,V1:Northbound / V2:Westbound ,V1: Collision with motor vehicle in traffic / V2: Collision with motor vehicle in traffic ,"V1: Light truck(van, mini-van, panel, pickup, sport utility) with only four tires / V2:Passenger car",Dry,Daylight,Cloudy,,JAMAICAWAY Rte UNKNOW / PERKINS STREET,,,,,231606.1562,896796.9999
3927891,BOSTON,17-Aug-2014,8:37 AM,Not Reported,2,0,0,Rear-end,V1: Travelling straight ahead / V2:Travelling straight ahead,V1:Westbound / V2:Westbound ,V1: Collision with motor vehicle in traffic / V2: Collision with motor vehicle in traffic ,V1: Passenger car / V2:Passenger car,Dry,Daylight,Clear,,STORROW DRIVE / DAVID G MUGAR WAY Rte 28 S,,,ESPLANADE,,235139.5249,900734.5055
3922682,BOSTON,17-Aug-2014,11:29 AM,Non-fatal injury,2,1,0,"Sideswipe, same direction",V1: Travelling straight ahead / V2:Travelling straight ahead,V1:Southbound / V2:Southbound ,V1: Collision with median barrier / V2: Collision with median barrier ,V1: Passenger car / V2:Passenger car,Dry,Daylight,Clear,,JOHN F FITZGERALD EXPRESSWAY Rte 93 S / RAMP-RTS 93 SB/3 SB TO RT 90 WB/PURCHASE,Rte 93  S Milemarker 17.1,,,,236903.9876,900590.8519
3924109,BOSTON,17-Aug-2014,3:15 PM,Property damage only (none injured),1,0,0,Angle,V1: Slowing or stopped in traffic,V1:Eastbound ,"V1: Collision with cyclist (bicycle, tricycle, unicycle, pedal car) ",V1: Passenger car,Dry,Daylight,Not Reported,WILLIAM T MORRISSEY BOULEVARD / POPES HILL STREET,,,,,"P2:Pedalcyclist (bicycle, tricycle, unicycle, pedal car)",237240.2032,893757.75
3922796,BOSTON,17-Aug-2014,5:50 PM,Property damage only (none injured),2,0,0,Angle,V1: Travelling straight ahead / V2:Travelling straight ahead,V1:Southbound / V2:Eastbound ,V1: Collision with motor vehicle in traffic / V2: Collision with motor vehicle in traffic ,V1: Passenger car / V2:Passenger car,Dry,Daylight,Clear,,SOLDIERS FIELD ROAD Rte UNKNOW / NORTH BEACON STREET,,,,,228076.4976,901010.8434
3911921,BOSTON,17-Aug-2014,7:00 PM,Property damage only (none injured),2,0,0,Angle,V1: Travelling straight ahead / V2:Turning left,V1:Southbound / V2:Westbound ,V1: Collision with motor vehicle in traffic / V2: Collision with motor vehicle in traffic ,V1: Passenger car / V2:Passenger car,Dry,Daylight,Not Reported,WILLIAM T MORRISSEY BOULEVARD / FREEPORT STREET,,,,,"P3:Other non-motorist (wheelchair, etc.)",237175.7656,894558.6879
3922745,BOSTON,18-Aug-2014,8:18 AM,Non-fatal injury,2,2,0,Rear-end,V1: Travelling straight ahead / V2:Travelling straight ahead,V1:Southbound / V2:Southbound ,V1: Collision with motor vehicle in traffic / V2: Collision with pedestrian ,V1: Passenger car / V2:Passenger car,Dry,Daylight,Clear,,TEMPORARY RAMP Rte 1 S / MAURICE TOBIN BRIDGE,,,,P4:Pedestrian,235853.0976,902245.2623
3911922,BOSTON,18-Aug-2014,10:30 AM,Property damage only (none injured),3,0,0,Rear-end,V1: Slowing or stopped in traffic / V2:Slowing or stopped in traffic / V3:Slowing or stopped in traffic,V1:Northbound / V2:Northbound / V3:Northbound ,V1: Collision with motor vehicle in traffic / V2: Collision with motor vehicle in traffic / V3: Collision with motor vehicle in traffic ,"V1: Light truck(van, mini-van, panel, pickup, sport utility) with only four tires / V2:Light truck(van, mini-van, panel, pickup, sport utility) with only four tires / V3:Passenger car",Dry,Daylight,Clear,,Rte 93 N / UNKNOWN,,Exit 13 on Rte 93 N,,,237420.1414,894076.5227
3925189,BOSTON,18-Aug-2014,11:55 AM,Property damage only (none injured),2,0,0,"Sideswipe, same direction",V1: Travelling straight ahead / V2:Travelling straight ahead,V1:Northbound / V2:Northbound ,V1: Collision with motor vehicle in traffic / V2: Collision with motor vehicle in traffic ,"V1: Tractor/semi-trailer / V2:Light truck(van, mini-van, panel, pickup, sport utility) with only four tires",Dry,Daylight,Clear,,MASSACHUSETTS TURNPIKE Rte 90 W / RAMP-CAMBRIDGE ST/WESTERN AVE TO RT 90 W,,Exit 18 on Rte 90 E,,,230739.7053,900798.7008
3974958,BOSTON (DORCHESTER),18-Aug-2014,2:00 PM,Not Reported,2,0,0,Not reported,V1: Not reported / V2:Not reported,V1:Southbound / V2:Southbound ,V1: Not reported / V2: Not reported ,V1: Passenger car / V2:Passenger car,Not reported,Not reported,Not Reported,DORCHESTER AVENUE / ADAMS STREET,,,,,,236297.1561,894655.5625
3924928,BOSTON,18-Aug-2014,3:40 PM,Non-fatal injury,3,1,0,Rear-end,V1: Travelling straight ahead / V2:Slowing or stopped in traffic / V3:Slowing or stopped in traffic,V1:Northbound / V2:Northbound / V3:Northbound ,V1: Collision with motor vehicle in traffic / V2: Collision with motor vehicle in traffic / V3: Collision with motor vehicle in traffic ,"V1: Passenger car / V2:Passenger car / V3:Light truck(van, mini-van, panel, pickup, sport utility) with only four tires",Dry,Daylight,Clear,,VETERANS OF FOREIGN WARS PARKWAY / 1440 VETERANS OF FOREIGN WARS PARKWAY,,,,,227043.6857,891225.3791
3964244,BOSTON,18-Aug-2014,3:45 PM,Non-fatal injury,1,1,0,Not reported,V1: Travelling straight ahead,V1:Westbound ,"V1: Collision with cyclist (bicycle, tricycle, unicycle, pedal car) ",V1: Passenger car,Not reported,Not reported,Not Reported,GLENDALE STREET / COLUMBIA ROAD,,,,,"P2:Pedalcyclist (bicycle, tricycle, unicycle, pedal car)",235584.5877,895889.6765
3924929,BOSTON,18-Aug-2014,4:40 PM,Property damage only (none injured),2,0,0,Rear-end,V1: Travelling straight ahead / V2:Slowing or stopped in traffic,V1:Southbound / V2:Southbound ,V1: Collision with motor vehicle in traffic / V2: Collision with motor vehicle in traffic ,"V1: Light truck(van, mini-van, panel, pickup, sport utility) with only four tires / V2:Light truck(van, mini-van, panel, pickup, sport utility) with only four tires",Dry,Daylight,Clear,JAMAICAWAY / ELIOT STREET / POND STREET,,,,,,231358.6406,895992.0627
3923800,BOSTON,18-Aug-2014,5:23 PM,Property damage only (none injured),3,0,0,Rear-end,V1: Travelling straight ahead / V2:Slowing or stopped in traffic / V3:Slowing or stopped in traffic,V1:Northbound / V2:Northbound / V3:Northbound ,V1: Collision with motor vehicle in traffic / V2: Collision with motor vehicle in traffic / V3: Collision with motor vehicle in traffic ,"V1: Passenger car / V2:Passenger car / V3:Light truck(van, mini-van, panel, pickup, sport utility) with only four tires",Dry,Daylight,Clear,,Rte 93 N,,Exit 13 on Rte 93 N,,,237420.1414,894076.5227
3942431,BOSTON,18-Aug-2014,6:45 PM,Non-fatal injury,2,1,0,Angle,V1: Travelling straight ahead / V2:Not reported,V1:Not reported / V2:Not reported ,V1: Not reported / V2: Not reported ,V1: Passenger car / V2:Passenger car,Dry,Daylight,Clear,WESTMINSTER AVENUE / WALNUT AVENUE,,,,,,233505.8283,896194.125
3926407,BOSTON (DORCHESTER),18-Aug-2014,8:30 PM,Not Reported,2,0,0,Not reported,V1: Parked / V2:Not reported,V1:Not reported / V2:Not reported ,V1: Collision with parked motor vehicle / V2: Not reported ,V1: Unknown vehicle configuration / V2:Unknown vehicle configuration,Dry,Unknown,Clear/Clear,,22 CLAYBOURNE STREET,,,,,235283.1951,894341.544
3910653,BOSTON,18-Aug-2014,9:55 PM,Fatal injury,2,0,1,Single vehicle crash,V1: Turning right / V2:Slowing or stopped in traffic,V1:Westbound / V2:Eastbound ,V1: Reported but invalid / V2: Collision with other movable object ,"V1: Light truck(van, mini-van, panel, pickup, sport utility) with only four tires / V2:Light truck(van, mini-van, panel, pickup, sport utility) with only four tires",Dry,Dark - lighted roadway,Clear,,MORTON STREET Rte UNKNOW / ARBORWAY,,,,,232072.7342,894603.3748
3928352,BOSTON,19-Aug-2014,9:10 AM,Property damage only (none injured),2,0,0,Angle,V1: Travelling straight ahead / V2:Turning left,V1:Northbound / V2:Eastbound ,V1: Collision with motor vehicle in traffic / V2: Collision with motor vehicle in traffic ,"V1: Light truck(van, mini-van, panel, pickup, sport utility) with only four tires / V2:Single-unit truck (3-or-more axles)",Dry,Daylight,Clear,,CAMBRIDGE STREET / NORTH HARVARD STREET,,,,,230770.7345,900898.3124
3922797,BOSTON,19-Aug-2014,9:22 AM,Property damage only (none injured),3,0,0,Rear-end,V1: Travelling straight ahead / V2:Travelling straight ahead / V3:Travelling straight ahead,V1:Eastbound / V2:Eastbound / V3:Eastbound ,V1: Collision with motor vehicle in traffic / V2: Collision with motor vehicle in traffic / V3: Collision with motor vehicle in traffic ,V1: Passenger car / V2:Passenger car / V3:Passenger car,Dry,Daylight,Clear,,SOLDIERS FIELD ROAD,,,,,,
3923748,BOSTON,19-Aug-2014,9:31 AM,Non-fatal injury,2,1,0,Rear-end,V1: Slowing or stopped in traffic / V2:Slowing or stopped in traffic,V1:Southbound / V2:Southbound ,V1: Collision with motor vehicle in traffic / V2: Collision with motor vehicle in traffic ,V1: Passenger car / V2:Truck/trailer,Dry,Daylight,Clear,,RAMP-RT 1 SB TO RT 99 (NEW RUTHERFORD AV / RAMP-RT 1 SB (TOBIN BRG) TO RT 93 SB Rte 1 S,,,CANA LOOP RAMP TO 93 SOUTH,,236340.5933,902678.2298
3955608,BOSTON (DORCHESTER),19-Aug-2014,1:54 PM,Property damage only (none injured),2,0,0,Angle,V1: Backing / V2:Travelling straight ahead,V1:Not reported / V2:Not reported ,V1: Collision with impact attenuator/crash cushion / V2: Collision with impact attenuator/crash cushion ,"V1: Passenger car / V2:Single-unit truck (2-axle, 6-tire)",Dry,Daylight,Clear,,1187 DORCHESTER AVENUE,,,,,236448.956,895591.55
3949753,BOSTON (BRIGHTON),19-Aug-2014,6:00 PM,Non-fatal injury,2,1,0,Rear-end,V1: Entering traffic lane / V2:Travelling straight ahead,V1:Northbound / V2:Northbound ,V1: Collision with motor vehicle in traffic / V2: Collision with motor vehicle in traffic ,"V1: Light truck(van, mini-van, panel, pickup, sport utility) with only four tires / V2:Light truck(van, mini-van, panel, pickup, sport utility) with only four tires",Dry,Daylight,Clear,,239 CHESTNUT HILL AVENUE,,,,,228418.3756,898868.5061
3926180,BOSTON,19-Aug-2014,6:40 PM,Property damage only (none injured),2,0,0,"Sideswipe, same direction",V1: Changing lanes / V2:Travelling straight ahead,V1:Eastbound / V2:Eastbound ,V1: Collision with motor vehicle in traffic / V2: Collision with motor vehicle in traffic ,V1: Passenger car / V2:Passenger car,Dry,Daylight,Cloudy,,STORROW DRIVE / EMBANKMENT ROAD,,,,,,
3922765,BOSTON,19-Aug-2014,6:45 PM,Property damage only (none injured),1,0,0,Angle,V1: Turning right,V1:Westbound ,"V1: Collision with cyclist (bicycle, tricycle, unicycle, pedal car) ",V1: Passenger car,Dry,Daylight,Clear,MASSACHUSETTS AVENUE Rte SR2A W / RAMP-STORROW DR WB TO RT 2A WB / MASSACHUSETTS AVENUE Rte SR2A E,,,,,"P2:Pedalcyclist (bicycle, tricycle, unicycle, pedal car) / P3:Other non-motorist (wheelchair, etc.)",233784.834,900223.7079
3911923,BOSTON,19-Aug-2014,8:45 PM,Property damage only (none injured),2,0,0,Rear-end,V1: Travelling straight ahead / V2:Travelling straight ahead,V1:Southbound / V2:Southbound ,V1: Collision with motor vehicle in traffic / V2: Collision with motor vehicle in traffic ,"V1: Passenger car / V2:Light truck(van, mini-van, panel, pickup, sport utility) with only four tires",Dry,Dark - lighted roadway,Clear,JOHN F FITZGERALD EXPRESSWAY Rte I93 S / RAMP-MORRISSEY BLVD TO RTS 93 SB/3 SB,,,,TOLLMAN ONRAMP,,237692.375,892953.3125
3922746,BOSTON,19-Aug-2014,11:12 PM,Non-fatal injury,1,1,0,Single vehicle crash,V1: Travelling straight ahead,V1:Southbound ,V1: Collision with highway traffic sign post ,V1: Passenger car,Dry,Dark - lighted roadway,Clear,ALBANY STREET / RAMP-ALBANY ST TO RT 90 WB / SOUTH STATION BUS TERMINAL CONNECTOR,,,,SOUTH STATION CONNECTOR,,236230.9969,899914.1465
3939933,BOSTON (DORCHESTER),20-Aug-2014,6:36 AM,Not Reported,1,0,0,Single vehicle crash,V1: Travelling straight ahead,V1:Not reported ,V1: Not reported ,V1: Passenger car,Dry,Daylight,Clear/Clear,ADAMS STREET / HILLSDALE STREET,,,,,,236298.3751,892029.6251
3923761,BOSTON,20-Aug-2014,8:21 AM,Property damage only (none injured),2,0,0,Angle,V1: Travelling straight ahead / V2:Travelling straight ahead,V1:Northbound / V2:Westbound ,V1: Collision with motor vehicle in traffic / V2: Collision with motor vehicle in traffic ,"V1: Light truck(van, mini-van, panel, pickup, sport utility) with only four tires / V2:Light truck(van, mini-van, panel, pickup, sport utility) with only four tires",Dry,Daylight,Clear,PARK DRIVE / BOYLSTON STREET / BROOKLINE AVENUE,,,,,,232742.1496,899278.3204
3924111,BOSTON,20-Aug-2014,10:13 AM,Property damage only (none injured),3,0,0,Rear-end,V1: Slowing or stopped in traffic / V2:Slowing or stopped in traffic / V3:Travelling straight ahead,V1:Southbound / V2:Southbound / V3:Southbound ,V1: Collision with motor vehicle in traffic / V2: Collision with motor vehicle in traffic / V3: Collision with motor vehicle in traffic ,"V1: Light truck(van, mini-van, panel, pickup, sport utility) with only four tires / V2:Passenger car / V3:Passenger car",Dry,Daylight,Clear,,Rte 93 S / UNKNOWN,,Exit 15 on Rte 93 S,,,236629.6253,897168.5001
3923799,BOSTON,20-Aug-2014,12:30 PM,Property damage only (none injured),1,0,0,Single vehicle crash,V1: Backing,V1:Eastbound ,V1: Collision with overhead sign support ,V1: Truck/trailer,Dry,Daylight,Not Reported,STORROW DRIVE / RAMP-BOYLSTON ST/CHARLESGATE E TO STORRO,,,,,,233992.7434,900260.9984
3922724,BOSTON,20-Aug-2014,1:05 PM,Non-fatal injury,2,1,0,"Sideswipe, same direction",V1: Other / V2:Other,V1:Eastbound / V2:Eastbound ,V1: Collision with motor vehicle in traffic / V2: Collision with motor vehicle in traffic ,"V1: Passenger car / V2:Light truck(van, mini-van, panel, pickup, sport utility) with only four tires",Dry,Daylight,Clear,CENTRE STREET / MURRAY CIRCLE,,,,CENTRE STREET ROTARY,,231182.8592,895422.2502
3922766,BOSTON,20-Aug-2014,3:50 PM,Property damage only (none injured),2,0,0,Rear-end,V1: Slowing or stopped in traffic / V2:Travelling straight ahead,V1:Southbound / V2:Southbound ,V1: Collision with motor vehicle in traffic / V2: Collision with motor vehicle in traffic ,V1: Passenger car / V2:Passenger car,Dry,Daylight,Clear,,MASSACHUSETTS AVENUE Rte 2A E / MASSACHUSETTS AVENUE Rte 2A W,,,MASS AVE BRIDGE,,233754.2332,900306.3742
3923749,BOSTON,20-Aug-2014,4:20 PM,Property damage only (none injured),2,0,0,"Sideswipe, same direction",V1: Travelling straight ahead / V2:Turning left,V1:Northbound / V2:Northbound ,V1: Collision with motor vehicle in traffic / V2: Collision with motor vehicle in traffic ,V1: Passenger car / V2:Truck/trailer,Dry,Daylight,Clear,MASSACHUSETTS AVENUE CONNECTOR / FRONTAGE ROAD,,,,,,235865.0173,898419.1854
3912049,BOSTON,20-Aug-2014,4:36 PM,Non-fatal injury,2,1,0,"Sideswipe, same direction",V1: Travelling straight ahead / V2:Travelling straight ahead,V1:Not reported / V2:Not reported ,V1: Collision with motor vehicle in traffic / V2: Collision with motor vehicle in traffic ,"V1: Light truck(van, mini-van, panel, pickup, sport utility) with only four tires / V2:Single-unit truck (2-axle, 6-tire)",Dry,Daylight,Clear,,COLUMBIA ROAD / KOSCIUSZKO CIRCLE,,,,,236980.4846,896866.3749
3922747,BOSTON,20-Aug-2014,4:43 PM,Property damage only (none injured),2,0,0,Rear-end,V1: Travelling straight ahead / V2:Slowing or stopped in traffic,V1:Southbound / V2:Southbound ,V1: Collision with motor vehicle in traffic / V2: Collision with motor vehicle in traffic ,"V1: Light truck(van, mini-van, panel, pickup, sport utility) with only four tires / V2:Passenger car",Dry,Daylight,Clear,,Rte 93 S / UNKNOWN,,Exit 24 on Rte 93 S,,,236397.1933,901565.6511
3949752,BOSTON (BRIGHTON),20-Aug-2014,4:45 PM,Not Reported,1,0,0,Unknown,V1: Travelling straight ahead,V1:Not reported ,V1: Not reported ,V1: Passenger car,Dry,Daylight,Clear,GORDON STREET / COMMONWEALTH AVENUE,,,,,"P2:Pedalcyclist (bicycle, tricycle, unicycle, pedal car)",229677.7031,899891.6877
3923457,BOSTON,20-Aug-2014,5:22 PM,Non-fatal injury,2,1,0,Rear-end,V1: Slowing or stopped in traffic / V2:Travelling straight ahead,V1:Eastbound / V2:Eastbound ,V1: Collision with motor vehicle in traffic / V2: Collision with motor vehicle in traffic ,"V1: Passenger car / V2:Light truck(van, mini-van, panel, pickup, sport utility) with only four tires",Dry,Daylight,Not Reported,,NASHUA STREET / LEVERETT CIRCLE,,,@ LEVERETT CIRCLE,,235565.4707,901894.5498