Crash Number,City/Town Name,Crash Date,Crash Time,Crash Severity,Number of Vehicles,Total Nonfatal Injuries,Total Fatal Injuries,Manner of Collision,Vehicle Action Prior to Crash,Vehicle Travel Directions,Most Harmful Events,Vehicle Configuration,Road Surface Condition,Ambient Light,Weather Condition,At Roadway Intersection,Distance from Nearest Roadway Intersection,Distance from Nearest Milemarker,Distance from Nearest Exit,Distance from Nearest Landmark,Non Motorist Type,X Coordinate,Y Coordinate
3924257,BOSTON,20-Aug-2014,5:30 PM,Property damage only (none injured),2,0,0,Rear-end,V1: Slowing or stopped in traffic / V2:Travelling straight ahead,V1:Northbound / V2:Northbound ,V1: Collision with motor vehicle in traffic / V2: Collision with motor vehicle in traffic ,"V1: Light truck(van, mini-van, panel, pickup, sport utility) with only four tires / V2:Passenger car",Dry,Daylight,Clear,,Rte 93 N,,,,,,
4041064,BOSTON (JAMAICA PLAIN),20-Aug-2014,6:30 PM,Non-fatal injury,2,1,0,Rear-end,V1: Travelling straight ahead / V2:Travelling straight ahead,V1:Southbound / V2:Southbound ,V1: Collision with motor vehicle in traffic / V2: Collision with motor vehicle in traffic ,"V1: Passenger car / V2:Light truck(van, mini-van, panel, pickup, sport utility) with only four tires",Dry,Daylight,Clear/Clear,,3440 WASHINGTON STREET,,,,,232454.8564,895311.2775
3962715,BOSTON,20-Aug-2014,9:38 PM,Property damage only (none injured),1,0,0,Single vehicle crash,V1: Travelling straight ahead,V1:Eastbound ,V1: Collision with light pole or other post/support ,V1: Passenger car,Dry,Dark - lighted roadway,Clear,,,,,ENTERPRISE GARAGE,,,
3923762,BOSTON,21-Aug-2014,11:23 AM,Property damage only (none injured),2,0,0,Rear-end,V1: Slowing or stopped in traffic / V2:Travelling straight ahead,V1:Northbound / V2:Northbound ,V1: Collision with motor vehicle in traffic / V2: Collision with motor vehicle in traffic ,V1: Passenger car / V2:Passenger car,Dry,Daylight,Clear,,0 feet S from Intersection RIVERWAY / AUTUMN STREET,,,,,232105.411,898811.5289
3924914,BOSTON,21-Aug-2014,11:45 AM,Property damage only (none injured),2,0,0,Rear-end,V1: Slowing or stopped in traffic / V2:Travelling straight ahead,V1:Southbound / V2:Southbound ,V1: Collision with motor vehicle in traffic / V2: Collision with motor vehicle in traffic ,"V1: Light truck(van, mini-van, panel, pickup, sport utility) with only four tires / V2:Light truck(van, mini-van, panel, pickup, sport utility) with only four tires",Dry,Daylight,Clear,,Rte 93 S,,Exit 24 on Rte 93 S,AT EXIT 24,,236397.1933,901565.6511
3926193,BOSTON,21-Aug-2014,2:45 PM,Non-fatal injury,2,1,0,Rear-end,V1: Entering traffic lane / V2:Travelling straight ahead,V1:Southbound / V2:Westbound ,V1: Collision with other movable object / V2: Collision with other movable object ,V1: Passenger car / V2:Passenger car,Dry,Daylight,Clear,,MORTON STREET Rte UNKNOW / JAMES SHEA CIRCLE,,,,,232426.4151,894490.4999
3924520,BOSTON,21-Aug-2014,6:35 PM,Property damage only (none injured),2,0,0,Rear-end,V1: Travelling straight ahead / V2:Travelling straight ahead,V1:Eastbound / V2:Eastbound ,V1: Collision with motor vehicle in traffic / V2: Collision with motor vehicle in traffic ,"V1: Light truck(van, mini-van, panel, pickup, sport utility) with only four tires / V2:Passenger car",Dry,Daylight,Clear,,STORROW DRIVE / STORROW DRIVE,,,,,233338.7681,900085.8125
3922607,BOSTON,21-Aug-2014,10:36 PM,Non-fatal injury,1,1,0,Single vehicle crash,V1: Turning right,V1:Southbound ,V1: Not reported ,V1: Passenger car,Dry,Dark - lighted roadway,Clear,,RIVER STREET / RAMP-SOLDIERS FIELD RD WB TO CAMBRIDGE S,,,,,231526.0091,901240.634
3954782,BOSTON,21-Aug-2014,11:35 PM,Non-fatal injury,2,5,0,Angle,V1: Travelling straight ahead / V2:Turning left,V1:Northbound / V2:Southbound ,V1: Not reported / V2: Not reported ,V1: Passenger car / V2:Passenger car,Dry,Dark - lighted roadway,Clear,COLUMBUS AVENUE / CLEAVES STREET,,,,,,233269.8905,896048.1876
3924258,BOSTON,22-Aug-2014,00:00 AM,Non-fatal injury,2,1,0,"Sideswipe, same direction",V1: Travelling straight ahead / V2:Travelling straight ahead,V1:Northbound / V2:Northbound ,V1: Collision with median barrier / V2: Collision with motor vehicle in traffic ,V1: Passenger car / V2:Passenger car,Dry,Dark - unknown roadway lighting,Cloudy,,Rte 93 N,,Exit 20 on Rte 93 N,EXIT 20,,235935.6734,898219.8317
3922767,BOSTON,22-Aug-2014,2:50 AM,Property damage only (none injured),2,0,0,Single vehicle crash,V1: Travelling straight ahead / V2:Parked,V1:Eastbound / V2:Eastbound ,V1: Collision with tree / V2: Not reported ,V1: Passenger car / V2:Passenger car,Wet,Dark - lighted roadway,Rain,,460 BACK STREET / 460 HEREFORD STREET,,,,,233957.2545,900236.0309
3926755,BOSTON,22-Aug-2014,7:24 AM,Non-fatal injury,1,1,0,Single vehicle crash,V1: Slowing or stopped in traffic,V1:Not reported ,V1: Collision with pedestrian ,"V1: Light truck(van, mini-van, panel, pickup, sport utility) with only four tires",Dry,Daylight,Cloudy,ATKINSON STREET / SOUTHAMPTON STREET,,,,,P2:Pedestrian,235513.8749,898024.0002
3928445,BOSTON,22-Aug-2014,11:00 AM,Property damage only (none injured),2,0,0,Angle,V1: Overtaking/passing / V2:Travelling straight ahead,V1:Not reported / V2:Not reported ,V1: Collision with motor vehicle in traffic / V2: Collision with motor vehicle in traffic ,"V1: Light truck(van, mini-van, panel, pickup, sport utility) with only four tires / V2:Passenger car",Dry,Daylight,Cloudy,,5 DRYDOCK AVENUE,,,,,238166.9349,899452.1059
3939931,BOSTON (DORCHESTER),22-Aug-2014,11:47 AM,Not Reported,1,0,0,Single vehicle crash,V1: Turning left,V1:Eastbound ,"V1: Collision with cyclist (bicycle, tricycle, unicycle, pedal car) ","V1: Light truck(van, mini-van, panel, pickup, sport utility) with only four tires",Dry,Daylight,Cloudy,DORCHESTER AVENUE / LINDEN STREET,,,,,,236377.453,895152.5624
3924259,BOSTON,22-Aug-2014,12:06 PM,Non-fatal injury,3,2,0,Angle,V1: Travelling straight ahead / V2:Travelling straight ahead / V3:Travelling straight ahead,V1:Westbound / V2:Northbound / V3:Northbound ,V1: Collision with motor vehicle in traffic / V2: Collision with motor vehicle in traffic / V3: Collision with motor vehicle in traffic ,"V1: Passenger car / V2:Passenger car / V3:Light truck(van, mini-van, panel, pickup, sport utility) with only four tires",Dry,Daylight,Clear,,FRONTAGE ROAD Rte UNKNOW N / WEST FOURTH STREET,,,,,236111.8694,899236.5468
3922841,BOSTON,22-Aug-2014,2:24 PM,Non-fatal injury,2,1,0,Rear-end,V1: Slowing or stopped in traffic / V2:Travelling straight ahead,V1:Eastbound / V2:Eastbound ,V1: Collision with motor vehicle in traffic / V2: Collision with motor vehicle in traffic ,"V1: Passenger car / V2:Light truck(van, mini-van, panel, pickup, sport utility) with only four tires",Dry,Daylight,Clear,,SOLDIERS FIELD ROAD / UNIVERSITY ROAD,,,,,232078.733,900219.36
3930773,BOSTON,22-Aug-2014,3:15 PM,Non-fatal injury,2,2,0,Rear-end,V1: Slowing or stopped in traffic / V2:Travelling straight ahead,V1:Northbound / V2:Northbound ,V1: Collision with motor vehicle in traffic / V2: Collision with motor vehicle in traffic ,"V1: Light truck(van, mini-van, panel, pickup, sport utility) with only four tires / V2:Light truck(van, mini-van, panel, pickup, sport utility) with only four tires",Dry,Daylight,Clear,,60 feet S from Intersection ALFORD STREET Rte 99 N / DEXTER STREET,,,173 ALFORD STREET,,235607.0021,904932.8456
3939932,BOSTON (DORCHESTER),22-Aug-2014,6:30 PM,Property damage only (none injured),1,0,0,Single vehicle crash,V1: Turning right,V1:Not reported ,V1: Collision with pedestrian ,V1: Passenger car,Dry,Daylight,Clear/Clear,BOWDOIN STREET / GENEVA AVENUE,,,,,P2:Skater,235337.1719,894858.1875
3922748,BOSTON,22-Aug-2014,6:45 PM,Property damage only (none injured),3,0,0,Rear-end,V1: Travelling straight ahead / V2:Slowing or stopped in traffic / V3:Slowing or stopped in traffic,V1:Southbound / V2:Southbound / V3:Northbound ,V1: Collision with motor vehicle in traffic / V2: Collision with motor vehicle in traffic / V3: Collision with motor vehicle in traffic ,"V1: Passenger car / V2:Light truck(van, mini-van, panel, pickup, sport utility) with only four tires / V3:Passenger car",Dry,Dark - lighted roadway,Clear,,RAMP-RTS 93 SB/3 SB TO CALLAHAN TUNNEL,,Exit 24 on Rte 93 S,,,236404.915,901550.2125
3926194,BOSTON,22-Aug-2014,6:50 PM,Property damage only (none injured),2,0,0,Rear-end,V1: Turning left / V2:Changing lanes,V1:Northbound / V2:Northbound ,V1: Collision with other movable object / V2: Collision with other movable object ,V1: Passenger car / V2:Passenger car,Dry,Daylight,Clear,,MORTON STREET / THEODORE STREET,,,,,233882.0623,892652
3922846,BOSTON,22-Aug-2014,7:17 PM,Non-fatal injury,2,2,0,Rear-end,V1: Travelling straight ahead / V2:Slowing or stopped in traffic,V1:Northbound / V2:Northbound ,V1: Collision with motor vehicle in traffic / V2: Collision with motor vehicle in traffic ,"V1: Light truck(van, mini-van, panel, pickup, sport utility) with only four tires / V2:Light truck(van, mini-van, panel, pickup, sport utility) with only four tires",Dry,Dusk,Clear,,GENERAL CASIMIR PULASKI SKYWAY Rte 3 N / RAMP-RTS 93 NB/3 NB TO VICTORY RD,,,,,237432.4523,894044.845
3923458,BOSTON,22-Aug-2014,10:01 PM,Property damage only (none injured),2,0,0,Rear-end,V1: Slowing or stopped in traffic / V2:Travelling straight ahead,V1:Eastbound / V2:Eastbound ,V1: Collision with motor vehicle in traffic / V2: Collision with motor vehicle in traffic ,V1: Passenger car / V2:Passenger car,Dry,Dark - lighted roadway,Not Reported,,STORROW DRIVE Rte 28 N / EMBANKMENT ROAD Rte 28 N,,,STORROW DR AT LEVERETT CIR,,235288.1459,901389.1865
3936103,BOSTON,23-Aug-2014,2:55 AM,Property damage only (none injured),1,0,0,Single vehicle crash,V1: Travelling straight ahead,V1:Southbound ,V1: Collision with curb ,"V1: Light truck(van, mini-van, panel, pickup, sport utility) with only four tires",Dry,Dark - lighted roadway,Clear,,KOSCIUSZKO CIRCLE / WILLIAM DAY BOULEVARD,,,,,237000,896933.5626
3942331,BOSTON (ROXBURY),23-Aug-2014,5:30 AM,Property damage only (none injured),2,0,0,Rear-end,V1: Travelling straight ahead / V2:Travelling straight ahead,V1:Westbound / V2:Westbound ,V1: Collision with motor vehicle in traffic / V2: Collision with motor vehicle in traffic ,V1: Passenger car / V2:Passenger car,Dry,Dawn,Clear,RUGGLES STREET / TREMONT STREET,,,,,,233912.9533,898348.9375
3924915,BOSTON,23-Aug-2014,6:54 AM,Non-fatal injury,1,1,0,Single vehicle crash,V1: Travelling straight ahead,V1:Northbound ,V1: Collision with median barrier ,V1: Motorcycle,Dry,Daylight,Clear,,RAMP-RTS 93 NB/3 NB TO NORTH ST STREET,,Exit 23 on Rte 93 N,,,236890.3412,901174.2028
3949920,BOSTON,23-Aug-2014,9:40 AM,Property damage only (none injured),2,0,0,Angle,V1: Travelling straight ahead / V2:Travelling straight ahead,V1:Eastbound / V2:Southbound ,V1: Collision with other movable object / V2: Collision with motor vehicle in traffic ,V1: Passenger car / V2:Passenger car,Dry,Daylight,Not Reported,,RIVERWAY / BROOKLINE AVENUE,,,,,232691.9572,899212.3563
3924260,BOSTON,23-Aug-2014,11:28 AM,Property damage only (none injured),3,0,0,Rear-to-rear,V1: Slowing or stopped in traffic / V2:Slowing or stopped in traffic / V3:Travelling straight ahead,V1:Westbound / V2:Westbound / V3:Westbound ,V1: Collision with motor vehicle in traffic / V2: Collision with motor vehicle in traffic / V3: Collision with motor vehicle in traffic ,"V1: Passenger car / V2:Passenger car / V3:Light truck(van, mini-van, panel, pickup, sport utility) with only four tires",Dry,Daylight,Cloudy,,LEVERETT CONNECTOR SOUTH,,Exit 26 on Rte 93 S,,,235772.638,901863.8329
3924261,BOSTON,23-Aug-2014,11:43 AM,Property damage only (none injured),2,0,0,Rear-end,V1: Slowing or stopped in traffic / V2:Travelling straight ahead,V1:Southbound / V2:Southbound ,V1: Collision with motor vehicle in traffic / V2: Collision with motor vehicle in traffic ,"V1: Light truck(van, mini-van, panel, pickup, sport utility) with only four tires / V2:Passenger car",Dry,Daylight,Cloudy,,JOHN F FITZGERALD EXPRESSWAY Rte 93 S,,,ZAKIM BRIDGE,,236014.6935,902056.7642
3942332,BOSTON (ROXBURY),23-Aug-2014,12:13 PM,Unknown,2,0,0,Not reported,V1: Travelling straight ahead / V2:Travelling straight ahead,V1:Not reported / V2:Not reported ,"V1: Collision with other fixed object (wall, building, tunnel, etc.) / V2: Collision with motor vehicle in traffic ",V1: Passenger car / V2:Passenger car,Not reported,Not reported,Not Reported,,2679 WASHINGTON STREET / CEDAR STREET,,,,,233894.4998,897162.7502
3924113,BOSTON,23-Aug-2014,1:47 PM,Non-fatal injury,5,1,0,Rear-end,V1: Travelling straight ahead / V2:Parked / V3:Parked / V4:Parked / V5:Parked,V1:Southbound / V2:Not reported / V3:Not reported / V4:Not reported / V5:Not reported ,V1: Collision with parked motor vehicle / V2: Not reported / V3: Not reported / V4: Not reported / V5: Not reported ,"V1: Passenger car / V2:Passenger car / V3:Light truck(van, mini-van, panel, pickup, sport utility) with only four tires / V4:Passenger car / V5:Passenger car",Dry,Daylight,Clear,,OLD COLONY AVENUE Rte UNKNOW S / GAVIN WAY,,,,,236881.1719,897465.6873
3936104,BOSTON,23-Aug-2014,3:05 PM,Property damage only (none injured),3,0,0,Rear-end,V1: Travelling straight ahead / V2:Slowing or stopped in traffic / V3:Slowing or stopped in traffic,V1:Northbound / V2:Northbound / V3:Northbound ,V1: Collision with motor vehicle in traffic / V2: Collision with motor vehicle in traffic / V3: Collision with motor vehicle in traffic ,V1: Passenger car / V2:Passenger car / V3:Passenger car,Dry,Daylight,Clear,,Rte 93 N,,Exit 13 on Rte 93 N,,,237420.1414,894076.5227
3954887,BOSTON (DORCHESTER),23-Aug-2014,8:17 PM,Not Reported,4,0,0,Head-on,V1: Not reported / V2:Parked / V3:Not reported / V4:Not reported,V1:Not reported / V2:Not reported / V3:Not reported / V4:Not reported ,V1: Not reported / V2: Not reported / V3: Not reported / V4: Not reported ,V1: Passenger car / V2:Passenger car / V3:Passenger car / V4:Passenger car,Dry,Daylight,Clear/Clear,ADAMS STREET / LYON STREET,,,,80 ADAMS STREET,,236131.7498,895151.2502
3956463,BOSTON (ROXBURY),24-Aug-2014,2:51 AM,Property damage only (none injured),2,0,0,"Sideswipe, opposite direction",V1: Travelling straight ahead / V2:Travelling straight ahead,V1:Southbound / V2:Eastbound ,V1: Collision with moped / V2: Collision with motor vehicle in traffic ,"V1: Light truck(van, mini-van, panel, pickup, sport utility) with only four tires / V2:MOPED",Dry,Dark - lighted roadway,Clear/Clear,COLUMBIA ROAD / QUINCY STREET,,,,,,235432.4218,895739.2499
3926083,BOSTON,24-Aug-2014,3:19 AM,Property damage only (none injured),1,0,0,Single vehicle crash,V1: Travelling straight ahead,V1:Southbound ,V1: Collision with median barrier ,"V1: Light truck(van, mini-van, panel, pickup, sport utility) with only four tires",Dry,Dark - lighted roadway,Clear,,JOHN F FITZGERALD EXPRESSWAY Rte 93 S,Rte 93  S Milemarker 17.2,,,,236962.1853,900755.4847
3932261,BOSTON,24-Aug-2014,12:28 PM,Property damage only (none injured),2,0,0,Angle,V1: Travelling straight ahead / V2:Making U-turn,V1:Westbound / V2:Westbound ,V1: Collision with motor vehicle in traffic / V2: Collision with motor vehicle in traffic ,"V1: Light truck(van, mini-van, panel, pickup, sport utility) with only four tires / V2:Passenger car",Dry,Daylight,Clear,,GALLIVAN BOULEVARD Rte 203 W / WENLOCK ROAD,,,,,237140.4629,892645.2899
3922847,BOSTON,24-Aug-2014,1:30 PM,Property damage only (none injured),4,0,0,Rear-end,V1: Slowing or stopped in traffic / V2:Slowing or stopped in traffic / V3:Slowing or stopped in traffic / V4:Travelling straight ahead,V1:Northbound / V2:Northbound / V3:Northbound / V4:Northbound ,V1: Collision with motor vehicle in traffic / V2: Collision with motor vehicle in traffic / V3: Collision with motor vehicle in traffic / V4: Collision with motor vehicle in traffic ,"V1: Light truck(van, mini-van, panel, pickup, sport utility) with only four tires / V2:Passenger car / V3:Passenger car / V4:Passenger car",Dry,Daylight,Clear,,Rte 93 N / UNKNOWN,,Exit 16 on Rte 93 N,,,236403.9842,897524.312
3924521,BOSTON,24-Aug-2014,2:50 PM,Property damage only (none injured),2,0,0,Angle,V1: Turning left / V2:Travelling straight ahead,V1:Westbound / V2:Eastbound ,V1: Collision with motor vehicle in traffic / V2: Collision with motor vehicle in traffic ,V1: Passenger car / V2:Passenger car,Dry,Daylight,Clear,,GALLIVAN BOULEVARD Rte UNKNOW / WASHINGTON STREET,,,,,235509.2971,892128.6873
3929051,BOSTON,24-Aug-2014,8:45 PM,Property damage only (none injured),2,0,0,"Sideswipe, same direction",V1: Changing lanes / V2:Travelling straight ahead,V1:Westbound / V2:Westbound ,V1: Collision with motor vehicle in traffic / V2: Collision with motor vehicle in traffic ,"V1: Bus (seats for more than 15 people, including driver) / V2:Passenger car",Dry,Dark - lighted roadway,Clear,,Rte 90 W,,Exit 20 on Rte 90 W,,,231452.5043,900558.3731
3962820,BOSTON,24-Aug-2014,11:32 PM,Property damage only (none injured),1,0,0,Single vehicle crash,V1: Not reported,V1:Not reported ,V1: Not reported ,V1: Passenger car,Dry,Dark - lighted roadway,Not Reported,,TRUMAN HIGHWAY Rte UNKNOW / GARFIELD AVENUE,,,,,231069.1933,888785.9644
3942231,BOSTON,25-Aug-2014,00:00 AM,Non-fatal injury,1,1,0,Single vehicle crash,V1: Turning right,V1:Not reported ,V1: Collision with pedestrian ,V1: Passenger car,Dry,Daylight,Clear/Clear,COLUMBIA ROAD / WASHINGTON STREET,,,,,,234591.703,895070.8124
3924264,BOSTON,25-Aug-2014,4:20 AM,Property damage only (none injured),1,0,0,Single vehicle crash,V1: Travelling straight ahead,V1:Westbound ,V1: Collision with utility pole ,V1: Passenger car,Dry,Dark - lighted roadway,Clear,,JAMAICAWAY Rte UNKNOW W / BYNNER STREET,,,,,231761.9221,897172.3749
3924262,BOSTON,25-Aug-2014,7:57 AM,Non-fatal injury,3,1,0,Rear-end,V1: Travelling straight ahead / V2:Travelling straight ahead / V3:Travelling straight ahead,V1:Westbound / V2:Eastbound / V3:Eastbound ,V1: Collision with motor vehicle in traffic / V2: Collision with motor vehicle in traffic / V3: Collision with motor vehicle in traffic ,"V1: Light truck(van, mini-van, panel, pickup, sport utility) with only four tires / V2:Passenger car / V3:Passenger car",Dry,Daylight,Clear,,MASSACHUSETTS TURNPIKE Rte 90 W,Rte 90  W Milemarker 132.4,,,,233206.3228,899790.1839
3932256,BOSTON,25-Aug-2014,8:51 AM,Property damage only (none injured),2,0,0,Angle,V1: Travelling straight ahead / V2:Travelling straight ahead,V1:Eastbound / V2:Eastbound ,V1: Collision with motor vehicle in traffic / V2: Collision with motor vehicle in traffic ,V1: Passenger car / V2:Truck/trailer,Dry,Daylight,Clear,,Rte 90 E,,Exit 18-20 on Rte 90 E,,,231301.9458,900764.8019
3944231,BOSTON (DORCHESTER),25-Aug-2014,8:55 AM,Non-fatal injury,2,2,0,Angle,V1: Travelling straight ahead / V2:Travelling straight ahead,V1:Southbound / V2:Westbound ,V1: Collision with motor vehicle in traffic / V2: Collision with motor vehicle in traffic ,"V1: Light truck(van, mini-van, panel, pickup, sport utility) with only four tires / V2:Passenger car",Dry,Daylight,Clear,PARK STREET / WASHINGTON STREET,,,,,,235284.6249,893981.1248
3962997,BOSTON,25-Aug-2014,10:15 AM,Property damage only (none injured),1,0,0,"Sideswipe, opposite direction",V1: Turning left,V1:Not reported ,V1: Collision with light pole or other post/support ,V1: Truck/trailer,Dry,Daylight,Clear/Clear,,1298 DORCHESTER AVENUE,,,PARKING LOT,,236382.2761,895184.2709
3939834,BOSTON (DORCHESTER),25-Aug-2014,10:55 AM,Non-fatal injury,2,2,0,Angle,V1: Travelling straight ahead / V2:Parked,V1:Northbound / V2:Northbound ,V1: Collision with motor vehicle in traffic / V2: Collision with motor vehicle in traffic ,"V1: Light truck(van, mini-van, panel, pickup, sport utility) with only four tires / V2:Passenger car",Dry,Daylight,Clear,,1538 DORCHESTER AVENUE,,,,,236219.094,894283.5627
3928716,BOSTON,25-Aug-2014,3:19 PM,Non-fatal injury,2,1,0,Angle,V1: Travelling straight ahead / V2:Travelling straight ahead,V1:Northbound / V2:Eastbound ,V1: Collision with motor vehicle in traffic / V2: Collision with motor vehicle in traffic ,"V1: Light truck(van, mini-van, panel, pickup, sport utility) with only four tires / V2:Passenger car",Dry,Daylight,Clear,FRONTAGE ROAD / BROADWAY,,,,,,236165.6755,899351.7012
3923810,BOSTON,25-Aug-2014,5:32 PM,Non-fatal injury,2,1,0,Angle,V1: Changing lanes / V2:Travelling straight ahead,V1:Northbound / V2:Northbound ,V1: Collision with motor vehicle in traffic / V2: Collision with motor vehicle in traffic ,"V1: Light truck(van, mini-van, panel, pickup, sport utility) with only four tires / V2:Light truck(van, mini-van, panel, pickup, sport utility) with only four tires",Dry,Daylight,Not Reported,,JOHN F FITZGERALD EXPRESSWAY Rte 93 N / GENERAL CASIMIR PULASKI SKYWAY Rte 93 N,,,,,237258.3167,894484.9631
3922842,BOSTON,26-Aug-2014,8:02 AM,Property damage only (none injured),2,0,0,Angle,V1: Travelling straight ahead / V2:Entering traffic lane,V1:Eastbound / V2:Northbound ,V1: Collision with motor vehicle in traffic / V2: Collision with motor vehicle in traffic ,V1: Passenger car / V2:Passenger car,Dry,Daylight,Cloudy,,SOLDIERS FIELD ROAD Rte UNKNOW E / 1700,,,@ IHOP,,228592.67,901082.4161
3939269,BOSTON,26-Aug-2014,8:54 AM,Not Reported,2,0,0,Rear-end,V1: Slowing or stopped in traffic / V2:Travelling straight ahead,V1:Southbound / V2:Southbound ,V1: Not reported / V2: Not reported ,"V1: Single-unit truck (2-axle, 6-tire) / V2:Passenger car",Dry,Daylight,Clear,ALBANY STREET / WEST FOURTH STREET / EAST BERKELEY STREET,,,,,,236048.2334,899259.9647
3954776,BOSTON,26-Aug-2014,11:25 AM,Non-fatal injury,1,1,0,"Sideswipe, opposite direction",V1: Slowing or stopped in traffic,V1:Westbound ,"V1: Collision with cyclist (bicycle, tricycle, unicycle, pedal car) ",V1: Passenger car,Dry,Daylight,Clear,AMORY STREET / BRAGDON STREET,,,,,"P2:Pedalcyclist (bicycle, tricycle, unicycle, pedal car)",232943.0471,896628.1874
3924267,BOSTON,26-Aug-2014,1:24 PM,Property damage only (none injured),2,0,0,Single vehicle crash,V1: Travelling straight ahead / V2:Travelling straight ahead,V1:Northbound / V2:Eastbound ,V1: Not reported / V2: Collision with light pole or other post/support ,"V1: Passenger car / V2:Light truck(van, mini-van, panel, pickup, sport utility) with only four tires",Dry,Daylight,Clear,,NORTH BEACON STREET Rte UNKNOW / PARSONS STREET,,,,,228152.7188,900975.5
3922848,BOSTON,26-Aug-2014,3:10 PM,Non-fatal injury,2,1,0,Rear-end,V1: Slowing or stopped in traffic / V2:Slowing or stopped in traffic,V1:Eastbound / V2:Eastbound ,V1: Collision with motor vehicle in traffic / V2: Collision with motor vehicle in traffic ,V1: Passenger car / V2:Passenger car,Dry,Daylight,Clear,,WILLIAM T MORRISSEY BOULEVARD Rte UNKNOW / NEPONSET AVENUE,,,,,237696.0819,892924.3425
3923452,BOSTON,26-Aug-2014,6:25 PM,Property damage only (none injured),3,0,0,Rear-end,V1: Slowing or stopped in traffic / V2:Slowing or stopped in traffic / V3:Travelling straight ahead,V1:Northbound / V2:Northbound / V3:Northbound ,V1: Collision with motor vehicle in traffic / V2: Collision with motor vehicle in traffic / V3: Collision with motor vehicle in traffic ,"V1: Light truck(van, mini-van, panel, pickup, sport utility) with only four tires / V2:Passenger car / V3:Light truck(van, mini-van, panel, pickup, sport utility) with only four tires",Dry,Daylight,Clear,,RAMP-RT 1 SB (TOBIN BRG) TO RT 93 SB Rte 1 S / RAMP-RT 1 SB (TOBIN BRG) TO RT 93 SB Rte 1 S,,,STATION TUNNEL,,235869.8225,902295.016
3954777,BOSTON,26-Aug-2014,7:00 PM,Non-fatal injury,2,1,0,Rear-end,V1: Travelling straight ahead / V2:Slowing or stopped in traffic,V1:Not reported / V2:Not reported ,V1: Collision with motor vehicle in traffic / V2: Collision with motor vehicle in traffic ,"V1: Passenger car / V2:Light truck(van, mini-van, panel, pickup, sport utility) with only four tires",Dry,Dusk,Clear,WASHINGTON STREET / ARBORWAY,,,,,,231970.1181,894643.7727
3932245,BOSTON,26-Aug-2014,9:11 PM,Property damage only (none injured),2,0,0,Angle,V1: Travelling straight ahead / V2:Changing lanes,V1:Southbound / V2:Southbound ,V1: Collision with motor vehicle in traffic / V2: Collision with motor vehicle in traffic ,"V1: Passenger car / V2:Single-unit truck (2-axle, 6-tire)",Dry,Dark - lighted roadway,Clear,RAMP-LEVERETT CIR TO RTS 93 SB/3 SB Rte SR3A S / JOHN F FITZGERALD EXPRESSWAY Rte I93 S,,,,ZAKIM BRIDGE,,236192.3118,901840.5409
3927935,BOSTON,27-Aug-2014,1:10 AM,Non-fatal injury,1,2,0,Single vehicle crash,V1: Entering traffic lane,V1:Westbound ,V1: Collision with curb ,"V1: Light truck(van, mini-van, panel, pickup, sport utility) with only four tires",Dry,Dark - lighted roadway,Clear,,MORTON STREET Rte UNKNOW / JAMES SHEA CIRCLE,,,,,232426.4151,894490.4999
3927896,BOSTON,27-Aug-2014,5:53 AM,Property damage only (none injured),2,0,0,Rear-end,V1: Travelling straight ahead / V2:Travelling straight ahead,V1:Northbound / V2:Northbound ,V1: Collision with motor vehicle in traffic / V2: Collision with motor vehicle in traffic ,"V1: Light truck(van, mini-van, panel, pickup, sport utility) with only four tires / V2:Passenger car",Dry,Dawn,Not Reported,,Rte 93 N / UNKNOWN,,Exit 16 on Rte 93 N,,,236403.9842,897524.312
3928223,BOSTON,27-Aug-2014,11:09 AM,Property damage only (none injured),2,0,0,"Sideswipe, same direction",V1: Not reported / V2:Travelling straight ahead,V1:Not reported / V2:Northbound ,V1: Not reported / V2: Collision with motor vehicle in traffic ,V1: Passenger car / V2:Truck/trailer,Dry,Daylight,Clear,,Rte 93 N,,Exit 13 on Rte 93 N,,,237420.1414,894076.5227
3924276,BOSTON,27-Aug-2014,4:08 PM,Property damage only (none injured),1,0,0,Single vehicle crash,V1: Travelling straight ahead,V1:Eastbound ,V1: Collision with light pole or other post/support ,"V1: Light truck(van, mini-van, panel, pickup, sport utility) with only four tires",Dry,Daylight,Clear,MELNEA CASS BOULEVARD / MASSACHUSETTS AVENUE,,,,CONNECTOR,,235249.6629,898102.0833
3924119,BOSTON,27-Aug-2014,4:55 PM,Property damage only (none injured),2,0,0,Rear-end,V1: Travelling straight ahead / V2:Slowing or stopped in traffic,V1:Northbound / V2:Northbound ,V1: Collision with motor vehicle in traffic / V2: Collision with motor vehicle in traffic ,"V1: Passenger car / V2:Light truck(van, mini-van, panel, pickup, sport utility) with only four tires",Dry,Daylight,Clear,,RAMP-RT 1 SB (TOBIN BRG) TO RT 93 SB Rte 1 S / RAMP-RT 1 SB (TOBIN BRG) TO RT 93 SB Rte 1 S,,,STATION TUNNEL,,235935.9742,902333.446