Crash Number,City/Town Name,Crash Date,Crash Time,Crash Severity,Number of Vehicles,Total Nonfatal Injuries,Total Fatal Injuries,Manner of Collision,Vehicle Action Prior to Crash,Vehicle Travel Directions,Most Harmful Events,Vehicle Configuration,Road Surface Condition,Ambient Light,Weather Condition,At Roadway Intersection,Distance from Nearest Roadway Intersection,Distance from Nearest Milemarker,Distance from Nearest Exit,Distance from Nearest Landmark,Non Motorist Type,X Coordinate,Y Coordinate
4042833,BOSTON,07-Sep-2014,2:50 AM,Property damage only (none injured),2,0,0,Rear-end,V1: Travelling straight ahead / V2:Travelling straight ahead,V1:Not reported / V2:Not reported ,V1: Collision with motor vehicle in traffic / V2: Collision with motor vehicle in traffic ,V1: Passenger car / V2:Passenger car,Wet,Dark - lighted roadway,Rain,BEACON STREET / JOY STREET,,,,,,235828.4682,900832.4431
3962792,BOSTON,07-Sep-2014,2:55 AM,Non-fatal injury,2,3,0,Rear-end,V1: Entering traffic lane / V2:Other,V1:Westbound / V2:Westbound ,V1: Collision with guardrail / V2: Collision with motor vehicle in traffic ,V1: Passenger car / V2:Passenger car,Wet,Dark - lighted roadway,Not Reported,,COLUMBIA ROAD / COLUMBIA ROAD,,,TRAFFIC CIRCLE,,236912.1466,896872.1002
3928709,BOSTON,07-Sep-2014,7:26 AM,Property damage only (none injured),2,0,0,Rear-end,V1: Travelling straight ahead / V2:Travelling straight ahead,V1:Eastbound / V2:Eastbound ,V1: Collision with motor vehicle in traffic / V2: Collision with motor vehicle in traffic ,"V1: Light truck(van, mini-van, panel, pickup, sport utility) with only four tires / V2:Passenger car",Dry,Daylight,Clear,,MASSACHUSETTS TURNPIKE Rte 90 E / UNKNOWN,Rte 90  E Milemarker 130.0,,,,229761.494,900823.9692
4041515,BOSTON (JAMAICA PLAIN),07-Sep-2014,9:55 AM,Non-fatal injury,1,1,0,"Sideswipe, same direction",V1: Parked,V1:Southbound ,"V1: Collision with cyclist (bicycle, tricycle, unicycle, pedal car) ",V1: Passenger car,Dry,Daylight,Clear,,687 CENTRE STREET,,,,"P2:Pedalcyclist (bicycle, tricycle, unicycle, pedal car)",231796.339,895782.0459
3935857,BOSTON,07-Sep-2014,11:55 AM,Non-fatal injury,4,2,0,Rear-end,V1: Slowing or stopped in traffic / V2:Slowing or stopped in traffic / V3:Slowing or stopped in traffic / V4:Travelling straight ahead,V1:Northbound / V2:Northbound / V3:Northbound / V4:Northbound ,V1: Collision with motor vehicle in traffic / V2: Collision with motor vehicle in traffic / V3: Collision with motor vehicle in traffic / V4: Collision with motor vehicle in traffic ,"V1: Light truck(van, mini-van, panel, pickup, sport utility) with only four tires / V2:Passenger car / V3:Light truck(van, mini-van, panel, pickup, sport utility) with only four tires / V4:Passenger car",Dry,Daylight,Clear,,Rte 93 N / UNKNOWN,,Exit 14 on Rte 93 N,,,237258.9796,894483.3974
3928332,BOSTON,07-Sep-2014,4:40 PM,Non-fatal injury,2,1,0,Angle,V1: Travelling straight ahead / V2:Turning left,V1:Westbound / V2:Eastbound ,V1: Collision with motor vehicle in traffic / V2: Collision with motor vehicle in traffic ,V1: Passenger car / V2:Passenger car,Dry,Daylight,Clear,,GALLIVAN BOULEVARD / DORCHESTER AVENUE,,,,,235804.4062,892252.5627
3945334,BOSTON,07-Sep-2014,6:07 PM,Non-fatal injury,2,3,0,Angle,V1: Travelling straight ahead / V2:Backing,V1:Northbound / V2:Westbound ,V1: Collision with motor vehicle in traffic / V2: Collision with motor vehicle in traffic ,V1: Passenger car / V2:Passenger car,Dry,Daylight,Clear,NEPONSET AVENUE / POPES HILL STREET,,,,,,237057.8124,893686.8749
3935850,BOSTON,08-Sep-2014,7:10 AM,Property damage only (none injured),2,0,0,"Sideswipe, same direction",V1: Travelling straight ahead / V2:Travelling straight ahead,V1:Northbound / V2:Northbound ,V1: Collision with motor vehicle in traffic / V2: Collision with motor vehicle in traffic ,"V1: Passenger car / V2:Light truck(van, mini-van, panel, pickup, sport utility) with only four tires",Dry,Daylight,Not Reported,,JAMAICAWAY,,,KELLY ROTARY,,,
3939438,BOSTON (DORCHESTER),08-Sep-2014,9:00 AM,Non-fatal injury,2,1,0,Rear-end,V1: Slowing or stopped in traffic / V2:Slowing or stopped in traffic,V1:Northbound / V2:Northbound ,V1: Collision with motor vehicle in traffic / V2: Collision with motor vehicle in traffic ,V1: Passenger car / V2:Passenger car,Dry,Daylight,Clear/Clear,,1694 DORCHESTER AVENUE / CHEVERUS ROAD,,,,,236080.448,893618.2817
3950355,BOSTON,08-Sep-2014,9:42 AM,Property damage only (none injured),2,0,0,"Sideswipe, same direction",V1: Travelling straight ahead / V2:Travelling straight ahead,V1:Northbound / V2:Northbound ,V1: Collision with motor vehicle in traffic / V2: Collision with motor vehicle in traffic ,V1: Passenger car / V2:Tractor/semi-trailer,Dry,Daylight,Clear,,MASSACHUSETTS TURNPIKE Rte 90 E / CAMBRIDGE STREET,,,,,230416.9923,900714.4428
3939043,BOSTON,08-Sep-2014,9:45 AM,Property damage only (none injured),2,0,0,Rear-end,V1: Travelling straight ahead / V2:Slowing or stopped in traffic,V1:Southbound / V2:Southbound ,V1: Collision with motor vehicle in traffic / V2: Collision with motor vehicle in traffic ,"V1: Light truck(van, mini-van, panel, pickup, sport utility) with only four tires / V2:Passenger car",Dry,Daylight,Clear,RAMP-RTS 93 SB/3 SB TO SB FRONTAGE RD/MA / JOHN F FITZGERALD EXPRESSWAY Rte I93 S / RAMP-ALBANY ST TO RTS 93 SB/3 SB,,,,RAMP AS,,236013.2782,899092.9984
3935762,BOSTON,08-Sep-2014,10:00 AM,Property damage only (none injured),2,0,0,Angle,V1: Entering traffic lane / V2:Travelling straight ahead,V1:Westbound / V2:Southbound ,V1: Collision with motor vehicle in traffic / V2: Collision with motor vehicle in traffic ,V1: Passenger car / V2:Passenger car,Dry,Daylight,Not Reported,,RIVERWAY Rte UNKNOW / FRANCIS STREET,,,,,232080.5294,898632.4523
4041518,BOSTON (JAMAICA PLAIN),08-Sep-2014,10:40 AM,Non-fatal injury,2,1,0,Rear-end,V1: Travelling straight ahead / V2:Travelling straight ahead,V1:Not reported / V2:Not reported ,V1: Collision with motor vehicle in traffic / V2: Collision with motor vehicle in traffic ,"V1: Light truck(van, mini-van, panel, pickup, sport utility) with only four tires / V2:Passenger car",Dry,Daylight,Clear/Clear,CENTRE STREET / POND STREET,,,,,,231811.6249,896088.9377
3953968,BOSTON (ROXBURY),08-Sep-2014,12:51 PM,Unknown,2,0,0,"Sideswipe, same direction",V1: Changing lanes / V2:Travelling straight ahead,V1:Southbound / V2:Southbound ,V1: Collision with motor vehicle in traffic / V2: Collision with motor vehicle in traffic ,V1: Passenger car / V2:Passenger car,Dry,Daylight,Clear,WARREN STREET / DALE STREET,,,,,,234487.1408,896778.4374
3972138,BOSTON,08-Sep-2014,2:25 PM,Property damage only (none injured),2,0,0,Angle,V1: Travelling straight ahead / V2:Travelling straight ahead,V1:Southbound / V2:Westbound ,V1: Collision with motor vehicle in traffic / V2: Collision with motor vehicle in traffic ,"V1: Passenger car / V2:Light truck(van, mini-van, panel, pickup, sport utility) with only four tires",Dry,Daylight,Clear,,VETERANS OF FOREIGN WARS PARKWAY Rte UNKNOW / CHARLES PARK ROAD,,,,,227048.0563,891866.0907
3949904,BOSTON,08-Sep-2014,2:45 PM,Property damage only (none injured),3,0,0,Rear-end,V1: Travelling straight ahead / V2:Travelling straight ahead / V3:Travelling straight ahead,V1:Southbound / V2:Southbound / V3:Southbound ,V1: Collision with motor vehicle in traffic / V2: Collision with motor vehicle in traffic / V3: Collision with motor vehicle in traffic ,"V1: Light truck(van, mini-van, panel, pickup, sport utility) with only four tires / V2:Passenger car / V3:Passenger car",Dry,Daylight,Clear,,Rte 93 S / ALBANY STREET,,,ALBANY STREET,,235956.6798,898950.3127
3962646,BOSTON,08-Sep-2014,10:40 PM,Property damage only (none injured),2,0,0,"Sideswipe, same direction",V1: Slowing or stopped in traffic / V2:Turning right,V1:Southbound / V2:Southbound ,V1: Collision with motor vehicle in traffic / V2: Collision with motor vehicle in traffic ,"V1: Light truck(van, mini-van, panel, pickup, sport utility) with only four tires / V2:Passenger car",Dry,Dark - lighted roadway,Clear,RAMP-RT 93 SB/SB FRONTAGE RD TO MASS AVE / SOUTHBOUND FRONTAGE ROAD / RAMP-RTS 93 SB/3 SB TO SB FRONTAGE RD/MA,,,Exit 18 on Rte UNKNOW S,,,235775.9764,898458.5295
3972049,BOSTON,08-Sep-2014,11:26 PM,Property damage only (none injured),2,0,0,Rear-end,V1: Changing lanes / V2:Travelling straight ahead,V1:Northbound / V2:Northbound ,V1: Collision with motor vehicle in traffic / V2: Collision with motor vehicle in traffic ,"V1: Passenger car / V2:Light truck(van, mini-van, panel, pickup, sport utility) with only four tires",Wet,Dark - lighted roadway,Cloudy,,JOHN F FITZGERALD EXPRESSWAY Rte 93 N / RAMP-RTS 93 NB/3 NB TO COLUMBIA RD,,Exit 15 on Rte 93 N,BOSTON GLOBE,,236978.4182,896448.1355
3930431,BOSTON,09-Sep-2014,7:28 AM,Non-fatal injury,2,1,0,Rear-end,V1: Slowing or stopped in traffic / V2:Slowing or stopped in traffic,V1:Eastbound / V2:Eastbound ,V1: Collision with motor vehicle in traffic / V2: Collision with motor vehicle in traffic ,"V1: Motorcycle / V2:Light truck(van, mini-van, panel, pickup, sport utility) with only four tires",Dry,Daylight,Clear,,MASSACHUSETTS AVENUE CONNECTOR / MASSACHUSETTS AVENUE CONNECTOR,,,@ FRNB,,235859.3486,898414.0514
3939356,BOSTON,09-Sep-2014,8:49 AM,Non-fatal injury,2,1,0,Rear-end,V1: Slowing or stopped in traffic / V2:Slowing or stopped in traffic,V1:Northbound / V2:Northbound ,V1: Collision with motor vehicle in traffic / V2: Collision with motor vehicle in traffic ,"V1: Passenger car / V2:Light truck(van, mini-van, panel, pickup, sport utility) with only four tires",Dry,Daylight,Clear,,JOHN F FITZGERALD EXPRESSWAY Rte 3 N / RAMP-RT 93 NB TO FRONTAGE RD ROAD,Rte 93  N Milemarker 15.4,,,,236151.2963,897885.0883
3949219,BOSTON (BRIGHTON),09-Sep-2014,9:30 AM,Property damage only (none injured),2,0,0,Angle,V1: Travelling straight ahead / V2:Travelling straight ahead,V1:Northbound / V2:Southbound ,V1: Collision with motor vehicle in traffic / V2: Collision with motor vehicle in traffic ,"V1: Light truck(van, mini-van, panel, pickup, sport utility) with only four tires / V2:Light truck(van, mini-van, panel, pickup, sport utility) with only four tires",Dry,Daylight,Clear,MARKET STREET / VINELAND STREET,,,,,,228952.2344,900781.3128
3949468,BOSTON,09-Sep-2014,10:05 AM,Property damage only (none injured),2,0,0,Rear-end,V1: Slowing or stopped in traffic / V2:Travelling straight ahead,V1:Southbound / V2:Southbound ,V1: Collision with motor vehicle in traffic / V2: Collision with motor vehicle in traffic ,"V1: Passenger car / V2:Light truck(van, mini-van, panel, pickup, sport utility) with only four tires",Dry,Daylight,Clear,LEVERETT CONNECTOR SOUTH / RAMP-RT 93 SB TO RT 28/NASHUA ST STREET / LEVERETT CONNECTOR SOUTH,,,,LEVERETT DOWN RAMP/STATION TUNNE,,235824.4551,901854.1765
3963759,BOSTON,09-Sep-2014,12:02 PM,Property damage only (none injured),2,0,0,"Sideswipe, same direction",V1: Changing lanes / V2:Travelling straight ahead,V1:Northbound / V2:Northbound ,V1: Collision with motor vehicle in traffic / V2: Collision with motor vehicle in traffic ,V1: Truck/trailer / V2:Passenger car,Dry,Daylight,Clear,,0 feet S from Intersection GENERAL CASIMIR PULASKI SKYWAY Rte 93 N / COLUMBIA ROAD,,,,,236787.0013,896862.7653
3964119,BOSTON,09-Sep-2014,1:20 PM,Non-fatal injury,2,1,0,"Sideswipe, opposite direction",V1: Travelling straight ahead / V2:Travelling straight ahead,V1:Southbound / V2:Northbound ,V1: Collision with motor vehicle in traffic / V2: Collision with motor vehicle in traffic ,"V1: Passenger car / V2:Bus (seats for more than 15 people, including driver)",Dry,Daylight,Clear,,ENNEKING PARKWAY,,,,,,
3944432,BOSTON (DORCHESTER),09-Sep-2014,1:30 PM,Non-fatal injury,2,1,0,Rear-end,V1: Travelling straight ahead / V2:Travelling straight ahead,V1:Eastbound / V2:Eastbound ,V1: Collision with motor vehicle in traffic / V2: Collision with motor vehicle in traffic ,"V1: Light truck(van, mini-van, panel, pickup, sport utility) with only four tires / V2:Light truck(van, mini-van, panel, pickup, sport utility) with only four tires",Dry,Daylight,Clear/Clear,HANCOCK STREET / PAYSON AVENUE,,,,,,235801.4064,896089.375
3953432,BOSTON,09-Sep-2014,3:15 PM,Non-fatal injury,3,1,0,"Sideswipe, same direction",V1: Parked / V2:Travelling straight ahead / V3:Parked,V1:Northbound / V2:Northbound / V3:Not reported ,V1: Collision with motor vehicle in traffic / V2: Collision with motor vehicle in traffic / V3: Collision with motor vehicle in traffic ,"V1: Passenger car / V2:Bus (seats for more than 15 people, including driver) / V3:Light truck(van, mini-van, panel, pickup, sport utility) with only four tires",Dry,Daylight,Clear,BLUE HILL AVENUE / FLOYD STREET,,,,,,233865.8979,893393.9719
3933629,BOSTON,09-Sep-2014,3:40 PM,Property damage only (none injured),2,0,0,Rear-end,V1: Slowing or stopped in traffic / V2:Travelling straight ahead,V1:Southbound / V2:Southbound ,V1: Collision with motor vehicle in traffic / V2: Collision with motor vehicle in traffic ,V1: Passenger car / V2:Passenger car,Dry,Daylight,Clear,,RAMP-RT 93 TO RTS 3 NB/28 SB (STORROW DR Rte 93 S,,Exit 26 on Rte 93 S,,,,
3949499,BOSTON,09-Sep-2014,8:35 PM,Non-fatal injury,2,1,0,Head-on,V1: Leaving traffic lane / V2:Travelling straight ahead,V1:Westbound / V2:Eastbound ,V1: Collision with motor vehicle in traffic / V2: Collision with motor vehicle in traffic ,V1: Passenger car / V2:Passenger car,Dry,Dark - lighted roadway,Clear,,115 GALLIVAN BOULEVARD Rte 203 W / 115 PLEASANT HILL AVENUE,,,,,235215.1014,892041.6215
3939044,BOSTON,10-Sep-2014,7:50 AM,Property damage only (none injured),3,0,0,Rear-end,V1: Travelling straight ahead / V2:Slowing or stopped in traffic / V3:Slowing or stopped in traffic,V1:Southbound / V2:Southbound / V3:Southbound ,V1: Collision with motor vehicle in traffic / V2: Collision with motor vehicle in traffic / V3: Collision with motor vehicle in traffic ,"V1: Passenger car / V2:Light truck(van, mini-van, panel, pickup, sport utility) with only four tires / V3:Passenger car",Dry,Daylight,Clear,,SUMNER TUNNEL / RAMP-SUMNER TUNL TO RT 3 NB (STORROW DR),,,,,237324.1845,902033.7919
3953431,BOSTON,10-Sep-2014,10:00 AM,Property damage only (none injured),2,0,0,Rear-end,V1: Travelling straight ahead / V2:Travelling straight ahead,V1:Southbound / V2:Southbound ,V1: Collision with motor vehicle in traffic / V2: Collision with motor vehicle in traffic ,"V1: Single-unit truck (2-axle, 6-tire) / V2:Light truck(van, mini-van, panel, pickup, sport utility) with only four tires",Dry,Daylight,Cloudy,,1250 feet S from Intersection FRONTAGE ROAD / SOUTH BOSTON BYPASS ROAD,,,,,236113.5696,897908.9684
3955757,BOSTON (DORCHESTER),10-Sep-2014,2:28 PM,Non-fatal injury,2,1,0,Rear-end,V1: Travelling straight ahead / V2:Travelling straight ahead,V1:Not reported / V2:Not reported ,V1: Unknown / V2: Unknown ,"V1: Light truck(van, mini-van, panel, pickup, sport utility) with only four tires / V2:Passenger car",Dry,Daylight,Clear,,1160 DORCHESTER AVENUE,,,,,236468.8434,895714.5079
3963269,BOSTON,10-Sep-2014,3:05 PM,Non-fatal injury,3,1,0,Rear-end,V1: Slowing or stopped in traffic / V2:Travelling straight ahead / V3:Slowing or stopped in traffic,V1:Southbound / V2:Southbound / V3:Southbound ,V1: Collision with motor vehicle in traffic / V2: Collision with motor vehicle in traffic / V3: Collision with motor vehicle in traffic ,"V1: Passenger car / V2:Light truck(van, mini-van, panel, pickup, sport utility) with only four tires / V3:Passenger car",Dry,Daylight,Clear,,JOHN F FITZGERALD EXPRESSWAY Rte 3 S / RAMP-SURFACE ARTERY TO RTS 93 SB/3 SB,,,,,236265.7738,899976.6508
3945231,BOSTON (DORCHESTER),10-Sep-2014,3:23 PM,Non-fatal injury,1,1,0,Not reported,V1: Slowing or stopped in traffic,V1:Southbound ,"V1: Collision with cyclist (bicycle, tricycle, unicycle, pedal car) ",V1: Passenger car,Dry,Daylight,Clear,,511 WASHINGTON STREET,,,,"P3:Pedalcyclist (bicycle, tricycle, unicycle, pedal car)",236108.9968,900522.556
3939357,BOSTON,10-Sep-2014,3:35 PM,Property damage only (none injured),1,0,0,Single vehicle crash,V1: Travelling straight ahead,V1:Westbound ,V1: Collision with overhead sign support ,V1: Tractor/semi-trailer,Dry,Daylight,Clear,,MASSACHUSETTS TURNPIKE Rte 90 W,,Exit B on Rte 90,,,239134.9509,901769.3339
3936117,BOSTON,10-Sep-2014,4:05 PM,Property damage only (none injured),2,0,0,Angle,V1: Turning right / V2:Travelling straight ahead,V1:Not reported / V2:Not reported ,V1: Collision with motor vehicle in traffic / V2: Not reported ,"V1: Bus (seats for more than 15 people, including driver) / V2:Passenger car",Dry,Daylight,Clear,,KOSCIUSZKO CIRCLE / OLD COLONY AVENUE,,,,,237020.6238,896892.1848
3943132,BOSTON (DORCHESTER),10-Sep-2014,5:11 PM,Non-fatal injury,2,1,0,Not reported,V1: Travelling straight ahead / V2:Making U-turn,V1:Not reported / V2:Not reported ,V1: Not reported / V2: Collision with motor vehicle in traffic ,V1: Passenger car / V2:Passenger car,Not reported,Not reported,Not Reported,,124 MELVILLE AVENUE / DORCHESTER AVENUE,,,,,236170.3751,894046.9998
3954406,BOSTON (DORCHESTER),10-Sep-2014,7:56 PM,Non-fatal injury,1,1,0,Not reported,V1: Travelling straight ahead,V1:Not reported ,V1: Collision with pedestrian ,V1: Passenger car,Not reported,Not reported,Not Reported,,790 WASHINGTON STREET,,,,P3:Pedestrian,235945.2669,899995.5714
3974949,BOSTON,10-Sep-2014,8:15 PM,Non-fatal injury,4,2,0,"Sideswipe, same direction",V1: Travelling straight ahead / V2:Slowing or stopped in traffic / V3:Parked / V4:Parked,V1:Not reported / V2:Not reported / V3:Not reported / V4:Not reported ,V1: Collision with parked motor vehicle / V2: Collision with motor vehicle in traffic / V3: Collision with motor vehicle in traffic / V4: Collision with motor vehicle in traffic ,"V1: Light truck(van, mini-van, panel, pickup, sport utility) with only four tires / V2:Passenger car / V3:Passenger car / V4:Passenger car",Dry,Dark - lighted roadway,Cloudy,,60 RICHFIELD STREET,,,,,235432.8747,895184.3693
3959167,BOSTON,11-Sep-2014,1:20 AM,Non-fatal injury,3,2,0,Angle,V1: Travelling straight ahead / V2:Travelling straight ahead / V3:Turning left,V1:Southbound / V2:Southbound / V3:Northbound ,V1: Not reported / V2: Not reported / V3: Not reported ,"V1: Passenger car / V2:Light truck(van, mini-van, panel, pickup, sport utility) with only four tires / V3:Passenger car",Dry,Dark - lighted roadway,Clear,COLUMBIA ROAD / MASSACHUSETTS AVENUE,,,,,,236147.4063,896760.9377
3969784,BOSTON (DORCHESTER),11-Sep-2014,5:26 AM,Not Reported,3,0,0,Rear-end,V1: Parked / V2:Parked / V3:Not reported,V1:Not reported / V2:Not reported / V3:Not reported ,V1: Collision with parked motor vehicle / V2: Collision with parked motor vehicle / V3: Not reported ,"V1: Light truck(van, mini-van, panel, pickup, sport utility) with only four tires / V2:Light truck(van, mini-van, panel, pickup, sport utility) with only four tires / V3:Not reported",Dry,Dark - lighted roadway,Clear,,12 NORTH MUNROE TERRACE,,,,,237004.5484,893707.1198
3949404,BOSTON,11-Sep-2014,8:56 AM,Non-fatal injury,1,1,0,Single vehicle crash,V1: Travelling straight ahead,V1:Northbound ,V1: Other ,"V1: Light truck(van, mini-van, panel, pickup, sport utility) with only four tires",Dry,Daylight,Cloudy,HAUL ROAD / CYPHER STREET,,,,@ CYPHER STREET,,236964.1466,899344.7268
3933927,BOSTON,11-Sep-2014,9:00 AM,Property damage only (none injured),2,0,0,"Sideswipe, same direction",V1: Travelling straight ahead / V2:Changing lanes,V1:Northbound / V2:Northbound ,V1: Collision with motor vehicle in traffic / V2: Collision with motor vehicle in traffic ,V1: Passenger car / V2:Tractor/semi-trailer,Dry,Daylight,Cloudy,,Rte 93 N,,Exit 26 on Rte 93 N,,,236402.7433,901600.0342
3939045,BOSTON,11-Sep-2014,9:11 AM,Property damage only (none injured),4,0,0,Rear-end,V1: Travelling straight ahead / V2:Travelling straight ahead / V3:Travelling straight ahead / V4:Travelling straight ahead,V1:Westbound / V2:Westbound / V3:Westbound / V4:Westbound ,V1: Collision with motor vehicle in traffic / V2: Collision with motor vehicle in traffic / V3: Collision with motor vehicle in traffic / V4: Collision with motor vehicle in traffic ,V1: Passenger car / V2:Passenger car / V3:Passenger car / V4:Passenger car,Dry,Daylight,Not Reported,,Rte 90 W / UNKNOWN,,,,,231312.2051,900784.6587
3949887,BOSTON,11-Sep-2014,9:24 AM,Non-fatal injury,3,3,0,Rear-end,V1: Slowing or stopped in traffic / V2:Slowing or stopped in traffic / V3:Travelling straight ahead,V1:Eastbound / V2:Eastbound / V3:Eastbound ,V1: Collision with motor vehicle in traffic / V2: Collision with motor vehicle in traffic / V3: Collision with motor vehicle in traffic ,"V1: Single-unit truck (2-axle, 6-tire) / V2:Light truck(van, mini-van, panel, pickup, sport utility) with only four tires / V3:Light truck(van, mini-van, panel, pickup, sport utility) with only four tires",Dry,Daylight,Clear,,MASSACHUSETTS TURNPIKE Rte 90 E / CAMBRIDGE STREET,,,,,230416.9923,900714.4428
3962779,BOSTON,11-Sep-2014,9:46 AM,Property damage only (none injured),2,0,0,"Sideswipe, same direction",V1: Turning right / V2:Travelling straight ahead,V1:Westbound / V2:Westbound ,V1: Collision with motor vehicle in traffic / V2: Collision with motor vehicle in traffic ,V1: Passenger car / V2:Passenger car,Dry,Daylight,Clear,,CHARLESGATE WEST Rte UNKNOW / BEACON STREET,,,,,233543.9754,900022.1832
3936119,BOSTON,11-Sep-2014,2:15 PM,Non-fatal injury,2,1,0,"Sideswipe, same direction",V1: Travelling straight ahead / V2:Changing lanes,V1:Southbound / V2:Southbound ,V1: Collision with motor vehicle in traffic / V2: Collision with motor vehicle in traffic ,V1: Passenger car / V2:Single-unit truck (3-or-more axles),Dry,Daylight,Clear,,GENERAL CASIMIR PULASKI SKYWAY Rte 93 S / COLUMBIA ROAD,,Exit 15 on Rte 93 S,,,236787.0013,896862.7653
3938977,BOSTON,11-Sep-2014,4:55 PM,Property damage only (none injured),3,0,0,Rear-end,V1: Slowing or stopped in traffic / V2:Slowing or stopped in traffic / V3:Travelling straight ahead,V1:Eastbound / V2:Eastbound / V3:Eastbound ,V1: Collision with motor vehicle in traffic / V2: Collision with motor vehicle in traffic / V3: Collision with motor vehicle in traffic ,"V1: Passenger car / V2:Light truck(van, mini-van, panel, pickup, sport utility) with only four tires / V3:Passenger car",Dry,Daylight,Clear,,MASSACHUSETTS TURNPIKE Rte 90 E / RAMP-RT 90 EB TO RT 9 (STUART ST/HUNTING,,,,,234126.6407,899758.1439
3993576,BOSTON,12-Sep-2014,1:00 AM,Property damage only (none injured),2,0,0,Angle,V1: Travelling straight ahead / V2:Travelling straight ahead,V1:Southbound / V2:Westbound ,V1: Collision with motor vehicle in traffic / V2: Collision with motor vehicle in traffic ,V1: Passenger car / V2:Passenger car,Dry,Dark - lighted roadway,Clear/Clear,PURCHASE STREET / CONGRESS STREET,,,,,,236737.7735,900497.1333
3949480,BOSTON,12-Sep-2014,7:16 AM,Property damage only (none injured),2,0,0,Angle,V1: Turning left / V2:Turning left,V1:Westbound / V2:Westbound ,V1: Collision with motor vehicle in traffic / V2: Collision with other movable object ,"V1: Light truck(van, mini-van, panel, pickup, sport utility) with only four tires / V2:Light truck(van, mini-van, panel, pickup, sport utility) with only four tires",Dry,Daylight,Not Reported,SIXTH STREET / NORTHERN AVENUE / SEAFOOD WAY,,,,,,238384.2652,899621.5887
3949537,BOSTON,12-Sep-2014,7:25 AM,Property damage only (none injured),3,0,0,Rear-end,V1: Travelling straight ahead / V2:Travelling straight ahead / V3:Slowing or stopped in traffic,V1:Southbound / V2:Southbound / V3:Southbound ,V1: Collision with motor vehicle in traffic / V2: Collision with motor vehicle in traffic / V3: Collision with motor vehicle in traffic ,"V1: Passenger car / V2:Light truck(van, mini-van, panel, pickup, sport utility) with only four tires / V3:Light truck(van, mini-van, panel, pickup, sport utility) with only four tires",Dry,Daylight,Clear,,Rte 93 S / UNKNOWN,,Exit 15 on Rte 93 S,,,236629.6253,897168.5001
3949469,BOSTON,12-Sep-2014,7:47 AM,Property damage only (none injured),2,0,0,Rear-end,V1: Travelling straight ahead / V2:Changing lanes,V1:Southbound / V2:Southbound ,V1: Collision with motor vehicle in traffic / V2: Collision with motor vehicle in traffic ,V1: Passenger car / V2:Passenger car,Dry,Daylight,Clear,,Rte 93 S / UNKNOWN,,Exit 20 on Rte 93 S,,,236954.209,900826.9442
3949405,BOSTON,12-Sep-2014,8:10 AM,Property damage only (none injured),2,0,0,Rear-end,V1: Travelling straight ahead / V2:Travelling straight ahead,V1:Eastbound / V2:Eastbound ,V1: Collision with motor vehicle in traffic / V2: Collision with motor vehicle in traffic ,V1: Passenger car / V2:Passenger car,Dry,Daylight,Clear,,MASSACHUSETTS TURNPIKE Rte 90 E / MASSACHUSETTS TURNPIKE Rte 90 E,,,,,232898.5109,899775.2654
3954797,BOSTON (HYDE PARK),12-Sep-2014,8:52 AM,Non-fatal injury,1,1,0,Single vehicle crash,V1: Not reported,V1:Not reported ,V1: Not reported ,V1: Passenger car,Dry,Daylight,Clear,,00 BLAKEMORE STREET,,,,,231433.3383,892850.5843
3962307,BOSTON,12-Sep-2014,12:10 PM,Non-fatal injury,5,1,0,Rear-end,V1: Slowing or stopped in traffic / V2:Slowing or stopped in traffic / V3:Slowing or stopped in traffic / V4:Slowing or stopped in traffic / V5:Travelling straight ahead,V1:Northbound / V2:Northbound / V3:Northbound / V4:Northbound / V5:Northbound ,V1: Collision with motor vehicle in traffic / V2: Collision with motor vehicle in traffic / V3: Collision with motor vehicle in traffic / V4: Collision with motor vehicle in traffic / V5: Collision with motor vehicle in traffic ,V1: Passenger car / V2:Passenger car / V3:Passenger car / V4:Passenger car / V5:Passenger car,Dry,Daylight,Clear,,Rte 93 N / UNKNOWN,,Exit 14 on Rte 93 N,,,237258.9796,894483.3974
3964245,BOSTON (ROXBURY),12-Sep-2014,12:18 PM,Property damage only (none injured),1,0,0,Single vehicle crash,V1: Travelling straight ahead,V1:Northbound ,V1: Not reported ,V1: Passenger car,Dry,Daylight,Clear,BLUE HILL AVENUE / STAFFORD STREET,,,,,P2:Pedestrian,234859.203,896952.3126
3949538,BOSTON,12-Sep-2014,2:00 PM,Property damage only (none injured),2,0,0,Rear-end,V1: Travelling straight ahead / V2:Slowing or stopped in traffic,V1:Northbound / V2:Northbound ,V1: Collision with motor vehicle in traffic / V2: Collision with motor vehicle in traffic ,V1: Passenger car / V2:Passenger car,Dry,Daylight,Clear,,Rte 93 N / UNKNOWN,,Exit 15 on Rte 93 N,,,236972.2496,896473.4282