Crash Number,City/Town Name,Crash Date,Crash Time,Crash Severity,Number of Vehicles,Total Nonfatal Injuries,Total Fatal Injuries,Manner of Collision,Vehicle Action Prior to Crash,Vehicle Travel Directions,Most Harmful Events,Vehicle Configuration,Road Surface Condition,Ambient Light,Weather Condition,At Roadway Intersection,Distance from Nearest Roadway Intersection,Distance from Nearest Milemarker,Distance from Nearest Exit,Distance from Nearest Landmark,Non Motorist Type,X Coordinate,Y Coordinate
3949470,BOSTON,12-Sep-2014,3:07 PM,Property damage only (none injured),2,0,0,"Sideswipe, same direction",V1: Overtaking/passing / V2:Slowing or stopped in traffic,V1:Northbound / V2:Northbound ,V1: Collision with median barrier / V2: Collision with motor vehicle in traffic ,V1: Passenger car / V2:Passenger car,Dry,Daylight,Clear,,Rte 93 N / UNKNOWN,,Exit 18 on Rte 93 N,,,236146.0342,897892.2406
3949406,BOSTON,12-Sep-2014,4:55 PM,Property damage only (none injured),2,0,0,Rear-end,V1: Slowing or stopped in traffic / V2:Travelling straight ahead,V1:Southbound / V2:Southbound ,V1: Collision with motor vehicle in traffic / V2: Collision with motor vehicle in traffic ,V1: Passenger car / V2:Passenger car,Dry,Daylight,Clear,,JOHN F FITZGERALD EXPRESSWAY Rte 93 S,,,LOWER DECK,,235903.7413,902187.1763
3963271,BOSTON,12-Sep-2014,5:28 PM,Non-fatal injury,3,2,0,Rear-end,V1: Slowing or stopped in traffic / V2:Slowing or stopped in traffic / V3:Travelling straight ahead,V1:Northbound / V2:Northbound / V3:Northbound ,V1: Collision with motor vehicle in traffic / V2: Collision with motor vehicle in traffic / V3: Collision with motor vehicle in traffic ,V1: Passenger car / V2:Passenger car / V3:Passenger car,Dry,Daylight,Clear,,JOHN F FITZGERALD EXPRESSWAY Rte 93 N / JOHN F FITZGERALD EXPRESSWAY Rte 93 N,,,ZAKIM BRIDGE,,236031.9641,902067.2075
3959164,BOSTON (DORCHESTER),12-Sep-2014,5:59 PM,Property damage only (none injured),3,0,0,Rear-end,V1: Travelling straight ahead / V2:Slowing or stopped in traffic / V3:Slowing or stopped in traffic,V1:Not reported / V2:Not reported / V3:Not reported ,V1: Collision with motor vehicle in traffic / V2: Not reported / V3: Collision with motor vehicle in traffic ,"V1: Light truck(van, mini-van, panel, pickup, sport utility) with only four tires / V2:Passenger car / V3:Passenger car",Dry,Daylight,Clear,DORCHESTER AVENUE / TAFT STREET,,,,,,236543.7342,896387.8126
3963745,BOSTON,12-Sep-2014,6:00 PM,Property damage only (none injured),2,0,0,Angle,V1: Travelling straight ahead / V2:Turning left,V1:Westbound / V2:Westbound ,V1: Collision with motor vehicle in traffic / V2: Collision with motor vehicle in traffic ,"V1: Passenger car / V2:Single-unit truck (2-axle, 6-tire)",Dry,Daylight,Clear,,16 feet E from Intersection SOLDIERS FIELD FRONTAGE ROAD EB,,,,,231458.8082,901588.9475
3959145,BOSTON (DORCHESTER),12-Sep-2014,8:19 PM,Not Reported,1,0,0,Single vehicle crash,V1: Travelling straight ahead,V1:Northbound ,V1: Collision with light pole or other post/support ,"V1: Light truck(van, mini-van, panel, pickup, sport utility) with only four tires",Dry,Dark - lighted roadway,Clear/Clear,,317 FREEPORT STREET,,,RAMP TO XWAY SOUTH,,237011.4163,894690.719
3949910,BOSTON,12-Sep-2014,10:12 PM,Non-fatal injury,2,1,0,Rear-end,V1: Backing / V2:Slowing or stopped in traffic,V1:Northbound / V2:Southbound ,V1: Collision with motor vehicle in traffic / V2: Collision with motor vehicle in traffic ,"V1: Single-unit truck (3-or-more axles) / V2:Light truck(van, mini-van, panel, pickup, sport utility) with only four tires","Sand, mud, dirt, oil, gravel",Dark - lighted roadway,Clear,,MASSACHUSETTS TURNPIKE Rte 90 W / RAMP-RTS 90 WB/1A SB TO AIRPORT RD,,,,,238736.2895,902722.6802
3962821,BOSTON,12-Sep-2014,11:08 PM,Property damage only (none injured),1,0,0,Single vehicle crash,V1: Entering traffic lane,V1:Eastbound ,V1: Collision with curb ,"V1: Light truck(van, mini-van, panel, pickup, sport utility) with only four tires",Dry,Dark - lighted roadway,Not Reported,VETERANS OF FOREIGN WARS PARKWAY / WEST ROXBURY VFW PARKWAY ROTARY,,,,,,229244.3438,894033.7502
3949471,BOSTON,12-Sep-2014,11:27 PM,Property damage only (none injured),2,0,0,Rear-end,V1: Slowing or stopped in traffic / V2:Travelling straight ahead,V1:Eastbound / V2:Eastbound ,V1: Collision with motor vehicle in traffic / V2: Collision with motor vehicle in traffic ,V1: Passenger car / V2:Passenger car,Dry,Dark - lighted roadway,Clear,,MASSACHUSETTS AVENUE CONNECTOR / MASSACHUSETTS AVENUE CONNECTOR,,,SOUTH BAY CORRECTIONAL INST.,,235401.6551,898236.9558
3949924,BOSTON,13-Sep-2014,1:26 AM,Property damage only (none injured),1,0,0,Single vehicle crash,V1: Leaving traffic lane,V1:Eastbound ,V1: Collision with curb ,V1: Passenger car,Dry,Dark - lighted roadway,Clear,CHARLESGATE WEST / BEACON STREET / BAY STATE ROAD,,,,BEACON ST,,233543.9754,900022.1832
3962793,BOSTON,13-Sep-2014,5:20 AM,Property damage only (none injured),1,0,0,Single vehicle crash,V1: Entering traffic lane,V1:Westbound ,V1: Collision with light pole or other post/support ,"V1: Light truck(van, mini-van, panel, pickup, sport utility) with only four tires",Dry,Dark - lighted roadway,Not Reported,OLD COLONY AVENUE / MOUNT VERNON STREET,,,,,,236937.771,896846.3844
3949407,BOSTON,13-Sep-2014,7:45 AM,Property damage only (none injured),2,0,0,"Sideswipe, same direction",V1: Changing lanes / V2:Travelling straight ahead,V1:Eastbound / V2:Eastbound ,V1: Collision with motor vehicle in traffic / V2: Collision with motor vehicle in traffic ,"V1: Passenger car / V2:Light truck(van, mini-van, panel, pickup, sport utility) with only four tires",Dry,Daylight,Clear,,RAMP-RTS 93 NB/3 NB TO RTS 90 EB/1A NB Rte 1A N,,Exit 20 on Rte 93 N,,,236003.3751,898879.9893
3939046,BOSTON,13-Sep-2014,7:50 AM,Property damage only (none injured),3,0,0,Rear-end,V1: Slowing or stopped in traffic / V2:Slowing or stopped in traffic / V3:Travelling straight ahead,V1:Westbound / V2:Westbound / V3:Westbound ,V1: Collision with motor vehicle in traffic / V2: Collision with motor vehicle in traffic / V3: Collision with motor vehicle in traffic ,V1: Passenger car / V2:Passenger car / V3:Passenger car,Dry,Daylight,Clear,,SUMNER TUNNEL / EAST BOSTON EXPRESSWAY,,,SUMNER TUNNEL,,237368.2954,902072.1469
3949408,BOSTON,13-Sep-2014,11:00 AM,Property damage only (none injured),4,0,0,Rear-end,V1: Travelling straight ahead / V2:Travelling straight ahead / V3:Slowing or stopped in traffic / V4:Slowing or stopped in traffic,V1:Northbound / V2:Northbound / V3:Northbound / V4:Northbound ,V1: Collision with motor vehicle in traffic / V2: Collision with motor vehicle in traffic / V3: Collision with motor vehicle in traffic / V4: Collision with motor vehicle in traffic ,"V1: Light truck(van, mini-van, panel, pickup, sport utility) with only four tires / V2:Passenger car / V3:Light truck(van, mini-van, panel, pickup, sport utility) with only four tires / V4:Passenger car",Dry,Daylight,Clear,,Rte 93 N / UNKNOWN,,Exit 20 on Rte 93 N,,,235935.6734,898219.8317
3949472,BOSTON,13-Sep-2014,11:06 AM,Property damage only (none injured),2,0,0,"Sideswipe, same direction",V1: Turning left / V2:Turning left,V1:Northbound / V2:Northbound ,V1: Collision with motor vehicle in traffic / V2: Collision with motor vehicle in traffic ,"V1: Light truck(van, mini-van, panel, pickup, sport utility) with only four tires / V2:Passenger car",Dry,Daylight,Clear,MASSACHUSETTS AVENUE CONNECTOR / MASSACHUSETTS AVENUE CONNECTOR / FRONTAGE ROAD,,,,@ MASS AVE EXTENSION,,235865.0173,898419.1854
3962308,BOSTON,13-Sep-2014,2:30 PM,Non-fatal injury,3,2,0,Rear-end,V1: Slowing or stopped in traffic / V2:Slowing or stopped in traffic / V3:Travelling straight ahead,V1:Northbound / V2:Northbound / V3:Not reported ,V1: Collision with motor vehicle in traffic / V2: Collision with motor vehicle in traffic / V3: Collision with motor vehicle in traffic ,V1: Passenger car / V2:Passenger car / V3:Passenger car,Dry,Daylight,Cloudy,,Rte 93 N / UNKNOWN,,Exit 15 on Rte 93 N,,,236972.2496,896473.4282
3949473,BOSTON,13-Sep-2014,2:35 PM,Property damage only (none injured),3,0,0,Rear-end,V1: Travelling straight ahead / V2:Slowing or stopped in traffic / V3:Slowing or stopped in traffic,V1:Southbound / V2:Southbound / V3:Southbound ,V1: Collision with motor vehicle in traffic / V2: Collision with motor vehicle in traffic / V3: Collision with motor vehicle in traffic ,"V1: Light truck(van, mini-van, panel, pickup, sport utility) with only four tires / V2:Light truck(van, mini-van, panel, pickup, sport utility) with only four tires / V3:Passenger car",Dry,Dark - lighted roadway,Clear,,JOHN F FITZGERALD EXPRESSWAY Rte 93 S / RAMP-N WASHINGTON ST TO RTS 93 SB/3 SB,,,,,236859.8047,901145.7737
3959156,BOSTON (DORCHESTER),13-Sep-2014,3:00 PM,Not Reported,2,0,0,Rear-end,V1: Travelling straight ahead / V2:Travelling straight ahead,V1:Not reported / V2:Not reported ,V1: Collision with motor vehicle in traffic / V2: Collision with motor vehicle in traffic ,V1: Passenger car / V2:Unknown vehicle configuration,Dry,Daylight,Cloudy,WASHINGTON STREET / FULLER STREET,,,,,,235362.4688,892481.5623
3949481,BOSTON,13-Sep-2014,4:01 PM,Property damage only (none injured),2,0,0,"Sideswipe, same direction",V1: Turning right / V2:Making U-turn,V1:Northbound / V2:Eastbound ,V1: Collision with motor vehicle in traffic / V2: Collision with motor vehicle in traffic ,V1: Passenger car / V2:Passenger car,Dry,Daylight,Cloudy,CONGRESS STREET / D STREET EXTENSION,,,,,,237892.2736,899816.0427
3964246,BOSTON (ROXBURY),13-Sep-2014,7:17 PM,Non-fatal injury,1,1,0,Not reported,V1: Travelling straight ahead,V1:Northbound ,V1: Collision with pedestrian ,V1: Passenger car,Not reported,Not reported,Not Reported,TREMONT STREET / COLUMBUS AVENUE,,,,,P2:Pedestrian,233428.1405,897959.5625
3963272,BOSTON,13-Sep-2014,7:28 PM,Property damage only (none injured),1,0,0,Single vehicle crash,V1: Travelling straight ahead,V1:Northbound ,V1: Collision with median barrier ,V1: Passenger car,Dry,Dark - lighted roadway,Clear,,Rte 93 N,,Exit 23 on Rte 93,ONEIL TUNNEL,,236957.4837,900943.9828
3949539,BOSTON,13-Sep-2014,8:15 PM,Property damage only (none injured),2,0,0,Rear-end,V1: Slowing or stopped in traffic / V2:Travelling straight ahead,V1:Southbound / V2:Southbound ,V1: Collision with motor vehicle in traffic / V2: Collision with motor vehicle in traffic ,V1: Passenger car / V2:Passenger car,Wet,Dark - lighted roadway,Cloudy,,Rte 93 S / UNKNOWN,,Exit 15 on Rte 93 S,,,236629.6253,897168.5001
3949533,BOSTON,13-Sep-2014,9:56 PM,Property damage only (none injured),1,0,0,Single vehicle crash,V1: Slowing or stopped in traffic,V1:Eastbound ,V1: Collision with guardrail ,V1: Passenger car,Wet,Dark - lighted roadway,Rain,,SOLDIERS FIELD ROAD / RAMP-SOLDIERS FIELD RD WB TO N HARVARD S,,,,,231354.5531,901979.9394
3949409,BOSTON,14-Sep-2014,1:47 AM,Property damage only (none injured),1,0,0,Single vehicle crash,V1: Travelling straight ahead,V1:Northbound ,V1: Collision with median barrier ,"V1: Light truck(van, mini-van, panel, pickup, sport utility) with only four tires",Wet,Dark - lighted roadway,Cloudy/Rain,,RAMP-RTS 93 NB/1 NB TO RT 1 NB (TOBIN BR Rte 1 N,,Exit 27 on Rte 93 N,,,235555.3277,902518.2456
3949898,BOSTON,14-Sep-2014,1:55 AM,Non-fatal injury,1,1,0,Single vehicle crash,V1: Travelling straight ahead,V1:Westbound ,V1: Collision with median barrier ,V1: Passenger car,Dry,Dark - lighted roadway,Cloudy,,MASSACHUSETTS TURNPIKE Rte 90 W,Rte 90  W Milemarker 130.0,,,,229752.0583,900842.7985
3949906,BOSTON,14-Sep-2014,2:30 AM,Property damage only (none injured),2,0,0,Rear-end,V1: Changing lanes / V2:Travelling straight ahead,V1:Northbound / V2:Northbound ,V1: Collision with motor vehicle in traffic / V2: Collision with motor vehicle in traffic ,"V1: Passenger car / V2:Light truck(van, mini-van, panel, pickup, sport utility) with only four tires",Dry,Dark - lighted roadway,Clear,,Rte 93 N,,Exit 26 on Rte 93 N,,,236402.7433,901600.0342
3962823,BOSTON,14-Sep-2014,10:34 AM,Property damage only (none injured),2,0,0,Angle,V1: Turning left / V2:Travelling straight ahead,V1:Westbound / V2:Northbound ,V1: Collision with motor vehicle in traffic / V2: Collision with motor vehicle in traffic ,V1: Passenger car / V2:Passenger car,Dry,Daylight,Clear,,MORTON STREET Rte UNKNOW / LUCERNE STREET,,,,,233856,892682.5623
3959154,BOSTON (DORCHESTER),14-Sep-2014,4:22 PM,Non-fatal injury,2,1,0,Angle,V1: Travelling straight ahead / V2:Turning left,V1:Not reported / V2:Not reported ,V1: Not reported / V2: Not reported ,V1: Passenger car / V2:Passenger car,Dry,Daylight,Clear/Clear,,2100 DORCHESTER AVENUE,,,,,235772.7853,892099.0688
3949926,BOSTON,14-Sep-2014,5:25 PM,Property damage only (none injured),2,0,0,"Sideswipe, same direction",V1: Turning left / V2:Turning left,V1:Westbound / V2:Westbound ,V1: Collision with motor vehicle in traffic / V2: Collision with motor vehicle in traffic ,"V1: Tractor/semi-trailer / V2:Light truck(van, mini-van, panel, pickup, sport utility) with only four tires",Dry,Daylight,Clear,,KOSCIUSZKO CIRCLE / COLUMBIA ROAD,,,,,236959.1828,896919.6787
3959141,BOSTON,14-Sep-2014,7:29 PM,Non-fatal injury,1,1,0,Single vehicle crash,V1: Travelling straight ahead,V1:Northbound ,"V1: Collision with other fixed object (wall, building, tunnel, etc.) ",V1: Motorcycle,Dry,Dark - lighted roadway,Clear,GRANITE AVENUE / MILTON STREET,,,,,,236730.1094,892303.1252
3949410,BOSTON,15-Sep-2014,2:50 AM,Property damage only (none injured),1,0,0,Single vehicle crash,V1: Leaving traffic lane,V1:Eastbound ,V1: Collision with median barrier ,"V1: Light truck(van, mini-van, panel, pickup, sport utility) with only four tires",Dry,Dark - lighted roadway,Clear,,MASSACHUSETTS TURNPIKE Rte 90 E / UNKNOWN,Rte 90  E Milemarker 137.0,,,,239158.7287,901670.3596
3962795,BOSTON,15-Sep-2014,11:52 AM,Property damage only (none injured),2,0,0,Rear-end,V1: Travelling straight ahead / V2:Entering traffic lane,V1:Southbound / V2:Southbound ,V1: Collision with motor vehicle in traffic / V2: Collision with motor vehicle in traffic ,V1: Passenger car / V2:Passenger car,Dry,Daylight,Not Reported,,Rte 93 S / UNKNOWN,,Exit 15 on Rte 93 S,,,236629.6253,897168.5001
3949474,BOSTON,15-Sep-2014,1:22 PM,Property damage only (none injured),2,0,0,Angle,V1: Travelling straight ahead / V2:Travelling straight ahead,V1:Northbound / V2:Northbound ,V1: Collision with motor vehicle in traffic / V2: Collision with motor vehicle in traffic ,V1: Passenger car / V2:Passenger car,Dry,Daylight,Clear,,MASSACHUSETTS TURNPIKE Rte 93 N / UNKNOWN,Rte 93  N Milemarker 16.7,,,,236612.9046,900287.568
3975426,BOSTON (DORCHESTER),15-Sep-2014,1:25 PM,Non-fatal injury,3,1,0,Rear-end,V1: Travelling straight ahead / V2:Travelling straight ahead / V3:Parked,V1:Northbound / V2:Northbound / V3:Not reported ,"V1: Collision with cyclist (bicycle, tricycle, unicycle, pedal car) / V2: Collision with motor vehicle in traffic / V3: Collision with parked motor vehicle ","V1: Light truck(van, mini-van, panel, pickup, sport utility) with only four tires / V2:Motorcycle / V3:Passenger car",Dry,Daylight,Clear/Clear,,1848 DORCHESTER AVENUE,,,,,235982.609,893134.7638
3972140,BOSTON,15-Sep-2014,2:40 PM,Property damage only (none injured),3,0,0,"Sideswipe, same direction",V1: Slowing or stopped in traffic / V2:Travelling straight ahead / V3:Slowing or stopped in traffic,V1:Eastbound / V2:Eastbound / V3:Eastbound ,V1: Collision with other movable object / V2: Collision with other movable object / V3: Collision with other movable object ,"V1: Light truck(van, mini-van, panel, pickup, sport utility) with only four tires / V2:Light truck(van, mini-van, panel, pickup, sport utility) with only four tires / V3:Light truck(van, mini-van, panel, pickup, sport utility) with only four tires",Dry,Daylight,Clear,,VETERANS OF FOREIGN WARS PARKWAY Rte UNKNOW / LA GRANGE STREET,,,,,227356.7344,893407.1877
3949907,BOSTON,15-Sep-2014,3:44 PM,Property damage only (none injured),2,0,0,Rear-end,V1: Slowing or stopped in traffic / V2:Travelling straight ahead,V1:Southbound / V2:Southbound ,V1: Collision with motor vehicle in traffic / V2: Collision with motor vehicle in traffic ,V1: Tractor/semi-trailer / V2:Passenger car,Dry,Daylight,Cloudy,,Rte 93 S,,Exit 24 on Rte 93 S,,,236397.1933,901565.6511
3949908,BOSTON,15-Sep-2014,3:51 PM,Property damage only (none injured),2,0,0,Rear-end,V1: Travelling straight ahead / V2:Changing lanes,V1:Southbound / V2:Southbound ,V1: Collision with motor vehicle in traffic / V2: Collision with motor vehicle in traffic ,"V1: Single-unit truck (2-axle, 6-tire) / V2:Passenger car",Dry,Daylight,Clear,,Rte 93 S,,Exit 20 on Rte 93 S,,,236954.209,900826.9442
3959160,BOSTON (DORCHESTER),16-Sep-2014,00:00 AM,Non-fatal injury,2,1,0,Not reported,V1: Turning right / V2:Travelling straight ahead,V1:Not reported / V2:Not reported ,V1: Collision with motor vehicle in traffic / V2: Collision with motor vehicle in traffic ,V1: Passenger car / V2:Passenger car,Not reported,Not reported,Not Reported,,486 QUINCY STREET,,,,,235819.6645,895419.8164
3956058,BOSTON,16-Sep-2014,7:57 AM,Property damage only (none injured),1,0,0,Single vehicle crash,V1: Travelling straight ahead,V1:Westbound ,V1: Collision with pedestrian ,"V1: Light truck(van, mini-van, panel, pickup, sport utility) with only four tires",Dry,Daylight,Cloudy/Cloudy,,75 STATE STREET / MERCHANTS ROW,,,75 STATE STREET,P2:Pedestrian,236622.5208,901047.1734
3972050,BOSTON,16-Sep-2014,6:30 PM,Property damage only (none injured),2,0,0,Head-on,V1: Travelling straight ahead / V2:Turning left,V1:Westbound / V2:Eastbound ,V1: Collision with motor vehicle in traffic / V2: Collision with motor vehicle in traffic ,V1: Passenger car / V2:Passenger car,Dry,Dusk,Clear,,WILLIAM DAY BOULEVARD Rte UNKNOW / L STREET,,,,,238307.7815,897755.4374
3949398,BOSTON,16-Sep-2014,7:05 PM,Non-fatal injury,1,1,0,Single vehicle crash,V1: Travelling straight ahead,V1:Eastbound ,V1: Collision with median barrier ,V1: Motorcycle,Dry,Dusk,Clear,,MASSACHUSETTS TURNPIKE Rte 90 E,Rte 90  E Milemarker 129.5,,,"P2:Other non-motorist (wheelchair, etc.) / P3:Other non-motorist (wheelchair, etc.)",228965.1944,900914.0969
3949929,BOSTON,16-Sep-2014,10:52 PM,Property damage only (none injured),2,0,0,"Sideswipe, same direction",V1: Not reported / V2:Travelling straight ahead,V1:Southbound / V2:Southbound ,V1: Collision with motor vehicle in traffic / V2: Collision with motor vehicle in traffic ,"V1: Passenger car / V2:Light truck(van, mini-van, panel, pickup, sport utility) with only four tires",Dry,Dark - lighted roadway,Clear,,Rte 93 S,,Exit 15 on Rte 93,,,236629.6253,897168.5001
3954226,BOSTON (ROXBURY),17-Sep-2014,2:39 AM,Property damage only (none injured),2,0,0,Single vehicle crash,V1: Travelling straight ahead / V2:Travelling straight ahead,V1:Eastbound / V2:Southbound ,V1: Collision with motor vehicle in traffic / V2: Collision with motor vehicle in traffic ,V1: Passenger car / V2:Passenger car,Dry,Daylight,Clear/Clear,GEORGE STREET / MAGAZINE STREET,,,,,,235222.7968,897369.8127
3962796,BOSTON,17-Sep-2014,6:48 AM,Property damage only (none injured),1,0,0,Not reported,V1: Travelling straight ahead,V1:Southbound ,"V1: Collision with cyclist (bicycle, tricycle, unicycle, pedal car) ",V1: Passenger car,Dry,Daylight,Clear,,GALLIVAN BOULEVARD Rte UNKNOW / NEPONSET AVENUE,,,NEPONSET CIRCLE CAR WASH,"P1:Pedalcyclist (bicycle, tricycle, unicycle, pedal car)",237735.2263,892889.9254
3962310,BOSTON,17-Sep-2014,7:30 AM,Property damage only (none injured),2,0,0,"Sideswipe, same direction",V1: Travelling straight ahead / V2:Changing lanes,V1:Northbound / V2:Northbound ,V1: Collision with motor vehicle in traffic / V2: Collision with motor vehicle in traffic ,"V1: Passenger car / V2:Light truck(van, mini-van, panel, pickup, sport utility) with only four tires",Dry,Daylight,Clear,,JOHN F FITZGERALD EXPRESSWAY Rte 93 N,,,HOV LANE EXIT,,236784.1284,895347.0378
3949100,BOSTON (BRIGHTON),17-Sep-2014,7:32 AM,Not Reported,1,0,0,Unknown,V1: Not reported,V1:Not reported ,V1: Not reported ,"V1: Light truck(van, mini-van, panel, pickup, sport utility) with only four tires",Dry,Daylight,Clear,COMMONWEALTH AVENUE / SUTHERLAND ROAD,,,,,P2:Pedestrian,229115.0248,899055.2348
3963717,BOSTON,17-Sep-2014,9:01 AM,Property damage only (none injured),2,0,0,Rear-end,V1: Slowing or stopped in traffic / V2:Changing lanes,V1:Westbound / V2:Westbound ,V1: Collision with motor vehicle in traffic / V2: Not reported ,V1: Passenger car / V2:Passenger car,Dry,Daylight,Clear,,STORROW DRIVE / BERKELEY STREET,,,,,234536.0945,900475.7958
3962824,BOSTON,17-Sep-2014,3:31 PM,Non-fatal injury,2,1,0,Rear-end,V1: Travelling straight ahead / V2:Slowing or stopped in traffic,V1:Westbound / V2:Westbound ,V1: Collision with other movable object / V2: Collision with other movable object ,"V1: Passenger car / V2:Light truck(van, mini-van, panel, pickup, sport utility) with only four tires",Dry,Daylight,Clear,CENTRE STREET / WESTCHESTER ROAD,,,,,,230887.2186,894778.5623
3949475,BOSTON,17-Sep-2014,4:00 PM,Property damage only (none injured),2,0,0,"Sideswipe, same direction",V1: Travelling straight ahead / V2:Changing lanes,V1:Southbound / V2:Southbound ,V1: Collision with motor vehicle in traffic / V2: Collision with motor vehicle in traffic ,"V1: Light truck(van, mini-van, panel, pickup, sport utility) with only four tires / V2:Light truck(van, mini-van, panel, pickup, sport utility) with only four tires",Dry,Daylight,Cloudy,,RAMP-RT 93 NB/SUMNER TUNL TO NASHUA ST / LEVERETT CIRCLE,,,LEVERETT CONECTOR SOUTHBOUND,,235668.6369,901873.9579
3993532,BOSTON (CHARLESTOWN),17-Sep-2014,5:40 PM,Not Reported,2,0,0,Rear-end,V1: Travelling straight ahead / V2:Changing lanes,V1:Northbound / V2:Northbound ,V1: Collision with motor vehicle in traffic / V2: Collision with motor vehicle in traffic ,"V1: Light truck(van, mini-van, panel, pickup, sport utility) with only four tires / V2:Passenger car",Dry,Daylight,Clear/Clear,,ALFORD STREET BRIDGE,,,ALFORD BRIDGE,,,
3949411,BOSTON,17-Sep-2014,6:00 PM,Property damage only (none injured),2,0,0,Rear-end,V1: Travelling straight ahead / V2:Travelling straight ahead,V1:Northbound / V2:Northbound ,V1: Collision with motor vehicle in traffic / V2: Collision with motor vehicle in traffic ,"V1: Light truck(van, mini-van, panel, pickup, sport utility) with only four tires / V2:Passenger car",Dry,Daylight,Clear,,Rte 93 S / UNKNOWN,,Exit 18 on Rte 93 S,,,236013.2783,899092.9981
3962648,BOSTON,17-Sep-2014,6:30 PM,Property damage only (none injured),2,0,0,Angle,V1: Travelling straight ahead / V2:Travelling straight ahead,V1:Southbound / V2:Westbound ,V1: Collision with motor vehicle in traffic / V2: Collision with motor vehicle in traffic ,"V1: Light truck(van, mini-van, panel, pickup, sport utility) with only four tires / V2:Passenger car",Dry,Daylight,Not Reported,HAUL ROAD / CYPHER STREET,,,,CYPHER STREET,,236964.1466,899344.7268
3949497,BOSTON,17-Sep-2014,6:44 PM,Property damage only (none injured),2,0,0,Angle,V1: Travelling straight ahead / V2:Turning right,V1:Westbound / V2:Southbound ,V1: Collision with motor vehicle in traffic / V2: Collision with motor vehicle in traffic ,"V1: Passenger car / V2:Light truck(van, mini-van, panel, pickup, sport utility) with only four tires",Dry,Daylight,Clear,SOLDIERS FIELD FRONTAGE ROAD WB / WESTERN AVENUE / RAMP-WESTERN AVE TO SOLDIERS FIELD RD WB,,,,,,231481.1975,901589.8493
3962647,BOSTON,17-Sep-2014,7:45 PM,Property damage only (none injured),3,0,0,Rear-end,V1: Slowing or stopped in traffic / V2:Slowing or stopped in traffic / V3:Travelling straight ahead,V1:Northbound / V2:Northbound / V3:Northbound ,V1: Collision with motor vehicle in traffic / V2: Collision with motor vehicle in traffic / V3: Collision with motor vehicle in traffic ,"V1: Passenger car / V2:Light truck(van, mini-van, panel, pickup, sport utility) with only four tires / V3:Light truck(van, mini-van, panel, pickup, sport utility) with only four tires",Dry,Daylight,Clear,,,,,STATION TUNNEL,,,
3962649,BOSTON,17-Sep-2014,10:13 PM,Property damage only (none injured),3,0,0,Rear-end,V1: Slowing or stopped in traffic / V2:Slowing or stopped in traffic / V3:Travelling straight ahead,V1:Southbound / V2:Southbound / V3:Southbound ,V1: Collision with motor vehicle in traffic / V2: Collision with motor vehicle in traffic / V3: Collision with motor vehicle in traffic ,"V1: Passenger car / V2:Light truck(van, mini-van, panel, pickup, sport utility) with only four tires / V3:Passenger car",Dry,Dark - lighted roadway,Cloudy,,Rte 93 S / UNKNOWN,,Exit 24 on Rte 93 S,,,236397.1933,901565.6511
3949412,BOSTON,18-Sep-2014,00:00 AM,Property damage only (none injured),2,0,0,Not reported,V1: Travelling straight ahead / V2:Changing lanes,V1:Northbound / V2:Northbound ,V1: Collision with motor vehicle in traffic / V2: Collision with motor vehicle in traffic ,V1: Motorcycle / V2:Passenger car,Dry,Dark - lighted roadway,Clear,,RAMP-RTS 93 NB/1 NB TO RT 1 NB (TOBIN BR Rte 1 N / RAMP-RTS 93 NB/1 NB TO RT 1 NB (TOBIN BR Rte 1 N,,,CANA TUNNEL,,235523.6295,902522.5037
3949476,BOSTON,18-Sep-2014,4:15 AM,Non-fatal injury,1,1,0,Single vehicle crash,V1: Travelling straight ahead,V1:Southbound ,V1: Collision with motor vehicle in traffic ,"V1: Light truck(van, mini-van, panel, pickup, sport utility) with only four tires",Dry,Dark - lighted roadway,Clear,,JOHN F FITZGERALD EXPRESSWAY Rte 93 S / GENERAL CASIMIR PULASKI SKYWAY Rte 1 S,,,SOUTH OF HAUL ROAD,,235903.163,898228.7719
3962825,BOSTON,18-Sep-2014,7:05 AM,Non-fatal injury,1,1,0,"Sideswipe, same direction",V1: Turning right,V1:Eastbound ,"V1: Collision with cyclist (bicycle, tricycle, unicycle, pedal car) ",V1: Passenger car,Dry,Daylight,Clear,,CENTRE STREET Rte UNKNOW / 1050,,,,"P2:Pedalcyclist (bicycle, tricycle, unicycle, pedal car)",230947.4352,894942.9246
3954112,BOSTON (DORCHESTER),18-Sep-2014,8:00 AM,Property damage only (none injured),2,0,0,Rear-end,V1: Travelling straight ahead / V2:Travelling straight ahead,V1:Not reported / V2:Not reported ,V1: Collision with impact attenuator/crash cushion / V2: Collision with impact attenuator/crash cushion ,V1:  / V2:Passenger car,Dry,Daylight,Clear/Clear,DORCHESTER AVENUE / FREEPORT STREET,,,,,,236407.2345,895327.0623