Crash Number,City/Town Name,Crash Date,Crash Time,Crash Severity,Number of Vehicles,Total Nonfatal Injuries,Total Fatal Injuries,Manner of Collision,Vehicle Action Prior to Crash,Vehicle Travel Directions,Most Harmful Events,Vehicle Configuration,Road Surface Condition,Ambient Light,Weather Condition,At Roadway Intersection,Distance from Nearest Roadway Intersection,Distance from Nearest Milemarker,Distance from Nearest Exit,Distance from Nearest Landmark,Non Motorist Type,X Coordinate,Y Coordinate
3949099,BOSTON (BRIGHTON),18-Sep-2014,8:05 AM,Not Reported,1,0,0,Angle,V1: Turning right,V1:Not reported ,"V1: Collision with cyclist (bicycle, tricycle, unicycle, pedal car) ","V1: Light truck(van, mini-van, panel, pickup, sport utility) with only four tires",Dry,Daylight,Clear,LAKE STREET / ROGERS PARK AVENUE,,,,,"P2:Pedalcyclist (bicycle, tricycle, unicycle, pedal car)",227906.4529,899731
4013237,BOSTON,18-Sep-2014,9:43 AM,Non-fatal injury,2,1,0,Rear-end,V1: Travelling straight ahead / V2:Travelling straight ahead,V1:Not reported / V2:Not reported ,V1: Collision with motor vehicle in traffic / V2: Collision with motor vehicle in traffic ,V1: Truck/trailer / V2:Passenger car,Dry,Daylight,Clear,,785 COMMONWEALTH AVENUE,,,,,232164.352,900073.3061
3962798,BOSTON,18-Sep-2014,10:04 AM,Property damage only (none injured),2,0,0,Angle,V1: Turning left / V2:Travelling straight ahead,V1:Southbound / V2:Southbound ,V1: Collision with motor vehicle in traffic / V2: Collision with motor vehicle in traffic ,"V1: Passenger car / V2:Light truck(van, mini-van, panel, pickup, sport utility) with only four tires",Dry,Daylight,Clear,,WILLIAM T MORRISSEY BOULEVARD / WILLIAM T MORRISSEY BOULEVARD,,,,,237324.9428,896006.6012
3949413,BOSTON,18-Sep-2014,1:15 PM,Property damage only (none injured),2,0,0,Rear-end,V1: Changing lanes / V2:Travelling straight ahead,V1:Northbound / V2:Northbound ,V1: Collision with motor vehicle in traffic / V2: Collision with motor vehicle in traffic ,"V1: Passenger car / V2:Light truck(van, mini-van, panel, pickup, sport utility) with only four tires",Dry,Daylight,Clear,,Rte 93 N / UNKNOWN,,Exit 28 on Rte 93 N,,,234953.5188,903173.3157
3962264,BOSTON,18-Sep-2014,1:46 PM,Property damage only (none injured),2,0,0,Rear-end,V1: Travelling straight ahead / V2:Travelling straight ahead,V1:Westbound / V2:Westbound ,V1: Collision with motor vehicle in traffic / V2: Collision with motor vehicle in traffic ,V1: Passenger car / V2:Passenger car,Dry,Daylight,Not Reported,,STORROW DRIVE,,,STORROW WEST @ DARTMOUTH,,,
3962265,BOSTON,18-Sep-2014,1:49 PM,Property damage only (none injured),3,0,0,Rear-end,V1: Travelling straight ahead / V2:Travelling straight ahead / V3:Travelling straight ahead,V1:Westbound / V2:Westbound / V3:Westbound ,V1: Collision with motor vehicle in traffic / V2: Collision with motor vehicle in traffic / V3: Collision with motor vehicle in traffic ,V1: Passenger car / V2:Passenger car / V3:Passenger car,Dry,Daylight,Not Reported,,STORROW DRIVE,,,STORROW @ DARTMOUTH,,,
3964121,BOSTON,18-Sep-2014,5:26 PM,Non-fatal injury,1,1,0,Angle,V1: Turning right,V1:Southbound ,"V1: Collision with cyclist (bicycle, tricycle, unicycle, pedal car) ","V1: Light truck(van, mini-van, panel, pickup, sport utility) with only four tires",Dry,Daylight,Clear,,MORTON STREET / FULLER STREET,,,,"P1:Pedalcyclist (bicycle, tricycle, unicycle, pedal car)",234513.9358,892226.2019
3954522,BOSTON,18-Sep-2014,5:40 PM,Not Reported,1,0,0,Not reported,V1: Not reported,V1:Not reported ,V1: Not reported ,V1: Passenger car,Not reported,Not reported,Not Reported,,241 GENEVA AVENUE / LEROY STREET,,,,P2:Pedestrian,235703.1323,894569.263
3949513,BOSTON,18-Sep-2014,6:18 PM,Non-fatal injury,1,1,0,Angle,V1: Turning right,V1:Westbound ,"V1: Collision with cyclist (bicycle, tricycle, unicycle, pedal car) ",V1: Passenger car,Dry,Dusk,Clear,,VETERANS OF FOREIGN WARS PARKWAY,,,MILLENIUM PARK,"P2:Pedalcyclist (bicycle, tricycle, unicycle, pedal car)",227078.8698,892046.1708
3949477,BOSTON,18-Sep-2014,6:45 PM,Property damage only (none injured),2,0,0,"Sideswipe, same direction",V1: Changing lanes / V2:Travelling straight ahead,V1:Eastbound / V2:Eastbound ,V1: Collision with motor vehicle in traffic / V2: Collision with motor vehicle in traffic ,V1: Passenger car / V2:Passenger car,Dry,Dark - lighted roadway,Clear,,CALLAHAN TUNNEL / RAMP-NORTH ST TO CALLAHAN TUNL TUNNEL,,,,,237259.3689,901913.5421
3962650,BOSTON,18-Sep-2014,7:30 PM,Property damage only (none injured),2,0,0,Angle,V1: Slowing or stopped in traffic / V2:Changing lanes,V1:Eastbound / V2:Eastbound ,V1: Collision with motor vehicle in traffic / V2: Collision with motor vehicle in traffic ,"V1: Light truck(van, mini-van, panel, pickup, sport utility) with only four tires / V2:Light truck(van, mini-van, panel, pickup, sport utility) with only four tires",Dry,Dark - lighted roadway,Clear,,CALLAHAN TUNNEL / RAMP-NORTH ST TO CALLAHAN TUNL TUNNEL,,,,,237353.4692,902000.3881
3971733,BOSTON,18-Sep-2014,11:50 PM,Property damage only (none injured),2,0,0,"Sideswipe, same direction",V1: Travelling straight ahead / V2:Entering traffic lane,V1:Westbound / V2:Westbound ,V1: Collision with motor vehicle in traffic / V2: Collision with motor vehicle in traffic ,"V1: Passenger car / V2:Light truck(van, mini-van, panel, pickup, sport utility) with only four tires",Dry,Dark - unknown roadway lighting,Clear,,MASSACHUSETTS TURNPIKE Rte 90 W / RAMP-RT 90 WB TO S STATION BUS TERMINAL,,,KNEELAND ST,,236388.3536,899649.6857
3954224,BOSTON (ROXBURY),19-Sep-2014,2:37 AM,Property damage only (none injured),1,0,0,Not reported,V1: Slowing or stopped in traffic,V1:Not reported ,V1: Not reported ,V1: Passenger car,Not reported,Not reported,Not Reported,HARRISON AVENUE / DUDLEY STREET,,,,,,234390.0625,897652.5627
3949414,BOSTON,19-Sep-2014,9:38 AM,Property damage only (none injured),2,0,0,Rear-end,V1: Slowing or stopped in traffic / V2:Slowing or stopped in traffic,V1:Southbound / V2:Southbound ,V1: Collision with motor vehicle in traffic / V2: Collision with motor vehicle in traffic ,"V1: Light truck(van, mini-van, panel, pickup, sport utility) with only four tires / V2:Passenger car",Dry,Daylight,Clear,,Rte 93 S / UNKNOWN,,Exit 23 on Rte 93 S,,,236856.2793,901152.8251
3949541,BOSTON,19-Sep-2014,9:39 AM,Property damage only (none injured),3,0,0,Rear-end,V1: Travelling straight ahead / V2:Travelling straight ahead / V3:Travelling straight ahead,V1:Northbound / V2:Northbound / V3:Northbound ,V1: Collision with motor vehicle in traffic / V2: Collision with motor vehicle in traffic / V3: Collision with motor vehicle in traffic ,V1: Passenger car / V2:Passenger car / V3:Passenger car,Dry,Daylight,Clear,,Rte 93 N / UNKNOWN,,Exit 11 on Rte 93 N,,,237094.7253,891674.8051
3962800,BOSTON,19-Sep-2014,12:30 PM,Property damage only (none injured),2,0,0,Rear-end,V1: Slowing or stopped in traffic / V2:Travelling straight ahead,V1:Southbound / V2:Southbound ,V1: Collision with motor vehicle in traffic / V2: Collision with motor vehicle in traffic ,V1: Passenger car / V2:Passenger car,Dry,Daylight,Clear,,Rte 93 S / UNKNOWN,,Exit 13 on Rte 93 S,,,237399.8866,894072.472
3953322,BOSTON (ROXBURY),19-Sep-2014,1:04 PM,Non-fatal injury,1,1,0,Angle,V1: Travelling straight ahead,V1:Westbound ,V1: Collision with motor vehicle in traffic ,"V1: Light truck(van, mini-van, panel, pickup, sport utility) with only four tires",Dry,Daylight,Cloudy,HUNTINGTON AVENUE / FRAWLEY STREET,,,,,"P2:Pedalcyclist (bicycle, tricycle, unicycle, pedal car)",232316.0156,898159.2502
3962651,BOSTON,19-Sep-2014,1:43 PM,Property damage only (none injured),3,0,0,Rear-end,V1: Slowing or stopped in traffic / V2:Slowing or stopped in traffic / V3:Travelling straight ahead,V1:Northbound / V2:Northbound / V3:Northbound ,V1: Not reported / V2: Collision with motor vehicle in traffic / V3: Collision with motor vehicle in traffic ,"V1: Passenger car / V2:Light truck(van, mini-van, panel, pickup, sport utility) with only four tires / V3:Light truck(van, mini-van, panel, pickup, sport utility) with only four tires",Dry,Daylight,Clear,,RAMP-RT 90 EB TO RTS 93 NB/3 NB / RAMP-RTS 90 WB/1A SB TO RTS 93 NB/3 NB,,Exit 24 B on Rte 90 E,,,236533.441,900035.8429
3962312,BOSTON,19-Sep-2014,2:17 PM,Property damage only (none injured),2,0,0,"Sideswipe, same direction",V1: Other / V2:Travelling straight ahead,V1:Southbound / V2:Southbound ,V1: Collision with median barrier / V2: Collision with motor vehicle in traffic ,V1: Passenger car / V2:Passenger car,Dry,Daylight,Clear,,Rte 93 S / UNKNOWN,,Exit 11 on Rte 93 S,,,237076.8671,891681.5326
3949551,BOSTON,19-Sep-2014,3:15 PM,Non-fatal injury,2,1,0,Angle,V1: Turning left / V2:Turning left,V1:Northbound / V2:Eastbound ,V1: Collision with motor vehicle in traffic / V2: Collision with motor vehicle in traffic ,"V1: Passenger car / V2:Light truck(van, mini-van, panel, pickup, sport utility) with only four tires",Dry,Daylight,Clear,,DEDHAM PARKWAY Rte UNKNOW / GEORGETOWNE DRIVE,,,,,229451.5312,889515.6252
3949415,BOSTON,19-Sep-2014,3:30 PM,Property damage only (none injured),2,0,0,"Sideswipe, same direction",V1: Changing lanes / V2:Travelling straight ahead,V1:Southbound / V2:Southbound ,V1: Collision with motor vehicle in traffic / V2: Collision with motor vehicle in traffic ,"V1: Light truck(van, mini-van, panel, pickup, sport utility) with only four tires / V2:Light truck(van, mini-van, panel, pickup, sport utility) with only four tires",Dry,Daylight,Clear,,JOHN F FITZGERALD EXPRESSWAY Rte 93 S,,,ZAKIM BRIDGE,,235955.8856,902126.1166
3953959,BOSTON,19-Sep-2014,3:57 PM,Non-fatal injury,1,1,0,Unknown,V1: Turning right,V1:Northbound ,"V1: Collision with cyclist (bicycle, tricycle, unicycle, pedal car) ",V1: Passenger car,Dry,Daylight,Clear,HARRISON AVENUE / DUDLEY STREET,,,,,"P4:Pedalcyclist (bicycle, tricycle, unicycle, pedal car)",234390.0625,897652.5627
3964247,BOSTON,19-Sep-2014,5:00 PM,Non-fatal injury,2,1,0,Not reported,V1: Travelling straight ahead / V2:Travelling straight ahead,V1:Northbound / V2:Northbound ,V1: Not reported / V2: Not reported ,V1: MOPED / V2:Passenger car,Not reported,Not reported,Not Reported,,1 BLACKFAN STREET / LONGWOOD AVENUE,,,,,232539.3592,898661.3127
4041178,BOSTON,19-Sep-2014,5:29 PM,Non-fatal injury,2,1,0,Angle,V1: Turning left / V2:Travelling straight ahead,V1:Not reported / V2:Not reported ,V1: Collision with motor vehicle in traffic / V2: Collision with motor vehicle in traffic ,V1: Passenger car / V2:Motorcycle,Dry,Dark - lighted roadway,Clear,BRAGDON STREET / COLUMBUS AVENUE,,,,,,233107.1564,896513.25
3962826,BOSTON,19-Sep-2014,7:00 PM,Property damage only (none injured),2,0,0,Rear-end,V1: Travelling straight ahead / V2:Travelling straight ahead,V1:Northbound / V2:Northbound ,V1: Not reported / V2: Not reported ,V1: Passenger car / V2:Passenger car,Dry,Dark - lighted roadway,Clear,,MORTON STREET,,,,,,
3962652,BOSTON,19-Sep-2014,7:25 PM,Property damage only (none injured),2,0,0,"Sideswipe, same direction",V1: Travelling straight ahead / V2:Travelling straight ahead,V1:Southbound / V2:Southbound ,V1: Collision with motor vehicle in traffic / V2: Collision with motor vehicle in traffic ,"V1: Light truck(van, mini-van, panel, pickup, sport utility) with only four tires / V2:Passenger car",Dry,Dark - lighted roadway,Clear,,RAMP-LEVERETT CIR TO RTS 93 SB/3 SB Rte 3A S,,Exit 23 on Rte 93 S,,,236183.0123,901849.6106
3949503,BOSTON,20-Sep-2014,1:20 AM,Non-fatal injury,1,1,0,Single vehicle crash,V1: Travelling straight ahead,V1:Southbound ,V1: Collision with motor vehicle in traffic ,V1: Motorcycle,Dry,Dark - lighted roadway,Clear,,OLD COLONY AVENUE,,,,,236924.8008,896852.5939
3964911,BOSTON,20-Sep-2014,3:20 AM,Non-fatal injury,2,1,0,Angle,V1: Slowing or stopped in traffic / V2:Slowing or stopped in traffic,V1:Northbound / V2:Southbound ,V1: Collision with motor vehicle in traffic / V2: Collision with motor vehicle in traffic ,"V1: Light truck(van, mini-van, panel, pickup, sport utility) with only four tires / V2:Light truck(van, mini-van, panel, pickup, sport utility) with only four tires",Dry,Dark - lighted roadway,Clear/Clear,TREMONT STREET / MELNEA CASS BOULEVARD,,,,,,234034.0787,898437.6747
3962260,BOSTON,20-Sep-2014,3:56 AM,Non-fatal injury,1,1,0,Single vehicle crash,V1: Other,V1:Eastbound ,V1: Other ,V1: Passenger car,Dry,Dark - lighted roadway,Clear,,DAVID G MUGAR WAY Rte UNKNOW / STORROW DRIVE,,,,,235214.6816,900915.47
3954774,BOSTON (HYDE PARK),20-Sep-2014,9:14 AM,Non-fatal injury,2,1,0,Angle,V1: Travelling straight ahead / V2:Slowing or stopped in traffic,V1:Not reported / V2:Not reported ,V1: Not reported / V2: Not reported ,V1: Passenger car / V2:Passenger car,Dry,Daylight,Clear,HYDE PARK AVENUE / NEPONSET AVENUE,,,,,,231454.5146,892951.736
3954402,BOSTON (DORCHESTER),20-Sep-2014,11:02 AM,Non-fatal injury,1,1,0,"Sideswipe, same direction",V1: Travelling straight ahead,V1:Not reported ,"V1: Collision with cyclist (bicycle, tricycle, unicycle, pedal car) ","V1: Light truck(van, mini-van, panel, pickup, sport utility) with only four tires",Dry,Daylight,Clear,,53 WALNUT STREET,,,,"P2:Pedalcyclist (bicycle, tricycle, unicycle, pedal car)",235739.2807,900925.9704
3962801,BOSTON,20-Sep-2014,12:35 PM,Property damage only (none injured),2,0,0,Rear-end,V1: Travelling straight ahead / V2:Travelling straight ahead,V1:Northbound / V2:Northbound ,V1: Collision with motor vehicle in traffic / V2: Collision with motor vehicle in traffic ,V1: Passenger car / V2:Passenger car,Dry,Daylight,Clear,,Rte 93 N,,Exit 14 on Rte 93 N,,,237259.1048,894483.1875
3972051,BOSTON,20-Sep-2014,12:35 PM,Property damage only (none injured),3,0,0,Rear-end,V1: Slowing or stopped in traffic / V2:Slowing or stopped in traffic / V3:Travelling straight ahead,V1:Southbound / V2:Southbound / V3:Southbound ,V1: Collision with motor vehicle in traffic / V2: Collision with motor vehicle in traffic / V3: Collision with motor vehicle in traffic ,V1: Passenger car / V2:Passenger car / V3:Passenger car,Dry,Daylight,Clear,,JOHN F FITZGERALD EXPRESSWAY Rte 93 S / RAMP-FREEPORT ST TO RTS 93 SB/3 SB,,,93S EXIT 14,,237029.8977,894777.4579
3956059,BOSTON (CHARLESTOWN),20-Sep-2014,8:42 PM,Non-fatal injury,1,1,0,Single vehicle crash,V1: Parked,V1:Not reported ,V1: Collision with pedestrian ,"V1: Light truck(van, mini-van, panel, pickup, sport utility) with only four tires",Dry,Dark - lighted roadway,Clear,,74 MEDFORD STREET,,,,"P2:Other non-motorist (wheelchair, etc.)",236309.7704,901836.4601
3963722,BOSTON,20-Sep-2014,10:18 PM,Property damage only (none injured),2,0,0,Angle,V1: Travelling straight ahead / V2:Travelling straight ahead,V1:Westbound / V2:Northbound ,V1: Collision with motor vehicle in traffic / V2: Collision with motor vehicle in traffic ,"V1: Bus (seats for more than 15 people, including driver) / V2:Passenger car",Dry,Dark - lighted roadway,Clear,CHARLESGATE EAST / BEACON STREET,,,,,,233644.865,900055.8984
3954404,BOSTON (DORCHESTER),20-Sep-2014,10:50 PM,Non-fatal injury,2,1,0,"Sideswipe, same direction",V1: Turning right / V2:Travelling straight ahead,V1:Southbound / V2:Southbound ,V1: Collision with moped / V2: Collision with motor vehicle in traffic ,"V1: Light truck(van, mini-van, panel, pickup, sport utility) with only four tires / V2:MOPED",Dry,Dark - lighted roadway,Clear,,2049 DORCHESTER AVENUE,,,,,235820.6609,892335.0967
3962261,BOSTON,20-Sep-2014,11:00 PM,Property damage only (none injured),2,0,0,Rear-end,V1: Slowing or stopped in traffic / V2:Slowing or stopped in traffic,V1:Westbound / V2:Not reported ,V1: Collision with motor vehicle in traffic / V2: Collision with motor vehicle in traffic ,V1: Passenger car / V2:Passenger car,Dry,Dark - lighted roadway,Clear,,MASSACHUSETTS AVENUE Rte UNKNOW / BEACON STREET,,,RAMP FROM STORROW DR,,233821.7968,900120.375
3949478,BOSTON,20-Sep-2014,11:59 PM,Property damage only (none injured),1,0,0,Single vehicle crash,V1: Travelling straight ahead,V1:Northbound ,V1: Collision with median barrier ,V1: Passenger car,Dry,Dark - lighted roadway,Not Reported,,Rte 93 N / UNKNOWN,,Exit 23 on Rte 93 N,,,236957.4837,900943.9828
3993570,BOSTON,21-Sep-2014,00:00 AM,Property damage only (none injured),2,0,0,Angle,V1: Turning right / V2:Travelling straight ahead,V1:Westbound / V2:Not reported ,V1: Not reported / V2: Not reported ,"V1: Passenger car / V2:Light truck(van, mini-van, panel, pickup, sport utility) with only four tires",Dry,Dark - lighted roadway,Clear/Clear,SUMMER STREET / ATLANTIC AVENUE,,,,,,236630.702,900331.4409
3969786,BOSTON (DORCHESTER),21-Sep-2014,00:00 AM,Non-fatal injury,1,1,0,Single vehicle crash,V1: Turning left,V1:Not reported ,V1: Collision with pedestrian ,V1: Passenger car,Dry,Dark - lighted roadway,Clear,DORCHESTER AVENUE / ASHMONT STREET,,,,,P3:Pedestrian,235981.2121,892919.3766
3949416,BOSTON,21-Sep-2014,1:18 AM,Property damage only (none injured),1,0,0,Single vehicle crash,V1: Travelling straight ahead,V1:Northbound ,V1: Collision with median barrier ,V1: Motorcycle,Dry,Dark - lighted roadway,Clear,,Rte 93 N / UNKNOWN,,Exit 23 on Rte 93 N,,,236957.4837,900943.9828
3953953,BOSTON (ROXBURY),21-Sep-2014,5:30 AM,Non-fatal injury,2,2,0,Not reported,V1: Travelling straight ahead / V2:Travelling straight ahead,V1:Southbound / V2:Not reported ,V1: Collision with motor vehicle in traffic / V2: Collision with motor vehicle in traffic ,"V1: Passenger car / V2:Light truck(van, mini-van, panel, pickup, sport utility) with only four tires",Not reported,Not reported,Not Reported,COLUMBUS AVENUE / CENTRE STREET / HEATH STREET,,,,,,233112.4377,897235.6252
3962802,BOSTON,21-Sep-2014,6:25 AM,Non-fatal injury,2,1,0,Angle,V1: Turning left / V2:Travelling straight ahead,V1:Eastbound / V2:Southbound ,V1: Collision with motor vehicle in traffic / V2: Collision with motor vehicle in traffic ,"V1: Light truck(van, mini-van, panel, pickup, sport utility) with only four tires / V2:Passenger car",Dry,Dawn,Clear,FREDERIKA STREET / GALLIVAN BOULEVARD Rte SR203 E / ADAMS STREET,,,,,,236418.328,892500.1249
3962653,BOSTON,21-Sep-2014,6:30 AM,Property damage only (none injured),1,0,0,Single vehicle crash,V1: Leaving traffic lane,V1:Northbound ,V1: Other ,V1: Passenger car,Wet,Daylight,Clear,,JOHN F FITZGERALD EXPRESSWAY Rte 1 N / RAMP-RTS 90/1A SB TO RTS 93 NB/3 NB,,,PRIOR TO EXIT #23,,236678.247,900375.1853
3949542,BOSTON,21-Sep-2014,6:45 AM,Non-fatal injury,2,1,0,"Sideswipe, same direction",V1: Travelling straight ahead / V2:Changing lanes,V1:Southbound / V2:Southbound ,V1: Collision with motor vehicle in traffic / V2: Collision with motor vehicle in traffic ,V1: Passenger car / V2:Passenger car,Dry,Daylight,Clear,,Rte 93 S / UNKNOWN,,Exit 11 on Rte 93 S,,,237076.8671,891681.5326
3962314,BOSTON,21-Sep-2014,9:50 AM,Property damage only (none injured),2,0,0,Angle,V1: Turning left / V2:Travelling straight ahead,V1:Southbound / V2:Eastbound ,V1: Collision with motor vehicle in traffic / V2: Collision with motor vehicle in traffic ,V1: Passenger car / V2:Passenger car,Dry,Daylight,Clear,GALLIVAN BOULEVARD Rte SR203  W / WASHINGTON STREET,,,,GALLIVAN BLVD @ WASHINGTON ST,,235509.2971,892128.6873
3962654,BOSTON,21-Sep-2014,9:51 AM,Non-fatal injury,1,2,0,Single vehicle crash,V1: Travelling straight ahead,V1:Northbound ,V1: Reported but invalid ,V1: Motorcycle,"Sand, mud, dirt, oil, gravel",Other,Clear,,JOHN F FITZGERALD EXPRESSWAY Rte 1 N / RAMP-RTS 90/1A SB TO RTS 93 NB/3 NB,,,,,236700.8118,900395.0575
3949504,BOSTON,21-Sep-2014,11:09 AM,Property damage only (none injured),2,0,0,Angle,V1: Travelling straight ahead / V2:Travelling straight ahead,V1:Northbound / V2:Northbound ,V1: Collision with motor vehicle in traffic / V2: Collision with motor vehicle in traffic ,"V1: Light truck(van, mini-van, panel, pickup, sport utility) with only four tires / V2:Passenger car",Dry,Daylight,Not Reported,,Rte 93 N / UNKNOWN,,Exit 15 on Rte 93 N,,,236972.2496,896473.4282
3972143,BOSTON,21-Sep-2014,11:30 AM,Non-fatal injury,3,3,0,Angle,V1: Turning left / V2:Travelling straight ahead / V3:Slowing or stopped in traffic,V1:Westbound / V2:Southbound / V3:Eastbound ,V1: Collision with motor vehicle in traffic / V2: Collision with motor vehicle in traffic / V3: Collision with motor vehicle in traffic ,V1: Passenger car / V2:Passenger car / V3:Passenger car,Dry,Daylight,Clear,VETERANS OF FOREIGN WARS PARKWAY / LA GRANGE STREET,,,,,,227356.7344,893407.1877
3962289,BOSTON,21-Sep-2014,3:55 PM,Property damage only (none injured),2,0,0,Angle,V1: Travelling straight ahead / V2:Turning left,V1:Southbound / V2:Eastbound ,V1: Collision with motor vehicle in traffic / V2: Collision with motor vehicle in traffic ,V1: Passenger car / V2:Passenger car,Dry,Daylight,Clear,LEO M BIRMINGHAM PARKWAY / RAMP-SOLDIERS FIELD RD EB TO BIRMINGHAM,,,,,,229087.1408,901120.0678
3973565,BOSTON,21-Sep-2014,7:05 PM,Not Reported,2,0,0,Angle,V1: Travelling straight ahead / V2:Parked,V1:Northbound / V2:Northbound ,V1: Collision with parked motor vehicle / V2: Collision with parked motor vehicle ,V1: Passenger car / V2:Passenger car,Dry,Dark - lighted roadway,Cloudy,,OLD COLONY AVENUE / JENKINS STREET,,,,,236875.5913,897809.2412
3963274,BOSTON,21-Sep-2014,9:22 PM,Property damage only (none injured),1,0,0,Single vehicle crash,V1: Travelling straight ahead,V1:Northbound ,V1: Collision with median barrier ,"V1: Light truck(van, mini-van, panel, pickup, sport utility) with only four tires",Wet,Dark - lighted roadway,Rain,,JOHN F FITZGERALD EXPRESSWAY Rte 93 N / RAMP-RTS 90/1A SB TO RTS 93 NB/3 NB,Rte 93  N Milemarker 16.9,,,,236625.2233,900311.6175
3949925,BOSTON,22-Sep-2014,2:51 AM,Property damage only (none injured),1,0,0,Single vehicle crash,V1: Travelling straight ahead,V1:Eastbound ,V1: Collision with curb ,V1: Passenger car,Wet,Dark - lighted roadway,Cloudy,,STORROW DRIVE Rte 28 N / EMBANKMENT ROAD Rte 28 N,,,,,235229.364,901289.8038
3962655,BOSTON,22-Sep-2014,9:29 AM,Property damage only (none injured),2,0,0,Angle,V1: Travelling straight ahead / V2:Travelling straight ahead,V1:Northbound / V2:Eastbound ,V1: Collision with motor vehicle in traffic / V2: Collision with motor vehicle in traffic ,"V1: Light truck(van, mini-van, panel, pickup, sport utility) with only four tires / V2:Passenger car",Dry,Daylight,Clear,,FRONTAGE ROAD Rte UNKNOW N / BROADWAY,,,,,236165.6755,899351.7012
3956056,BOSTON (CHARLESTOWN),22-Sep-2014,9:31 AM,Non-fatal injury,1,1,0,Angle,V1: Travelling straight ahead,V1:Southbound ,"V1: Collision with cyclist (bicycle, tricycle, unicycle, pedal car) ","V1: Light truck(van, mini-van, panel, pickup, sport utility) with only four tires",Dry,Daylight,Clear,RUTHERFORD AVENUE / SULLIVAN SQUARE,,,,,"P2:Pedalcyclist (bicycle, tricycle, unicycle, pedal car)",235151.1475,903802.8884
3963770,BOSTON,22-Sep-2014,9:39 AM,Property damage only (none injured),2,0,0,Angle,V1: Turning left / V2:Turning right,V1:Southbound / V2:Northbound ,V1: Collision with motor vehicle in traffic / V2: Collision with motor vehicle in traffic ,"V1: Light truck(van, mini-van, panel, pickup, sport utility) with only four tires / V2:Bus (seats for more than 15 people, including driver)",Dry,Daylight,Clear,,GALLIVAN BOULEVARD / HALLET STREET,,,,,237384.4843,892709.3752
4041584,BOSTON (JAMAICA PLAIN),22-Sep-2014,10:48 AM,Not Reported,1,0,0,Not reported,V1: Not reported,V1:Eastbound ,V1: Not reported ,"V1: Light truck(van, mini-van, panel, pickup, sport utility) with only four tires",Dry,Daylight,Clear,CENTRE STREET / SPRING PARK AVENUE,,,,,,231921.453,896453.6251
3963789,BOSTON,22-Sep-2014,3:31 PM,Property damage only (none injured),3,0,0,"Sideswipe, same direction",V1: Turning left / V2:Turning left / V3:Not reported,V1:Northbound / V2:Northbound / V3:Not reported ,V1: Collision with motor vehicle in traffic / V2: Collision with motor vehicle in traffic / V3: Not reported ,"V1: Light truck(van, mini-van, panel, pickup, sport utility) with only four tires / V2:Truck/trailer / V3:Light truck(van, mini-van, panel, pickup, sport utility) with only four tires",Dry,Daylight,Clear,WILLIAM T MORRISSEY BOULEVARD / MOUNT VERNON STREET,,,,,,237013.4937,896805.6984
3953952,BOSTON,22-Sep-2014,4:03 PM,Not Reported,1,0,0,Not reported,V1: Turning left,V1:Not reported ,V1: Not reported ,V1: Passenger car,Not reported,Not reported,Not Reported,NORMANDY STREET / STANWOOD STREET,,,,,P2:Pedestrian,234604.9377,895504.4375
3963791,BOSTON,22-Sep-2014,4:05 PM,Property damage only (none injured),2,0,0,Rear-end,V1: Changing lanes / V2:Travelling straight ahead,V1:Southbound / V2:Southbound ,V1: Collision with motor vehicle in traffic / V2: Collision with motor vehicle in traffic ,"V1: Passenger car / V2:Light truck(van, mini-van, panel, pickup, sport utility) with only four tires",Dry,Daylight,Clear,,KOSCIUSZKO CIRCLE / COLUMBIA ROAD,,,,,236980.4846,896866.3749
3977597,BOSTON (DORCHESTER),22-Sep-2014,4:47 PM,Non-fatal injury,2,1,0,"Sideswipe, same direction",V1: Travelling straight ahead / V2:Travelling straight ahead,V1:Northbound / V2:Northbound ,V1: Not reported / V2: Collision with motor vehicle in traffic ,V1: Single-unit truck (3-or-more axles) / V2:Passenger car,Dry,Daylight,Clear/Clear,COLUMBIA ROAD / DUDLEY STREET,,,,,,235858.5001,896369.6873
3954215,BOSTON (ROXBURY),22-Sep-2014,5:45 PM,Not Reported,1,0,0,Not reported,V1: Not reported,V1:Not reported ,V1: Not reported ,V1: Passenger car,Not reported,Not reported,Not Reported,,2387 WASHINGTON STREET,,,DUDLEY STATION,P2:Pedestrian,234209.4999,897702.1654
3963623,BOSTON,22-Sep-2014,6:50 PM,Property damage only (none injured),2,0,0,"Sideswipe, same direction",V1: Entering traffic lane / V2:Travelling straight ahead,V1:Westbound / V2:Westbound ,V1: Collision with motor vehicle in traffic / V2: Collision with motor vehicle in traffic ,V1: Passenger car / V2:Truck/trailer,Dry,Dusk,Clear,,Rte 90 W / ALBANY STREET,,,ALBANY ST,,236171.377,899653.7192
4123285,BOSTON,22-Sep-2014,11:29 PM,Fatal injury,2,0,1,Not reported,V1: Travelling straight ahead / V2:Not reported,V1:Not reported / V2:Not reported ,V1: Collision with motor vehicle in traffic / V2: Not reported ,"V1: Passenger car / V2:Single-unit truck (2-axle, 6-tire)",Not reported,Dark - lighted roadway,Clear,BEACON STREET / FAIRFIELD STREET,,,,,,234310.9217,900301.4377
3953930,BOSTON,22-Sep-2014,11:56 PM,Non-fatal injury,2,3,0,Angle,V1: Travelling straight ahead / V2:Travelling straight ahead,V1:Westbound / V2:Southbound ,V1: Collision with motor vehicle in traffic / V2: Collision with motor vehicle in traffic ,"V1: Light truck(van, mini-van, panel, pickup, sport utility) with only four tires / V2:Passenger car",Dry,Dark - lighted roadway,Clear/Clear,COLUMBIA ROAD / QUINCY STREET,,,,,,235432.4218,895739.2499