Crash Number,City/Town Name,Crash Date,Crash Time,Crash Severity,Number of Vehicles,Total Nonfatal Injuries,Total Fatal Injuries,Manner of Collision,Vehicle Action Prior to Crash,Vehicle Travel Directions,Most Harmful Events,Vehicle Configuration,Road Surface Condition,Ambient Light,Weather Condition,At Roadway Intersection,Distance from Nearest Roadway Intersection,Distance from Nearest Milemarker,Distance from Nearest Exit,Distance from Nearest Landmark,Non Motorist Type,X Coordinate,Y Coordinate
3972556,BOSTON,23-Sep-2014,1:06 AM,Non-fatal injury,3,1,0,Rear-end,V1: Slowing or stopped in traffic / V2:Slowing or stopped in traffic / V3:Travelling straight ahead,V1:Northbound / V2:Northbound / V3:Northbound ,V1: Collision with motor vehicle in traffic / V2: Collision with motor vehicle in traffic / V3: Collision with motor vehicle in traffic ,V1: Passenger car / V2:Passenger car / V3:Passenger car,Dry,Dark - lighted roadway,Clear,,FRONTAGE ROAD / ALBANY STREET CONNECTOR,,,0 feet S from BOSTON TRANSPORTATION LOT,,235998.489,898914.4453
3956053,BOSTON,23-Sep-2014,7:30 AM,Non-fatal injury,1,1,0,Single vehicle crash,V1: Travelling straight ahead,V1:Southbound ,V1: Collision with pedestrian ,V1: Passenger car,Dry,Daylight,Clear/Clear,CAMBRIDGE STREET / STANIFORD STREET,,,,,P2:Pedestrian,235936.7393,901290.7579
3962656,BOSTON,23-Sep-2014,8:00 AM,Property damage only (none injured),3,0,0,Rear-end,V1: Travelling straight ahead / V2:Slowing or stopped in traffic / V3:Slowing or stopped in traffic,V1:Westbound / V2:Westbound / V3:Westbound ,V1: Collision with motor vehicle in traffic / V2: Collision with motor vehicle in traffic / V3: Collision with motor vehicle in traffic ,"V1: Light truck(van, mini-van, panel, pickup, sport utility) with only four tires / V2:Light truck(van, mini-van, panel, pickup, sport utility) with only four tires / V3:Light truck(van, mini-van, panel, pickup, sport utility) with only four tires",Dry,Daylight,Clear,,MASSACHUSETTS TURNPIKE Rte 90,Rte 90  W Milemarker 132.2,,,,232906.5205,899791.3428
3969764,BOSTON (DORCHESTER),23-Sep-2014,11:51 AM,Property damage only (none injured),2,0,0,Angle,V1: Travelling straight ahead / V2:Making U-turn,V1:Southbound / V2:Northbound ,V1: Not reported / V2: Collision with motor vehicle in traffic ,"V1: Passenger car / V2:Light truck(van, mini-van, panel, pickup, sport utility) with only four tires",Not reported,Not reported,Not Reported,,137 GENEVA AVENUE,,,,,234823.8004,895102.7564
3956052,BOSTON,23-Sep-2014,3:45 PM,Non-fatal injury,1,1,0,Not reported,V1: Backing,V1:Not reported ,V1: Collision with pedestrian ,"V1: Light truck(van, mini-van, panel, pickup, sport utility) with only four tires",Dry,Daylight,Clear/Clear,LINCOLN STREET / TUFTS STREET,,,,,P2:Pedestrian,236398.4563,900229.0393
3962667,BOSTON,23-Sep-2014,4:00 PM,Property damage only (none injured),1,0,0,"Sideswipe, same direction",V1: Travelling straight ahead,V1:Northbound ,V1: Collision with guardrail ,"V1: Light truck(van, mini-van, panel, pickup, sport utility) with only four tires",Dry,Daylight,Clear,,Rte 93 N / UNKNOWN,,Exit 18 on Rte 93 N,,,236146.0342,897892.2406
3963288,BOSTON,23-Sep-2014,4:00 PM,Non-fatal injury,3,1,0,Rear-end,V1: Travelling straight ahead / V2:Travelling straight ahead / V3:Travelling straight ahead,V1:Northbound / V2:Northbound / V3:Northbound ,V1: Collision with motor vehicle in traffic / V2: Collision with motor vehicle in traffic / V3: Collision with motor vehicle in traffic ,"V1: Passenger car / V2:Light truck(van, mini-van, panel, pickup, sport utility) with only four tires / V3:Single-unit truck (2-axle, 6-tire)",Dry,Daylight,Clear,,Rte 93 N,,Exit 18 on Rte 93 N,,,236146.0342,897892.2406
3959134,BOSTON (DORCHESTER),23-Sep-2014,4:27 PM,Non-fatal injury,1,1,0,Single vehicle crash,V1: Turning left,V1:Southbound ,"V1: Collision with cyclist (bicycle, tricycle, unicycle, pedal car) ",V1: Passenger car,Dry,Daylight,Clear,GIBSON STREET / DORCHESTER AVENUE,,,,,"P3:Pedalcyclist (bicycle, tricycle, unicycle, pedal car)",236197.4374,894173.75
3972053,BOSTON,23-Sep-2014,5:00 PM,Property damage only (none injured),2,0,0,"Sideswipe, same direction",V1: Travelling straight ahead / V2:Changing lanes,V1:Southbound / V2:Southbound ,V1: Collision with motor vehicle in traffic / V2: Collision with motor vehicle in traffic ,V1: Passenger car / V2:Passenger car,Dry,Daylight,Not Reported,,WILLIAM DAY BOULEVARD Rte UNKNOW / KOSCIUSZKO CIRCLE,,,,,237000,896933.5626
3954400,BOSTON,23-Sep-2014,5:10 PM,Not Reported,1,0,0,Not reported,V1: Not reported,V1:Not reported ,V1: Not reported ,V1: Passenger car,Not reported,Not reported,Not Reported,HENDRY STREET,342 BOWDOIN STREET / QUINCY STREET,,,,P2:Pedestrian,235861.8905,895379.9375
3962668,BOSTON,23-Sep-2014,5:20 PM,Property damage only (none injured),2,0,0,Rear-end,V1: Travelling straight ahead / V2:Travelling straight ahead,V1:Northbound / V2:Northbound ,V1: Collision with motor vehicle in traffic / V2: Collision with motor vehicle in traffic ,V1: Passenger car / V2:Passenger car,Dry,Daylight,Clear,,Rte 93 N / UNKNOWN,,Exit 23 on Rte 93 N,,,236957.4837,900943.9828
3969760,BOSTON,23-Sep-2014,5:41 PM,Non-fatal injury,1,1,0,Rear-end,V1: Not reported,V1:Not reported ,V1: Not reported ,V1: Not reported,Dry,Daylight,Clear/Clear,TALBOT AVENUE / WELLES AVENUE,,,,,"P2:Pedalcyclist (bicycle, tricycle, unicycle, pedal car)",235709.3749,893267.4998
3963618,BOSTON,23-Sep-2014,6:30 PM,Property damage only (none injured),2,0,0,"Sideswipe, same direction",V1: Changing lanes / V2:Travelling straight ahead,V1:Westbound / V2:Westbound ,V1: Not reported / V2: Not reported ,"V1: Passenger car / V2:Light truck(van, mini-van, panel, pickup, sport utility) with only four tires",Dry,Daylight,Clear,,MASSACHUSETTS TURNPIKE Rte 90 W / RAMP-RTS 93 NB/3 NB TO RT 90 WB,,,,,236014.6055,899684.9338
3954405,BOSTON (DORCHESTER),23-Sep-2014,9:05 PM,Property damage only (none injured),1,0,0,Single vehicle crash,V1: Travelling straight ahead,V1:Not reported ,V1: Collision with utility pole ,V1: Passenger car,Dry,Dark - lighted roadway,Clear/Clear,FREEPORT STREET / CLAYTON STREET,,,,,,236610.6874,894988.0624
3962833,BOSTON,24-Sep-2014,6:23 AM,Non-fatal injury,1,1,0,Single vehicle crash,V1: Not reported,V1:Eastbound ,V1: Collision with pedestrian ,V1: Passenger car,Dry,Dawn,Clear,,MORTON STREET Rte UNKNOW / 749,,,,P2:Pedestrian / P3:Pedestrian,233849.672,892677.932
3963752,BOSTON,24-Sep-2014,7:50 AM,Property damage only (none injured),1,0,0,"Sideswipe, same direction",V1: Turning right,V1:Northbound ,"V1: Collision with cyclist (bicycle, tricycle, unicycle, pedal car) ","V1: Single-unit truck (2-axle, 6-tire)",Dry,Daylight,Clear,BIRMINGHAM PARKWAY / WAVERLY STREET,,,,,"P1:Other non-motorist (wheelchair, etc.)",229147.3121,901213.7776
3964248,BOSTON (ROXBURY),24-Sep-2014,7:58 AM,Non-fatal injury,2,1,0,Rear-end,V1: Making U-turn / V2:Travelling straight ahead,V1:Northbound / V2:Northbound ,V1: Collision with motor vehicle in traffic / V2: Collision with motor vehicle in traffic ,V1: Passenger car / V2:Passenger car,Dry,Daylight,Clear/Clear,WARREN STREET / WOODBINE STREET,,,,,,234507.0469,896675.2499
4019709,BOSTON (ROXBURY),24-Sep-2014,9:05 AM,Not Reported,2,0,0,Rear-end,V1: Not reported / V2:Not reported,V1:Northbound / V2:Northbound ,V1: Not reported / V2: Not reported ,"V1: Passenger car / V2:Light truck(van, mini-van, panel, pickup, sport utility) with only four tires",Dry,Daylight,Cloudy,,300 feet N from Intersection 276 BLUE HILL AVENUE / QUINCY STREET,,,,,234754.3055,896184.5114
3962451,BOSTON,24-Sep-2014,9:07 AM,Property damage only (none injured),1,0,0,Single vehicle crash,V1: Travelling straight ahead,V1:Eastbound ,V1: Other ,V1: Passenger car,Dry,Daylight,Clear,,CONSTITUTION BEACH / COLERIDGE STREET,,,@ ENTRANCE TO CONSTITUTION BEACH,,240162.0427,903586.2307
3962669,BOSTON,24-Sep-2014,9:57 AM,Non-fatal injury,2,1,0,Rear-end,V1: Slowing or stopped in traffic / V2:Travelling straight ahead,V1:Eastbound / V2:Eastbound ,V1: Collision with motor vehicle in traffic / V2: Collision with motor vehicle in traffic ,V1: Passenger car / V2:Passenger car,Dry,Daylight,Clear,,MASSACHUSETTS TURNPIKE Rte 90 E,Rte 90  E Milemarker 134.5,,,,236532.2367,899644.332
3962805,BOSTON,24-Sep-2014,10:09 AM,Property damage only (none injured),4,0,0,Rear-end,V1: Travelling straight ahead / V2:Travelling straight ahead / V3:Travelling straight ahead / V4:Travelling straight ahead,V1:Northbound / V2:Northbound / V3:Northbound / V4:Not reported ,V1: Collision with motor vehicle in traffic / V2: Collision with motor vehicle in traffic / V3: Collision with motor vehicle in traffic / V4: Collision with motor vehicle in traffic ,V1: Passenger car / V2:Passenger car / V3:Passenger car / V4:Passenger car,Dry,Daylight,Clear,,Rte 93 N / UNKNOWN,,Exit 15 on Rte 93 N,,,236972.2496,896473.4282
3978084,BOSTON,24-Sep-2014,10:15 AM,Property damage only (none injured),2,0,0,Not reported,V1: Travelling straight ahead / V2:Parked,V1:Eastbound / V2:Not reported ,V1: Collision with parked motor vehicle / V2: Not reported ,"V1: Passenger car / V2:Light truck(van, mini-van, panel, pickup, sport utility) with only four tires",Not reported,Not reported,Not Reported,,43 BROOKFORD STREET,,,,,235029.9552,896507.752
3962670,BOSTON,24-Sep-2014,11:07 AM,Property damage only (none injured),2,0,0,Rear-end,V1: Slowing or stopped in traffic / V2:Slowing or stopped in traffic,V1:Southbound / V2:Southbound ,V1: Collision with motor vehicle in traffic / V2: Collision with motor vehicle in traffic ,"V1: Light truck(van, mini-van, panel, pickup, sport utility) with only four tires / V2:Passenger car",Dry,Daylight,Cloudy,,LEVERETT CONNECTOR SOUTH / LEVERETT CONNECTOR SOUTH,,,BOSTON GARDEN CURVE,,235981.9564,901927.347
3962316,BOSTON,24-Sep-2014,12:50 PM,Non-fatal injury,3,1,0,Rear-end,V1: Travelling straight ahead / V2:Travelling straight ahead / V3:Travelling straight ahead,V1:Southbound / V2:Southbound / V3:Southbound ,V1: Collision with motor vehicle in traffic / V2: Collision with motor vehicle in traffic / V3: Collision with motor vehicle in traffic ,V1: Passenger car / V2:Passenger car / V3:Passenger car,Dry,Daylight,Clear,,Rte 93 S / UNKNOWN,,Exit 15 on Rte 93 S,,,236629.6253,897168.5001
3962671,BOSTON,24-Sep-2014,3:31 PM,Property damage only (none injured),3,0,0,Rear-end,V1: Slowing or stopped in traffic / V2:Slowing or stopped in traffic / V3:Travelling straight ahead,V1:Northbound / V2:Northbound / V3:Northbound ,V1: Collision with motor vehicle in traffic / V2: Collision with motor vehicle in traffic / V3: Collision with motor vehicle in traffic ,"V1: Light truck(van, mini-van, panel, pickup, sport utility) with only four tires / V2:Light truck(van, mini-van, panel, pickup, sport utility) with only four tires / V3:Passenger car",Dry,Daylight,Clear,,1239 feet E from Intersection JOHN F FITZGERALD EXPRESSWAY Rte 1 N / INTERSTATE 93 Rte 93 N,,,ZAKIM BRIDGE,,235922.1233,902196.231
3963210,BOSTON,24-Sep-2014,4:00 PM,Property damage only (none injured),2,0,0,Angle,V1: Travelling straight ahead / V2:Changing lanes,V1:Eastbound / V2:Eastbound ,V1: Collision with motor vehicle in traffic / V2: Collision with motor vehicle in traffic ,"V1: Light truck(van, mini-van, panel, pickup, sport utility) with only four tires / V2:Single-unit truck (2-axle, 6-tire)",Dry,Daylight,Clear,,Rte 90 E,,Exit 18 on Rte 90 E,I/C 18/19,,230714.9765,900764.6942
3954785,BOSTON (ROSLINDALE),24-Sep-2014,4:10 PM,Non-fatal injury,2,1,0,"Sideswipe, opposite direction",V1: Travelling straight ahead / V2:Making U-turn,V1:Not reported / V2:Not reported ,V1: Not reported / V2: Not reported ,"V1: Passenger car / V2:Light truck(van, mini-van, panel, pickup, sport utility) with only four tires",Dry,Daylight,Clear,,487 HYDE PARK AVENUE,,,,,231423.994,892643.8835
3954890,BOSTON (HYDE PARK),24-Sep-2014,5:10 PM,Not Reported,2,0,0,Angle,V1: Travelling straight ahead / V2:Travelling straight ahead,V1:Southbound / V2:Eastbound ,V1: Collision with motor vehicle in traffic / V2: Collision with motor vehicle in traffic ,V1: Passenger car / V2:Passenger car,Dry,Daylight,Clear/Clear,,1841 HYDE PARK AVENUE,,,,,230345.3223,887370.5701
3971973,BOSTON,24-Sep-2014,6:00 PM,Property damage only (none injured),2,0,0,Angle,V1: Travelling straight ahead / V2:Turning left,V1:Westbound / V2:Northbound ,V1: Collision with motor vehicle in traffic / V2: Collision with motor vehicle in traffic ,"V1: Passenger car / V2:Light truck(van, mini-van, panel, pickup, sport utility) with only four tires",Dry,Daylight,Clear,,BIRMINGHAM PARKWAY Rte UNKNOW / NORTH BEACON STREET,,,,,228439.0628,900920.8752
3962263,BOSTON,24-Sep-2014,6:10 PM,Non-fatal injury,2,1,0,Rear-end,V1: Slowing or stopped in traffic / V2:Travelling straight ahead,V1:Southbound / V2:Southbound ,V1: Collision with motor vehicle in traffic / V2: Collision with moped ,"V1: Light truck(van, mini-van, panel, pickup, sport utility) with only four tires / V2:Passenger car",Dry,Daylight,Not Reported,STORROW DRIVE / RAMP-BOYLSTON ST/CHARLESGATE E TO STORRO,,,,@ BOWKER OVERPASS,,233992.7434,900260.9984
3963620,BOSTON,24-Sep-2014,7:16 PM,Property damage only (none injured),1,0,0,Single vehicle crash,V1: Travelling straight ahead,V1:Westbound ,V1: Collision with median barrier ,V1: Passenger car,Dry,Dark - lighted roadway,Clear,,RAMP-RT 90 WB TO RT 90 EB,,Exit 20 on Rte 90 W,,,231299.6994,900827.0554
3962672,BOSTON,24-Sep-2014,9:49 PM,Property damage only (none injured),2,0,0,Rear-end,V1: Slowing or stopped in traffic / V2:Travelling straight ahead,V1:Westbound / V2:Westbound ,V1: Collision with motor vehicle in traffic / V2: Collision with motor vehicle in traffic ,"V1: Light truck(van, mini-van, panel, pickup, sport utility) with only four tires / V2:Passenger car",Dry,Dark - lighted roadway,Clear,,Rte 90 W,,,,,232572.2182,899870.4883
3963732,BOSTON,25-Sep-2014,7:25 AM,Property damage only (none injured),1,0,0,Single vehicle crash,V1: Travelling straight ahead,V1:Westbound ,V1: Collision with overhead sign support ,V1: Single-unit truck (3-or-more axles),Dry,Daylight,Clear,,RAMP-STORROW DR WB TO BOYLSTON ST / RAMP-STORROW DR WB TO BOYLSTON ST,,,RAMP TO BOWKER/CHARLESGATE WEST,,233552.6021,900183.7866
3962675,BOSTON,25-Sep-2014,7:54 AM,Property damage only (none injured),2,0,0,"Sideswipe, same direction",V1: Changing lanes / V2:Travelling straight ahead,V1:Southbound / V2:Southbound ,V1: Collision with motor vehicle in traffic / V2: Collision with motor vehicle in traffic ,"V1: Passenger car / V2:Light truck(van, mini-van, panel, pickup, sport utility) with only four tires",Dry,Daylight,Clear,JOHN F FITZGERALD EXPRESSWAY Rte I93 S / RAMP-RTS 93 SB/3 SB TO RT 90 WB/PURCHASE,,,Exit 20B on Rte 93 S,,,236954.1212,900827.5807
3962674,BOSTON,25-Sep-2014,8:05 AM,Property damage only (none injured),2,0,0,"Sideswipe, same direction",V1: Travelling straight ahead / V2:Changing lanes,V1:Northbound / V2:Northbound ,V1: Collision with motor vehicle in traffic / V2: Collision with motor vehicle in traffic ,"V1: Light truck(van, mini-van, panel, pickup, sport utility) with only four tires / V2:Light truck(van, mini-van, panel, pickup, sport utility) with only four tires",Dry,Daylight,Clear,,Rte 93 N / UNKNOWN,,Exit 27 on Rte 93 N,,,235655.07,902467.5364
3962673,BOSTON,25-Sep-2014,8:10 AM,Non-fatal injury,3,1,0,Rear-end,V1: Changing lanes / V2:Travelling straight ahead / V3:Travelling straight ahead,V1:Westbound / V2:Westbound / V3:Eastbound ,V1: Collision with motor vehicle in traffic / V2: Collision with motor vehicle in traffic / V3: Collision with motor vehicle in traffic ,"V1: Passenger car / V2:Passenger car / V3:Light truck(van, mini-van, panel, pickup, sport utility) with only four tires",Dry,Daylight,Cloudy,,MASSACHUSETTS TURNPIKE Rte 90 W / UNKNOWN,Rte 90  W Milemarker 133.0,,,,234170.1927,899773.2896
3954403,BOSTON (DORCHESTER),25-Sep-2014,2:00 PM,Non-fatal injury,1,1,0,Head-on,V1: Turning left,V1:Not reported ,"V1: Collision with cyclist (bicycle, tricycle, unicycle, pedal car) ",V1: Passenger car,Dry,Daylight,Cloudy,DORCHESTER AVENUE / KIMBALL STREET,,,,,"P2:Pedalcyclist (bicycle, tricycle, unicycle, pedal car)",236347.2343,894957.0624
3962676,BOSTON,25-Sep-2014,3:18 PM,Property damage only (none injured),2,0,0,Rear-end,V1: Slowing or stopped in traffic / V2:Travelling straight ahead,V1:Northbound / V2:Northbound ,V1: Collision with motor vehicle in traffic / V2: Collision with motor vehicle in traffic ,"V1: Passenger car / V2:Light truck(van, mini-van, panel, pickup, sport utility) with only four tires",Dry,Daylight,Clear,,JOHN F FITZGERALD EXPRESSWAY Rte 93 N / RAMP-RTS 90/1A SB TO RTS 93 NB/3 NB,,,,,236752.0038,900433.4191
4041067,BOSTON (JAMAICA PLAIN),25-Sep-2014,7:50 PM,Non-fatal injury,2,2,0,Rear-end,V1: Slowing or stopped in traffic / V2:Travelling straight ahead,V1:Northbound / V2:Not reported ,V1: Collision with motor vehicle in traffic / V2: Collision with motor vehicle in traffic ,V1: Passenger car / V2:Passenger car,Dry,Dark - lighted roadway,Clear/Clear,HYDE PARK AVENUE / WALK HILL STREET,,,,,,231647.8279,894025.4374
3963625,BOSTON,25-Sep-2014,10:30 PM,Property damage only (none injured),2,0,0,Rear-end,V1: Travelling straight ahead / V2:Travelling straight ahead,V1:Westbound / V2:Westbound ,V1: Collision with motor vehicle in traffic / V2: Collision with motor vehicle in traffic ,"V1: Passenger car / V2:Light truck(van, mini-van, panel, pickup, sport utility) with only four tires",Dry,Dark - lighted roadway,Clear,,Rte 90 W,,,PRUDENTIAL TUNNEL,,,
3962806,BOSTON,26-Sep-2014,1:55 AM,Non-fatal injury,2,1,0,Rear-end,V1: Travelling straight ahead / V2:Travelling straight ahead,V1:Southbound / V2:Southbound ,V1: Collision with motor vehicle in traffic / V2: Collision with motor vehicle in traffic ,V1: Passenger car / V2:Passenger car,Dry,Dark - lighted roadway,Not Reported,,JOHN F FITZGERALD EXPRESSWAY Rte 93 S / SERGEANT WILLIAM G WALSH EXPRESSWAY Rte 3 S,,,RAMADA CUT OUT,,237628.57,892728.8889
3972953,BOSTON,26-Sep-2014,9:13 AM,Property damage only (none injured),1,0,0,Single vehicle crash,V1: Backing,V1:Northbound ,V1: Collision with light pole or other post/support ,"V1: Bus (seats for more than 15 people, including driver)",Dry,Daylight,Clear,,DRYDOCK AVENUE,,,,,238927.1668,899472.5918
3969372,BOSTON,26-Sep-2014,9:28 AM,Property damage only (none injured),2,0,0,Not reported,V1: Parked / V2:Travelling straight ahead,V1:Not reported / V2:Not reported ,V1: Other / V2: Collision with parked motor vehicle ,"V1: Passenger car / V2:Single-unit truck (2-axle, 6-tire)",Not reported,Not reported,Not Reported,SAVIN HILL AVENUE Rte 109 / SYDNEY STREET,709 SAVIN HILL AVENUE,,,,,236794.5456,895777.3652
3962317,BOSTON,26-Sep-2014,12:30 PM,Property damage only (none injured),2,0,0,Rear-end,V1: Slowing or stopped in traffic / V2:Travelling straight ahead,V1:Westbound / V2:Westbound ,V1: Collision with motor vehicle in traffic / V2: Collision with motor vehicle in traffic ,"V1: Passenger car / V2:Light truck(van, mini-van, panel, pickup, sport utility) with only four tires",Dry,Daylight,Clear,WILLIAM T MORRISSEY BOULEVARD / FREEPORT STREET,,,,,,237175.7655,894558.6875
3959893,BOSTON,26-Sep-2014,3:55 PM,Property damage only (none injured),2,0,0,Rear-end,V1: Unknown / V2:Unknown,V1:Southbound / V2:Southbound ,V1: Collision with motor vehicle in traffic / V2: Collision with motor vehicle in traffic ,"V1: Unknown heavy truck, cannot classify / V2:Passenger car",Dry,Daylight,Clear,RUTHERFORD AVENUE / CAMBRIDGE STREET,,,,,,235103.7143,903798.1873
3969763,BOSTON (DORCHESTER),26-Sep-2014,4:14 PM,Non-fatal injury,2,1,0,Angle,V1: Travelling straight ahead / V2:Travelling straight ahead,V1:Not reported / V2:Not reported ,V1: Collision with motor vehicle in traffic / V2: Collision with motor vehicle in traffic ,"V1: Passenger car / V2:Light truck(van, mini-van, panel, pickup, sport utility) with only four tires",Dry,Daylight,Clear,WELLESLEY PARK / PARK STREET,,,,,,235817.9532,894173.9998
3962318,BOSTON,26-Sep-2014,4:15 PM,Property damage only (none injured),2,0,0,Rear-end,V1: Travelling straight ahead / V2:Slowing or stopped in traffic,V1:Southbound / V2:Southbound ,V1: Collision with motor vehicle in traffic / V2: Collision with motor vehicle in traffic ,"V1: Passenger car / V2:Light truck(van, mini-van, panel, pickup, sport utility) with only four tires",Dry,Daylight,Clear,,Rte 93 S / UNKNOWN,,Exit 12 on Rte 93 S,,,237620.5493,892713.0989
3962807,BOSTON,26-Sep-2014,4:30 PM,Property damage only (none injured),2,0,0,Angle,V1: Travelling straight ahead / V2:Travelling straight ahead,V1:Eastbound / V2:Eastbound ,V1: Collision with motor vehicle in traffic / V2: Collision with motor vehicle in traffic ,V1: Passenger car / V2:Passenger car,Dry,Daylight,Clear,NEPONSET AVENUE Rte SR3A N / WILLIAM T MORRISSEY BOULEVARD Rte SR3A N,,,,@ NEPONSET CIRCLE,,237753.7034,892977.1251
3962781,BOSTON,26-Sep-2014,4:49 PM,Property damage only (none injured),3,0,0,Rear-end,V1: Travelling straight ahead / V2:Travelling straight ahead / V3:Travelling straight ahead,V1:Eastbound / V2:Eastbound / V3:Eastbound ,V1: Collision with motor vehicle in traffic / V2: Collision with motor vehicle in traffic / V3: Collision with motor vehicle in traffic ,"V1: Light truck(van, mini-van, panel, pickup, sport utility) with only four tires / V2:Passenger car / V3:Passenger car",Dry,Daylight,Clear,SOLDIERS FIELD ROAD / NORTH HARVARD STREET,,,,,,230992.3482,902048.2872
3962266,BOSTON,26-Sep-2014,4:53 PM,Property damage only (none injured),2,0,0,Rear-end,V1: Travelling straight ahead / V2:Travelling straight ahead,V1:Westbound / V2:Westbound ,V1: Collision with motor vehicle in traffic / V2: Collision with motor vehicle in traffic ,V1: Passenger car / V2:Passenger car,Dry,Daylight,Clear,,STORROW DRIVE / BERKELEY STREET,,,WEST OF BACK ST,,234787.0931,900577.3824
3976546,BOSTON,26-Sep-2014,5:20 PM,Non-fatal injury,2,1,0,Rear-end,V1: Slowing or stopped in traffic / V2:Slowing or stopped in traffic,V1:Not reported / V2:Not reported ,V1: Collision with motor vehicle in traffic / V2: Collision with motor vehicle in traffic ,V1: Passenger car / V2:Passenger car,Dry,Daylight,Clear,GALLIVAN BOULEVARD Rte SR203 E / WASHINGTON STREET,,,,,,235509.2971,892128.6873
3963458,BOSTON,26-Sep-2014,5:42 PM,Property damage only (none injured),2,0,0,"Sideswipe, same direction",V1: Changing lanes / V2:Changing lanes,V1:Southbound / V2:Southbound ,V1: Collision with motor vehicle in traffic / V2: Collision with motor vehicle in traffic ,"V1: Light truck(van, mini-van, panel, pickup, sport utility) with only four tires / V2:Passenger car",Dry,Daylight,Clear,,JOHN F FITZGERALD EXPRESSWAY Rte 93 S,,,SAVIN HILL OVERPASS,,236850.0904,895723.6352
3962677,BOSTON,26-Sep-2014,8:08 PM,Property damage only (none injured),2,0,0,Rear-end,V1: Slowing or stopped in traffic / V2:Travelling straight ahead,V1:Westbound / V2:Westbound ,V1: Collision with motor vehicle in traffic / V2: Collision with motor vehicle in traffic ,"V1: Light truck(van, mini-van, panel, pickup, sport utility) with only four tires / V2:Light truck(van, mini-van, panel, pickup, sport utility) with only four tires",Dry,Dark - lighted roadway,Clear,,HAUL ROAD / FRONTAGE ROAD,,Exit RAMP B on Rte UNKNOW,,,235965.9341,898254.3939
3972054,BOSTON,26-Sep-2014,8:28 PM,Property damage only (none injured),2,0,0,Rear-end,V1: Travelling straight ahead / V2:Travelling straight ahead,V1:Southbound / V2:Southbound ,V1: Collision with motor vehicle in traffic / V2: Collision with motor vehicle in traffic ,V1: Passenger car / V2:Passenger car,Dry,Dark - lighted roadway,Clear,,Rte 93 S / UNKNOWN,,Exit 15 on Rte 93 S,,,236629.6253,897168.5001
4041066,BOSTON,26-Sep-2014,8:46 PM,Non-fatal injury,2,2,0,Rear-end,V1: Travelling straight ahead / V2:Travelling straight ahead,V1:Northbound / V2:Northbound ,V1: Collision with motor vehicle in traffic / V2: Collision with motor vehicle in traffic ,"V1: Passenger car / V2:Light truck(van, mini-van, panel, pickup, sport utility) with only four tires",Dry,Dark - lighted roadway,Clear,,2055 COLUMBUS AVENUE,,,,,233298.9066,896020.6132
3963459,BOSTON,26-Sep-2014,9:05 PM,Property damage only (none injured),2,0,0,Angle,V1: Turning left / V2:Travelling straight ahead,V1:Northbound / V2:Southbound ,V1: Collision with motor vehicle in traffic / V2: Collision with motor vehicle in traffic ,"V1: Passenger car / V2:Light truck(van, mini-van, panel, pickup, sport utility) with only four tires",Dry,Dark - lighted roadway,Clear,,GALLIVAN BOULEVARD Rte UNKNOW / CARRUTH STREET,,,,,236300.7969,892454.3127
3962293,BOSTON,27-Sep-2014,00:00 AM,Property damage only (none injured),2,0,0,"Sideswipe, same direction",V1: Turning left / V2:Turning left,V1:Eastbound / V2:Eastbound ,V1: Collision with motor vehicle in traffic / V2: Collision with motor vehicle in traffic ,"V1: Light truck(van, mini-van, panel, pickup, sport utility) with only four tires / V2:Passenger car",Dry,Dark - lighted roadway,Clear,CAMBRIDGE STREET / RAMP-RT 90 TO CAMBRIDGE ST EB / RAMP-CAMBRIDGE ST TO SOLDIERS FIELD RD E,,,,CAMBRIDGE ST,,231486.2714,901228.6968
3969762,BOSTON (DORCHESTER),27-Sep-2014,2:41 AM,Not Reported,2,0,0,Angle,V1: Not reported / V2:Slowing or stopped in traffic,V1:Not reported / V2:Not reported ,V1: Not reported / V2: Collision with parked motor vehicle ,"V1: Passenger car / V2:Light truck(van, mini-van, panel, pickup, sport utility) with only four tires",Dry,Dark - lighted roadway,Clear/Clear,,15 NEWHALL STREET / COFFEY STREET,,,,,237017.344,893230.6875
3971923,BOSTON,27-Sep-2014,6:30 AM,Property damage only (none injured),1,0,0,Single vehicle crash,V1: Travelling straight ahead,V1:Northbound ,V1: Collision with fence ,V1: Passenger car,Dry,Dawn,Clear,,RIVERWAY Rte UNKNOW / 364,,,,,231989.01,898153.0376
3972055,BOSTON,27-Sep-2014,12:30 PM,Property damage only (none injured),4,0,0,Rear-end,V1: Travelling straight ahead / V2:Travelling straight ahead / V3:Slowing or stopped in traffic / V4:Travelling straight ahead,V1:Southbound / V2:Southbound / V3:Southbound / V4:Southbound ,V1: Collision with motor vehicle in traffic / V2: Collision with motor vehicle in traffic / V3: Collision with motor vehicle in traffic / V4: Collision with motor vehicle in traffic ,V1: Passenger car / V2:Passenger car / V3:Passenger car / V4:Passenger car,Dry,Daylight,Clear,,Rte 93 S / UNKNOWN,,Exit 15 on Rte 93 S,,,236629.6253,897168.5001