Crash Number,City/Town Name,Crash Date,Crash Time,Crash Severity,Number of Vehicles,Total Nonfatal Injuries,Total Fatal Injuries,Manner of Collision,Vehicle Action Prior to Crash,Vehicle Travel Directions,Most Harmful Events,Vehicle Configuration,Road Surface Condition,Ambient Light,Weather Condition,At Roadway Intersection,Distance from Nearest Roadway Intersection,Distance from Nearest Milemarker,Distance from Nearest Exit,Distance from Nearest Landmark,Non Motorist Type,X Coordinate,Y Coordinate
3962678,BOSTON,27-Sep-2014,12:33 PM,Property damage only (none injured),2,0,0,Angle,V1: Travelling straight ahead / V2:Turning right,V1:Northbound / V2:Northbound ,V1: Collision with motor vehicle in traffic / V2: Collision with motor vehicle in traffic ,"V1: Light truck(van, mini-van, panel, pickup, sport utility) with only four tires / V2:Passenger car",Dry,Daylight,Clear,,Rte 93 N / UNKNOWN,,Exit 23 on Rte 93 N,,,236957.4837,900943.9828
3963798,BOSTON,27-Sep-2014,8:17 PM,Property damage only (none injured),2,0,0,Angle,V1: Travelling straight ahead / V2:Entering traffic lane,V1:Westbound / V2:Westbound ,V1: Collision with motor vehicle in traffic / V2: Collision with motor vehicle in traffic ,"V1: Passenger car / V2:Light truck(van, mini-van, panel, pickup, sport utility) with only four tires",Dry,Dark - lighted roadway,Clear,ADAMS STREET / GALLIVAN BOULEVARD Rte SR203W W / FREDERIKA STREET,,,,,,236418.328,892500.1249
3963736,BOSTON,28-Sep-2014,2:53 AM,Non-fatal injury,4,1,0,Rear-end,V1: Slowing or stopped in traffic / V2:Travelling straight ahead / V3:Travelling straight ahead / V4:Travelling straight ahead,V1:Eastbound / V2:Eastbound / V3:Eastbound / V4:Eastbound ,V1: Collision with motor vehicle in traffic / V2: Collision with motor vehicle in traffic / V3: Collision with motor vehicle in traffic / V4: Collision with motor vehicle in traffic ,V1: Passenger car / V2:Passenger car / V3:Passenger car / V4:Passenger car,Dry,Dark - lighted roadway,Clear,,STORROW DRIVE Rte 28 N / EMBANKMENT ROAD Rte 28 N,,,0 feet W from LONGFELLOW BRIDGE,,235253.105,901116.7248
3962809,BOSTON,28-Sep-2014,5:57 AM,Property damage only (none injured),1,0,0,Single vehicle crash,V1: Turning left,V1:Southbound ,V1: Collision with utility pole ,V1: Passenger car,Dry,Dawn,Clear,FREEPORT STREET / WILLIAM T MORRISSEY BOULEVARD,,,,,,237274.9061,893669.5626
3964111,BOSTON,28-Sep-2014,10:15 AM,Property damage only (none injured),2,0,0,Angle,V1: Changing lanes / V2:Travelling straight ahead,V1:Northbound / V2:Northbound ,V1: Collision with motor vehicle in traffic / V2: Collision with motor vehicle in traffic ,"V1: Passenger car / V2:Light truck(van, mini-van, panel, pickup, sport utility) with only four tires",Dry,Daylight,Clear,,KELLEY CIRCLE,,,,,231171.232,895985.5591
3962679,BOSTON,28-Sep-2014,1:24 PM,Property damage only (none injured),2,0,0,Rear-end,V1: Travelling straight ahead / V2:Slowing or stopped in traffic,V1:Southbound / V2:Southbound ,V1: Collision with motor vehicle in traffic / V2: Collision with motor vehicle in traffic ,"V1: Passenger car / V2:Light truck(van, mini-van, panel, pickup, sport utility) with only four tires",Dry,Dark - lighted roadway,Not Reported,,JOHN F FITZGERALD EXPRESSWAY Rte 93 S / RAMP-N WASHINGTON ST TO RTS 93 SB/3 SB,,,SOUTH OF EXIT 23,,236859.6783,901146.0264
3963626,BOSTON,28-Sep-2014,4:00 PM,Property damage only (none injured),4,0,0,Rear-end,V1: Slowing or stopped in traffic / V2:Slowing or stopped in traffic / V3:Slowing or stopped in traffic / V4:Travelling straight ahead,V1:Northbound / V2:Northbound / V3:Northbound / V4:Northbound ,V1: Collision with motor vehicle in traffic / V2: Collision with motor vehicle in traffic / V3: Collision with motor vehicle in traffic / V4: Collision with motor vehicle in traffic ,"V1: Passenger car / V2:Passenger car / V3:Light truck(van, mini-van, panel, pickup, sport utility) with only four tires / V4:Light truck(van, mini-van, panel, pickup, sport utility) with only four tires",Dry,Daylight,Clear,,Rte 93 S,,Exit 23 on Rte 93 S,,,236856.2793,901152.8251
3963451,BOSTON,28-Sep-2014,8:07 PM,Non-fatal injury,2,1,0,Angle,V1: Turning right / V2:Travelling straight ahead,V1:Westbound / V2:Northbound ,V1: Collision with motor vehicle in traffic / V2: Collision with motor vehicle in traffic ,V1: Passenger car / V2:Passenger car,Dry,Dark - lighted roadway,Cloudy,PARK DRIVE / BROOKLINE AVENUE,,,,,,232742.1496,899278.3204
3962841,BOSTON,28-Sep-2014,10:40 PM,Non-fatal injury,1,1,0,Single vehicle crash,V1: Travelling straight ahead,V1:Southbound ,V1: Collision with tree ,"V1: Light truck(van, mini-van, panel, pickup, sport utility) with only four tires",Dry,Dark - lighted roadway,Clear,ENNEKING PARKWAY BRANCH / LA GRANGE STREET,,,,,,229395.1252,891436.3748
3972056,BOSTON,28-Sep-2014,11:15 PM,Property damage only (none injured),2,0,0,"Sideswipe, same direction",V1: Travelling straight ahead / V2:Travelling straight ahead,V1:Southbound / V2:Southbound ,V1: Collision with motor vehicle in traffic / V2: Collision with motor vehicle in traffic ,"V1: Passenger car / V2:Light truck(van, mini-van, panel, pickup, sport utility) with only four tires",Dry,Daylight,Clear,,Rte 93 S / UNKNOWN,,Exit 15 on Rte 93 S,,,236629.6253,897168.5001
3962319,BOSTON,28-Sep-2014,11:30 PM,Property damage only (none injured),2,0,0,"Sideswipe, same direction",V1: Turning right / V2:Parked,V1:Eastbound / V2:Southbound ,V1: Collision with parked motor vehicle / V2: Collision with motor vehicle in traffic ,"V1: Passenger car / V2:Light truck(van, mini-van, panel, pickup, sport utility) with only four tires",Dry,Dark - lighted roadway,Clear,PARK STREET / EVERETT STREET,,,,,,236813.7031,894712.8752
3962680,BOSTON,29-Sep-2014,2:15 AM,Property damage only (none injured),1,0,0,Single vehicle crash,V1: Travelling straight ahead,V1:Northbound ,V1: Collision with median barrier ,V1: Passenger car,Dry,Dark - lighted roadway,Clear,,JOHN F FITZGERALD EXPRESSWAY Rte 93 N / RAMP-RTS 93 NB/3 NB TO NORTH ST STREET,,,,,236960.0145,900935.6716
3962681,BOSTON,29-Sep-2014,7:28 AM,Property damage only (none injured),2,0,0,Rear-end,V1: Travelling straight ahead / V2:Travelling straight ahead,V1:Westbound / V2:Westbound ,V1: Collision with motor vehicle in traffic / V2: Collision with motor vehicle in traffic ,"V1: Light truck(van, mini-van, panel, pickup, sport utility) with only four tires / V2:Light truck(van, mini-van, panel, pickup, sport utility) with only four tires",Dry,Daylight,Clear,,MASSACHUSETTS TURNPIKE Rte 90 W / RAMP-HARBORSIDE DR TO RT 90 WB,,,,,239072.9572,901058.8677
3963627,BOSTON,29-Sep-2014,7:30 AM,Property damage only (none injured),2,0,0,"Sideswipe, same direction",V1: Travelling straight ahead / V2:Changing lanes,V1:Westbound / V2:Westbound ,V1: Collision with motor vehicle in traffic / V2: Collision with motor vehicle in traffic ,V1: Tractor/semi-trailer / V2:Passenger car,Dry,Daylight,Clear,,Rte 90 W,,Exit 20 on Rte 90 W,,,231452.5043,900558.3731
4038191,BOSTON (SOUTH BOSTON),29-Sep-2014,12:15 PM,Not Reported,2,0,0,Rear-end,V1: Backing / V2:Parked,V1:Not reported / V2:Not reported ,V1: Collision with parked motor vehicle / V2: Not reported ,"V1: Light truck(van, mini-van, panel, pickup, sport utility) with only four tires / V2:Motorcycle",Dry,Daylight,Clear,,5 ALLSTATE ROAD,,,,,235898.9634,897263.8646
3964249,BOSTON (ROXBURY),29-Sep-2014,2:05 PM,Non-fatal injury,2,1,0,"Sideswipe, opposite direction",V1: Travelling straight ahead / V2:Travelling straight ahead,V1:Southbound / V2:Not reported ,V1: Collision with moped / V2: Collision with motor vehicle in traffic ,"V1: Motorcycle / V2:Light truck(van, mini-van, panel, pickup, sport utility) with only four tires",Not reported,Daylight,Clear,EUSTIS STREET / HARRISON AVENUE,,,,,,234541.8905,897925.3127
3962682,BOSTON,29-Sep-2014,2:24 PM,Property damage only (none injured),3,0,0,Rear-end,V1: Slowing or stopped in traffic / V2:Slowing or stopped in traffic / V3:Travelling straight ahead,V1:Northbound / V2:Not reported / V3:Northbound ,V1: Collision with motor vehicle in traffic / V2: Collision with motor vehicle in traffic / V3: Collision with motor vehicle in traffic ,"V1: Light truck(van, mini-van, panel, pickup, sport utility) with only four tires / V2:Light truck(van, mini-van, panel, pickup, sport utility) with only four tires / V3:Light truck(van, mini-van, panel, pickup, sport utility) with only four tires",Dry,Daylight,Clear,,LEVERETT CONNECTOR NORTH,,,,,234895.7825,903184.9884
3962320,BOSTON,29-Sep-2014,2:52 PM,Property damage only (none injured),2,0,0,Rear-end,V1: Slowing or stopped in traffic / V2:Travelling straight ahead,V1:Northbound / V2:Northbound ,V1: Collision with motor vehicle in traffic / V2: Collision with motor vehicle in traffic ,"V1: Passenger car / V2:Light truck(van, mini-van, panel, pickup, sport utility) with only four tires",Dry,Daylight,Clear,,Rte 93 N / UNKNOWN,,Exit 11 on Rte 93 N,,,237094.7253,891674.8051
3962683,BOSTON,29-Sep-2014,3:40 PM,Non-fatal injury,2,1,0,Rear-end,V1: Slowing or stopped in traffic / V2:Travelling straight ahead,V1:Southbound / V2:Southbound ,V1: Collision with motor vehicle in traffic / V2: Collision with motor vehicle in traffic ,V1: Passenger car / V2:Passenger car,Dry,Daylight,Cloudy,,Rte 93 S / UNKNOWN,,Exit 24 on Rte 93 S,,,236397.1933,901565.6511
3962684,BOSTON,29-Sep-2014,4:15 PM,Non-fatal injury,2,1,0,Rear-end,V1: Slowing or stopped in traffic / V2:Travelling straight ahead,V1:Southbound / V2:Southbound ,V1: Collision with motor vehicle in traffic / V2: Collision with motor vehicle in traffic ,"V1: Passenger car / V2:Light truck(van, mini-van, panel, pickup, sport utility) with only four tires",Dry,Daylight,Cloudy,,Rte 93 S / UNKNOWN,,Exit 23 on Rte 93 S,,,236856.2793,901152.8251
3971976,BOSTON,29-Sep-2014,8:42 PM,Property damage only (none injured),2,0,0,Angle,V1: Travelling straight ahead / V2:Turning left,V1:Eastbound / V2:Westbound ,V1: Collision with motor vehicle in traffic / V2: Collision with motor vehicle in traffic ,V1: Passenger car / V2:Passenger car,Dry,Dark - lighted roadway,Cloudy,,WESTERN AVENUE Rte UNKNOW / BIRMINGHAM PARKWAY,,,,,229180.0376,901281.697
3967094,BOSTON,30-Sep-2014,3:33 AM,Property damage only (none injured),2,0,0,Unknown,V1: Travelling straight ahead / V2:Parked,V1:Northbound / V2:Not reported ,V1: Collision with parked motor vehicle / V2: Not reported ,V1: Passenger car / V2:Passenger car,Dry,Dark - lighted roadway,Clear,,171 FOSTER STREET,,,,,228206.7025,899434.6474
3963799,BOSTON,30-Sep-2014,6:10 AM,Property damage only (none injured),2,0,0,Rear-end,V1: Slowing or stopped in traffic / V2:Travelling straight ahead,V1:Southbound / V2:Southbound ,V1: Collision with motor vehicle in traffic / V2: Collision with motor vehicle in traffic ,"V1: Light truck(van, mini-van, panel, pickup, sport utility) with only four tires / V2:Bus (seats for more than 15 people, including driver)",Dry,Dawn,Clear,,Rte 93 S,,Exit 15 on Rte 93,,,236629.6253,897168.5001
3969378,BOSTON (DORCHESTER),30-Sep-2014,8:08 AM,Property damage only (none injured),2,0,0,Single vehicle crash,V1: Parked / V2:Travelling straight ahead,V1:Not reported / V2:Not reported ,V1: Collision with motor vehicle in traffic / V2: Collision with parked motor vehicle ,"V1: Bus (seats for 7-15 people, including driver) / V2:Unknown vehicle configuration",Wet,Daylight,Rain/Rain,KING STREET / ADAMS STREET,,,,,,236508.1251,893722.0626
3955614,BOSTON,30-Sep-2014,8:50 AM,Property damage only (none injured),1,0,0,Not reported,V1: Turning left,V1:Not reported ,V1: Collision with pedestrian ,"V1: Light truck(van, mini-van, panel, pickup, sport utility) with only four tires",Wet,Daylight,Cloudy/Rain,ARLINGTON STREET / STUART STREET,,,,,P2:Pedestrian,235437.0314,900050.5623
3964253,BOSTON (ROXBURY),30-Sep-2014,9:00 AM,Non-fatal injury,2,1,0,"Sideswipe, opposite direction",V1: Turning left / V2:Travelling straight ahead,V1:Northbound / V2:Southbound ,V1: Collision with moped / V2: Collision with motor vehicle in traffic ,V1: Passenger car / V2:MOPED,Wet,Daylight,Rain/Rain,COLUMBIA ROAD / DEVON STREET,,,,,,234951.4531,895318.5001
3962847,BOSTON,30-Sep-2014,9:26 AM,Non-fatal injury,2,2,0,Angle,V1: Entering traffic lane / V2:Travelling straight ahead,V1:Not reported / V2:Not reported ,V1: Collision with motor vehicle in traffic / V2: Collision with motor vehicle in traffic ,V1: Passenger car / V2:Passenger car,Wet,Daylight,Rain,,TRUMAN HIGHWAY Rte UNKNOW / WARREN AVENUE,,,,,231543.9742,889275.6682
3963737,BOSTON,30-Sep-2014,10:28 AM,Property damage only (none injured),2,0,0,Rear-end,V1: Slowing or stopped in traffic / V2:Travelling straight ahead,V1:Westbound / V2:Westbound ,V1: Collision with motor vehicle in traffic / V2: Collision with motor vehicle in traffic ,V1: Passenger car / V2:Passenger car,Wet,Daylight,Cloudy/Rain,,EMBANKMENT ROAD Rte 28 S / CHARLES STREET Rte 3 N,,,LEE POOL,,235413.4224,901625.6054
3971977,BOSTON,30-Sep-2014,10:54 AM,Property damage only (none injured),3,0,0,Rear-end,V1: Travelling straight ahead / V2:Slowing or stopped in traffic / V3:Slowing or stopped in traffic,V1:Westbound / V2:Westbound / V3:Westbound ,V1: Collision with motor vehicle in traffic / V2: Collision with motor vehicle in traffic / V3: Collision with motor vehicle in traffic ,"V1: Passenger car / V2:Passenger car / V3:Light truck(van, mini-van, panel, pickup, sport utility) with only four tires",Wet,Daylight,Rain,,SOLDIERS FIELD ROAD / RAMP-SOLDIERS FIELD RD WB TO N HARVARD S,,Exit WEST O on Rte UNKNOW W,,,231139.6587,902002.4409
3962685,BOSTON,30-Sep-2014,11:11 AM,Property damage only (none injured),2,0,0,Rear-end,V1: Slowing or stopped in traffic / V2:Travelling straight ahead,V1:Southbound / V2:Southbound ,V1: Collision with motor vehicle in traffic / V2: Collision with motor vehicle in traffic ,"V1: Light truck(van, mini-van, panel, pickup, sport utility) with only four tires / V2:Passenger car",Dry,Daylight,Clear,,RAMP-RT 93 TO RTS 3 NB/28 SB (STORROW DR Rte 3 N,,Exit 26 on Rte 93 S,,,235646.5143,901891.1504
3973020,BOSTON,30-Sep-2014,12:35 PM,Property damage only (none injured),1,0,0,Single vehicle crash,V1: Travelling straight ahead,V1:Eastbound ,V1: Collision with highway traffic sign post ,"V1: Single-unit truck (2-axle, 6-tire)",Dry,Daylight,Cloudy,,STORROW DRIVE / CHARLESGATE WEST,,,SILBER WAY FOOTBRIDGE,,232900.3437,900121.5098
3963738,BOSTON,30-Sep-2014,12:50 PM,Property damage only (none injured),1,0,0,Single vehicle crash,V1: Travelling straight ahead,V1:Eastbound ,V1: Collision with guardrail ,V1: Passenger car,Wet,Daylight,Cloudy/Rain,,STORROW DRIVE Rte 28 N / EMBANKMENT ROAD Rte 28 N,,,@ CHARLES CIRCLE,,235235.2673,901216.9467
3962267,BOSTON,30-Sep-2014,1:20 PM,Property damage only (none injured),1,0,0,Single vehicle crash,V1: Travelling straight ahead,V1:Westbound ,V1: Collision with guardrail ,"V1: Light truck(van, mini-van, panel, pickup, sport utility) with only four tires",Wet,Daylight,Cloudy/Rain,,RAMP-RTS 3/3A TO RT 28 SB / CHARLES STREET CIRCLE,,,CHARLESCIRCLE RAMP,,235303.7582,901433.2545
3962686,BOSTON,30-Sep-2014,1:52 PM,Property damage only (none injured),2,0,0,Rear-end,V1: Slowing or stopped in traffic / V2:Travelling straight ahead,V1:Southbound / V2:Southbound ,V1: Collision with motor vehicle in traffic / V2: Collision with motor vehicle in traffic ,"V1: Light truck(van, mini-van, panel, pickup, sport utility) with only four tires / V2:Passenger car",Dry,Daylight,Clear,,RAMP-RT 93 NB/SUMNER TUNL TO RT 3 NB (ST Rte 3 N,,Exit 26 on Rte 93 S,,,235777.4076,901857.7394
3962268,BOSTON,30-Sep-2014,4:30 PM,Property damage only (none injured),3,0,0,Rear-end,V1: Changing lanes / V2:Travelling straight ahead / V3:Slowing or stopped in traffic,V1:Southbound / V2:Southbound / V3:Southbound ,V1: Collision with motor vehicle in traffic / V2: Collision with motor vehicle in traffic / V3: Collision with motor vehicle in traffic ,"V1: Light truck(van, mini-van, panel, pickup, sport utility) with only four tires / V2:Passenger car / V3:Passenger car",Wet,Daylight,Cloudy,,MURRAY CIRCLE / ARBORWAY,,,OPP. 18 THE ARBORWAY,,231161.0573,895484.5682
3963800,BOSTON,30-Sep-2014,4:30 PM,Property damage only (none injured),3,0,0,Rear-end,V1: Travelling straight ahead / V2:Slowing or stopped in traffic / V3:Slowing or stopped in traffic,V1:Northbound / V2:Northbound / V3:Northbound ,V1: Collision with motor vehicle in traffic / V2: Collision with motor vehicle in traffic / V3: Collision with motor vehicle in traffic ,"V1: Single-unit truck (2-axle, 6-tire) / V2:Light truck(van, mini-van, panel, pickup, sport utility) with only four tires / V3:Light truck(van, mini-van, panel, pickup, sport utility) with only four tires",Wet,Daylight,Rain,,Rte 93 N / VICTORY ROAD,,Exit 13 on Rte 93 N,VICTORY RD,,237315.9723,894340.1175
3962784,BOSTON,30-Sep-2014,5:04 PM,Property damage only (none injured),1,0,0,Single vehicle crash,V1: Changing lanes,V1:Westbound ,V1: Collision with guardrail ,V1: Passenger car,Wet,Daylight,Cloudy/Rain,,SOLDIERS FIELD ROAD Rte UNKNOW W / NORTH HARVARD STREET,,,,,230992.3482,902048.2872
3993533,BOSTON (CHARLESTOWN),30-Sep-2014,8:50 PM,Not Reported,1,0,0,Single vehicle crash,V1: Not reported,V1:Westbound ,V1: Not reported ,"V1: Light truck(van, mini-van, panel, pickup, sport utility) with only four tires",Wet,Dark - lighted roadway,Rain,SPICE STREET / CAMBRIDGE STREET,,,,,,234965.6535,903759.4237
3969761,BOSTON (DORCHESTER),30-Sep-2014,8:57 PM,Property damage only (none injured),3,0,0,Rear-end,V1: Travelling straight ahead / V2:Parked / V3:Parked,V1:Not reported / V2:Not reported / V3:Not reported ,V1: Collision with parked motor vehicle / V2: Collision with parked motor vehicle / V3: Collision with parked motor vehicle ,"V1: Light truck(van, mini-van, panel, pickup, sport utility) with only four tires / V2:Light truck(van, mini-van, panel, pickup, sport utility) with only four tires / V3:Passenger car",Wet,Dark - lighted roadway,Rain,,229 PARK STREET,,,,,236000.3895,894242.7656
3962688,BOSTON,01-Oct-2014,7:29 AM,Property damage only (none injured),2,0,0,Rear-end,V1: Slowing or stopped in traffic / V2:Other,V1:Southbound / V2:Southbound ,V1: Collision with motor vehicle in traffic / V2: Collision with motor vehicle in traffic ,"V1: Light truck(van, mini-van, panel, pickup, sport utility) with only four tires / V2:Light truck(van, mini-van, panel, pickup, sport utility) with only four tires",Wet,Daylight,Rain,,RAMP-RTS 93 SB/3 SB TO SB FRONTAGE RD/MA,,Exit 18 on Rte 93 S,,,235787.1492,898495.2663
3971924,BOSTON,01-Oct-2014,8:15 AM,Non-fatal injury,2,1,0,Angle,V1: Travelling straight ahead / V2:Travelling straight ahead,V1:Southbound / V2:Eastbound ,V1: Collision with motor vehicle in traffic / V2: Collision with motor vehicle in traffic ,"V1: Light truck(van, mini-van, panel, pickup, sport utility) with only four tires / V2:Passenger car",Wet,Daylight,Rain,CHARLESGATE WEST / COMMONWEALTH AVENUE,,,,,,233546.2737,899931.2545
3962687,BOSTON,01-Oct-2014,8:15 AM,Property damage only (none injured),2,0,0,Rear-end,V1: Slowing or stopped in traffic / V2:Slowing or stopped in traffic,V1:Southbound / V2:Southbound ,V1: Collision with motor vehicle in traffic / V2: Collision with motor vehicle in traffic ,V1: Passenger car / V2:Passenger car,Wet,Daylight,Rain,,Rte 93 S / UNKNOWN,,Exit 23 on Rte 93 S,,,236856.2793,901152.8251
3971925,BOSTON,01-Oct-2014,10:08 AM,Non-fatal injury,1,1,0,"Sideswipe, opposite direction",V1: Turning right,V1:Westbound ,"V1: Collision with cyclist (bicycle, tricycle, unicycle, pedal car) ",V1: Passenger car,Wet,Daylight,Not Reported,MASSACHUSETTS AVENUE Rte SR2A W / RAMP-STORROW DR WB TO RT 2A WB / MASSACHUSETTS AVENUE Rte SR2A E,,,,,"P2:Pedalcyclist (bicycle, tricycle, unicycle, pedal car)",233784.834,900223.7079
3962689,BOSTON,01-Oct-2014,11:16 AM,Property damage only (none injured),1,0,0,Single vehicle crash,V1: Travelling straight ahead,V1:Northbound ,V1: Other ,"V1: Light truck(van, mini-van, panel, pickup, sport utility) with only four tires",Wet,Daylight,Rain,,RAMP-RT 3 SB/LEVERETT CIR TO RTS 93 NB/1 / STORROW DRIVE Rte 3A S,,,SN TUNNEL,,235631.5169,901861.1666
3974998,BOSTON (DORCHESTER),01-Oct-2014,11:33 AM,Not Reported,2,0,0,"Sideswipe, same direction",V1: Travelling straight ahead / V2:Parked,V1:Southbound / V2:Not reported ,V1: Not reported / V2: Not reported ,"V1: Light truck(van, mini-van, panel, pickup, sport utility) with only four tires / V2:Passenger car",Dry,Daylight,Cloudy,ADAMS STREET / PARKMAN STREET,,,,,,236563.6567,894184.9157
4021497,BOSTON,01-Oct-2014,12:25 PM,Not Reported,2,0,0,Not reported,V1: Not reported / V2:Not reported,V1:Not reported / V2:Not reported ,V1: Not reported / V2: Not reported ,V1: Passenger car / V2:Passenger car,Not reported,Not reported,Not Reported,ALBANY STREET / EAST NEWTON STREET,,,,,,235428.9065,898470.2502
3962690,BOSTON,01-Oct-2014,12:29 PM,Property damage only (none injured),1,0,0,Single vehicle crash,V1: Slowing or stopped in traffic,V1:Westbound ,V1: Collision with median barrier ,V1: Passenger car,Wet,Daylight,Rain,,RAMP-RTS 90 WB/1A SB TO RTS 93 SB/3 SB Rte 1A S / RAMP-RTS 90/1A SB TO RTS 93 SB/3 SB Rte 1A S,,,D RAMP,,236362.5234,899903.6491
3964254,BOSTON,01-Oct-2014,12:44 PM,Not Reported,3,0,0,Not reported,V1: Turning left / V2:Parked / V3:Parked,V1:Not reported / V2:Not reported / V3:Not reported ,V1: Not reported / V2: Collision with parked motor vehicle / V3: Collision with parked motor vehicle ,"V1: Light truck(van, mini-van, panel, pickup, sport utility) with only four tires / V2:Passenger car / V3:Passenger car",Wet,Dark - lighted roadway,Rain/Rain,HIGHLAND STREET / FULDA STREET,,,,,,233400.5626,897040.0002
3964255,BOSTON (ROXBURY),01-Oct-2014,1:28 PM,Non-fatal injury,1,1,0,Single vehicle crash,V1: Travelling straight ahead,V1:Not reported ,V1: Collision with pedestrian ,V1: Passenger car,Wet,Daylight,Cloudy/Cloudy,DUDLEY STREET / WARREN STREET,,,,,P3:Pedestrian,234332.2501,897657.1251
3962691,BOSTON,01-Oct-2014,1:57 PM,Non-fatal injury,2,2,0,Angle,V1: Travelling straight ahead / V2:Travelling straight ahead,V1:Northbound / V2:Northbound ,V1: Collision with motor vehicle in traffic / V2: Reported but invalid ,"V1: Light truck(van, mini-van, panel, pickup, sport utility) with only four tires / V2:Light truck(van, mini-van, panel, pickup, sport utility) with only four tires",Wet,Daylight,Rain,,Rte 93 N / UNKNOWN,,Exit 20 on Rte 93 N,AT IIRAMP,,235935.6734,898219.8317
3955733,BOSTON,01-Oct-2014,2:50 PM,Not Reported,2,0,0,Single vehicle crash,V1: Not reported / V2:Not reported,V1:Not reported / V2:Not reported ,V1: Not reported / V2: Not reported ,"V1: Passenger car / V2:Unknown heavy truck, cannot classify",Wet,Dark - lighted roadway,Rain,ATLANTIC AVENUE / SUMMER STREET,,,,,,236630.702,900331.4409
3971978,BOSTON,01-Oct-2014,2:58 PM,Property damage only (none injured),1,0,0,Single vehicle crash,V1: Travelling straight ahead,V1:Eastbound ,V1: Collision with median barrier ,V1: Passenger car,Dry,Daylight,Cloudy,,STORROW DRIVE / RAMP-STORROW DR EB TO BOYLSTON ST,,,,,233497.0547,900127.5643
3971979,BOSTON,01-Oct-2014,3:09 PM,Property damage only (none injured),2,0,0,Rear-end,V1: Travelling straight ahead / V2:Slowing or stopped in traffic,V1:Eastbound / V2:Eastbound ,V1: Collision with motor vehicle in traffic / V2: Collision with motor vehicle in traffic ,"V1: Light truck(van, mini-van, panel, pickup, sport utility) with only four tires / V2:Passenger car",Dry,Daylight,Cloudy,,RAMP-STORROW DR EB TO BOYLSTON ST,,,,,233413.9044,900097.8874
3963628,BOSTON,01-Oct-2014,3:16 PM,Property damage only (none injured),2,0,0,Rear-end,V1: Travelling straight ahead / V2:Slowing or stopped in traffic,V1:Southbound / V2:Southbound ,V1: Collision with motor vehicle in traffic / V2: Collision with motor vehicle in traffic ,V1: Passenger car / V2:Passenger car,Dry,Daylight,Clear,,LEVERETT CIRCLE CONNECTOR / LEVERETT CIRCLE,,,SN-TUNNEL,,235663.3717,901874.5894
3962692,BOSTON,01-Oct-2014,3:20 PM,Property damage only (none injured),2,0,0,Rear-end,V1: Travelling straight ahead / V2:Slowing or stopped in traffic,V1:Northbound / V2:Northbound ,V1: Collision with motor vehicle in traffic / V2: Collision with motor vehicle in traffic ,"V1: Light truck(van, mini-van, panel, pickup, sport utility) with only four tires / V2:Light truck(van, mini-van, panel, pickup, sport utility) with only four tires",Wet,Daylight,Not Reported,,JOHN F FITZGERALD EXPRESSWAY Rte 93 N / INTERSTATE 93 Rte 93 N,,,ZAKIM BRIDGE,,235921.2866,902197.3137
3962297,BOSTON,01-Oct-2014,3:29 PM,Property damage only (none injured),1,0,0,Single vehicle crash,V1: Travelling straight ahead,V1:Southbound ,V1: Collision with guardrail ,V1: Passenger car,Wet,Daylight,Cloudy/Rain,,SOLDIERS FIELD ROAD / RAMP-CAMBRIDGE ST TO SOLDIERS FIELD RD E,,,UNDER THE RIVER ST OVERPASS,,231496.689,901232.1526
3962269,BOSTON,01-Oct-2014,4:38 PM,Property damage only (none injured),2,0,0,Rear-end,V1: Slowing or stopped in traffic / V2:Travelling straight ahead,V1:Westbound / V2:Westbound ,V1: Collision with motor vehicle in traffic / V2: Collision with motor vehicle in traffic ,"V1: Passenger car / V2:Light truck(van, mini-van, panel, pickup, sport utility) with only four tires",Wet,Daylight,Rain,,STORROW DRIVE Rte 28 S / CHARLES STREET Rte 3 N,,,LEDERMAN PARK,,235422.637,901652.209
3962693,BOSTON,01-Oct-2014,4:40 PM,Property damage only (none injured),2,0,0,Rear-end,V1: Travelling straight ahead / V2:Slowing or stopped in traffic,V1:Westbound / V2:Westbound ,V1: Collision with motor vehicle in traffic / V2: Collision with motor vehicle in traffic ,"V1: Passenger car / V2:Light truck(van, mini-van, panel, pickup, sport utility) with only four tires",Dry,Daylight,Clear,,MASSACHUSETTS TURNPIKE Rte 90 W / RAMP-RT 90 WB TO CAMBRIDGE ST,,Exit I/C 19 on Rte 90 W,,,231505.9261,900472.1276
3962786,BOSTON,01-Oct-2014,4:58 PM,Property damage only (none injured),1,0,0,Single vehicle crash,V1: Travelling straight ahead,V1:Westbound ,V1: Collision with guardrail ,"V1: Light truck(van, mini-van, panel, pickup, sport utility) with only four tires",Wet,Daylight,Cloudy/Rain,,SOLDIERS FIELD ROAD Rte UNKNOW W / NORTH HARVARD STREET,,,,,230992.3482,902048.2872