Crash Number,City/Town Name,Crash Date,Crash Time,Crash Severity,Number of Vehicles,Total Nonfatal Injuries,Total Fatal Injuries,Manner of Collision,Vehicle Action Prior to Crash,Vehicle Travel Directions,Most Harmful Events,Vehicle Configuration,Road Surface Condition,Ambient Light,Weather Condition,At Roadway Intersection,Distance from Nearest Roadway Intersection,Distance from Nearest Milemarker,Distance from Nearest Exit,Distance from Nearest Landmark,Non Motorist Type,X Coordinate,Y Coordinate
3962298,BOSTON,01-Oct-2014,5:32 PM,Non-fatal injury,2,1,0,Angle,V1: Turning left / V2:Turning left,V1:Northbound / V2:Northbound ,V1: Collision with motor vehicle in traffic / V2: Collision with motor vehicle in traffic ,"V1: Light truck(van, mini-van, panel, pickup, sport utility) with only four tires / V2:Passenger car",Wet,Dusk,Cloudy/Rain,,RAMP-SOLDIERS FIELD RD WB TO CAMBRIDGE S / CAMBRIDGE STREET,,,AT CAMBRIDGE STREET,,231514.6517,901234.3578
3962694,BOSTON,01-Oct-2014,6:07 PM,Property damage only (none injured),1,0,0,Single vehicle crash,V1: Travelling straight ahead,V1:Northbound ,V1: Collision with median barrier ,"V1: Light truck(van, mini-van, panel, pickup, sport utility) with only four tires",Wet,Dawn,Rain,,Rte 93 N / UNKNOWN,,Exit 20 on Rte 93 N,,,235935.6734,898219.8317
3962695,BOSTON,01-Oct-2014,7:58 PM,Non-fatal injury,1,1,0,Single vehicle crash,V1: Travelling straight ahead,V1:Northbound ,V1: Collision with median barrier ,"V1: Light truck(van, mini-van, panel, pickup, sport utility) with only four tires",Wet,Dark - lighted roadway,Cloudy,,Rte 93 N / UNKNOWN,,Exit 23 on Rte 93 N,,,236957.4837,900943.9828
3962270,BOSTON,01-Oct-2014,8:09 PM,Property damage only (none injured),2,0,0,Rear-end,V1: Slowing or stopped in traffic / V2:Travelling straight ahead,V1:Eastbound / V2:Eastbound ,V1: Collision with motor vehicle in traffic / V2: Collision with motor vehicle in traffic ,"V1: Light truck(van, mini-van, panel, pickup, sport utility) with only four tires / V2:Passenger car",Wet,Dark - lighted roadway,Rain,,RAMP-RTS 3/3A TO RT 28 SB / CHARLES STREET CIRCLE,,,CHARLES ST. E/B PRIOR TO LEVERET,,235328.8012,901420.1209
3962696,BOSTON,01-Oct-2014,8:20 PM,Property damage only (none injured),3,0,0,Angle,V1: Travelling straight ahead / V2:Travelling straight ahead / V3:Travelling straight ahead,V1:Northbound / V2:Eastbound / V3:Eastbound ,V1: Collision with motor vehicle in traffic / V2: Collision with motor vehicle in traffic / V3: Collision with motor vehicle in traffic ,V1: Passenger car / V2:Passenger car / V3:Passenger car,Wet,Dark - lighted roadway,Rain,,FRONTAGE ROAD Rte UNKNOW N / BROADWAY,,,,,236165.6755,899351.7012
3963802,BOSTON,01-Oct-2014,9:10 PM,Property damage only (none injured),1,0,0,Single vehicle crash,V1: Leaving traffic lane,V1:Westbound ,V1: Collision with light pole or other post/support ,V1: Passenger car,Wet,Dark - lighted roadway,Rain,,GALLIVAN BOULEVARD / HALLET STREET,,,TURNAROUND AT HALLET ST GALLIVAN,,237384.4843,892709.3752
3962697,BOSTON,01-Oct-2014,10:27 PM,Property damage only (none injured),2,0,0,Angle,V1: Travelling straight ahead / V2:Travelling straight ahead,V1:Northbound / V2:Northbound ,V1: Collision with motor vehicle in traffic / V2: Collision with motor vehicle in traffic ,"V1: Passenger car / V2:Light truck(van, mini-van, panel, pickup, sport utility) with only four tires",Wet,Dark - lighted roadway,Rain,,JOHN F FITZGERALD EXPRESSWAY Rte 93 N / RAMP-RT 93 NB TO RT 3 NB (STORROW DR) Rte 3A N,,,NORTH OF D RAMP MERGE,,236335.5939,901689.0104
3962698,BOSTON,01-Oct-2014,11:19 PM,Property damage only (none injured),1,0,0,Single vehicle crash,V1: Travelling straight ahead,V1:Northbound ,V1: Collision with motor vehicle in traffic ,V1: Passenger car,Wet,Dark - lighted roadway,Rain,,JOHN F FITZGERALD EXPRESSWAY Rte 93 N / RAMP-RTS 93 NB/3 NB TO NORTH ST STREET,,Exit 23 on Rte 93 N,,,237004.4904,900731.4471
3962699,BOSTON,01-Oct-2014,11:30 PM,Property damage only (none injured),2,0,0,Rear-end,V1: Travelling straight ahead / V2:Slowing or stopped in traffic,V1:Northbound / V2:Northbound ,V1: Collision with motor vehicle in traffic / V2: Collision with motor vehicle in traffic ,"V1: Passenger car / V2:Light truck(van, mini-van, panel, pickup, sport utility) with only four tires",Wet,Dark - lighted roadway,Rain,,0 feet N from Intersection JOHN F FITZGERALD EXPRESSWAY Rte 93 N / RAMP-RTS 90/1A SB TO RTS 93 NB/3 NB,,,RAMP D MERGE,,236586.4758,900220.5405
3963629,BOSTON,02-Oct-2014,1:13 AM,Property damage only (none injured),1,0,0,Single vehicle crash,V1: Travelling straight ahead,V1:Northbound ,V1: Collision with work zone maintenance equipment ,V1: Truck/trailer,Wet,Dark - lighted roadway,Rain,,Rte 93 N,,Exit 20 on Rte 93 N,,,235935.6734,898219.8317
3962700,BOSTON,02-Oct-2014,5:01 AM,Non-fatal injury,1,1,0,Single vehicle crash,V1: Travelling straight ahead,V1:Northbound ,V1: Collision with motor vehicle in traffic ,"V1: Light truck(van, mini-van, panel, pickup, sport utility) with only four tires",Wet,Dark - lighted roadway,Rain,,0 feet N from Intersection JOHN F FITZGERALD EXPRESSWAY Rte 93 N / RAMP-RTS 90/1A SB TO RTS 93 NB/3 NB,,,O'NEIL TUNNEL AT RAMP D,,236586.4974,900220.5994
4038783,BOSTON (JAMAICA PLAIN),02-Oct-2014,5:48 AM,Non-fatal injury,2,1,0,Not reported,V1: Travelling straight ahead / V2:Travelling straight ahead,V1:Not reported / V2:Not reported ,V1: Not reported / V2: Not reported ,"V1: Light truck(van, mini-van, panel, pickup, sport utility) with only four tires / V2:Light truck(van, mini-van, panel, pickup, sport utility) with only four tires",Not reported,Not reported,Not Reported,WASHINGTON STREET / NEW WASHINGTON STREET,,,,,,231981.1809,894658.9212
3962701,BOSTON,02-Oct-2014,6:01 AM,Non-fatal injury,1,1,0,Single vehicle crash,V1: Travelling straight ahead,V1:Northbound ,V1: Collision with motor vehicle in traffic ,V1: Passenger car,Wet,Dark - lighted roadway,Rain,JOHN F FITZGERALD EXPRESSWAY Rte I93 N / RAMP-RTS 90/1A SB TO RTS 93 NB/3 NB,,,,AT RAMP D,,236586.4586,900220.4936
3973021,BOSTON,02-Oct-2014,6:40 AM,Property damage only (none injured),1,0,0,Single vehicle crash,V1: Turning left,V1:Westbound ,V1: Collision with guardrail ,V1: Passenger car,Wet,Daylight,Rain,,SOLDIERS FIELD ROAD / NORTH HARVARD STREET,,,0 feet E from N.HARVARD STREET,,230992.3482,902048.2872
3975357,BOSTON (DORCHESTER),02-Oct-2014,7:30 AM,Non-fatal injury,2,2,0,Angle,V1: Travelling straight ahead / V2:Turning left,V1:Not reported / V2:Not reported ,V1: Collision with motor vehicle in traffic / V2: Collision with motor vehicle in traffic ,V1: Passenger car / V2:Passenger car,Wet,Daylight,Rain,DORCHESTER AVENUE / BAILEY STREET,,,,,,235913.6716,892792.1252
3962272,BOSTON,02-Oct-2014,8:30 AM,Property damage only (none injured),2,0,0,Rear-end,V1: Slowing or stopped in traffic / V2:Slowing or stopped in traffic,V1:Northbound / V2:Northbound ,V1: Collision with motor vehicle in traffic / V2: Collision with motor vehicle in traffic ,"V1: Passenger car / V2:Light truck(van, mini-van, panel, pickup, sport utility) with only four tires",Dry,Daylight,Cloudy,,FENWAY Rte UNKNOW / 22,,,,,233753.4433,899571.097
3971980,BOSTON,02-Oct-2014,8:36 AM,Property damage only (none injured),1,0,0,Single vehicle crash,V1: Travelling straight ahead,V1:Westbound ,V1: Collision with guardrail ,V1: Passenger car,Wet,Daylight,Cloudy,,SOLDIERS FIELD ROAD Rte UNKNOW W / NORTH HARVARD STREET,,,,,230992.3482,902048.2872
3973611,BOSTON,02-Oct-2014,8:59 AM,Property damage only (none injured),1,0,0,Single vehicle crash,V1: Travelling straight ahead,V1:Westbound ,V1: Collision with guardrail ,V1: Passenger car,Wet,Daylight,Rain,,736 SOLDIERS FIELD ROAD,,,0 feet W from NEWELL BOATHOUSE,,230849.8317,902113.0281
3963803,BOSTON,02-Oct-2014,9:46 AM,Property damage only (none injured),2,0,0,"Sideswipe, same direction",V1: Changing lanes / V2:Travelling straight ahead,V1:Northbound / V2:Northbound ,V1: Collision with motor vehicle in traffic / V2: Collision with motor vehicle in traffic ,V1: Passenger car / V2:Truck/trailer,Wet,Daylight,Rain,,Rte 93 N,,Exit 13 on Rte 93 N,@ EXIT #13,,237420.1414,894076.5227
3962273,BOSTON,02-Oct-2014,10:40 AM,Non-fatal injury,3,1,0,"Sideswipe, opposite direction",V1: Travelling straight ahead / V2:Travelling straight ahead / V3:Travelling straight ahead,V1:Northbound / V2:Southbound / V3:Northbound ,V1: Collision with motor vehicle in traffic / V2: Collision with motor vehicle in traffic / V3: Collision with motor vehicle in traffic ,"V1: Passenger car / V2:Light truck(van, mini-van, panel, pickup, sport utility) with only four tires / V3:Passenger car",Wet,Daylight,Not Reported,,JAMAICAWAY Rte UNKNOW / CASTLETON STREET,,,,,231727.8592,897080.9377
3962702,BOSTON,02-Oct-2014,11:01 AM,Property damage only (none injured),2,0,0,Rear-end,V1: Travelling straight ahead / V2:Slowing or stopped in traffic,V1:Southbound / V2:Southbound ,V1: Collision with motor vehicle in traffic / V2: Collision with motor vehicle in traffic ,"V1: Passenger car / V2:Light truck(van, mini-van, panel, pickup, sport utility) with only four tires",Dry,Daylight,Cloudy,,Rte 93 S / UNKNOWN,,Exit 24 on Rte 93 S,,,236397.1933,901565.6511
3977856,BOSTON,02-Oct-2014,11:10 AM,Property damage only (none injured),1,0,0,Single vehicle crash,V1: Travelling straight ahead,V1:Eastbound ,V1: Collision with curb ,V1: Passenger car,Wet,Daylight,Rain,,STORROW DRIVE Rte 28 N / RAMP-RT 28 NB (STORROW DR) TO RTS 93 NB/,,,MASS EYE AND EAR,,235345.1011,901434.2908
3963630,BOSTON,02-Oct-2014,12:30 PM,Property damage only (none injured),2,0,0,"Sideswipe, same direction",V1: Travelling straight ahead / V2:Travelling straight ahead,V1:Southbound / V2:Southbound ,V1: Collision with motor vehicle in traffic / V2: Collision with motor vehicle in traffic ,"V1: Passenger car / V2:Single-unit truck (2-axle, 6-tire)",Dry,Daylight,Clear,,JOHN F FITZGERALD EXPRESSWAY Rte 93 S,0 feet S  from Rte 93  S Milemarker 17.8,,TIP ONIEL TUNNEL,,236474.7846,901476.4092
3962850,BOSTON,02-Oct-2014,1:50 PM,Non-fatal injury,1,1,0,"Sideswipe, same direction",V1: Travelling straight ahead,V1:Northbound ,V1: Collision with motor vehicle in traffic ,"V1: Light truck(van, mini-van, panel, pickup, sport utility) with only four tires",Dry,Daylight,Cloudy,,MORTON STREET Rte UNKNOW / FOREST HILLS AVENUE,,,,,232598.4532,894496.6249
3973501,BOSTON,02-Oct-2014,3:56 PM,Property damage only (none injured),2,0,0,"Sideswipe, same direction",V1: Travelling straight ahead / V2:Changing lanes,V1:Westbound / V2:Westbound ,V1: Collision with motor vehicle in traffic / V2: Collision with motor vehicle in traffic ,"V1: Light truck(van, mini-van, panel, pickup, sport utility) with only four tires / V2:Passenger car",Dry,Daylight,Cloudy,,Rte 203 / CENTRE STREET,,,CENTRE STREET ROTARY,,231269.4377,895461.1869
3975354,BOSTON (DORCHESTER),02-Oct-2014,5:29 PM,Non-fatal injury,2,2,0,Angle,V1: Not reported / V2:Travelling straight ahead,V1:Not reported / V2:Not reported ,V1: Not reported / V2: Collision with motor vehicle in traffic ,V1: Not reported / V2:Passenger car,Dry,Daylight,Cloudy,LEVANT STREET / TEBROC STREET,,,,,,235466.2814,894851.7501
3975351,BOSTON (DORCHESTER),02-Oct-2014,9:29 PM,Not Reported,1,0,0,Head-on,V1: Not reported,V1:Eastbound ,V1: Collision with pedestrian ,"V1: Light truck(van, mini-van, panel, pickup, sport utility) with only four tires",Not reported,Dark - lighted roadway,"Fog, smog, smoke/Cloudy",ASHMONT STREET / DORCHESTER AVENUE,,,,,P2:Pedestrian,235981.2121,892919.3766
3962274,BOSTON,02-Oct-2014,11:25 PM,Property damage only (none injured),1,0,0,"Sideswipe, opposite direction",V1: Travelling straight ahead,V1:Southbound ,V1: Other ,V1: Passenger car,Dry,Dark - lighted roadway,Clear,,JAMAICAWAY Rte UNKNOW / 291,,,,,231582.995,896926.2207
3962299,BOSTON,03-Oct-2014,8:13 AM,Non-fatal injury,3,1,0,Rear-end,V1: Changing lanes / V2:Travelling straight ahead / V3:Travelling straight ahead,V1:Westbound / V2:Westbound / V3:Westbound ,V1: Collision with motor vehicle in traffic / V2: Collision with motor vehicle in traffic / V3: Collision with motor vehicle in traffic ,"V1: Passenger car / V2:Light truck(van, mini-van, panel, pickup, sport utility) with only four tires / V3:Light truck(van, mini-van, panel, pickup, sport utility) with only four tires",Dry,Daylight,Not Reported,SOLDIERS FIELD ROAD / NORTH BEACON STREET Rte US20 W / PARSONS STREET,,,,IHOP,,228152.7188,900975.5
3962703,BOSTON,03-Oct-2014,8:50 AM,Property damage only (none injured),1,0,0,Single vehicle crash,V1: Travelling straight ahead,V1:Northbound ,V1: Collision with motor vehicle in traffic ,V1: Passenger car,Dry,Daylight,Clear,,Rte 93 N / UNKNOWN,,Exit 26 on Rte 93 N,,,236402.7433,901600.0342
3962275,BOSTON,03-Oct-2014,11:05 AM,Property damage only (none injured),2,0,0,"Sideswipe, same direction",V1: Overtaking/passing / V2:Travelling straight ahead,V1:Eastbound / V2:Eastbound ,V1: Collision with motor vehicle in traffic / V2: Collision with motor vehicle in traffic ,V1: Motorcycle / V2:Passenger car,Not reported,Daylight,Not Reported,,STORROW DRIVE Rte 28 N / REVERE STREET,,,REVERE ST,,235247.8428,901081.1575
3963740,BOSTON,03-Oct-2014,11:15 AM,Non-fatal injury,2,1,0,Head-on,V1: Travelling straight ahead / V2:Turning left,V1:Southbound / V2:Northbound ,V1: Collision with motor vehicle in traffic / V2: Collision with motor vehicle in traffic ,"V1: Light truck(van, mini-van, panel, pickup, sport utility) with only four tires / V2:Passenger car",Wet,Daylight,Cloudy,,RIVERWAY / LONGWOOD AVENUE,,,,,232142.9084,898941.3686
3972059,BOSTON,03-Oct-2014,11:16 AM,Property damage only (none injured),2,0,0,"Sideswipe, same direction",V1: Travelling straight ahead / V2:Travelling straight ahead,V1:Northbound / V2:Northbound ,V1: Collision with motor vehicle in traffic / V2: Collision with motor vehicle in traffic ,"V1: Light truck(van, mini-van, panel, pickup, sport utility) with only four tires / V2:Passenger car",Dry,Daylight,Clear,WILLIAM T MORRISSEY BOULEVARD,,,,NEPONSET CIRCLE,,237748.0939,892935.1877
3964912,BOSTON,03-Oct-2014,11:19 AM,Non-fatal injury,3,1,0,Rear-end,V1: Travelling straight ahead / V2:Slowing or stopped in traffic / V3:Slowing or stopped in traffic,V1:Eastbound / V2:Eastbound / V3:Eastbound ,V1: Collision with motor vehicle in traffic / V2: Collision with motor vehicle in traffic / V3: Collision with motor vehicle in traffic ,"V1: Light truck(van, mini-van, panel, pickup, sport utility) with only four tires / V2:Passenger car / V3:Light truck(van, mini-van, panel, pickup, sport utility) with only four tires",Dry,Daylight,Clear/Clear,,595 COMMONWEALTH AVENUE,,,,,232952.4839,899944.4054
3964258,BOSTON (ROXBURY),03-Oct-2014,11:30 AM,Non-fatal injury,2,1,0,Rear-end,V1: Slowing or stopped in traffic / V2:Travelling straight ahead,V1:Southbound / V2:Southbound ,V1: Collision with motor vehicle in traffic / V2: Collision with motor vehicle in traffic ,V1: Passenger car / V2:Passenger car,Dry,Daylight,Clear/Clear,WALNUT AVENUE / DALE STREET,,,,,,234153.5155,896841.8127
3964257,BOSTON,03-Oct-2014,12:08 PM,Non-fatal injury,2,2,0,Angle,V1: Travelling straight ahead / V2:Travelling straight ahead,V1:Westbound / V2:Southbound ,V1: Not reported / V2: Not reported ,V1: Passenger car / V2:Passenger car,Dry,Daylight,Clear,COLUMBIA ROAD / GENEVA AVENUE,,,,,,234772.375,895147.9375
3963631,BOSTON,03-Oct-2014,4:20 PM,Non-fatal injury,3,1,0,Rear-end,V1: Travelling straight ahead / V2:Slowing or stopped in traffic / V3:Not reported,V1:Southbound / V2:Southbound / V3:Not reported ,V1: Collision with motor vehicle in traffic / V2: Collision with motor vehicle in traffic / V3: Not reported ,V1: Passenger car / V2:Passenger car / V3:Not reported,Dry,Daylight,Cloudy,,JOHN F FITZGERALD EXPRESSWAY Rte 93 S,,,ZAKIM BRIDGE,,235946.299,902137.4221
4041605,BOSTON (JAMAICA PLAIN),03-Oct-2014,5:00 PM,Property damage only (none injured),1,0,0,Angle,V1: Turning left,V1:Eastbound ,"V1: Collision with cyclist (bicycle, tricycle, unicycle, pedal car) ",V1: Passenger car,Dry,Daylight,Clear/Cloudy,CENTRE STREET / BEAUFORT ROAD,,,,,,231839.9063,896293.6251
3971981,BOSTON,03-Oct-2014,7:55 PM,Property damage only (none injured),3,0,0,Rear-end,V1: Slowing or stopped in traffic / V2:Slowing or stopped in traffic / V3:Travelling straight ahead,V1:Westbound / V2:Westbound / V3:Westbound ,V1: Collision with motor vehicle in traffic / V2: Collision with motor vehicle in traffic / V3: Collision with motor vehicle in traffic ,"V1: Light truck(van, mini-van, panel, pickup, sport utility) with only four tires / V2:Passenger car / V3:Passenger car",Dry,Dark - lighted roadway,Cloudy,,STORROW DRIVE / RAMP-BEACON/BOYLSTON STS TO STORROW DR W,,,WEST OF THE BOWKER,,233284.9058,900098.7977
3962704,BOSTON,04-Oct-2014,00:00 AM,Non-fatal injury,1,2,0,Single vehicle crash,V1: Travelling straight ahead,V1:Northbound ,V1: Reported but invalid ,V1: Passenger car,Wet,Dark - lighted roadway,Rain,,Rte 93 N / UNKNOWN,,Exit 23 on Rte 93 N,,,236957.4837,900943.9828
3971734,BOSTON,04-Oct-2014,3:20 AM,Not Reported,1,0,0,Single vehicle crash,V1: Travelling straight ahead,V1:Northbound ,V1: Collision with median barrier ,"V1: Light truck(van, mini-van, panel, pickup, sport utility) with only four tires",Dry,Dark - lighted roadway,Clear,,CALLAHAN TUNNEL / RAMP-NORTH ST TO CALLAHAN TUNL TUNNEL,,,CALLAHAN TUNNEL ENTRANCE,,236749.2739,901445.2118
3969785,BOSTON,04-Oct-2014,5:11 AM,Not Reported,5,0,0,Not reported,V1: Not reported / V2:Parked / V3:Not reported / V4:Not reported / V5:Not reported,V1:Not reported / V2:Not reported / V3:Not reported / V4:Not reported / V5:Not reported ,V1: Not reported / V2: Not reported / V3: Not reported / V4: Not reported / V5: Not reported ,V1: Passenger car / V2:Passenger car / V3:Passenger car / V4:Passenger car / V5:Passenger car,Not reported,Not reported,Not Reported,COLUMBIA ROAD / GENEVA AVENUE,,,,,,234772.375,895147.9375
3962788,BOSTON,04-Oct-2014,8:15 AM,Property damage only (none injured),2,0,0,Rear-end,V1: Travelling straight ahead / V2:Slowing or stopped in traffic,V1:Westbound / V2:Westbound ,V1: Collision with motor vehicle in traffic / V2: Collision with motor vehicle in traffic ,"V1: Passenger car / V2:Light truck(van, mini-van, panel, pickup, sport utility) with only four tires",Wet,Daylight,Rain,EVERETT STREET / SOLDIERS FIELD ROAD,,,,,,230032.9845,901646.3752
3962851,BOSTON,04-Oct-2014,9:15 AM,Property damage only (none injured),3,0,0,Rear-end,V1: Travelling straight ahead / V2:Slowing or stopped in traffic / V3:Slowing or stopped in traffic,V1:Northbound / V2:Northbound / V3:Northbound ,V1: Collision with motor vehicle in traffic / V2: Collision with motor vehicle in traffic / V3: Collision with motor vehicle in traffic ,"V1: Passenger car / V2:Light truck(van, mini-van, panel, pickup, sport utility) with only four tires / V3:Light truck(van, mini-van, panel, pickup, sport utility) with only four tires",Wet,Daylight,Cloudy/Rain,,TRUMAN HIGHWAY Rte UNKNOW / FAIRMOUNT AVENUE,,,,,231503.1562,889184.7498
3963741,BOSTON,04-Oct-2014,9:48 AM,Non-fatal injury,2,2,0,Head-on,V1: Travelling straight ahead / V2:Travelling straight ahead,V1:Southbound / V2:Northbound ,V1: Collision with motor vehicle in traffic / V2: Collision with motor vehicle in traffic ,"V1: Light truck(van, mini-van, panel, pickup, sport utility) with only four tires / V2:Passenger car",Wet,Daylight,Cloudy,,JAMAICAWAY / LOCHSTEAD AVENUE,,,,,231615.7341,896526.2506
3962300,BOSTON,04-Oct-2014,10:25 AM,Property damage only (none injured),1,0,0,Single vehicle crash,V1: Travelling straight ahead,V1:Westbound ,V1: Collision with guardrail ,V1: Passenger car,Wet,Daylight,Cloudy,,SOLDIERS FIELD ROAD Rte UNKNOW W / NORTH HARVARD STREET,,,,,230992.3482,902048.2872
3962276,BOSTON,04-Oct-2014,10:54 AM,Non-fatal injury,1,1,0,Single vehicle crash,V1: Travelling straight ahead,V1:Eastbound ,V1: Collision with median barrier ,V1: Passenger car,Wet,Daylight,Not Reported,,STORROW DRIVE Rte 28 N / REVERE STREET,,,REVERE ST,,235248.0924,901082.4886
3962277,BOSTON,04-Oct-2014,1:00 PM,Property damage only (none injured),2,0,0,"Sideswipe, opposite direction",V1: Travelling straight ahead / V2:Turning left,V1:Westbound / V2:Eastbound ,V1: Collision with motor vehicle in traffic / V2: Collision with motor vehicle in traffic ,V1: Passenger car / V2:Passenger car,Wet,Daylight,Rain,,JAMAICAWAY Rte UNKNOW / PERKINS STREET,,,,,231606.1562,896796.9999
3962705,BOSTON,04-Oct-2014,4:00 PM,Property damage only (none injured),3,0,0,Rear-end,V1: Travelling straight ahead / V2:Slowing or stopped in traffic / V3:Slowing or stopped in traffic,V1:Northbound / V2:Northbound / V3:Northbound ,V1: Collision with motor vehicle in traffic / V2: Collision with motor vehicle in traffic / V3: Collision with motor vehicle in traffic ,"V1: Passenger car / V2:Light truck(van, mini-van, panel, pickup, sport utility) with only four tires / V3:Passenger car",Dry,Daylight,Clear,,Rte 93 N / UNKNOWN,,Exit 20 on Rte 93 N,,,235935.6734,898219.8317
3962278,BOSTON,04-Oct-2014,4:14 PM,Property damage only (none injured),3,0,0,Rear-end,V1: Slowing or stopped in traffic / V2:Slowing or stopped in traffic / V3:Travelling straight ahead,V1:Westbound / V2:Westbound / V3:Westbound ,V1: Collision with motor vehicle in traffic / V2: Collision with motor vehicle in traffic / V3: Collision with motor vehicle in traffic ,V1: Passenger car / V2:Passenger car / V3:Passenger car,Wet,Daylight,Cloudy/Rain,,STORROW DRIVE Rte 28 S / RAMP-RTS 3/3A TO RT 28 SB,,,STORROW DR W/B AT LEE POOL.,,235200.273,901323.1991
3962789,BOSTON,04-Oct-2014,4:45 PM,Property damage only (none injured),1,0,0,Single vehicle crash,V1: Travelling straight ahead,V1:Westbound ,V1: Collision with guardrail ,V1: Passenger car,Wet,Daylight,Cloudy/Rain,,SOLDIERS FIELD ROAD Rte UNKNOW W / NORTH HARVARD STREET,,,,,230992.3482,902048.2872
3962707,BOSTON,04-Oct-2014,4:48 PM,Non-fatal injury,2,1,0,Rear-end,V1: Travelling straight ahead / V2:Slowing or stopped in traffic,V1:Southbound / V2:Southbound ,V1: Collision with motor vehicle in traffic / V2: Collision with motor vehicle in traffic ,V1: Passenger car / V2:Passenger car,Wet,Daylight,Rain,,JOHN F FITZGERALD EXPRESSWAY Rte 93 S / RAMP-RT 1 SB (TOBIN BRG) TO RT 93 SB Rte 1 S,,,LOWER DECK,,235739.1963,902363.1853
3962852,BOSTON,04-Oct-2014,4:50 PM,Property damage only (none injured),2,0,0,Angle,V1: Turning left / V2:Overtaking/passing,V1:Westbound / V2:Eastbound ,V1: Collision with motor vehicle in traffic / V2: Collision with motor vehicle in traffic ,"V1: Light truck(van, mini-van, panel, pickup, sport utility) with only four tires / V2:Passenger car",Wet,Daylight,Cloudy/Rain,,NEPONSET VALLEY PARKWAY Rte UNKNOW / COLCHESTER STREET,,,,,230620.9489,887393.1149
3962706,BOSTON,04-Oct-2014,4:57 PM,Property damage only (none injured),2,0,0,Rear-end,V1: Slowing or stopped in traffic / V2:Travelling straight ahead,V1:Southbound / V2:Southbound ,V1: Collision with motor vehicle in traffic / V2: Collision with motor vehicle in traffic ,"V1: Light truck(van, mini-van, panel, pickup, sport utility) with only four tires / V2:Light truck(van, mini-van, panel, pickup, sport utility) with only four tires",Wet,Daylight,Rain,,JOHN F FITZGERALD EXPRESSWAY Rte 93 S / RAMP-RT 1 SB (TOBIN BRG) TO RT 93 SB Rte 1 S,,,LOWER DECK,,235728.7613,902373.0307
3963441,BOSTON,04-Oct-2014,5:00 PM,Property damage only (none injured),2,0,0,Angle,V1: Travelling straight ahead / V2:Turning left,V1:Southbound / V2:Eastbound ,V1: Collision with motor vehicle in traffic / V2: Collision with motor vehicle in traffic ,V1: Passenger car / V2:Passenger car,Wet,Daylight,Rain,,RAMP-SURFACE ARTERY TO RTS 93 SB/3 SB / JOHN F FITZGERALD EXPRESSWAY Rte 3A S,,,KNEELAND ST ON RAMP,,236283.7176,900046.8714
3963807,BOSTON,04-Oct-2014,8:10 PM,Property damage only (none injured),4,0,0,Rear-end,V1: Travelling straight ahead / V2:Travelling straight ahead / V3:Travelling straight ahead / V4:Not reported,V1:Southbound / V2:Southbound / V3:Southbound / V4:Southbound ,V1: Collision with motor vehicle in traffic / V2: Collision with motor vehicle in traffic / V3: Collision with motor vehicle in traffic / V4: Collision with motor vehicle in traffic ,"V1: Light truck(van, mini-van, panel, pickup, sport utility) with only four tires / V2:Light truck(van, mini-van, panel, pickup, sport utility) with only four tires / V3:Passenger car / V4:Passenger car",Wet,Dark - lighted roadway,Rain,,Rte 93 S,,Exit 12 on Rte 93 S,,,237620.5493,892713.0989
3964112,BOSTON,04-Oct-2014,9:15 PM,Property damage only (none injured),3,0,0,Not reported,V1: Not reported / V2:Not reported / V3:Not reported,V1:Not reported / V2:Not reported / V3:Not reported ,V1: Not reported / V2: Not reported / V3: Not reported ,"V1: Light truck(van, mini-van, panel, pickup, sport utility) with only four tires / V2:Light truck(van, mini-van, panel, pickup, sport utility) with only four tires / V3:Passenger car",Not reported,Not reported,Not Reported,,SOLDIERS FIELD ROAD / RAMP-SOLDIERS FIELD RD WB TO CAMBRIDGE S,,,DOUBLE TREE,,231517.8767,901121.5467
3967095,BOSTON (BRIGHTON),04-Oct-2014,9:50 PM,Not Reported,1,0,0,Single vehicle crash,V1: Travelling straight ahead,V1:Not reported ,V1: Unknown ,V1: Passenger car,Wet,Dark - lighted roadway,Rain,COMMONWEALTH AVENUE / HARVARD AVENUE,,,,,,230403.9531,900047.9373
3962301,BOSTON,04-Oct-2014,10:10 PM,Property damage only (none injured),2,0,0,"Sideswipe, same direction",V1: Travelling straight ahead / V2:Not reported,V1:Westbound / V2:Westbound ,V1: Collision with motor vehicle in traffic / V2: Collision with motor vehicle in traffic ,"V1: Light truck(van, mini-van, panel, pickup, sport utility) with only four tires / V2:Light truck(van, mini-van, panel, pickup, sport utility) with only four tires",Wet,Dark - lighted roadway,Cloudy,,STORROW DRIVE / RAMP-BEACON/BOYLSTON STS TO STORROW DR W,,,,,233391.0305,900107.1488
3963632,BOSTON,04-Oct-2014,11:14 PM,Property damage only (none injured),2,0,0,Single vehicle crash,V1: Travelling straight ahead / V2:Travelling straight ahead,V1:Northbound / V2:Northbound ,V1: Collision with median barrier / V2: Collision with motor vehicle in traffic ,"V1: Passenger car / V2:Single-unit truck (2-axle, 6-tire)",Wet,Dark - lighted roadway,Cloudy,,Rte 93 N,,Exit 23 on Rte 93,,,236957.4837,900943.9828