Crash Number,City/Town Name,Crash Date,Crash Time,Crash Severity,Number of Vehicles,Total Nonfatal Injuries,Total Fatal Injuries,Manner of Collision,Vehicle Action Prior to Crash,Vehicle Travel Directions,Most Harmful Events,Vehicle Configuration,Road Surface Condition,Ambient Light,Weather Condition,At Roadway Intersection,Distance from Nearest Roadway Intersection,Distance from Nearest Milemarker,Distance from Nearest Exit,Distance from Nearest Landmark,Non Motorist Type,X Coordinate,Y Coordinate
3962279,BOSTON,04-Oct-2014,11:25 PM,Property damage only (none injured),1,0,0,Single vehicle crash,V1: Turning right,V1:Eastbound ,V1: Collision with guardrail ,V1: Passenger car,Wet,Dark - lighted roadway,Cloudy/Rain,,STORROW DRIVE Rte 28 N / RAMP-RT 28 NB (STORROW DR) TO RTS 93 NB/,,,&AMP; CHARLES ST (OVERPASS),,235332.5853,901416.9608
3963633,BOSTON,04-Oct-2014,11:25 PM,Property damage only (none injured),2,0,0,Rear-end,V1: Slowing or stopped in traffic / V2:Travelling straight ahead,V1:Northbound / V2:Northbound ,V1: Collision with motor vehicle in traffic / V2: Collision with motor vehicle in traffic ,V1: Passenger car / V2:Passenger car,Wet,Dark - lighted roadway,Cloudy,,JOHN F FITZGERALD EXPRESSWAY Rte 93 N / RAMP-BROADWAY TO RTS 93 NB/3 NB,0 feet N  from Rte 93  N Milemarker 16.7,,,,236612.9046,900287.568
3964259,BOSTON,05-Oct-2014,00:00 AM,Non-fatal injury,1,1,0,Single vehicle crash,V1: Travelling straight ahead,V1:Northbound ,V1: Collision with utility pole ,V1: Passenger car,Wet,Dark - lighted roadway,Clear/Clear,BROOK AVENUE / WINTHROP STREET,,,,,,235117.7968,896948.9999
3962708,BOSTON,05-Oct-2014,00:00 AM,Property damage only (none injured),1,0,0,Single vehicle crash,V1: Travelling straight ahead,V1:Northbound ,V1: Other ,"V1: Light truck(van, mini-van, panel, pickup, sport utility) with only four tires",Wet,Dark - lighted roadway,Rain,,Rte 93 N / UNKNOWN,,,,,237000.642,900793.2505
3963634,BOSTON,05-Oct-2014,2:22 AM,Property damage only (none injured),1,0,0,Single vehicle crash,V1: Travelling straight ahead,V1:Southbound ,V1: Other ,V1: Passenger car,Dry,Dark - lighted roadway,Cloudy,,LEVERETT CONNECTOR SOUTH,,,RAMP LCS,,234787.1339,903368.5753
4041608,BOSTON,05-Oct-2014,5:20 AM,Property damage only (none injured),1,0,0,Single vehicle crash,V1: Travelling straight ahead,V1:Not reported ,V1: Collision with utility pole ,V1: Passenger car,Dry,Dawn,Clear,,259 ALLANDALE STREET,,,,,229811.4401,894626.7737
3969771,BOSTON (DORCHESTER),05-Oct-2014,6:00 AM,Non-fatal injury,1,1,0,Not reported,V1: Travelling straight ahead,V1:Not reported ,V1: Collision with pedestrian ,V1: Passenger car,Not reported,Not reported,Not Reported,,11 CAMERON STREET,,,,P2:Pedestrian,236020.2343,895697.7134
3970944,BOSTON (DORCHESTER),05-Oct-2014,10:17 AM,Non-fatal injury,1,1,0,Single vehicle crash,V1: Slowing or stopped in traffic,V1:Eastbound ,V1: Collision with pedestrian ,"V1: Bus (seats for more than 15 people, including driver)",Dry,Daylight,Unknown,BLUE HILL AVENUE / WOOLSON STREET,,,,,P2:Pedestrian,233656.0312,892516.9999
4019688,BOSTON (ROXBURY),05-Oct-2014,12:24 PM,Not Reported,1,0,0,Not reported,V1: Not reported,V1:Not reported ,V1: Not reported ,V1: Passenger car,Not reported,Not reported,Not Reported,COLUMBUS AVENUE / TREMONT STREET,,,,,,233428.1405,897959.5625
3971744,BOSTON,05-Oct-2014,1:35 PM,Property damage only (none injured),2,0,0,"Sideswipe, same direction",V1: Travelling straight ahead / V2:Changing lanes,V1:Northbound / V2:Northbound ,V1: Collision with motor vehicle in traffic / V2: Collision with motor vehicle in traffic ,"V1: Light truck(van, mini-van, panel, pickup, sport utility) with only four tires / V2:Passenger car",Dry,Daylight,Clear,,Rte 93 N / UNKNOWN,,Exit 26 on Rte 93 N,,,236402.7433,901600.0342
3971735,BOSTON,05-Oct-2014,3:05 PM,Property damage only (none injured),2,0,0,"Sideswipe, same direction",V1: Changing lanes / V2:Changing lanes,V1:Southbound / V2:Southbound ,V1: Collision with motor vehicle in traffic / V2: Collision with motor vehicle in traffic ,V1: Passenger car / V2:Passenger car,Dry,Daylight,Clear,,Rte 93 S / UNKNOWN,,Exit 24 on Rte 93 S,,,236397.1933,901565.6511
3962709,BOSTON,05-Oct-2014,4:00 PM,Non-fatal injury,3,2,0,Rear-end,V1: Travelling straight ahead / V2:Slowing or stopped in traffic / V3:Travelling straight ahead,V1:Northbound / V2:Northbound / V3:Northbound ,V1: Collision with motor vehicle in traffic / V2: Collision with motor vehicle in traffic / V3: Collision with motor vehicle in traffic ,"V1: Light truck(van, mini-van, panel, pickup, sport utility) with only four tires / V2:Light truck(van, mini-van, panel, pickup, sport utility) with only four tires / V3:Passenger car",Dry,Daylight,Clear,,JOHN F FITZGERALD EXPRESSWAY Rte 93 N / RAMP-RTS 90/1A SB TO RTS 93 NB/3 NB,,,O'NEILL TUNNEL,,236833.1978,900491.7706
3971736,BOSTON,05-Oct-2014,4:10 PM,Property damage only (none injured),2,0,0,Rear-end,V1: Entering traffic lane / V2:Overtaking/passing,V1:Southbound / V2:Southbound ,V1: Collision with motor vehicle in traffic / V2: Collision with motor vehicle in traffic ,V1: Passenger car / V2:Passenger car,Dry,Daylight,Clear,RAMP-RT 93 TO RTS 3 NB/28 SB (STORROW DR Rte SR3 N / LEVERETT CONNECTOR SOUTH,,,Exit 26 on Rte 93 S,,,235752.9932,901867.4291
3962322,BOSTON,05-Oct-2014,4:10 PM,Property damage only (none injured),2,0,0,"Sideswipe, same direction",V1: Travelling straight ahead / V2:Changing lanes,V1:Southbound / V2:Southbound ,V1: Collision with motor vehicle in traffic / V2: Collision with motor vehicle in traffic ,V1: Passenger car / V2:Passenger car,Dry,Daylight,Clear,,Rte 93 / UNKNOWN,,Exit 16 on Rte 93,,,236388.1605,897517.5198
3971737,BOSTON,05-Oct-2014,7:05 PM,Property damage only (none injured),1,0,0,Single vehicle crash,V1: Changing lanes,V1:Northbound ,V1: Collision with median barrier ,"V1: Light truck(van, mini-van, panel, pickup, sport utility) with only four tires",Dry,Dawn,Clear,,Rte 93 N / UNKNOWN,,Exit 27 on Rte 93 N,,,235655.07,902467.5364
3963460,BOSTON,05-Oct-2014,7:25 PM,Property damage only (none injured),2,0,0,Rear-end,V1: Travelling straight ahead / V2:Slowing or stopped in traffic,V1:Southbound / V2:Southbound ,V1: Collision with motor vehicle in traffic / V2: Collision with motor vehicle in traffic ,"V1: Passenger car / V2:Light truck(van, mini-van, panel, pickup, sport utility) with only four tires",Dry,Dark - lighted roadway,Clear,,Rte 93 S / UNKNOWN,,Exit 16 on Rte 93 S,,,236388.1605,897517.5198
3962812,BOSTON,05-Oct-2014,8:50 PM,Property damage only (none injured),2,0,0,Angle,V1: Turning left / V2:Travelling straight ahead,V1:Eastbound / V2:Eastbound ,V1: Collision with motor vehicle in traffic / V2: Collision with motor vehicle in traffic ,"V1: Light truck(van, mini-van, panel, pickup, sport utility) with only four tires / V2:Light truck(van, mini-van, panel, pickup, sport utility) with only four tires",Dry,Dark - lighted roadway,Clear,,GALLIVAN BOULEVARD Rte UNKNOW / CROCKETT AVENUE,,,,,236888.3123,892614.5001
3972557,BOSTON,06-Oct-2014,6:23 AM,Non-fatal injury,2,3,0,Angle,V1: Turning right / V2:Entering traffic lane,V1:Southbound / V2:Southbound ,V1: Collision with motor vehicle in traffic / V2: Collision with motor vehicle in traffic ,"V1: Single-unit truck (2-axle, 6-tire) / V2:Light truck(van, mini-van, panel, pickup, sport utility) with only four tires",Dry,Daylight,Clear,RAMP-RT 93 SB/SB FRONTAGE RD TO MASS AVE / SOUTHBOUND FRONTAGE ROAD / RAMP-RTS 93 SB/3 SB TO SB FRONTAGE RD/MA,,,Exit 18 on Rte 93 S,FRONTAGE RD,,235775.9764,898458.5295
3962710,BOSTON,06-Oct-2014,6:44 AM,Property damage only (none injured),2,0,0,Rear-end,V1: Slowing or stopped in traffic / V2:Travelling straight ahead,V1:Southbound / V2:Southbound ,V1: Collision with motor vehicle in traffic / V2: Collision with motor vehicle in traffic ,"V1: Light truck(van, mini-van, panel, pickup, sport utility) with only four tires / V2:Light truck(van, mini-van, panel, pickup, sport utility) with only four tires",Dry,Daylight,Clear,,Rte 93 S / UNKNOWN,,,,,236518.1438,900338.2428
3974997,BOSTON (DORCHESTER),06-Oct-2014,7:55 AM,Non-fatal injury,2,1,0,Rear-end,V1: Slowing or stopped in traffic / V2:Travelling straight ahead,V1:Not reported / V2:Not reported ,V1: Collision with motor vehicle in traffic / V2: Collision with motor vehicle in traffic ,V1: Passenger car / V2:Passenger car,Dry,Daylight,Clear/Clear,DORCHESTER AVENUE / PARK STREET,,,,,,236228.2762,894329.7784
3972060,BOSTON,06-Oct-2014,7:58 AM,Property damage only (none injured),2,0,0,Rear-end,V1: Slowing or stopped in traffic / V2:Travelling straight ahead,V1:Southbound / V2:Southbound ,V1: Collision with motor vehicle in traffic / V2: Collision with other movable object ,V1: Passenger car / V2:Passenger car,Dry,Daylight,Clear,,JOHN F FITZGERALD EXPRESSWAY Rte 93 S / GENERAL CASIMIR PULASKI SKYWAY Rte 3A S,,,,,237442.3247,893965.1365
3962571,BOSTON,06-Oct-2014,9:50 AM,Property damage only (none injured),2,0,0,"Sideswipe, same direction",V1: Travelling straight ahead / V2:Travelling straight ahead,V1:Eastbound / V2:Eastbound ,V1: Collision with motor vehicle in traffic / V2: Collision with motor vehicle in traffic ,"V1: Passenger car / V2:Light truck(van, mini-van, panel, pickup, sport utility) with only four tires",Dry,Daylight,Clear,,MASSACHUSETTS TURNPIKE Rte 90 W / MASSACHUSETTS TURNPIKE Rte 90 W,,Exit 18-20 on Rte 90 E,,,231180.9022,900842.0232
3972061,BOSTON,06-Oct-2014,10:56 AM,Non-fatal injury,2,2,0,Rear-end,V1: Slowing or stopped in traffic / V2:Travelling straight ahead,V1:Westbound / V2:Westbound ,V1: Collision with motor vehicle in traffic / V2: Collision with motor vehicle in traffic ,"V1: Passenger car / V2:Light truck(van, mini-van, panel, pickup, sport utility) with only four tires",Dry,Daylight,Clear,WILLIAM T MORRISSEY BOULEVARD / FREEPORT STREET,,,,,,237149.8439,894580.3748
3974995,BOSTON (DORCHESTER),06-Oct-2014,11:35 AM,Property damage only (none injured),2,0,0,Angle,V1: Travelling straight ahead / V2:Making U-turn,V1:Not reported / V2:Not reported ,V1: Collision with motor vehicle in traffic / V2: Collision with motor vehicle in traffic ,"V1: Light truck(van, mini-van, panel, pickup, sport utility) with only four tires / V2:Passenger car",Dry,Daylight,Clear,,97 BOWDOIN STREET / GENEVA AVENUE,,,,,235317.4149,894720.5637
3962711,BOSTON,06-Oct-2014,12:40 PM,Property damage only (none injured),2,0,0,"Sideswipe, same direction",V1: Changing lanes / V2:Travelling straight ahead,V1:Southbound / V2:Southbound ,V1: Collision with motor vehicle in traffic / V2: Collision with motor vehicle in traffic ,"V1: Passenger car / V2:Light truck(van, mini-van, panel, pickup, sport utility) with only four tires",Dry,Daylight,Clear,,LEVERETT CONNECTOR SOUTH Rte 93 S,,Exit 26 on Rte 93 S,,,,
3962712,BOSTON,06-Oct-2014,4:06 PM,Property damage only (none injured),3,0,0,Rear-end,V1: Slowing or stopped in traffic / V2:Slowing or stopped in traffic / V3:Travelling straight ahead,V1:Northbound / V2:Northbound / V3:Northbound ,V1: Collision with motor vehicle in traffic / V2: Collision with motor vehicle in traffic / V3: Collision with motor vehicle in traffic ,"V1: Passenger car / V2:Light truck(van, mini-van, panel, pickup, sport utility) with only four tires / V3:Passenger car",Dry,Daylight,Clear,,LEVERETT CONNECTOR NORTH / RAMP-RTS 3 SB/28 NB TO RT 1 NB,,,,,235838.597,902200.825
3962281,BOSTON,06-Oct-2014,5:20 PM,Property damage only (none injured),3,0,0,Rear-end,V1: Slowing or stopped in traffic / V2:Not reported / V3:Slowing or stopped in traffic,V1:Eastbound / V2:Not reported / V3:Eastbound ,V1: Collision with motor vehicle in traffic / V2: Not reported / V3: Collision with motor vehicle in traffic ,"V1: Passenger car / V2:Light truck(van, mini-van, panel, pickup, sport utility) with only four tires / V3:Light truck(van, mini-van, panel, pickup, sport utility) with only four tires",Dry,Daylight,Clear,,STORROW DRIVE / RAMP-STORROW DR WB TO CLARENDON ST SB,,,STORROW DRIVE E. @ DARTMOUTH ST.,,234646.9029,900506.3658
3962282,BOSTON,06-Oct-2014,5:56 PM,Property damage only (none injured),2,0,0,Rear-end,V1: Slowing or stopped in traffic / V2:Travelling straight ahead,V1:Westbound / V2:Westbound ,V1: Collision with motor vehicle in traffic / V2: Collision with motor vehicle in traffic ,V1: Passenger car / V2:Passenger car,Dry,Daylight,Clear,,STORROW DRIVE / RAMP-STORROW DR WB TO RT 2A WB,,,STORROW DR. W/B BY FAIRFIELD ST.,,234281.4596,900380.9618
4041579,BOSTON (JAMAICA PLAIN),06-Oct-2014,8:27 PM,Non-fatal injury,1,2,0,Not reported,V1: Travelling straight ahead,V1:Not reported ,"V1: Collision with cyclist (bicycle, tricycle, unicycle, pedal car) ","V1: Light truck(van, mini-van, panel, pickup, sport utility) with only four tires",Not reported,Not reported,Not Reported,,3699 WASHINGTON STREET,,,,"P2:Pedalcyclist (bicycle, tricycle, unicycle, pedal car)",231919.6796,894562.2669
3975349,BOSTON (DORCHESTER),07-Oct-2014,00:00 AM,Non-fatal injury,2,3,0,"Sideswipe, same direction",V1: Not reported / V2:Not reported,V1:Not reported / V2:Not reported ,V1: Not reported / V2: Not reported ,V1: Passenger car / V2:Passenger car,Dry,Daylight,Cloudy/Rain,,260 BOWDOIN STREET / HAMILTON STREET,,,,,235699.7969,895175.2502
3962717,BOSTON,07-Oct-2014,6:18 AM,Property damage only (none injured),2,0,0,Rear-end,V1: Entering traffic lane / V2:Entering traffic lane,V1:Eastbound / V2:Eastbound ,V1: Collision with motor vehicle in traffic / V2: Collision with motor vehicle in traffic ,"V1: Passenger car / V2:Light truck(van, mini-van, panel, pickup, sport utility) with only four tires",Dry,Dark - lighted roadway,Clear,LOGAN AIRPORT TERMINAL B / AIRPORT ROAD-DEPARTURE LEVEL,,,,,,239638.8439,901717.8749
3963454,BOSTON,07-Oct-2014,7:10 AM,Property damage only (none injured),2,0,0,"Sideswipe, opposite direction",V1: Travelling straight ahead / V2:Making U-turn,V1:Southbound / V2:Northbound ,V1: Not reported / V2: Not reported ,"V1: Passenger car / V2:Light truck(van, mini-van, panel, pickup, sport utility) with only four tires",Dry,Daylight,Clear,,MARKET STREET,,,RT 90 OVERPASS,,229016.415,900927.0563
4016657,BOSTON,07-Oct-2014,9:45 AM,Property damage only (none injured),1,0,0,"Sideswipe, same direction",V1: Changing lanes,V1:Northbound ,"V1: Collision with cyclist (bicycle, tricycle, unicycle, pedal car) ",V1: Passenger car,Unknown,Daylight,Unknown/Unknown,MASSACHUSETTS AVENUE / MELNEA CASS BOULEVARD,,,,,"P2:Pedalcyclist (bicycle, tricycle, unicycle, pedal car)",235266.4401,898096.4559
3963635,BOSTON,07-Oct-2014,1:50 PM,Property damage only (none injured),2,0,0,Angle,V1: Entering traffic lane / V2:Travelling straight ahead,V1:Southbound / V2:Eastbound ,V1: Collision with motor vehicle in traffic / V2: Collision with motor vehicle in traffic ,V1: Passenger car / V2:Truck/trailer,Dry,Daylight,Clear,,HAUL ROAD / CYPHER STREET,,,RICHARDS RD,,236973.6686,899355.6829
3963808,BOSTON,07-Oct-2014,3:01 PM,Non-fatal injury,2,5,0,Single vehicle crash,V1: Travelling straight ahead / V2:Entering traffic lane,V1:Southbound / V2:Westbound ,V1: Collision with light pole or other post/support / V2: Other ,"V1: Passenger car / V2:Light truck(van, mini-van, panel, pickup, sport utility) with only four tires",Dry,Daylight,Clear,,GALLIVAN BOULEVARD Rte UNKNOW W,,,,,237138.7853,892645.1015
3993568,BOSTON (CHARLESTOWN),07-Oct-2014,6:52 PM,Property damage only (none injured),1,0,0,Head-on,V1: Travelling straight ahead,V1:Not reported ,V1: Collision with pedestrian ,V1: Passenger car,Dry,Dark - lighted roadway,Cloudy/Unknown,CHELSEA STREET / WARREN STREET,,,,,P2:Pedestrian,236204.7544,902495.7325
3971927,BOSTON,07-Oct-2014,7:21 PM,Property damage only (none injured),2,0,0,Rear-end,V1: Slowing or stopped in traffic / V2:Travelling straight ahead,V1:Southbound / V2:Southbound ,V1: Collision with motor vehicle in traffic / V2: Collision with motor vehicle in traffic ,V1: Passenger car / V2:Passenger car,Dry,Dark - lighted roadway,Cloudy,,CHARLESGATE WEST / BEACON STREET,,,CHARLESGATE W @BEACON ST.,,233543.9127,900023.2833
3962854,BOSTON,07-Oct-2014,9:07 PM,Non-fatal injury,2,1,0,Angle,V1: Travelling straight ahead / V2:Entering traffic lane,V1:Eastbound / V2:Northbound ,V1: Collision with motor vehicle in traffic / V2: Collision with motor vehicle in traffic ,"V1: Light truck(van, mini-van, panel, pickup, sport utility) with only four tires / V2:Passenger car",Dry,Dark - lighted roadway,Clear,,JAMES SHEA CIRCLE Rte 203 W / FOREST HILLS ENTRANCE DRIVE,,,SHRA ROTARY,,232461.9638,894551.0204
3971928,BOSTON,08-Oct-2014,6:08 AM,Non-fatal injury,1,1,0,"Sideswipe, same direction",V1: Travelling straight ahead,V1:Westbound ,V1: Collision with pedestrian ,"V1: Light truck(van, mini-van, panel, pickup, sport utility) with only four tires",Dry,Dawn,Clear,,STORROW DRIVE Rte 28 S / EMBANKMENT ROAD Rte 28 S,,,LONGFELLOW BRIDGE,,235217.6032,901368.5891
3963442,BOSTON,08-Oct-2014,6:48 AM,Property damage only (none injured),2,0,0,Angle,V1: Travelling straight ahead / V2:Changing lanes,V1:Southbound / V2:Southbound ,V1: Collision with motor vehicle in traffic / V2: Collision with motor vehicle in traffic ,"V1: Light truck(van, mini-van, panel, pickup, sport utility) with only four tires / V2:Light truck(van, mini-van, panel, pickup, sport utility) with only four tires",Dry,Daylight,Clear,,RAMP-RT 1 SB (TOBIN BRG) TO RT 93 SB Rte 1 S / RAMP-RT 1 SB (TOBIN BRG) TO RT 93 SB Rte 1 S,,,,,236037.7459,902396.1322
3969768,BOSTON (DORCHESTER),08-Oct-2014,9:18 AM,Non-fatal injury,2,1,0,Unknown,V1: Turning right / V2:Not reported,V1:Not reported / V2:Not reported ,V1: Collision with moped / V2: Not reported ,V1: Passenger car / V2:MOPED,Dry,Daylight,Clear,WASHINGTON STREET / MELVILLE AVENUE,,,,,,235306.5415,893734.2072
3971738,BOSTON,08-Oct-2014,10:41 AM,Non-fatal injury,2,1,0,"Sideswipe, same direction",V1: Slowing or stopped in traffic / V2:Entering traffic lane,V1:Westbound / V2:Westbound ,V1: Collision with motor vehicle in traffic / V2: Collision with motor vehicle in traffic ,V1: Passenger car / V2:Passenger car,Dry,Daylight,Clear,,MASSACHUSETTS AVENUE CONNECTOR / MASSACHUSETTS AVENUE CONNECTOR,,,MASS AVE CONNECTOR WEST,,235375.8793,898239.4603
3962718,BOSTON,08-Oct-2014,11:55 AM,Property damage only (none injured),2,0,0,Angle,V1: Not reported / V2:Entering traffic lane,V1:Northbound / V2:Eastbound ,V1: Collision with motor vehicle in traffic / V2: Collision with motor vehicle in traffic ,"V1: Passenger car / V2:Light truck(van, mini-van, panel, pickup, sport utility) with only four tires",Dry,Daylight,Clear,,,,,"TERMINAL B GARAGE, LOGAN AIRPORT",,,
3972154,BOSTON,08-Oct-2014,4:35 PM,Property damage only (none injured),2,0,0,"Sideswipe, same direction",V1: Slowing or stopped in traffic / V2:Slowing or stopped in traffic,V1:Northbound / V2:Northbound ,V1: Collision with motor vehicle in traffic / V2: Collision with motor vehicle in traffic ,V1: Passenger car / V2:Passenger car,Dry,Daylight,Clear,MORTON STREET Rte SR203 W / CANTERBURY STREET,,,,,,233302.1557,893677.645
3962814,BOSTON,08-Oct-2014,5:00 PM,Non-fatal injury,2,2,0,Rear-end,V1: Travelling straight ahead / V2:Travelling straight ahead,V1:Northbound / V2:Northbound ,V1: Collision with motor vehicle in traffic / V2: Collision with motor vehicle in traffic ,V1: Motorcycle / V2:Passenger car,Dry,Daylight,Clear,,Rte 93 N / UNKNOWN,,Exit 13 on Rte 93 N,,,237420.1414,894076.5227
3974994,BOSTON (DORCHESTER),08-Oct-2014,5:30 PM,Not Reported,1,0,0,Not reported,V1: Turning left,V1:Not reported ,"V1: Collision with cyclist (bicycle, tricycle, unicycle, pedal car) ",V1: Passenger car,Not reported,Not reported,Not Reported,,777 WILLIAM T MORRISSEY BOULEVARD,,,,"P2:Pedalcyclist (bicycle, tricycle, unicycle, pedal car)",237234.6534,893797.7122
3972062,BOSTON,08-Oct-2014,5:45 PM,Non-fatal injury,2,1,0,Angle,V1: Turning left / V2:Travelling straight ahead,V1:Southbound / V2:Westbound ,V1: Collision with motor vehicle in traffic / V2: Collision with motor vehicle in traffic ,V1: Passenger car / V2:Passenger car,Dry,Daylight,Not Reported,,COLUMBIA ROAD Rte UNKNOW / BUTTONWOOD STREET,,,,,236609.5872,896844.6625
3974996,BOSTON (DORCHESTER),08-Oct-2014,7:00 PM,Property damage only (none injured),2,0,0,"Sideswipe, opposite direction",V1: Parked / V2:Turning left,V1:Not reported / V2:Not reported ,V1: Not reported / V2: Collision with parked motor vehicle ,V1: Passenger car / V2:Passenger car,Dry,Dark - lighted roadway,Clear,MINOT STREET / GLIDE STREET,,,,,,237051.9531,892791.2502
3972156,BOSTON,08-Oct-2014,7:20 PM,Property damage only (none injured),1,0,0,Single vehicle crash,V1: Travelling straight ahead,V1:Southbound ,V1: Collision with motor vehicle in traffic ,V1: Passenger car,Dry,Dark - lighted roadway,Clear,,MORTON STREET Rte 203 E / CANTERBURY STREET,,,,,233299.8549,893647.2922
3963443,BOSTON,08-Oct-2014,7:38 PM,Property damage only (none injured),3,0,0,Rear-end,V1: Travelling straight ahead / V2:Slowing or stopped in traffic / V3:Slowing or stopped in traffic,V1:Southbound / V2:Southbound / V3:Southbound ,V1: Collision with motor vehicle in traffic / V2: Collision with motor vehicle in traffic / V3: Collision with motor vehicle in traffic ,"V1: Passenger car / V2:Light truck(van, mini-van, panel, pickup, sport utility) with only four tires / V3:Passenger car",Dry,Dark - lighted roadway,Clear,,314 feet W from Intersection RAMP-RT 93 TO RTS 3 NB/28 SB (STORROW DR Rte 3 N / RAMP-RT 93 NB/SUMNER TUNL T,,,STATION TUNNEL,,235660.1521,901889.6076
4020112,BOSTON,08-Oct-2014,8:52 PM,Property damage only (none injured),2,0,0,Not reported,V1: Slowing or stopped in traffic / V2:Turning left,V1:Eastbound / V2:Eastbound ,V1: Collision with motor vehicle in traffic / V2: Not reported ,"V1: Passenger car / V2:Light truck(van, mini-van, panel, pickup, sport utility) with only four tires",Not reported,Not reported,Not Reported,BLUE HILL AVENUE / CHENEY STREET,,,,,,234359.1874,895415.6874
3993535,BOSTON,09-Oct-2014,00:00 AM,Non-fatal injury,1,1,0,Single vehicle crash,V1: Turning right,V1:Southbound ,"V1: Collision with cyclist (bicycle, tricycle, unicycle, pedal car) ",V1: Passenger car,Dry,Daylight,Clear/Clear,,NASSAU STREET / HARRISON AVENUE,,,TUFTS MEDICAL,"P2:Pedalcyclist (bicycle, tricycle, unicycle, pedal car)",236063.0471,899888.2501
4019692,BOSTON,09-Oct-2014,00:00 AM,Not Reported,1,0,0,Single vehicle crash,V1: Not reported,V1:Not reported ,V1: Not reported ,V1: Not reported,Dry,Daylight,Clear/Clear,,HUMBOLDT AVENUE / HOMESTEAD STREET,,,,,233759.1562,895793.6248
4085194,BOSTON (ROXBURY),09-Oct-2014,2:40 AM,Non-fatal injury,3,2,0,Not reported,V1: Travelling straight ahead / V2:Slowing or stopped in traffic / V3:Travelling straight ahead,V1:Not reported / V2:Not reported / V3:Not reported ,V1: Collision with motor vehicle in traffic / V2: Collision with motor vehicle in traffic / V3: Collision with motor vehicle in traffic ,"V1: Passenger car / V2:Light truck(van, mini-van, panel, pickup, sport utility) with only four tires / V3:Light truck(van, mini-van, panel, pickup, sport utility) with only four tires",Not reported,Not reported,Not Reported,NORFOLK AVENUE / SHIRLEY STREET,,,,,,235513.7971,897263.2502
3993573,BOSTON,09-Oct-2014,9:54 AM,Non-fatal injury,1,1,0,Single vehicle crash,V1: Travelling straight ahead,V1:Southbound ,V1: Collision with pedestrian ,V1: Passenger car,Dry,Daylight,Clear/Clear,,60 OCONNOR WAY / STANIFORD STREET,,,,P2:Pedestrian,236595.6169,897547.1269
3973654,BOSTON (CHARLESTOWN),09-Oct-2014,10:00 AM,Property damage only (none injured),3,0,0,Angle,V1: Slowing or stopped in traffic / V2:Slowing or stopped in traffic / V3:Travelling straight ahead,V1:Southbound / V2:Southbound / V3:Southbound ,V1: Collision with motor vehicle in traffic / V2: Collision with motor vehicle in traffic / V3: Collision with motor vehicle in traffic ,"V1: Unknown heavy truck, cannot classify / V2:Passenger car / V3:Bus (seats for more than 15 people, including driver)",Dry,Daylight,Clear,,30 feet N from Intersection NEW RUTHERFORD AVENUE Rte 99 S / CHELSEA STREET,,,,,236048.8555,902379.8126
3994147,BOSTON (DORCHESTER),09-Oct-2014,12:11 PM,Not Reported,3,0,0,Not reported,V1: Slowing or stopped in traffic / V2:Slowing or stopped in traffic / V3:Travelling straight ahead,V1:Not reported / V2:Not reported / V3:Not reported ,V1: Collision with motor vehicle in traffic / V2: Collision with motor vehicle in traffic / V3: Collision with motor vehicle in traffic ,"V1: Passenger car / V2:Light truck(van, mini-van, panel, pickup, sport utility) with only four tires / V3:Passenger car",Not reported,Not reported,Not Reported,PARK STREET / DORCHESTER AVENUE,,,,,,236228.2762,894329.7784
3962815,BOSTON,09-Oct-2014,1:30 PM,Non-fatal injury,2,1,0,Rear-end,V1: Slowing or stopped in traffic / V2:Travelling straight ahead,V1:Southbound / V2:Southbound ,V1: Collision with motor vehicle in traffic / V2: Collision with motor vehicle in traffic ,"V1: Light truck(van, mini-van, panel, pickup, sport utility) with only four tires / V2:Passenger car",Dry,Daylight,Clear,RAMP-MORRISSEY BLVD TO RTS 93 SB/3 SB / WILLIAM T MORRISSEY BOULEVARD,,,,MORRISSEY BLVD TO 93S ONRAMP,,237499.8282,893343.7499
3963444,BOSTON,09-Oct-2014,2:35 PM,Property damage only (none injured),2,0,0,Angle,V1: Travelling straight ahead / V2:Changing lanes,V1:Eastbound / V2:Eastbound ,V1: Collision with motor vehicle in traffic / V2: Collision with motor vehicle in traffic ,V1: Passenger car / V2:Passenger car,Dry,Daylight,Clear,,Rte 90 E / UNKNOWN,,,,,232547.8025,899858.4577
3973571,BOSTON,09-Oct-2014,4:02 PM,Property damage only (none injured),2,0,0,Rear-end,V1: Travelling straight ahead / V2:Slowing or stopped in traffic,V1:Northbound / V2:Northbound ,V1: Collision with motor vehicle in traffic / V2: Collision with motor vehicle in traffic ,"V1: Light truck(van, mini-van, panel, pickup, sport utility) with only four tires / V2:Passenger car",Dry,Dark - lighted roadway,Clear,,Rte 93 N,,Exit 16 on Rte 93,,,236403.9842,897524.312
3963636,BOSTON,09-Oct-2014,5:52 PM,Property damage only (none injured),2,0,0,"Sideswipe, same direction",V1: Travelling straight ahead / V2:Changing lanes,V1:Southbound / V2:Southbound ,V1: Collision with motor vehicle in traffic / V2: Collision with motor vehicle in traffic ,V1: Truck/trailer / V2:Passenger car,Dry,Daylight,Cloudy,,Rte 93 S,Rte 93  S Milemarker 15.9,,,,235996.2347,899049.713