Crash Number,City/Town Name,Crash Date,Crash Time,Crash Severity,Number of Vehicles,Total Nonfatal Injuries,Total Fatal Injuries,Manner of Collision,Vehicle Action Prior to Crash,Vehicle Travel Directions,Most Harmful Events,Vehicle Configuration,Road Surface Condition,Ambient Light,Weather Condition,At Roadway Intersection,Distance from Nearest Roadway Intersection,Distance from Nearest Milemarker,Distance from Nearest Exit,Distance from Nearest Landmark,Non Motorist Type,X Coordinate,Y Coordinate
3964114,BOSTON,09-Oct-2014,8:45 PM,Property damage only (none injured),2,0,0,"Sideswipe, same direction",V1: Travelling straight ahead / V2:Travelling straight ahead,V1:Southbound / V2:Southbound ,V1: Collision with motor vehicle in traffic / V2: Collision with motor vehicle in traffic ,"V1: Passenger car / V2:Light truck(van, mini-van, panel, pickup, sport utility) with only four tires",Dry,Dark - lighted roadway,Clear,,JOHN F FITZGERALD EXPRESSWAY Rte 93 S,,,EXPRESSWAY CUTOUT,,236785.3633,895496.0038
3962713,BOSTON,10-Oct-2014,5:15 AM,Property damage only (none injured),2,0,0,Angle,V1: Not reported / V2:Not reported,V1:Southbound / V2:Southbound ,V1: Collision with motor vehicle in traffic / V2: Collision with motor vehicle in traffic ,"V1: Passenger car / V2:Light truck(van, mini-van, panel, pickup, sport utility) with only four tires",Dry,Daylight,Clear,,Rte 93 S / UNKNOWN,,Exit 23 on Rte 93 S,,,236856.2793,901152.8251
3963445,BOSTON,10-Oct-2014,8:04 AM,Property damage only (none injured),2,0,0,Rear-end,V1: Slowing or stopped in traffic / V2:Travelling straight ahead,V1:Westbound / V2:Westbound ,V1: Collision with motor vehicle in traffic / V2: Collision with motor vehicle in traffic ,"V1: Passenger car / V2:Light truck(van, mini-van, panel, pickup, sport utility) with only four tires",Dry,Daylight,Clear,,MASSACHUSETTS TURNPIKE Rte 90 W / RAMP-HARBORSIDE DR TO RT 90 WB,,,,,239037.0479,900917.6498
4041965,BOSTON,10-Oct-2014,8:28 AM,Property damage only (none injured),2,0,0,Rear-end,V1: Travelling straight ahead / V2:Parked,V1:Not reported / V2:Not reported ,V1: Collision with parked motor vehicle / V2: Collision with parked motor vehicle ,"V1: Passenger car / V2:Bus (seats for more than 15 people, including driver)",Dry,Daylight,Clear/Clear,,144 MCBRIDE STREET,,,,,232136.6857,895135.843
3962817,BOSTON,10-Oct-2014,8:45 AM,Non-fatal injury,1,5,0,Single vehicle crash,V1: Travelling straight ahead,V1:Southbound ,V1: Collision with median barrier ,"V1: Light truck(van, mini-van, panel, pickup, sport utility) with only four tires",Dry,Daylight,Clear,,Rte 93 S / UNKNOWN,,Exit 15 on Rte 93 S,,,236629.6253,897168.5001
3962855,BOSTON,10-Oct-2014,10:20 AM,Non-fatal injury,2,1,0,Angle,V1: Travelling straight ahead / V2:Travelling straight ahead,V1:Northbound / V2:Westbound ,V1: Collision with motor vehicle in traffic / V2: Collision with motor vehicle in traffic ,"V1: Light truck(van, mini-van, panel, pickup, sport utility) with only four tires / V2:Light truck(van, mini-van, panel, pickup, sport utility) with only four tires",Dry,Daylight,Clear,,HARVARD STREET,,,,,233493.3535,893101.5528
3972065,BOSTON,10-Oct-2014,10:53 AM,Property damage only (none injured),2,0,0,Rear-end,V1: Slowing or stopped in traffic / V2:Travelling straight ahead,V1:Northbound / V2:Northbound ,V1: Collision with motor vehicle in traffic / V2: Collision with motor vehicle in traffic ,V1: Passenger car / V2:Passenger car,Dry,Daylight,Clear,,Rte 93 N / UNKNOWN,,,DYC,,236767.6302,895231.3826
3970941,BOSTON,10-Oct-2014,3:15 PM,Property damage only (none injured),2,0,0,"Sideswipe, same direction",V1: Slowing or stopped in traffic / V2:Travelling straight ahead,V1:Not reported / V2:Not reported ,V1: Collision with motor vehicle in traffic / V2: Collision with motor vehicle in traffic ,"V1: Bus (seats for more than 15 people, including driver) / V2:Passenger car",Dry,Daylight,Clear,DRYDOCK AVENUE / TIDE STREET,,,,,,238552.5821,899463.0428
4038194,BOSTON (SOUTH BOSTON),10-Oct-2014,3:35 PM,Property damage only (none injured),2,0,0,"Sideswipe, same direction",V1: Travelling straight ahead / V2:Slowing or stopped in traffic,V1:Eastbound / V2:Not reported ,V1: Collision with parked motor vehicle / V2: Collision with motor vehicle in traffic ,V1: Passenger car / V2:Passenger car,Dry,Daylight,Clear,,146 DORCHESTER STREET,,,,,237262.8078,898312.7512
3971984,BOSTON,10-Oct-2014,4:45 PM,Property damage only (none injured),2,0,0,"Sideswipe, same direction",V1: Changing lanes / V2:Travelling straight ahead,V1:Northbound / V2:Northbound ,V1: Collision with motor vehicle in traffic / V2: Collision with curb ,"V1: Light truck(van, mini-van, panel, pickup, sport utility) with only four tires / V2:Light truck(van, mini-van, panel, pickup, sport utility) with only four tires",Dry,Daylight,Clear,CAMBRIDGE STREET / RAMP-RT 90 TO CAMBRIDGE ST EB / RAMP-CAMBRIDGE ST TO SOLDIERS FIELD RD E,,,,SOLDIERS FIELD RD. ACCESS,,231486.2714,901228.6968
3964984,BOSTON (BRIGHTON),10-Oct-2014,7:45 PM,Non-fatal injury,2,1,0,Angle,V1: Travelling straight ahead / V2:Turning right,V1:Not reported / V2:Not reported ,V1: Collision with motor vehicle in traffic / V2: Collision with motor vehicle in traffic ,V1: Passenger car / V2:Passenger car,Dry,Dark - lighted roadway,Clear/Clear,BROOKS STREET / OLIVA ROAD,,,,,,227818.797,900702.5625
3971930,BOSTON,10-Oct-2014,7:46 PM,Non-fatal injury,3,2,0,Rear-end,V1: Slowing or stopped in traffic / V2:Slowing or stopped in traffic / V3:Travelling straight ahead,V1:Eastbound / V2:Eastbound / V3:Eastbound ,V1: Collision with motor vehicle in traffic / V2: Collision with motor vehicle in traffic / V3: Collision with motor vehicle in traffic ,"V1: Light truck(van, mini-van, panel, pickup, sport utility) with only four tires / V2:Passenger car / V3:Passenger car",Wet,Dark - lighted roadway,Cloudy,,CHARLES STREET / DAVID G MUGAR WAY,,,STORROW DR AT CHARLES CIR,,235351.7939,901224.9736
3971739,BOSTON,11-Oct-2014,00:00 AM,Property damage only (none injured),2,0,0,Rear-end,V1: Slowing or stopped in traffic / V2:Travelling straight ahead,V1:Westbound / V2:Westbound ,V1: Collision with motor vehicle in traffic / V2: Collision with motor vehicle in traffic ,V1: Passenger car / V2:Passenger car,Dry,Dark - lighted roadway,Clear,,RAMP-RTS 90 WB/1A SB TO RT 93/CONGRESS S Rte 90 W / MASSACHUSETTS TURNPIKE Rte 90 W,,,RAMP F,,238079.0869,899691.7431
3964985,BOSTON,11-Oct-2014,2:00 AM,Property damage only (none injured),3,0,0,"Sideswipe, same direction",V1: Travelling straight ahead / V2:Parked / V3:Parked,V1:Not reported / V2:Not reported / V3:Not reported ,V1: Collision with parked motor vehicle / V2: Collision with parked motor vehicle / V3: Not reported ,V1: Passenger car / V2:Passenger car / V3:Passenger car,Dry,Dark - lighted roadway,Cloudy,,575 WASHINGTON STREET,,,,,236049.005,900423.4723
3964116,BOSTON,11-Oct-2014,3:20 AM,Non-fatal injury,1,1,0,Single vehicle crash,V1: Turning left,V1:Southbound ,V1: Collision with curb ,V1: Passenger car,Dry,Dark - lighted roadway,Clear,,KOSCIUSZKO CIRCLE / OLD COLONY AVENUE,,,,,237020.6238,896892.1848
3969767,BOSTON (DORCHESTER),11-Oct-2014,3:51 AM,Property damage only (none injured),2,0,0,"Sideswipe, same direction",V1: Slowing or stopped in traffic / V2:Travelling straight ahead,V1:Eastbound / V2:Eastbound ,V1: Collision with motor vehicle in traffic / V2: Collision with parked motor vehicle ,V1: Passenger car / V2:Passenger car,Dry,Dark - lighted roadway,Clear,,48 DRACUT STREET,,,,,236121.7051,893083.739
3969765,BOSTON (DORCHESTER),11-Oct-2014,8:47 AM,Not Reported,3,0,0,Not reported,V1: Parked / V2:Parked / V3:Not reported,V1:Not reported / V2:Not reported / V3:Not reported ,V1: Other / V2: Not reported / V3: Not reported ,V1: Passenger car / V2:Passenger car / V3:Not reported,Not reported,Not reported,Not Reported,,9 ARCADIA PARK,,,,,236063.455,894628.758
3971985,BOSTON,11-Oct-2014,8:56 AM,Property damage only (none injured),2,0,0,"Sideswipe, same direction",V1: Travelling straight ahead / V2:Travelling straight ahead,V1:Westbound / V2:Westbound ,V1: Collision with motor vehicle in traffic / V2: Collision with motor vehicle in traffic ,V1: Passenger car / V2:Passenger car,Wet,Daylight,Rain,,SOLDIERS FIELD ROAD Rte UNKNOW W / NORTH HARVARD STREET,,,,,230992.3482,902048.2872
3972067,BOSTON,11-Oct-2014,12:25 PM,Property damage only (none injured),3,0,0,Rear-end,V1: Slowing or stopped in traffic / V2:Slowing or stopped in traffic / V3:Travelling straight ahead,V1:Northbound / V2:Northbound / V3:Northbound ,V1: Collision with motor vehicle in traffic / V2: Collision with motor vehicle in traffic / V3: Collision with motor vehicle in traffic ,"V1: Passenger car / V2:Light truck(van, mini-van, panel, pickup, sport utility) with only four tires / V3:Passenger car",Wet,Daylight,Rain,,Rte 93 / UNKNOWN,,,,,236963.6659,894894.0393
3963446,BOSTON,11-Oct-2014,12:40 PM,Property damage only (none injured),2,0,0,Rear-end,V1: Slowing or stopped in traffic / V2:Travelling straight ahead,V1:Eastbound / V2:Eastbound ,V1: Collision with motor vehicle in traffic / V2: Collision with motor vehicle in traffic ,"V1: Light truck(van, mini-van, panel, pickup, sport utility) with only four tires / V2:Passenger car",Wet,Daylight,Rain,,MASSACHUSETTS TURNPIKE Rte 90 E,,Exit 19 on Rte 90 W,TOLL PLAZA LANE #8,,231111.0865,900813.6562
3971931,BOSTON,11-Oct-2014,1:30 PM,Property damage only (none injured),2,0,0,Rear-end,V1: Slowing or stopped in traffic / V2:Travelling straight ahead,V1:Eastbound / V2:Eastbound ,V1: Collision with motor vehicle in traffic / V2: Collision with motor vehicle in traffic ,V1: Passenger car / V2:Passenger car,Wet,Daylight,Cloudy/Rain,,STORROW DRIVE Rte 28 N / EMBANKMENT ROAD Rte 28 N,,,LONGFELLOW BRIDGE,,235253.9581,901154.328
3963447,BOSTON,11-Oct-2014,1:46 PM,Property damage only (none injured),2,0,0,Rear-end,V1: Travelling straight ahead / V2:Travelling straight ahead,V1:Northbound / V2:Northbound ,V1: Collision with motor vehicle in traffic / V2: Collision with motor vehicle in traffic ,"V1: Light truck(van, mini-van, panel, pickup, sport utility) with only four tires / V2:Passenger car",Dry,Daylight,Cloudy,,INTERSTATE 93 Rte 93 N,,Exit 23 on Rte 93 N,,,,
3971740,BOSTON,11-Oct-2014,1:56 PM,Property damage only (none injured),1,0,0,Angle,V1: Travelling straight ahead,V1:Southbound ,V1: Collision with median barrier ,V1: Passenger car,Wet,Daylight,Rain,,LEVERETT CONNECTOR SOUTH,,,,,234781.6637,903399.8587
3962856,BOSTON,11-Oct-2014,2:02 PM,Non-fatal injury,2,3,0,Rear-end,V1: Slowing or stopped in traffic / V2:Travelling straight ahead,V1:Westbound / V2:Westbound ,V1: Collision with motor vehicle in traffic / V2: Collision with motor vehicle in traffic ,"V1: Passenger car / V2:Light truck(van, mini-van, panel, pickup, sport utility) with only four tires",Wet,Daylight,Rain,,MORTON STREET Rte UNKNOW / 659,,,,,233560.1871,892846.3065
3971741,BOSTON,11-Oct-2014,2:22 PM,Property damage only (none injured),2,0,0,Rear-end,V1: Travelling straight ahead / V2:Travelling straight ahead,V1:Northbound / V2:Northbound ,V1: Collision with motor vehicle in traffic / V2: Collision with motor vehicle in traffic ,"V1: Light truck(van, mini-van, panel, pickup, sport utility) with only four tires / V2:Passenger car",Dry,Daylight,Cloudy,,Rte 93 N / UNKNOWN,,,,,236873.3679,900520.4569
3971742,BOSTON,12-Oct-2014,3:08 AM,Property damage only (none injured),2,0,0,"Sideswipe, same direction",V1: Changing lanes / V2:Travelling straight ahead,V1:Southbound / V2:Southbound ,V1: Collision with motor vehicle in traffic / V2: Collision with motor vehicle in traffic ,"V1: Light truck(van, mini-van, panel, pickup, sport utility) with only four tires / V2:Light truck(van, mini-van, panel, pickup, sport utility) with only four tires",Dry,Dark - lighted roadway,Clear,,Rte 93 S / UNKNOWN,,Exit 18 on Rte 93 S,,,236013.2783,899092.9981
3972163,BOSTON,12-Oct-2014,7:20 AM,Property damage only (none injured),1,0,0,Single vehicle crash,V1: Travelling straight ahead,V1:Westbound ,V1: Collision with tree ,V1: Passenger car,Dry,Daylight,Clear,,TURTLE POND PARKWAY Rte UNKNOW W / 152 VERNON STREET,,,,,229754.4529,889121.3125
3972164,BOSTON,12-Oct-2014,9:30 AM,Property damage only (none injured),2,0,0,Angle,V1: Travelling straight ahead / V2:Turning left,V1:Southbound / V2:Eastbound ,V1: Collision with motor vehicle in traffic / V2: Collision with motor vehicle in traffic ,"V1: Passenger car / V2:Light truck(van, mini-van, panel, pickup, sport utility) with only four tires",Dry,Daylight,Clear,VETERANS OF FOREIGN WARS PARKWAY / CHARLES PARK ROAD,,,,,,227048.0563,891866.0907
3971743,BOSTON,12-Oct-2014,10:05 AM,Property damage only (none injured),1,0,0,Single vehicle crash,V1: Travelling straight ahead,V1:Southbound ,V1: Collision with median barrier ,V1: Passenger car,Dry,Daylight,Clear,,Rte 93 S / UNKNOWN,,Exit 26 on Rte 93 S,,,234851.4113,903728.5151
3972068,BOSTON,12-Oct-2014,11:15 AM,Property damage only (none injured),2,0,0,Rear-end,V1: Travelling straight ahead / V2:Travelling straight ahead,V1:Northbound / V2:Northbound ,V1: Collision with motor vehicle in traffic / V2: Collision with motor vehicle in traffic ,"V1: Passenger car / V2:Light truck(van, mini-van, panel, pickup, sport utility) with only four tires",Dry,Daylight,Clear,,WILLIAM T MORRISSEY BOULEVARD / RAMP-RTS 93 NB/3 NB TO MORRISSEY BLVD,,,,,237332.1548,895048.4168
3972069,BOSTON,12-Oct-2014,11:30 AM,Non-fatal injury,4,1,0,Rear-end,V1: Travelling straight ahead / V2:Travelling straight ahead / V3:Travelling straight ahead / V4:Travelling straight ahead,V1:Northbound / V2:Northbound / V3:Northbound / V4:Northbound ,V1: Collision with motor vehicle in traffic / V2: Collision with motor vehicle in traffic / V3: Collision with motor vehicle in traffic / V4: Collision with motor vehicle in traffic ,V1: Passenger car / V2:Passenger car / V3:Passenger car / V4:Passenger car,Dry,Daylight,Clear,,JOHN F FITZGERALD EXPRESSWAY Rte 93 N / RAMP-RTS 93 NB/3 NB TO VICTORY RD,,Exit NORTH on Rte 93 N,,,237421.6068,894072.7462
3969769,BOSTON,12-Oct-2014,11:30 AM,Non-fatal injury,2,1,0,Head-on,V1: Travelling straight ahead / V2:Turning left,V1:Not reported / V2:Not reported ,V1: Collision with motor vehicle in traffic / V2: Collision with motor vehicle in traffic ,V1: Passenger car / V2:Passenger car,Dry,Daylight,Clear,,1944 DORCHESTER AVENUE,,,,,235899.0119,892723.2956
3971932,BOSTON,12-Oct-2014,12:25 PM,Non-fatal injury,2,1,0,"Sideswipe, opposite direction",V1: Travelling straight ahead / V2:Travelling straight ahead,V1:Northbound / V2:Southbound ,V1: Collision with motor vehicle in traffic / V2: Not reported ,"V1: Light truck(van, mini-van, panel, pickup, sport utility) with only four tires / V2:Light truck(van, mini-van, panel, pickup, sport utility) with only four tires",Dry,Daylight,Clear,BROOKLINE AVENUE / FENWAY,,,,,,232691.9572,899212.3563
3969766,BOSTON,12-Oct-2014,7:30 PM,Property damage only (none injured),2,0,0,Rear-end,V1: Slowing or stopped in traffic / V2:Travelling straight ahead,V1:Not reported / V2:Not reported ,V1: Collision with motor vehicle in traffic / V2: Collision with motor vehicle in traffic ,V1: Passenger car / V2:Passenger car,Dry,Dark - lighted roadway,Clear,ADAMS STREET / MINOT STREET,,,,,,236648.2032,892665.375
3964117,BOSTON,12-Oct-2014,8:40 PM,Property damage only (none injured),2,0,0,Angle,V1: Entering traffic lane / V2:Travelling straight ahead,V1:Northbound / V2:Northbound ,V1: Collision with motor vehicle in traffic / V2: Collision with motor vehicle in traffic ,V1: Passenger car / V2:Passenger car,Dry,Dark - lighted roadway,Clear,,Rte 93 N,,Exit 12 on Rte 93,,,237641.3431,892708.5028
3972070,BOSTON,13-Oct-2014,9:39 AM,Property damage only (none injured),2,0,0,Angle,V1: Travelling straight ahead / V2:Travelling straight ahead,V1:Northbound / V2:Northbound ,V1: Other / V2: Collision with other movable object ,"V1: Light truck(van, mini-van, panel, pickup, sport utility) with only four tires / V2:Passenger car",Dry,Daylight,Clear,,Rte 93 N / UNKNOWN,,Exit 15 on Rte 93 N,,,236972.2496,896473.4282
3972166,BOSTON,13-Oct-2014,3:35 PM,Non-fatal injury,1,1,0,Single vehicle crash,V1: Not reported,V1:Westbound ,V1: Collision with other movable object ,V1: Passenger car,Dry,Daylight,Clear,,ARBORWAY Rte 203 W / CENTRE STREET,,,ARNOLD ARBORETUM,,231292.6955,895430.9691
3972167,BOSTON,13-Oct-2014,7:26 PM,Property damage only (none injured),3,0,0,"Sideswipe, opposite direction",V1: Turning left / V2:Travelling straight ahead / V3:Travelling straight ahead,V1:Northbound / V2:Southbound / V3:Southbound ,V1: Not reported / V2: Not reported / V3: Not reported ,V1: Passenger car / V2:Passenger car / V3:Passenger car,Dry,Dark - lighted roadway,Clear,,VETERANS OF FOREIGN WARS PARKWAY Rte UNKNOW / BAKER STREET,,,,,227086.7657,893107.1877
3972071,BOSTON,14-Oct-2014,6:12 AM,Property damage only (none injured),3,0,0,Rear-end,V1: Slowing or stopped in traffic / V2:Slowing or stopped in traffic / V3:Travelling straight ahead,V1:Northbound / V2:Northbound / V3:Northbound ,V1: Collision with motor vehicle in traffic / V2: Collision with motor vehicle in traffic / V3: Collision with motor vehicle in traffic ,V1: Passenger car / V2:Passenger car / V3:Passenger car,Dry,Dawn,Clear,,Rte 93 N / UNKNOWN,,Exit 15 on Rte 93 N,,,236972.2496,896473.4282
3971813,BOSTON,14-Oct-2014,7:44 AM,Property damage only (none injured),1,0,0,Angle,V1: Parked,V1:Not reported ,V1: Collision with moped ,V1: Passenger car,Not reported,Not reported,Not Reported,,,,,PRKG LOT CONGRESS ST BEFORE NORT,"P1:Other non-motorist (wheelchair, etc.)",,
3972558,BOSTON,14-Oct-2014,8:07 AM,Property damage only (none injured),2,0,0,Rear-end,V1: Travelling straight ahead / V2:Travelling straight ahead,V1:Westbound / V2:Westbound ,V1: Collision with motor vehicle in traffic / V2: Collision with motor vehicle in traffic ,V1: Passenger car / V2:Tractor/semi-trailer,Dry,Daylight,Cloudy,,Rte 90 W,Rte 90  W Milemarker 136.0,,TED WILLIAMS TUNNEL,,238690.1464,900161.8679
3969781,BOSTON (DORCHESTER),14-Oct-2014,9:18 AM,Not Reported,1,0,0,Not reported,V1: Turning right,V1:Southbound ,V1: Not reported ,V1: Passenger car,Not reported,Not reported,Not Reported,,185 COLUMBIA ROAD,,,,"P2:Pedalcyclist (bicycle, tricycle, unicycle, pedal car)",234858.0412,895199.4335
3973610,BOSTON,14-Oct-2014,9:20 AM,Property damage only (none injured),2,0,0,Rear-end,V1: Slowing or stopped in traffic / V2:Travelling straight ahead,V1:Eastbound / V2:Eastbound ,V1: Collision with motor vehicle in traffic / V2: Collision with motor vehicle in traffic ,V1: Passenger car / V2:Passenger car,Dry,Daylight,Clear,,STORROW DRIVE / RAMP-BOYLSTON ST/CHARLESGATE E TO STORRO,,,FAIRFIELD ST,,234285.6698,900370.0238
3978687,BOSTON,14-Oct-2014,9:40 AM,Property damage only (none injured),2,0,0,Angle,V1: Travelling straight ahead / V2:Changing lanes,V1:Westbound / V2:Westbound ,V1: Collision with motor vehicle in traffic / V2: Collision with motor vehicle in traffic ,"V1: Light truck(van, mini-van, panel, pickup, sport utility) with only four tires / V2:Passenger car",Dry,Daylight,Clear,STORROW DRIVE / RAMP-STORROW DR WB TO RT 2A WB,,,,,,233929.9107,900269.172
3971986,BOSTON,14-Oct-2014,10:20 AM,Non-fatal injury,2,1,0,Rear-end,V1: Travelling straight ahead / V2:Slowing or stopped in traffic,V1:Westbound / V2:Westbound ,V1: Collision with motor vehicle in traffic / V2: Collision with motor vehicle in traffic ,"V1: Light truck(van, mini-van, panel, pickup, sport utility) with only four tires / V2:Light truck(van, mini-van, panel, pickup, sport utility) with only four tires",Dry,Daylight,Clear,,STORROW DRIVE / SOLDIERS FIELD ROAD,,,BU BRIDGE,,232135.5249,900223.2811
3973572,BOSTON,14-Oct-2014,10:34 AM,Property damage only (none injured),2,0,0,"Sideswipe, same direction",V1: Travelling straight ahead / V2:Travelling straight ahead,V1:Southbound / V2:Southbound ,V1: Collision with motor vehicle in traffic / V2: Collision with motor vehicle in traffic ,V1: Truck/trailer / V2:Passenger car,Dry,Daylight,Clear,,Rte 93 S / Rte 16,,Exit 15 on Rte 93,93S EXIT 15,,236629.6253,897168.5001
3972073,BOSTON,14-Oct-2014,1:12 PM,Property damage only (none injured),2,0,0,Angle,V1: Travelling straight ahead / V2:Travelling straight ahead,V1:Westbound / V2:Northbound ,V1: Collision with motor vehicle in traffic / V2: Collision with motor vehicle in traffic ,"V1: Passenger car / V2:Light truck(van, mini-van, panel, pickup, sport utility) with only four tires",Dry,Daylight,Clear,,COLUMBIA ROAD Rte UNKNOW / BUTTONWOOD STREET,,,,,236609.5872,896844.6625
3993450,BOSTON (MATTAPAN),14-Oct-2014,1:40 PM,Non-fatal injury,2,1,0,Angle,V1: Travelling straight ahead / V2:Travelling straight ahead,V1:Not reported / V2:Eastbound ,V1: Collision with motor vehicle in traffic / V2: Collision with motor vehicle in traffic ,"V1: Light truck(van, mini-van, panel, pickup, sport utility) with only four tires / V2:Light truck(van, mini-van, panel, pickup, sport utility) with only four tires",Dry,Daylight,Clear,CUMMINS HIGHWAY / FAIRWAY STREET,,,,,,233384.9661,890960.1395
3972074,BOSTON,14-Oct-2014,2:15 PM,Property damage only (none injured),2,0,0,Rear-end,V1: Slowing or stopped in traffic / V2:Travelling straight ahead,V1:Northbound / V2:Northbound ,V1: Collision with motor vehicle in traffic / V2: Collision with motor vehicle in traffic ,V1: Passenger car / V2:Passenger car,Dry,Daylight,Clear,,Rte 93 N / UNKNOWN,,Exit 13 on Rte 93 N,,,237420.1414,894076.5227
4041531,BOSTON,14-Oct-2014,3:42 PM,Non-fatal injury,2,1,0,Rear-end,V1: Travelling straight ahead / V2:Travelling straight ahead,V1:Not reported / V2:Not reported ,V1: Collision with motor vehicle in traffic / V2: Collision with motor vehicle in traffic ,V1: Passenger car / V2:Motorcycle,Dry,Daylight,Clear/Clear,,673 CENTRE STREET,,,,,231807.0126,895828.1692
3971745,BOSTON,14-Oct-2014,5:32 PM,Property damage only (none injured),2,0,0,Rear-end,V1: Travelling straight ahead / V2:Slowing or stopped in traffic,V1:Northbound / V2:Northbound ,V1: Collision with motor vehicle in traffic / V2: Collision with motor vehicle in traffic ,V1: Passenger car / V2:Passenger car,Dry,Daylight,Clear,,MAURICE TOBIN BRIDGE Rte 1 N / TOBIN BRIDGE Rte 1 N,,,,,236921.4854,903407.4516
3972076,BOSTON,14-Oct-2014,6:25 PM,Property damage only (none injured),2,0,0,Rear-end,V1: Slowing or stopped in traffic / V2:Slowing or stopped in traffic,V1:Southbound / V2:Southbound ,V1: Collision with motor vehicle in traffic / V2: Collision with motor vehicle in traffic ,"V1: Light truck(van, mini-van, panel, pickup, sport utility) with only four tires / V2:Passenger car",Wet,Dark - lighted roadway,Rain,,Rte 93 / UNKNOWN,,Exit 13 on Rte 93,,,237399.8866,894072.472
3964232,BOSTON,14-Oct-2014,8:58 PM,Non-fatal injury,2,1,0,"Sideswipe, same direction",V1: Turning right / V2:Travelling straight ahead,V1:Southbound / V2:Southbound ,V1: Not reported / V2: Not reported ,V1: Passenger car / V2:MOPED,Dry,Dark - lighted roadway,Clear,HARVARD AVENUE / GLENVILLE AVENUE,,,,,,230365.4062,900138.6248
3971746,BOSTON,14-Oct-2014,9:44 PM,Property damage only (none injured),1,0,0,Single vehicle crash,V1: Travelling straight ahead,V1:Northbound ,V1: Overturn/rollover ,V1: Motorcycle,Dry,Dark - lighted roadway,Clear,,Rte 93 N / UNKNOWN,,Exit 23 on Rte 93 N,,,236957.4837,900943.9828
3971991,BOSTON,15-Oct-2014,2:16 AM,Not Reported,1,0,0,Single vehicle crash,V1: Travelling straight ahead,V1:Westbound ,V1: Collision with curb ,V1: Passenger car,Dry,Dark - lighted roadway,Not Reported,,SOLDIERS FIELD ROAD / STORROW DRIVE,,,,,231972.2974,900238.9314
3969079,BOSTON (DORCHESTER),15-Oct-2014,6:51 AM,Non-fatal injury,2,1,0,Single vehicle crash,V1: Not reported / V2:Not reported,V1:Northbound / V2:Westbound ,V1: Not reported / V2: Not reported ,"V1: Light truck(van, mini-van, panel, pickup, sport utility) with only four tires / V2:Passenger car",Dry,Daylight,Clear,HANCOCK STREET / HOWE STREET,,,,,,235984.1249,895813.5001
3970325,BOSTON,15-Oct-2014,7:51 AM,Property damage only (none injured),2,0,0,Rear-end,V1: Slowing or stopped in traffic / V2:Travelling straight ahead,V1:Northbound / V2:Northbound ,V1: Collision with motor vehicle in traffic / V2: Collision with motor vehicle in traffic ,V1: Passenger car / V2:Motorcycle,Dry,Daylight,Clear,,Rte 93 N,Rte 93  N Milemarker 16.9,,,,236742.6233,900426.5825
4031797,BOSTON (JAMAICA PLAIN),15-Oct-2014,8:08 AM,Non-fatal injury,2,2,0,Angle,V1: Travelling straight ahead / V2:Travelling straight ahead,V1:Northbound / V2:Westbound ,V1: Not reported / V2: Not reported ,V1: Passenger car / V2:Passenger car,Wet,Daylight,Clear/Clear,SOUTH STREET / ASTICOU ROAD,,,,,,231638.0154,894530.7502
3971934,BOSTON,15-Oct-2014,8:15 AM,Non-fatal injury,1,1,0,Single vehicle crash,V1: Entering traffic lane,V1:Eastbound ,V1: Collision with light pole or other post/support ,V1: Passenger car,Dry,Daylight,Not Reported,,RAMP-BOYLSTON ST/CHARLESGATE E TO STORRO / STORROW DRIVE,,,RAMP TO STORROW DR EB,,233877.7139,900216.6944
3972078,BOSTON,15-Oct-2014,8:58 AM,Non-fatal injury,3,1,0,Rear-end,V1: Travelling straight ahead / V2:Slowing or stopped in traffic / V3:Slowing or stopped in traffic,V1:Northbound / V2:Northbound / V3:Northbound ,V1: Collision with motor vehicle in traffic / V2: Collision with motor vehicle in traffic / V3: Collision with motor vehicle in traffic ,"V1: Light truck(van, mini-van, panel, pickup, sport utility) with only four tires / V2:Passenger car / V3:Passenger car",Dry,Daylight,Clear,,Rte 93 N / UNKNOWN,,Exit 13 on Rte 93 N,,,237420.1414,894076.5227
4013207,BOSTON (SOUTH BOSTON),15-Oct-2014,9:45 AM,Non-fatal injury,2,2,0,Angle,V1: Turning left / V2:Travelling straight ahead,V1:Eastbound / V2:Southbound ,V1: Collision with motor vehicle in traffic / V2: Collision with motor vehicle in traffic ,"V1: Light truck(van, mini-van, panel, pickup, sport utility) with only four tires / V2:Passenger car",Dry,Daylight,Clear,BOSTON STREET / WEST HOWELL STREET,,,,,,236338.3203,897291.4025
4014431,BOSTON,15-Oct-2014,10:22 AM,Non-fatal injury,1,1,0,Rear-end,V1: Travelling straight ahead,V1:Southbound ,V1: Collision with motor vehicle in traffic ,V1: Passenger car,Unknown,Daylight,Unknown/Unknown,A STREET / WEST BROADWAY,,,,,,236625.6875,899133.0624