Crash Number,City/Town Name,Crash Date,Crash Time,Crash Severity,Number of Vehicles,Total Nonfatal Injuries,Total Fatal Injuries,Manner of Collision,Vehicle Action Prior to Crash,Vehicle Travel Directions,Most Harmful Events,Vehicle Configuration,Road Surface Condition,Ambient Light,Weather Condition,At Roadway Intersection,Distance from Nearest Roadway Intersection,Distance from Nearest Milemarker,Distance from Nearest Exit,Distance from Nearest Landmark,Non Motorist Type,X Coordinate,Y Coordinate
3970943,BOSTON,15-Oct-2014,11:00 AM,Non-fatal injury,2,1,0,Angle,V1: Travelling straight ahead / V2:Entering traffic lane,V1:Southbound / V2:Northbound ,V1: Collision with motor vehicle in traffic / V2: Collision with motor vehicle in traffic ,"V1: Passenger car / V2:Bus (seats for more than 15 people, including driver)",Dry,Daylight,Clear,MAFFA WAY / GARDNER STREET,38 MAFFA WAY,,,,,234976.4101,903888.2813
3963456,BOSTON,15-Oct-2014,11:45 AM,Non-fatal injury,4,1,0,Rear-end,V1: Travelling straight ahead / V2:Travelling straight ahead / V3:Travelling straight ahead / V4:Travelling straight ahead,V1:Westbound / V2:Westbound / V3:Westbound / V4:Westbound ,V1: Collision with motor vehicle in traffic / V2: Collision with motor vehicle in traffic / V3: Collision with motor vehicle in traffic / V4: Collision with motor vehicle in traffic ,"V1: Light truck(van, mini-van, panel, pickup, sport utility) with only four tires / V2:Passenger car / V3:Passenger car / V4:Light truck(van, mini-van, panel, pickup, sport utility) with only four tires",Dry,Daylight,Cloudy,,SOLDIERS FIELD ROAD Rte UNKNOW W,,Exit PRIOR on Rte UNKNOW W,PRIOR TO BAY STATE RD FOOTBRIDGE,,232430.7227,900182.9083
3972080,BOSTON,15-Oct-2014,2:10 PM,Non-fatal injury,1,1,0,Single vehicle crash,V1: Travelling straight ahead,V1:Southbound ,V1: Collision with motor vehicle in traffic ,V1: Passenger car,Dry,Daylight,Clear,COLUMBIA ROAD / RAMP-RTS 93 SB/3 SB TO COLUMBIA RD,,,,,P2:Pedestrian,236745.2344,896875.3748
3972081,BOSTON,15-Oct-2014,4:40 PM,Property damage only (none injured),2,0,0,"Sideswipe, same direction",V1: Not reported / V2:Not reported,V1:Not reported / V2:Not reported ,V1: Not reported / V2: Not reported ,V1: Passenger car / V2:MOPED,Wet,Daylight,Not Reported,,WILLIAM T MORRISSEY BOULEVARD Rte UNKNOW / TOLMAN STREET,,,,,237478.0779,893387.4373
3963448,BOSTON,15-Oct-2014,8:45 PM,Property damage only (none injured),2,0,0,Rear-end,V1: Backing / V2:Slowing or stopped in traffic,V1:Westbound / V2:Westbound ,V1: Collision with motor vehicle in traffic / V2: Collision with motor vehicle in traffic ,"V1: Light truck(van, mini-van, panel, pickup, sport utility) with only four tires / V2:Passenger car",Wet,Dark - lighted roadway,Cloudy,,MASSACHUSETTS TURNPIKE Rte 90 W,,Exit PLAZA on Rte 90 W,,,239068.5148,902030.0732
3962719,BOSTON,15-Oct-2014,9:00 PM,Property damage only (none injured),2,0,0,Rear-end,V1: Travelling straight ahead / V2:Slowing or stopped in traffic,V1:Westbound / V2:Westbound ,V1: Collision with motor vehicle in traffic / V2: Collision with motor vehicle in traffic ,V1: Passenger car / V2:Passenger car,Dry,Dark - lighted roadway,Not Reported,,LOGAN AIRPORT TERMINAL E / LOGAN AIRPORT TERMINAL E,,,,,239454.2421,902235.2663
3963449,BOSTON,15-Oct-2014,10:12 PM,Non-fatal injury,1,1,0,Single vehicle crash,V1: Leaving traffic lane,V1:Westbound ,V1: Collision with highway traffic sign post ,V1: Passenger car,Dry,Dark - lighted roadway,Clear,,RAMP-RTS 93 NB/1 NB TO RT 1 NB (TOBIN BR Rte 1 N,,Exit 27 on Rte 93 N,,,235529.582,902522.4036
3971935,BOSTON,16-Oct-2014,6:14 AM,Property damage only (none injured),1,0,0,Single vehicle crash,V1: Travelling straight ahead,V1:Eastbound ,V1: Collision with median barrier ,V1: Passenger car,Wet,Dawn,Not Reported,,STORROW DRIVE Rte 28 N / EMBANKMENT ROAD Rte 28 N,,,STORROW DRIVE,,235253.7235,901156.9124
3973562,BOSTON,16-Oct-2014,6:15 AM,Property damage only (none injured),2,0,0,Rear-end,V1: Slowing or stopped in traffic / V2:Travelling straight ahead,V1:Northbound / V2:Northbound ,V1: Collision with motor vehicle in traffic / V2: Collision with motor vehicle in traffic ,"V1: Light truck(van, mini-van, panel, pickup, sport utility) with only four tires / V2:Passenger car",Wet,Daylight,Rain,,WILLIAM T MORRISSEY BOULEVARD / NEPONSET AVENUE,,,NEPONSET CIRCLE,,237696.0819,892924.3425
3971936,BOSTON,16-Oct-2014,6:50 AM,Property damage only (none injured),1,0,0,Single vehicle crash,V1: Travelling straight ahead,V1:Eastbound ,V1: Collision with curb ,V1: Passenger car,Wet,Dawn,Rain,,STORROW DRIVE Rte 28 N / EMBANKMENT ROAD Rte 28 N,,,&AMP; CHARLES CIRCLE,,235231.962,901315.694
3971747,BOSTON,16-Oct-2014,7:01 AM,Property damage only (none injured),1,0,0,Single vehicle crash,V1: Travelling straight ahead,V1:Westbound ,V1: Other ,"V1: Light truck(van, mini-van, panel, pickup, sport utility) with only four tires",Other,Daylight,Rain,,RAMP-RTS 90 WB/1A SB TO RTS 93 NB/3 NB / RAMP-RTS 90 WB/1A SB TO RTS 93 SB/3 SB Rte 1A S,,,RAMP D,,236474.7387,899748.0593
3972082,BOSTON,16-Oct-2014,7:17 AM,Property damage only (none injured),3,0,0,Rear-end,V1: Slowing or stopped in traffic / V2:Slowing or stopped in traffic / V3:Slowing or stopped in traffic,V1:Southbound / V2:Southbound / V3:Southbound ,V1: Collision with motor vehicle in traffic / V2: Collision with motor vehicle in traffic / V3: Collision with motor vehicle in traffic ,V1: Passenger car / V2:Passenger car / V3:Passenger car,Dry,Daylight,Clear,,KOSCIUSZKO CIRCLE Rte UNKNOW,,,,,237020.6238,896892.1848
3972083,BOSTON,16-Oct-2014,7:56 AM,Property damage only (none injured),2,0,0,Rear-end,V1: Slowing or stopped in traffic / V2:Slowing or stopped in traffic,V1:Northbound / V2:Northbound ,V1: Collision with motor vehicle in traffic / V2: Collision with motor vehicle in traffic ,"V1: Passenger car / V2:Light truck(van, mini-van, panel, pickup, sport utility) with only four tires",Wet,Daylight,Cloudy/Rain,,JOHN F FITZGERALD EXPRESSWAY Rte 93 N / UNNAMED ROAD,,,@ NORTH HOV EXIT,,236784.237,895311.9848
3972084,BOSTON,16-Oct-2014,9:30 AM,Property damage only (none injured),2,0,0,Angle,V1: Entering traffic lane / V2:Travelling straight ahead,V1:Southbound / V2:Southbound ,V1: Collision with motor vehicle in traffic / V2: Collision with motor vehicle in traffic ,"V1: Light truck(van, mini-van, panel, pickup, sport utility) with only four tires / V2:Light truck(van, mini-van, panel, pickup, sport utility) with only four tires",Wet,Daylight,Cloudy/Rain,,JOHN F FITZGERALD EXPRESSWAY Rte 93 S,,,NORTH HOV BUILDING,,236762.4745,895363.3397
3969779,BOSTON (DORCHESTER),16-Oct-2014,9:58 AM,Unknown,1,0,0,Not reported,V1: Travelling straight ahead,V1:Northbound ,V1: Collision with pedestrian ,"V1: Light truck(van, mini-van, panel, pickup, sport utility) with only four tires",Not reported,Not reported,Not Reported,GENEVA AVENUE / BLOOMFIELD STREET,,,,,P2:Pedestrian,235826.3905,894472.1876
3973615,BOSTON,16-Oct-2014,10:05 AM,Property damage only (none injured),1,0,0,Single vehicle crash,V1: Turning right,V1:Eastbound ,V1: Collision with guardrail ,V1: Passenger car,Wet,Daylight,Rain,,0 feet W from Intersection SOLDIERS FIELD ROAD / NORTH HARVARD STREET,,,,,230992.3482,902048.2872
3971938,BOSTON,16-Oct-2014,10:20 AM,Property damage only (none injured),1,0,0,Single vehicle crash,V1: Travelling straight ahead,V1:Eastbound ,V1: Collision with guardrail ,"V1: Light truck(van, mini-van, panel, pickup, sport utility) with only four tires",Wet,Daylight,Rain,,STORROW DRIVE Rte UNKNOW E / DAVID G MUGAR WAY,,,,,235214.6816,900915.4701
3969782,BOSTON (DORCHESTER),16-Oct-2014,10:25 AM,Property damage only (none injured),2,0,0,Angle,V1: Turning right / V2:Slowing or stopped in traffic,V1:Southbound / V2:Not reported ,V1: Collision with motor vehicle in traffic / V2: Collision with motor vehicle in traffic ,"V1: Passenger car / V2:Light truck(van, mini-van, panel, pickup, sport utility) with only four tires",Wet,Daylight,Rain,DORCHESTER AVENUE / MELVILLE AVENUE,,,,,,236170.3751,894046.9998
3969787,BOSTON,16-Oct-2014,11:00 AM,Not Reported,1,0,0,Not reported,V1: Not reported,V1:Not reported ,V1: Not reported ,V1: Passenger car,Not reported,Not reported,Not Reported,WASHINGTON STREET / ERIE STREET,,,,,,234751.1096,894853.1873
3972170,BOSTON,16-Oct-2014,12:00 PM,Non-fatal injury,2,1,0,Angle,V1: Turning right / V2:Slowing or stopped in traffic,V1:Eastbound / V2:Northbound ,V1: Collision with motor vehicle in traffic / V2: Collision with motor vehicle in traffic ,"V1: Light truck(van, mini-van, panel, pickup, sport utility) with only four tires / V2:Light truck(van, mini-van, panel, pickup, sport utility) with only four tires",Wet,Daylight,Rain,,WEST ROXBURY PARKWAY Rte UNKNOW / WOODARD ROAD,,,,,229367.5195,892286.5628
3977857,BOSTON,16-Oct-2014,2:25 PM,Property damage only (none injured),2,0,0,Rear-end,V1: Slowing or stopped in traffic / V2:Slowing or stopped in traffic,V1:Southbound / V2:Southbound ,V1: Collision with motor vehicle in traffic / V2: Collision with motor vehicle in traffic ,"V1: Light truck(van, mini-van, panel, pickup, sport utility) with only four tires / V2:Passenger car",Wet,Daylight,Rain,,JAMAICAWAY / PERKINS STREET,,,,,231606.1562,896796.9999
3971940,BOSTON,16-Oct-2014,3:05 PM,Non-fatal injury,3,4,0,Angle,V1: Changing lanes / V2:Travelling straight ahead / V3:Travelling straight ahead,V1:Westbound / V2:Westbound / V3:Westbound ,V1: Collision with motor vehicle in traffic / V2: Collision with motor vehicle in traffic / V3: Collision with motor vehicle in traffic ,"V1: Passenger car / V2:Passenger car / V3:Light truck(van, mini-van, panel, pickup, sport utility) with only four tires",Wet,Daylight,Cloudy/Rain,,CHARLES STREET Rte 3 N / EMBANKMENT ROAD Rte 28 S,,,CHARLES ST. W/B BY LEE POOL,,235403.629,901596.7871
3971748,BOSTON,16-Oct-2014,3:20 PM,Non-fatal injury,2,1,0,Rear-end,V1: Travelling straight ahead / V2:Slowing or stopped in traffic,V1:Westbound / V2:Westbound ,V1: Collision with motor vehicle in traffic / V2: Collision with motor vehicle in traffic ,"V1: Passenger car / V2:Light truck(van, mini-van, panel, pickup, sport utility) with only four tires",Wet,Daylight,Rain,,MASSACHUSETTS TURNPIKE Rte 90 W / RAMP-RTS 90 WB/1A SB TO RT 93/CONGRESS S Rte 1A S,,,,,238367.464,899815.2078
3994106,BOSTON (DORCHESTER),16-Oct-2014,5:30 PM,Not Reported,2,0,0,Not reported,V1: Not reported / V2:Not reported,V1:Not reported / V2:Not reported ,V1: Not reported / V2: Not reported ,"V1: Passenger car / V2:Light truck(van, mini-van, panel, pickup, sport utility) with only four tires",Not reported,Not reported,Not Reported,ASHMONT STREET / NEWHALL STREET,,,,,,236990.6406,893301.3127
3971939,BOSTON,16-Oct-2014,5:30 PM,Property damage only (none injured),2,0,0,Rear-end,V1: Slowing or stopped in traffic / V2:Travelling straight ahead,V1:Northbound / V2:Northbound ,V1: Collision with motor vehicle in traffic / V2: Collision with motor vehicle in traffic ,V1: Passenger car / V2:Passenger car,Wet,Dusk,Cloudy/Rain,,RIVERWAY Rte UNKNOW N / AUTUMN STREET,,,,,232105.411,898811.5289
3971749,BOSTON,16-Oct-2014,5:55 PM,Property damage only (none injured),2,0,0,Rear-end,V1: Travelling straight ahead / V2:Slowing or stopped in traffic,V1:Southbound / V2:Southbound ,V1: Collision with motor vehicle in traffic / V2: Collision with motor vehicle in traffic ,V1: Passenger car / V2:Passenger car,Wet,Dark - lighted roadway,Rain,,RAMP-RT 1 SB (TOBIN BRG) TO RT 93 SB Rte 1 S / RAMP-RT 1 SB TO RT 99 (NEW RUTHERFORD AV,,,TOBIN BRIDGE,,236212.1325,902541.2827
3966873,BOSTON (MATTAPAN),16-Oct-2014,6:16 PM,Non-fatal injury,2,1,0,Not reported,V1: Travelling straight ahead / V2:Turning left,V1:Eastbound / V2:Northbound ,V1: Collision with motor vehicle in traffic / V2: Collision with motor vehicle in traffic ,"V1: Passenger car / V2:Light truck(van, mini-van, panel, pickup, sport utility) with only four tires",Not reported,Not reported,Not Reported,CUMMINS HIGHWAY / GREENFIELD ROAD,,,,,,232456.3491,891327.3674
4038207,BOSTON (JAMAICA PLAIN),16-Oct-2014,6:26 PM,Property damage only (none injured),1,0,0,Single vehicle crash,V1: Turning left,V1:Not reported ,V1: Collision with pedestrian ,V1: Passenger car,Wet,Dusk,Rain/Rain,SEAVERNS AVENUE / CENTRE STREET,,,,,P2:Pedestrian,231807.4685,895829.9999
3973187,BOSTON,16-Oct-2014,7:19 PM,Non-fatal injury,1,1,0,Single vehicle crash,V1: Travelling straight ahead,V1:Northbound ,V1: Other ,"V1: Light truck(van, mini-van, panel, pickup, sport utility) with only four tires",Wet,Dusk,Rain,,Rte 93 N / UNKNOWN,,Exit 23 on Rte 93 N,,,236957.4837,900943.9828
3971995,BOSTON,16-Oct-2014,7:32 PM,Property damage only (none injured),1,0,0,Single vehicle crash,V1: Travelling straight ahead,V1:Westbound ,V1: Collision with guardrail ,V1: Passenger car,Wet,Dark - lighted roadway,Cloudy/Rain,,SOLDIERS FIELD ROAD Rte UNKNOW W / NORTH HARVARD STREET,,,,,230992.3482,902048.2872
3971941,BOSTON,16-Oct-2014,8:15 PM,Non-fatal injury,2,1,0,Rear-end,V1: Travelling straight ahead / V2:Travelling straight ahead,V1:Eastbound / V2:Eastbound ,V1: Collision with motor vehicle in traffic / V2: Not reported ,V1: Passenger car / V2:Passenger car,Wet,Dark - lighted roadway,Rain,,STORROW DRIVE Rte 28 N / EMBANKMENT ROAD Rte 28 N,,,AT THE LONGFELLOW BRIDGE,,235232.4222,901224.6284
3972173,BOSTON,16-Oct-2014,8:46 PM,Non-fatal injury,1,1,0,Single vehicle crash,V1: Overtaking/passing,V1:Eastbound ,V1: Collision with pedestrian ,V1: Passenger car,Wet,Dark - lighted roadway,Rain,HARVARD STREET / MORTON STREET Rte SR203 W,,,,,P2:Pedestrian,233493.5311,893100.9999
3964986,BOSTON,16-Oct-2014,9:41 PM,Non-fatal injury,2,1,0,Rear-end,V1: Travelling straight ahead / V2:Travelling straight ahead,V1:Not reported / V2:Not reported ,V1: Collision with motor vehicle in traffic / V2: Collision with motor vehicle in traffic ,V1: Passenger car / V2:Passenger car,Wet,Dark - lighted roadway,Rain/Rain,,846 COMMONWEALTH AVENUE,,,,,231872.7154,900095.5329
3993596,BOSTON (DORCHESTER),16-Oct-2014,9:55 PM,Not Reported,2,0,0,Single vehicle crash,V1: Not reported / V2:Not reported,V1:Northbound / V2:Southbound ,V1: Not reported / V2: Not reported ,V1: Passenger car / V2:Passenger car,Wet,Dark - lighted roadway,Rain/Cloudy,,2165 DORCHESTER AVENUE / VALLEY ROAD,,,,,235757.4845,892027.5627
3974639,BOSTON,16-Oct-2014,10:14 PM,Property damage only (none injured),2,0,0,Rear-end,V1: Travelling straight ahead / V2:Travelling straight ahead,V1:Northbound / V2:Northbound ,V1: Collision with motor vehicle in traffic / V2: Collision with motor vehicle in traffic ,"V1: Light truck(van, mini-van, panel, pickup, sport utility) with only four tires / V2:Light truck(van, mini-van, panel, pickup, sport utility) with only four tires",Wet,Dark - lighted roadway,Cloudy,,JOHN F FITZGERALD EXPRESSWAY Rte 93 N,,Exit 23 on Rte 93 N,,,236947.1291,900975.3063
3971652,BOSTON,17-Oct-2014,2:37 AM,Non-fatal injury,2,1,0,Rear-end,V1: Travelling straight ahead / V2:Travelling straight ahead,V1:Eastbound / V2:Eastbound ,V1: Collision with motor vehicle in traffic / V2: Collision with motor vehicle in traffic ,"V1: Light truck(van, mini-van, panel, pickup, sport utility) with only four tires / V2:Passenger car",Dry,Dark - lighted roadway,Clear,,RAMP-RT 90 EB TO CAMBRIDGE ST,,Exit 18 on Rte 90 E,TOLL PLAZA,,230953.3618,900838.4895
3974987,BOSTON (DORCHESTER),17-Oct-2014,4:13 AM,Not Reported,1,0,0,Not reported,V1: Travelling straight ahead,V1:Not reported ,V1: Not reported ,"V1: Light truck(van, mini-van, panel, pickup, sport utility) with only four tires",Not reported,Not reported,Not Reported,,44 TOPLIFF STREET,,,,,235602.2727,894838.1286
3973563,BOSTON,17-Oct-2014,8:30 AM,Property damage only (none injured),2,0,0,"Sideswipe, same direction",V1: Slowing or stopped in traffic / V2:Entering traffic lane,V1:Northbound / V2:Northbound ,V1: Collision with motor vehicle in traffic / V2: Collision with motor vehicle in traffic ,V1: Passenger car / V2:Tractor/semi-trailer,Dry,Daylight,Not Reported,,Rte 93 N,,Exit 15 on Rte 93 N,,,236972.2496,896473.4282
3971654,BOSTON,17-Oct-2014,9:20 AM,Property damage only (none injured),2,0,0,Rear-end,V1: Travelling straight ahead / V2:Slowing or stopped in traffic,V1:Eastbound / V2:Eastbound ,V1: Collision with motor vehicle in traffic / V2: Collision with motor vehicle in traffic ,"V1: Passenger car / V2:Light truck(van, mini-van, panel, pickup, sport utility) with only four tires",Dry,Daylight,Clear,,RAMP-RT 90 EB TO CAMBRIDGE ST,,Exit 18 on Rte 90 E,,,230801.729,900803.2451
3973014,BOSTON,17-Oct-2014,11:00 AM,Non-fatal injury,2,1,0,Angle,V1: Travelling straight ahead / V2:Travelling straight ahead,V1:Northbound / V2:Eastbound ,V1: Collision with motor vehicle in traffic / V2: Collision with motor vehicle in traffic ,"V1: Passenger car / V2:Light truck(van, mini-van, panel, pickup, sport utility) with only four tires",Dry,Daylight,Clear,,BERKELEY STREET / BACK STREET,,,,,235009.6998,900623.457
3972086,BOSTON,17-Oct-2014,12:10 PM,Non-fatal injury,2,1,0,Rear-end,V1: Slowing or stopped in traffic / V2:Slowing or stopped in traffic,V1:Southbound / V2:Southbound ,V1: Collision with motor vehicle in traffic / V2: Collision with motor vehicle in traffic ,"V1: Passenger car / V2:Light truck(van, mini-van, panel, pickup, sport utility) with only four tires",Dry,Daylight,Cloudy,,Rte 93 S / UNKNOWN,,Exit 12 on Rte 93 S,,,237620.5493,892713.0989
3972560,BOSTON,17-Oct-2014,12:11 PM,Property damage only (none injured),2,0,0,"Sideswipe, same direction",V1: Changing lanes / V2:Travelling straight ahead,V1:Southbound / V2:Southbound ,V1: Collision with motor vehicle in traffic / V2: Collision with motor vehicle in traffic ,V1: Passenger car / V2:Tractor/semi-trailer,Dry,Daylight,Clear,,Rte 93 S,,Exit 20 on Rte 93 S,,,236954.209,900826.9442
3971750,BOSTON,17-Oct-2014,12:16 PM,Property damage only (none injured),2,0,0,Rear-end,V1: Travelling straight ahead / V2:Travelling straight ahead,V1:Southbound / V2:Southbound ,V1: Collision with motor vehicle in traffic / V2: Collision with motor vehicle in traffic ,V1: Passenger car / V2:Passenger car,Dry,Daylight,Clear,,LEVERETT CONNECTOR SOUTH,,Exit 26 on Rte 93 S,,,,
3983461,BOSTON (BRIGHTON),17-Oct-2014,1:50 PM,Non-fatal injury,1,1,0,Single vehicle crash,V1: Backing,V1:Westbound ,"V1: Collision with cyclist (bicycle, tricycle, unicycle, pedal car) ",V1: Passenger car,Dry,Daylight,Clear,,1001 COMMONWEALTH AVENUE,,,,"P2:Pedalcyclist (bicycle, tricycle, unicycle, pedal car)",231230.1527,900217.7428
3973575,BOSTON,17-Oct-2014,2:50 PM,Property damage only (none injured),2,0,0,Rear-end,V1: Slowing or stopped in traffic / V2:Travelling straight ahead,V1:Southbound / V2:Southbound ,V1: Collision with motor vehicle in traffic / V2: Collision with motor vehicle in traffic ,V1: Passenger car / V2:Passenger car,Dry,Daylight,Clear,,Rte 93 S,,Exit 15 on Rte 93,,,236629.6253,897168.5001
3971657,BOSTON,17-Oct-2014,3:50 PM,Property damage only (none injured),3,0,0,Rear-end,V1: Slowing or stopped in traffic / V2:Slowing or stopped in traffic / V3:Travelling straight ahead,V1:Eastbound / V2:Eastbound / V3:Eastbound ,V1: Collision with motor vehicle in traffic / V2: Collision with motor vehicle in traffic / V3: Collision with motor vehicle in traffic ,V1: Passenger car / V2:Passenger car / V3:Passenger car,Dry,Daylight,Not Reported,,Rte 90 E / UNKNOWN,,Exit 18 on Rte 90 E,,,230714.9765,900764.6942
3971751,BOSTON,17-Oct-2014,5:00 PM,Property damage only (none injured),2,0,0,"Sideswipe, same direction",V1: Travelling straight ahead / V2:Travelling straight ahead,V1:Southbound / V2:Southbound ,V1: Collision with motor vehicle in traffic / V2: Collision with motor vehicle in traffic ,"V1: Passenger car / V2:Light truck(van, mini-van, panel, pickup, sport utility) with only four tires",Dry,Daylight,Clear,NEW CHARDON STREET / NEW CHARDON STREET / JOHN F FITZGERALD SURFACE ROAD,,,,,,236377.0019,901573.2651
3974993,BOSTON (DORCHESTER),17-Oct-2014,5:10 PM,Property damage only (none injured),2,0,0,Unknown,V1: Turning left / V2:Travelling straight ahead,V1:Not reported / V2:Not reported ,V1: Not reported / V2: Collision with motor vehicle in traffic ,V1: Passenger car / V2:Motorcycle,Dry,Daylight,Clear,,1197 ADAMS STREET / DORCHESTER AVENUE,,,,,235635.735,891395.1854
3965354,BOSTON,17-Oct-2014,8:34 PM,Non-fatal injury,3,2,0,Rear-end,V1: Slowing or stopped in traffic / V2:Slowing or stopped in traffic / V3:Travelling straight ahead,V1:Eastbound / V2:Eastbound / V3:Eastbound ,V1: Collision with motor vehicle in traffic / V2: Collision with motor vehicle in traffic / V3: Collision with parked motor vehicle ,V1: Passenger car / V2:Passenger car / V3:Passenger car,Dry,Dark - lighted roadway,Clear,BEACON STREET / ACACIA AVENUE,,,,,,227463.1096,898168.7498
3966875,BOSTON (HYDE PARK),17-Oct-2014,10:00 PM,Not Reported,1,0,0,Single vehicle crash,V1: Travelling straight ahead,V1:Westbound ,V1: Collision with pedestrian ,V1: Passenger car,Dry,Dark - lighted roadway,Clear/Clear,,655 HYDE PARK AVENUE,,,,P2:Pedestrian,231396.3351,892005.0571
3972180,BOSTON,17-Oct-2014,10:15 PM,Property damage only (none injured),2,0,0,"Sideswipe, opposite direction",V1: Travelling straight ahead / V2:Travelling straight ahead,V1:Westbound / V2:Eastbound ,V1: Collision with motor vehicle in traffic / V2: Collision with motor vehicle in traffic ,"V1: Light truck(van, mini-van, panel, pickup, sport utility) with only four tires / V2:Passenger car",Dry,Dark - lighted roadway,Clear,MORTON STREET / BLUE HILL AVENUE,,,,,,233701.9842,892720.8123
3975924,BOSTON,18-Oct-2014,1:51 AM,Non-fatal injury,1,1,0,Single vehicle crash,V1: Not reported,V1:Not reported ,V1: Collision with curb ,V1: Passenger car,Dry,Dark - lighted roadway,Clear,WEST ROXBURY PARKWAY / WEST ROXBURY VFW PARKWAY ROTARY,,,,,,229204.0647,894089.827
3972640,BOSTON,18-Oct-2014,7:25 AM,Property damage only (none injured),2,0,0,Rear-end,V1: Slowing or stopped in traffic / V2:Slowing or stopped in traffic,V1:Eastbound / V2:Eastbound ,V1: Collision with motor vehicle in traffic / V2: Collision with motor vehicle in traffic ,V1: Passenger car / V2:Passenger car,Dry,Daylight,Cloudy,,STORROW DRIVE Rte UNKNOW E,,,HATCH SHELL,,235176.6897,900826.525
3972000,BOSTON,18-Oct-2014,10:02 AM,Property damage only (none injured),1,0,0,"Sideswipe, same direction",V1: Changing lanes,V1:Westbound ,V1: Collision with motor vehicle in traffic ,"V1: Light truck(van, mini-van, panel, pickup, sport utility) with only four tires",Dry,Daylight,Clear,,SOLDIERS FIELD ROAD / NORTH BEACON STREET Rte 20 W,,Exit BY THE on Rte UNKNOW W,,,228171.6019,901006.359
3972092,BOSTON,18-Oct-2014,11:00 AM,Non-fatal injury,2,2,0,Rear-end,V1: Slowing or stopped in traffic / V2:Travelling straight ahead,V1:Northbound / V2:Northbound ,V1: Collision with motor vehicle in traffic / V2: Collision with motor vehicle in traffic ,V1: Passenger car / V2:Passenger car,Dry,Daylight,Clear,,Rte 93 N / UNKNOWN,,Exit 12 on Rte 93 N,,,237641.3431,892708.5028
3972088,BOSTON,18-Oct-2014,11:04 AM,Non-fatal injury,3,1,0,Rear-end,V1: Travelling straight ahead / V2:Slowing or stopped in traffic / V3:Travelling straight ahead,V1:Westbound / V2:Westbound / V3:Westbound ,V1: Collision with motor vehicle in traffic / V2: Collision with motor vehicle in traffic / V3: Collision with motor vehicle in traffic ,"V1: Light truck(van, mini-van, panel, pickup, sport utility) with only four tires / V2:Light truck(van, mini-van, panel, pickup, sport utility) with only four tires / V3:Light truck(van, mini-van, panel, pickup, sport utility) with only four tires",Dry,Daylight,Cloudy,COLUMBIA ROAD / KOSCIUSZKO CIRCLE,,,,,,236980.4846,896866.3749
3972089,BOSTON,18-Oct-2014,11:06 AM,Non-fatal injury,4,1,0,Rear-end,V1: Travelling straight ahead / V2:Travelling straight ahead / V3:Travelling straight ahead / V4:Slowing or stopped in traffic,V1:Northbound / V2:Northbound / V3:Northbound / V4:Northbound ,V1: Collision with motor vehicle in traffic / V2: Collision with motor vehicle in traffic / V3: Collision with motor vehicle in traffic / V4: Collision with motor vehicle in traffic ,"V1: Passenger car / V2:Light truck(van, mini-van, panel, pickup, sport utility) with only four tires / V3:Light truck(van, mini-van, panel, pickup, sport utility) with only four tires / V4:Light truck(van, mini-van, panel, pickup, sport utility) with only four tires",Dry,Daylight,Clear,,Rte 93 N / UNKNOWN,,Exit 13 on Rte 93 N,,,237420.1414,894076.5227
3972093,BOSTON,18-Oct-2014,11:20 AM,Non-fatal injury,2,1,0,Rear-end,V1: Slowing or stopped in traffic / V2:Slowing or stopped in traffic,V1:Westbound / V2:Westbound ,V1: Collision with motor vehicle in traffic / V2: Collision with motor vehicle in traffic ,"V1: Passenger car / V2:Light truck(van, mini-van, panel, pickup, sport utility) with only four tires",Dry,Daylight,Cloudy,,850 WILLIAM T MORRISSEY BOULEVARD / 850 TENEAN STREET,,,,,237335.6883,893846.1613
3972090,BOSTON,18-Oct-2014,11:22 AM,Non-fatal injury,1,1,0,Single vehicle crash,V1: Travelling straight ahead,V1:Northbound ,V1: Collision with guardrail ,V1: Passenger car,Dry,Daylight,Clear,,Rte 93 N / UNKNOWN,,Exit 15 on Rte 93 N,,,236972.2496,896473.4282
3972091,BOSTON,18-Oct-2014,11:32 AM,Property damage only (none injured),3,0,0,Rear-end,V1: Travelling straight ahead / V2:Travelling straight ahead / V3:Travelling straight ahead,V1:Northbound / V2:Northbound / V3:Northbound ,V1: Collision with motor vehicle in traffic / V2: Collision with motor vehicle in traffic / V3: Collision with motor vehicle in traffic ,"V1: Passenger car / V2:Light truck(van, mini-van, panel, pickup, sport utility) with only four tires / V3:Light truck(van, mini-van, panel, pickup, sport utility) with only four tires",Dry,Daylight,Clear,,Rte 93 N / UNKNOWN,,Exit 15 on Rte 93 N,,,236972.2496,896473.4282
3971752,BOSTON,18-Oct-2014,12:10 PM,Property damage only (none injured),2,0,0,Not reported,V1: Backing / V2:Travelling straight ahead,V1:Southbound / V2:Northbound ,V1: Collision with motor vehicle in traffic / V2: Collision with motor vehicle in traffic ,"V1: Light truck(van, mini-van, panel, pickup, sport utility) with only four tires / V2:Passenger car",Dry,Daylight,Clear,FRONTAGE ROAD / BROADWAY,,,,,,236165.6755,899351.7012