Crash Number,City/Town Name,Crash Date,Crash Time,Crash Severity,Number of Vehicles,Total Nonfatal Injuries,Total Fatal Injuries,Manner of Collision,Vehicle Action Prior to Crash,Vehicle Travel Directions,Most Harmful Events,Vehicle Configuration,Road Surface Condition,Ambient Light,Weather Condition,At Roadway Intersection,Distance from Nearest Roadway Intersection,Distance from Nearest Milemarker,Distance from Nearest Exit,Distance from Nearest Landmark,Non Motorist Type,X Coordinate,Y Coordinate
3972002,BOSTON,18-Oct-2014,2:10 PM,Property damage only (none injured),2,0,0,Angle,V1: Travelling straight ahead / V2:Changing lanes,V1:Northbound / V2:Northbound ,V1: Collision with motor vehicle in traffic / V2: Collision with motor vehicle in traffic ,V1: Passenger car / V2:Passenger car,Dry,Daylight,Cloudy,,CAMBRIDGE STREET / RAMP-RT 90 TO CAMBRIDGE ST EB,,Exit SFR E/ on Rte UNKNOW N,,,231496.2505,901231.1474
3978087,BOSTON,18-Oct-2014,7:50 PM,Not Reported,2,0,0,Rear-end,V1: Travelling straight ahead / V2:Travelling straight ahead,V1:Not reported / V2:Not reported ,V1: Not reported / V2: Not reported ,V1: Passenger car / V2:Passenger car,Wet,Dark - lighted roadway,Rain,ROSWELL STREET / LANGDON STREET,,,,,,235411.0074,897272.609
3973632,BOSTON,18-Oct-2014,9:14 PM,Non-fatal injury,2,2,0,Angle,V1: Travelling straight ahead / V2:Making U-turn,V1:Westbound / V2:Eastbound ,V1: Collision with motor vehicle in traffic / V2: Collision with motor vehicle in traffic ,V1: Passenger car / V2:Passenger car,Dry,Dark - lighted roadway,Clear,,GALLIVAN BOULEVARD / DORCHESTER AVENUE,,,,,235804.4062,892252.5627
3974991,BOSTON (DORCHESTER),18-Oct-2014,9:30 PM,Property damage only (none injured),2,0,0,Rear-end,V1: Turning right / V2:Backing,V1:Eastbound / V2:Northbound ,V1: Collision with motor vehicle in traffic / V2: Collision with motor vehicle in traffic ,"V1: Passenger car / V2:Light truck(van, mini-van, panel, pickup, sport utility) with only four tires",Wet,Dark - lighted roadway,Clear,HANCOCK STREET / GLENDALE STREET,,,,,,235844.672,895988.3748
3974959,BOSTON (DORCHESTER),18-Oct-2014,9:35 PM,Property damage only (none injured),1,0,0,Single vehicle crash,V1: Turning right,V1:Northbound ,"V1: Collision with other fixed object (wall, building, tunnel, etc.) ",V1: Passenger car,Wet,Dark - lighted roadway,Cloudy,,36 WESTWOOD STREET / RICHFIELD STREET,,,,,235254.7341,895459.8749
3971753,BOSTON,19-Oct-2014,2:12 AM,Property damage only (none injured),1,0,0,Single vehicle crash,V1: Travelling straight ahead,V1:Southbound ,V1: Collision with median barrier ,"V1: Light truck(van, mini-van, panel, pickup, sport utility) with only four tires",Dry,Dark - lighted roadway,Clear,,Rte 93 S / UNKNOWN,,Exit 23 on Rte 93 S,,,236856.2793,901152.8251
3971942,BOSTON,19-Oct-2014,2:57 AM,Fatal injury,2,2,2,Head-on,V1: Travelling straight ahead / V2:Travelling straight ahead,V1:Southbound / V2:Northbound ,V1: Collision with motor vehicle in traffic / V2: Collision with motor vehicle in traffic ,V1: Passenger car / V2:Passenger car,Dry,Dark - lighted roadway,Clear,,JAMAICAWAY Rte UNKNOW / PERKINS STREET,,,,,231606.1562,896796.9999
3974988,BOSTON (DORCHESTER),19-Oct-2014,11:11 AM,Not Reported,1,0,0,Not reported,V1: Turning left,V1:Not reported ,"V1: Collision with cyclist (bicycle, tricycle, unicycle, pedal car) ",V1: Passenger car,Not reported,Not reported,Not Reported,CRESCENT AVENUE / CARSON STREET,,,,,"P2:Pedalcyclist (bicycle, tricycle, unicycle, pedal car)",236724.7779,896593.2019
3994259,BOSTON,19-Oct-2014,1:02 PM,Property damage only (none injured),2,0,0,Angle,V1: Backing / V2:Backing,V1:Westbound / V2:Southbound ,V1: Collision with motor vehicle in traffic / V2: Collision with motor vehicle in traffic ,"V1: Light truck(van, mini-van, panel, pickup, sport utility) with only four tires / V2:Passenger car",Dry,Daylight,Clear,,BLACK FALCON AVENUE / TERMINAL STREET,,,,,238586.491,899358.4166
3974990,BOSTON (DORCHESTER),19-Oct-2014,3:27 PM,Not Reported,2,0,0,Not reported,V1: Turning left / V2:Travelling straight ahead,V1:Northbound / V2:Not reported ,V1: Not reported / V2: Collision with motor vehicle in traffic ,V1: Passenger car / V2:Not reported,Not reported,Not reported,Not Reported,,30 MERCIER AVENUE,,,,,235745.5009,892553.9159
3972183,BOSTON,19-Oct-2014,7:49 PM,Property damage only (none injured),2,0,0,Rear-end,V1: Travelling straight ahead / V2:Slowing or stopped in traffic,V1:Westbound / V2:Westbound ,V1: Collision with motor vehicle in traffic / V2: Collision with motor vehicle in traffic ,V1: Passenger car / V2:Passenger car,Dry,Dark - roadway not lighted,Clear,VETERANS OF FOREIGN WARS PARKWAY / WEST ROXBURY VFW PARKWAY ROTARY,,,,,,229244.3438,894033.7502
3972095,BOSTON,20-Oct-2014,00:00 AM,Non-fatal injury,1,1,0,Single vehicle crash,V1: Changing lanes,V1:Northbound ,V1: Collision with light pole or other post/support ,V1: Passenger car,Dry,Dark - lighted roadway,Cloudy,,WILLIAM T MORRISSEY BOULEVARD / DOMINIC J BIANCULLI BOULEVARD,,,SAVIN HILL YACHT CLUB,,237481.7815,895521.741
3993593,BOSTON,20-Oct-2014,4:06 AM,Property damage only (none injured),1,0,0,Not reported,V1: Travelling straight ahead,V1:Not reported ,V1: Collision with fence ,V1: Passenger car,Not reported,Not reported,Not Reported,,85 OLNEY STREET,,,,,235214.2769,895085.8035
3972184,BOSTON,20-Oct-2014,5:26 AM,Non-fatal injury,1,1,0,Single vehicle crash,V1: Travelling straight ahead,V1:Southbound ,V1: Collision with guardrail ,V1: Passenger car,Dry,Dark - roadway not lighted,Clear,,ENNEKING PARKWAY Rte UNKNOW / GORDON AVENUE,,,,,230642.2655,889819.8126
4013187,BOSTON,20-Oct-2014,8:56 AM,Property damage only (none injured),5,0,0,Single vehicle crash,V1: Travelling straight ahead / V2:Parked / V3:Parked / V4:Parked / V5:Parked,V1:Not reported / V2:Not reported / V3:Not reported / V4:Not reported / V5:Not reported ,V1: Collision with parked motor vehicle / V2: Not reported / V3: Collision with parked motor vehicle / V4: Collision with parked motor vehicle / V5: Collision with parked motor vehicle ,"V1: Light truck(van, mini-van, panel, pickup, sport utility) with only four tires / V2:Passenger car / V3:Passenger car / V4:Light truck(van, mini-van, panel, pickup, sport utility) with only four tires / V5:Passenger car",Dry,Daylight,Clear/Clear,,1849 COLUMBUS AVENUE,,,,,233104.6542,896590.4083
3970940,BOSTON,20-Oct-2014,9:10 AM,Non-fatal injury,2,2,0,Rear-end,V1: Slowing or stopped in traffic / V2:Travelling straight ahead,V1:Southbound / V2:Southbound ,V1: Collision with motor vehicle in traffic / V2: Collision with motor vehicle in traffic ,"V1: Light truck(van, mini-van, panel, pickup, sport utility) with only four tires / V2:Bus (seats for more than 15 people, including driver)",Dry,Daylight,Clear,,TREMONT STREET / MALCOLM X BOULEVARD,,,,,233454.1412,897991.6253
3971754,BOSTON,20-Oct-2014,9:12 AM,Property damage only (none injured),2,0,0,Rear-end,V1: Travelling straight ahead / V2:Travelling straight ahead,V1:Southbound / V2:Southbound ,V1: Collision with motor vehicle in traffic / V2: Collision with motor vehicle in traffic ,V1: Passenger car / V2:Passenger car,Dry,Daylight,Clear,,Rte 93 S / UNKNOWN,,Exit 24 on Rte 93 S,,,236397.1933,901565.6511
3972096,BOSTON,20-Oct-2014,9:25 AM,Property damage only (none injured),2,0,0,Rear-end,V1: Slowing or stopped in traffic / V2:Travelling straight ahead,V1:Northbound / V2:Northbound ,V1: Collision with motor vehicle in traffic / V2: Collision with motor vehicle in traffic ,"V1: Light truck(van, mini-van, panel, pickup, sport utility) with only four tires / V2:Passenger car",Dry,Daylight,Clear,,Rte 93 N / UNKNOWN,,Exit 14 on Rte 93 N,,,237258.9796,894483.3974
4013184,BOSTON,20-Oct-2014,9:44 AM,Non-fatal injury,1,1,0,Unknown,V1: Turning left,V1:Not reported ,V1: Collision with pedestrian ,V1: Passenger car,Dry,Daylight,Clear/Cloudy,CENTRE STREET / MOZART STREET,,,,,P2:Pedestrian,232569.9374,896990.1872
3973016,BOSTON,20-Oct-2014,2:04 PM,Property damage only (none injured),2,0,0,Rear-end,V1: Slowing or stopped in traffic / V2:Travelling straight ahead,V1:Westbound / V2:Westbound ,V1: Collision with motor vehicle in traffic / V2: Collision with motor vehicle in traffic ,V1: Passenger car / V2:Passenger car,Dry,Daylight,Clear,,STORROW DRIVE,,,HATCHSHELL,,235176.6897,900826.525
3972097,BOSTON,20-Oct-2014,3:05 PM,Non-fatal injury,3,2,0,Angle,V1: Entering traffic lane / V2:Travelling straight ahead / V3:Not reported,V1:Southbound / V2:Eastbound / V3:Not reported ,V1: Collision with motor vehicle in traffic / V2: Collision with motor vehicle in traffic / V3: Not reported ,"V1: Passenger car / V2:Passenger car / V3:Light truck(van, mini-van, panel, pickup, sport utility) with only four tires",Dry,Daylight,Clear,GALLIVAN BOULEVARD / OAKRIDGE STREET,,,,,,235078.9376,892049.5623
3974956,BOSTON (DORCHESTER),20-Oct-2014,6:09 PM,Not Reported,2,0,0,Head-on,V1: Turning left / V2:Travelling straight ahead,V1:Southbound / V2:Northbound ,V1: Collision with motor vehicle in traffic / V2: Collision with motor vehicle in traffic ,"V1: Light truck(van, mini-van, panel, pickup, sport utility) with only four tires / V2:Passenger car",Dry,Dark - lighted roadway,Clear,DORCHESTER AVENUE / HALLAM STREET,,,,,,236530.6874,896089.6248
3974955,BOSTON,20-Oct-2014,7:52 PM,Not Reported,2,0,0,Single vehicle crash,V1: Not reported / V2:Parked,V1:Not reported / V2:Not reported ,V1: Not reported / V2: Collision with parked motor vehicle ,V1: Not reported / V2:Passenger car,Dry,Daylight,Clear,,323 GENEVA AVENUE / LEVANT STREET,,,,,235384.0624,894821.2498
3974948,BOSTON (DORCHESTER),20-Oct-2014,8:01 PM,Not Reported,2,0,0,Rear-end,V1: Slowing or stopped in traffic / V2:Travelling straight ahead,V1:Not reported / V2:Not reported ,V1: Not reported / V2: Not reported ,"V1: Passenger car / V2:Light truck(van, mini-van, panel, pickup, sport utility) with only four tires",Dry,Dark - lighted roadway,Clear/Clear,WASHINGTON STREET / ASHMONT STREET,,,,,,235367.7813,892852.4377
3973633,BOSTON,20-Oct-2014,9:13 PM,Property damage only (none injured),2,0,0,"Sideswipe, same direction",V1: Entering traffic lane / V2:Travelling straight ahead,V1:Southbound / V2:Southbound ,V1: Collision with motor vehicle in traffic / V2: Collision with motor vehicle in traffic ,V1: Passenger car / V2:Passenger car,Dry,Dark - lighted roadway,Clear,GRANITE AVENUE / GALLIVAN BOULEVARD Rte SR203 E / ADAMS STREET,,,,,,236643.2967,892556.1249
3974957,BOSTON (DORCHESTER),20-Oct-2014,9:51 PM,Property damage only (none injured),4,0,0,Unknown,V1: Travelling straight ahead / V2:Parked / V3:Parked / V4:Parked,V1:Not reported / V2:Not reported / V3:Not reported / V4:Not reported ,V1: Collision with parked motor vehicle / V2: Not reported / V3: Not reported / V4: Not reported ,V1: Passenger car / V2:Passenger car / V3:Passenger car / V4:Passenger car,Dry,Dark - lighted roadway,Clear/Clear,,4 DEVER STREET / BOWDOIN STREET,,,,,235497.7971,894971.8751
3973589,BOSTON,20-Oct-2014,10:00 PM,Property damage only (none injured),3,0,0,"Sideswipe, same direction",V1: Travelling straight ahead / V2:Backing / V3:Backing,V1:Northbound / V2:Southbound / V3:Southbound ,V1: Collision with work zone maintenance equipment / V2: Collision with motor vehicle in traffic / V3: Collision with motor vehicle in traffic ,"V1: Passenger car / V2:Light truck(van, mini-van, panel, pickup, sport utility) with only four tires / V3:Other",Dry,Dark - lighted roadway,Clear,,Rte 93 N,,Exit 15 on Rte 93 N,,,236972.2496,896473.4282
4020111,BOSTON (ROXBURY),21-Oct-2014,2:05 AM,Non-fatal injury,3,1,0,Not reported,V1: Travelling straight ahead / V2:Travelling straight ahead / V3:Not reported,V1:Northbound / V2:Eastbound / V3:Not reported ,V1: Collision with motor vehicle in traffic / V2: Collision with motor vehicle in traffic / V3: Not reported ,V1: Passenger car / V2:Passenger car / V3:Passenger car,Not reported,Not reported,Not Reported,HARRISON AVENUE / EUSTIS STREET,,,,,,234541.8905,897925.3127
3993566,BOSTON,21-Oct-2014,7:50 AM,Non-fatal injury,1,1,0,Single vehicle crash,V1: Travelling straight ahead,V1:Not reported ,V1: Collision with pedestrian ,"V1: Light truck(van, mini-van, panel, pickup, sport utility) with only four tires",Dry,Daylight,Cloudy/Cloudy,CAUSEWAY STREET / HAVERHILL STREET,,,,,P2:Pedestrian,236230.8049,901810.4512
3973576,BOSTON,21-Oct-2014,1:32 PM,Property damage only (none injured),2,0,0,Angle,V1: Turning left / V2:Travelling straight ahead,V1:Northbound / V2:Southbound ,V1: Collision with motor vehicle in traffic / V2: Collision with motor vehicle in traffic ,"V1: Single-unit truck (2-axle, 6-tire) / V2:Passenger car",Dry,Daylight,Cloudy,,FREEPORT STREET / WILLIAM T MORRISSEY BOULEVARD,,,,,237178.5371,894555.1659
4000804,BOSTON,21-Oct-2014,2:51 PM,Property damage only (none injured),1,0,0,Single vehicle crash,V1: Travelling straight ahead,V1:Westbound ,V1: Collision with curb ,V1: Passenger car,Wet,Daylight,Rain,,STORROW DRIVE Rte 28 S / RAMP-RTS 3/3A TO RT 28 SB,,,WEST OF LONGFELLOW BRIDGE,,235200.3046,901235.0468
3972565,BOSTON,21-Oct-2014,5:20 PM,Property damage only (none injured),2,0,0,Angle,V1: Travelling straight ahead / V2:Entering traffic lane,V1:Southbound / V2:Southbound ,V1: Collision with motor vehicle in traffic / V2: Collision with motor vehicle in traffic ,"V1: Bus (seats for more than 15 people, including driver) / V2:Passenger car",Dry,Daylight,Clear,,Rte 93 S,,Exit 18 on Rte 93 S,,,236013.2783,899092.9981
3972562,BOSTON,21-Oct-2014,6:45 PM,Property damage only (none injured),4,0,0,Rear-end,V1: Travelling straight ahead / V2:Slowing or stopped in traffic / V3:Slowing or stopped in traffic / V4:Travelling straight ahead,V1:Southbound / V2:Southbound / V3:Southbound / V4:Southbound ,V1: Collision with motor vehicle in traffic / V2: Collision with motor vehicle in traffic / V3: Collision with motor vehicle in traffic / V4: Collision with motor vehicle in traffic ,V1: Passenger car / V2:Passenger car / V3:Passenger car / V4:Passenger car,Dry,Dark - lighted roadway,Clear,,Rte 93 S,,Exit 18 on Rte 93 S,,,236013.2783,899092.9981
3974976,BOSTON (DORCHESTER),21-Oct-2014,8:53 PM,Non-fatal injury,2,2,0,Rear-end,V1: Slowing or stopped in traffic / V2:Travelling straight ahead,V1:Not reported / V2:Not reported ,V1: Collision with motor vehicle in traffic / V2: Collision with motor vehicle in traffic ,V1: Passenger car / V2:Passenger car,Dry,Dark - lighted roadway,Clear/Clear,BOWDOIN STREET / HAMILTON STREET,,,,,,235699.7969,895175.2502
3972100,BOSTON,21-Oct-2014,9:49 PM,Non-fatal injury,2,1,0,Rear-end,V1: Travelling straight ahead / V2:Travelling straight ahead,V1:Southbound / V2:Southbound ,V1: Collision with motor vehicle in traffic / V2: Collision with motor vehicle in traffic ,"V1: Light truck(van, mini-van, panel, pickup, sport utility) with only four tires / V2:Passenger car",Wet,Dark - lighted roadway,Rain,,Rte 93 S / UNKNOWN,,Exit 12 on Rte 93 S,,,237620.5493,892713.0989
3973591,BOSTON,21-Oct-2014,10:03 PM,Property damage only (none injured),2,0,0,Rear-end,V1: Slowing or stopped in traffic / V2:Slowing or stopped in traffic,V1:Southbound / V2:Southbound ,V1: Collision with motor vehicle in traffic / V2: Collision with motor vehicle in traffic ,"V1: Light truck(van, mini-van, panel, pickup, sport utility) with only four tires / V2:Light truck(van, mini-van, panel, pickup, sport utility) with only four tires",Wet,Dark - lighted roadway,Rain,,Rte 93 S,,Exit 12 on Rte 93 S,,,237620.5493,892713.0989
3971944,BOSTON,21-Oct-2014,10:08 PM,Non-fatal injury,2,1,0,Rear-end,V1: Slowing or stopped in traffic / V2:Slowing or stopped in traffic,V1:Eastbound / V2:Eastbound ,V1: Collision with motor vehicle in traffic / V2: Collision with motor vehicle in traffic ,V1: Passenger car / V2:Passenger car,Dry,Dark - lighted roadway,Clear,,BERKELEY STREET / STORROW DRIVE,,,COPLEY SQ,,234807.7893,900584.4272
3982427,BOSTON,21-Oct-2014,10:50 PM,Non-fatal injury,2,1,0,Rear-end,V1: Slowing or stopped in traffic / V2:Travelling straight ahead,V1:Southbound / V2:Southbound ,V1: Collision with motor vehicle in traffic / V2: Collision with motor vehicle in traffic ,V1: Passenger car / V2:Passenger car,Dry,Dark - lighted roadway,Clear,,Rte 93 S,,Exit 15 on Rte 93,RAMADA CUTOUT,,236629.6253,897168.5001
3974974,BOSTON (DORCHESTER),22-Oct-2014,5:29 AM,Not Reported,2,0,0,Not reported,V1: Travelling straight ahead / V2:Slowing or stopped in traffic,V1:Not reported / V2:Not reported ,V1: Not reported / V2: Not reported ,V1: Passenger car / V2:Passenger car,Not reported,Not reported,Not Reported,COLUMBIA ROAD / EAST COTTAGE STREET,,,,,,236117.9909,896749.218
3971755,BOSTON,22-Oct-2014,7:10 AM,Property damage only (none injured),2,0,0,Rear-end,V1: Slowing or stopped in traffic / V2:Slowing or stopped in traffic,V1:Southbound / V2:Southbound ,V1: Collision with motor vehicle in traffic / V2: Collision with motor vehicle in traffic ,"V1: Passenger car / V2:Light truck(van, mini-van, panel, pickup, sport utility) with only four tires",Wet,Daylight,Rain,,Rte 93 S / UNKNOWN,,Exit 23 on Rte 93 S,,,236856.2793,901152.8251
3971757,BOSTON,22-Oct-2014,7:33 AM,Non-fatal injury,4,1,0,Rear-end,V1: Travelling straight ahead / V2:Travelling straight ahead / V3:Travelling straight ahead / V4:Travelling straight ahead,V1:Westbound / V2:Westbound / V3:Westbound / V4:Westbound ,V1: Collision with motor vehicle in traffic / V2: Collision with motor vehicle in traffic / V3: Collision with motor vehicle in traffic / V4: Collision with motor vehicle in traffic ,"V1: Light truck(van, mini-van, panel, pickup, sport utility) with only four tires / V2:Light truck(van, mini-van, panel, pickup, sport utility) with only four tires / V3:Light truck(van, mini-van, panel, pickup, sport utility) with only four tires / V4:Passenger car",Wet,Daylight,Rain,,Rte 90 W / UNKNOWN,,,PRUDENTIAL TUNNEL,,234170.1927,899773.2896
3971756,BOSTON,22-Oct-2014,7:33 AM,Non-fatal injury,3,1,0,Rear-end,V1: Travelling straight ahead / V2:Travelling straight ahead / V3:Travelling straight ahead,V1:Westbound / V2:Westbound / V3:Westbound ,V1: Collision with motor vehicle in traffic / V2: Collision with motor vehicle in traffic / V3: Collision with motor vehicle in traffic ,"V1: Light truck(van, mini-van, panel, pickup, sport utility) with only four tires / V2:Light truck(van, mini-van, panel, pickup, sport utility) with only four tires / V3:Light truck(van, mini-van, panel, pickup, sport utility) with only four tires",Wet,Daylight,Rain,,Rte 90 W / UNKNOWN,,,PRUDENTIAL TUNNEL,,234170.1927,899773.2896
3978096,BOSTON (ROXBURY),22-Oct-2014,7:47 AM,Property damage only (none injured),1,0,0,Single vehicle crash,V1: Travelling straight ahead,V1:Not reported ,V1: Collision with pedestrian ,"V1: Light truck(van, mini-van, panel, pickup, sport utility) with only four tires",Wet,Daylight,Rain,BLUE HILL AVENUE / WARREN STREET,,,,,P2:Pedestrian,234406.9063,895534.3127
4005635,BOSTON (ALLSTON),22-Oct-2014,8:00 AM,Not Reported,1,0,0,Single vehicle crash,V1: Travelling straight ahead,V1:Westbound ,V1: Collision with pedestrian ,V1: Passenger car,Wet,Daylight,Rain/Cloudy,COMMONWEALTH AVENUE / HARRY AGGANIS WAY,,,,,P2:Pedestrian,231430.2115,900186.5879
3971758,BOSTON,22-Oct-2014,8:09 AM,Property damage only (none injured),2,0,0,Angle,V1: Slowing or stopped in traffic / V2:Travelling straight ahead,V1:Eastbound / V2:Southbound ,V1: Collision with motor vehicle in traffic / V2: Collision with motor vehicle in traffic ,V1: Passenger car / V2:Passenger car,Wet,Daylight,Rain,HAUL ROAD / RAMP-HAUL RD SB TO RTS 90 EB/1A NB,,,,,,237432.9492,899877.4315
3994054,BOSTON (DORCHESTER),22-Oct-2014,8:21 AM,Non-fatal injury,1,1,0,Single vehicle crash,V1: Turning left,V1:Not reported ,V1: Collision with pedestrian ,V1: Passenger car,Wet,Dawn,Rain/Unknown,WASHINGTON STREET / TALBOT AVENUE,,,,,,235329.9845,893393.1876
3974972,BOSTON,22-Oct-2014,8:32 AM,Property damage only (none injured),2,0,0,Angle,V1: Not reported / V2:Entering traffic lane,V1:Not reported / V2:Northbound ,V1: Not reported / V2: Collision with motor vehicle in traffic ,V1: Not reported / V2:Passenger car,Wet,Daylight,Rain/Rain,,100 feet S from Intersection ADAMS STREET / LYON STREET,,,90 ADANS STREET,,236141.0123,895121.9777
3972013,BOSTON,22-Oct-2014,10:10 AM,Property damage only (none injured),1,0,0,Single vehicle crash,V1: Travelling straight ahead,V1:Westbound ,V1: Not reported ,V1: Passenger car,Wet,Daylight,Cloudy/Rain,,SOLDIERS FIELD ROAD Rte UNKNOW W,,,WEEKS FOOTBRIDGE,,231377.8076,901969.8381
3972014,BOSTON,22-Oct-2014,10:15 AM,Property damage only (none injured),2,0,0,Rear-end,V1: Slowing or stopped in traffic / V2:Travelling straight ahead,V1:Westbound / V2:Westbound ,V1: Not reported / V2: Not reported ,"V1: Light truck(van, mini-van, panel, pickup, sport utility) with only four tires / V2:Passenger car",Wet,Daylight,Cloudy/Rain,,SOLDIERS FIELD ROAD Rte UNKNOW W,,,WEEKS FOOTBRIDGE,,231377.8076,901969.8381
3972015,BOSTON,22-Oct-2014,10:30 AM,Property damage only (none injured),1,0,0,Single vehicle crash,V1: Travelling straight ahead,V1:Eastbound ,V1: Not reported ,V1: Passenger car,Wet,Daylight,Cloudy/Rain,,SOLDIERS FIELD ROAD Rte UNKNOW E,,,WEEKS FOOTBRIDGE,,231377.8076,901969.8381
3971759,BOSTON,22-Oct-2014,10:30 AM,Property damage only (none injured),2,0,0,Angle,V1: Changing lanes / V2:Travelling straight ahead,V1:Northbound / V2:Northbound ,V1: Collision with motor vehicle in traffic / V2: Collision with motor vehicle in traffic ,"V1: Passenger car / V2:Light truck(van, mini-van, panel, pickup, sport utility) with only four tires",Wet,Daylight,Rain,,JOHN F FITZGERALD EXPRESSWAY Rte 93 N / RAMP-RTS 93 NB/3 NB TO NORTH ST STREET,,,"O"NEIL TUNNEL ENTRANCE"""NEIL TUNNEL ENTRANC""NEIL TUNNEL ENTRANC",,236995.5162,900811.2203
3971945,BOSTON,22-Oct-2014,10:44 AM,Non-fatal injury,3,5,0,Head-on,V1: Travelling straight ahead / V2:Travelling straight ahead / V3:Changing lanes,V1:Northbound / V2:Northbound / V3:Southbound ,V1: Collision with motor vehicle in traffic / V2: Collision with motor vehicle in traffic / V3: Collision with motor vehicle in traffic ,V1: Passenger car / V2:Passenger car / V3:Passenger car,Wet,Daylight,Rain,,JAMAICAWAY Rte UNKNOW / BYNNER STREET,,,,,231761.9221,897172.3749
3972008,BOSTON,22-Oct-2014,11:35 AM,Property damage only (none injured),1,0,0,Single vehicle crash,V1: Travelling straight ahead,V1:Westbound ,V1: Not reported ,V1: Passenger car,Wet,Daylight,Cloudy/Rain,,SOLDIERS FIELD ROAD Rte UNKNOW,,,NEWELL BOAT HOUSE,,230787.0834,902179.9392
3972101,BOSTON,22-Oct-2014,11:54 AM,Property damage only (none injured),2,0,0,Rear-end,V1: Slowing or stopped in traffic / V2:Travelling straight ahead,V1:Southbound / V2:Southbound ,V1: Collision with motor vehicle in traffic / V2: Collision with motor vehicle in traffic ,"V1: Light truck(van, mini-van, panel, pickup, sport utility) with only four tires / V2:Passenger car",Wet,Daylight,Rain,,JOHN F FITZGERALD EXPRESSWAY Rte 93 S / RAMP-FREEPORT ST TO RTS 93 SB/3 SB,,,FREEPORT STREET,,237118.7912,894672.8561
3971947,BOSTON,22-Oct-2014,12:06 PM,Property damage only (none injured),2,0,0,"Sideswipe, same direction",V1: Travelling straight ahead / V2:Changing lanes,V1:Eastbound / V2:Eastbound ,V1: Collision with motor vehicle in traffic / V2: Collision with motor vehicle in traffic ,V1: Passenger car / V2:Passenger car,Wet,Daylight,Rain,,STORROW DRIVE Rte 28 N / PINCKNEY STREET,,,PINCKNEY ST,,235231.5383,901000.0001
3969078,BOSTON (ROSLINDALE),22-Oct-2014,4:00 PM,Property damage only (none injured),2,0,0,Not reported,V1: Travelling straight ahead / V2:Changing lanes,V1:Eastbound / V2:Eastbound ,V1: Collision with motor vehicle in traffic / V2: Collision with motor vehicle in traffic ,V1: Passenger car / V2:Passenger car,Not reported,Not reported,Not Reported,AMERICAN LEGION HIGHWAY / STELLA ROAD,,,,,,231664.2145,892309.4187
3971948,BOSTON,22-Oct-2014,5:13 PM,Property damage only (none injured),3,0,0,Rear-to-rear,V1: Slowing or stopped in traffic / V2:Slowing or stopped in traffic / V3:Travelling straight ahead,V1:Eastbound / V2:Westbound / V3:Westbound ,V1: Collision with motor vehicle in traffic / V2: Collision with motor vehicle in traffic / V3: Collision with motor vehicle in traffic ,V1: Passenger car / V2:Passenger car / V3:Passenger car,Wet,Dusk,Cloudy/Rain,,STORROW DRIVE Rte 28 S / RAMP-RTS 3/3A TO RT 28 SB,,,WEST OF LONGFELLOW BRIDGE,,235231.1324,901175.2719
3972188,BOSTON,22-Oct-2014,5:30 PM,Property damage only (none injured),1,0,0,Single vehicle crash,V1: Travelling straight ahead,V1:Southbound ,V1: Collision with light pole or other post/support ,V1: Passenger car,Wet,Dusk,Rain,,ENNEKING PARKWAY Rte UNKNOW / ENNEKING PARKWAY BRANCH,,,,,229486.4675,891370.3467
3972189,BOSTON,22-Oct-2014,6:15 PM,Property damage only (none injured),2,0,0,Rear-end,V1: Travelling straight ahead / V2:Slowing or stopped in traffic,V1:Northbound / V2:Northbound ,V1: Collision with motor vehicle in traffic / V2: Collision with motor vehicle in traffic ,"V1: Passenger car / V2:Light truck(van, mini-van, panel, pickup, sport utility) with only four tires",Wet,Dusk,Cloudy/Rain,,CENTRE STREET / 1735 BELGRADE AVENUE,,,,,228874.2132,893036.5458
3983495,BOSTON (BRIGHTON),22-Oct-2014,6:15 PM,Non-fatal injury,2,1,0,Unknown,V1: Slowing or stopped in traffic / V2:Parked,V1:Southbound / V2:Not reported ,V1: Overturn/rollover / V2: Not reported ,"V1: Light truck(van, mini-van, panel, pickup, sport utility) with only four tires / V2:Passenger car",Wet,Dark - lighted roadway,Rain,,72 STRATHMORE ROAD,,,,,228923.5035,898733.074
3981744,BOSTON,22-Oct-2014,7:05 PM,Non-fatal injury,3,1,0,Rear-end,V1: Slowing or stopped in traffic / V2:Travelling straight ahead / V3:Slowing or stopped in traffic,V1:Southbound / V2:Southbound / V3:Southbound ,V1: Collision with motor vehicle in traffic / V2: Collision with motor vehicle in traffic / V3: Collision with motor vehicle in traffic ,"V1: Passenger car / V2:Light truck(van, mini-van, panel, pickup, sport utility) with only four tires / V3:Passenger car",Wet,Dark - roadway not lighted,Rain,,RAMP-RTS 93 SB/3 SB TO SB FRONTAGE RD/MA,,Exit 18 on Rte 93 S,,,235787.2382,898496.1268