Crash Number,City/Town Name,Crash Date,Crash Time,Crash Severity,Number of Vehicles,Total Nonfatal Injuries,Total Fatal Injuries,Manner of Collision,Vehicle Action Prior to Crash,Vehicle Travel Directions,Most Harmful Events,Vehicle Configuration,Road Surface Condition,Ambient Light,Weather Condition,At Roadway Intersection,Distance from Nearest Roadway Intersection,Distance from Nearest Milemarker,Distance from Nearest Exit,Distance from Nearest Landmark,Non Motorist Type,X Coordinate,Y Coordinate
4016660,BOSTON,22-Oct-2014,7:05 PM,Property damage only (none injured),2,0,0,Angle,V1: Turning left / V2:Turning left,V1:Not reported / V2:Not reported ,V1: Collision with motor vehicle in traffic / V2: Collision with motor vehicle in traffic ,"V1: Light truck(van, mini-van, panel, pickup, sport utility) with only four tires / V2:Passenger car",Wet,Dark - lighted roadway,Rain,WEST BROADWAY / DORCHESTER AVENUE,,,,,,236489.1407,899255.9373
3971760,BOSTON,22-Oct-2014,10:55 PM,Non-fatal injury,1,1,0,Single vehicle crash,V1: Slowing or stopped in traffic,V1:Westbound ,V1: Collision with motor vehicle in traffic ,V1: Motorcycle,Wet,Dark - lighted roadway,Rain,,RAMP-RT 90 WB/CONGRESS ST TO RTS 93/3 Rte 90 W / RAMP-RTS 90 WB/1A SB TO RTS 93 SB/3 SB Rte 1A S,,,RAMP D,,236516.3566,899712.9103
3971761,BOSTON,22-Oct-2014,11:28 PM,Property damage only (none injured),1,0,0,Single vehicle crash,V1: Not reported,V1:Southbound ,V1: Collision with median barrier ,V1: Passenger car,Wet,Dark - lighted roadway,Rain,,Rte 93 S / UNKNOWN,,Exit 18 on Rte 93 S,,,236013.2783,899092.9981
3972103,BOSTON,22-Oct-2014,11:49 PM,Property damage only (none injured),1,0,0,Single vehicle crash,V1: Travelling straight ahead,V1:Northbound ,V1: Collision with median barrier ,V1: Passenger car,Wet,Dark - lighted roadway,Rain,,Rte 93 N / UNKNOWN,,Exit 13 on Rte 93 N,,,237420.1414,894076.5227
3982174,BOSTON,23-Oct-2014,2:50 AM,Property damage only (none injured),2,0,0,Rear-end,V1: Travelling straight ahead / V2:Slowing or stopped in traffic,V1:Eastbound / V2:Eastbound ,V1: Collision with motor vehicle in traffic / V2: Collision with motor vehicle in traffic ,"V1: Passenger car / V2:Light truck(van, mini-van, panel, pickup, sport utility) with only four tires",Wet,Dark - lighted roadway,Rain,,BEACON STREET / CHARLESGATE EAST,,,,,233639.0077,900053.9582
3985382,BOSTON,23-Oct-2014,4:40 AM,Property damage only (none injured),2,0,0,"Sideswipe, same direction",V1: Travelling straight ahead / V2:Overtaking/passing,V1:Northbound / V2:Northbound ,V1: Collision with motor vehicle in traffic / V2: Other ,"V1: Passenger car / V2:Light truck(van, mini-van, panel, pickup, sport utility) with only four tires",Wet,Dark - lighted roadway,Rain,,Rte 93 N,,Exit 13 on Rte 93 N,,,237420.1414,894076.5227
3971762,BOSTON,23-Oct-2014,4:58 AM,Property damage only (none injured),1,0,0,Single vehicle crash,V1: Not reported,V1:Northbound ,V1: Collision with median barrier ,V1: Passenger car,Dry,Dark - lighted roadway,Rain,,Rte 93 N / UNKNOWN,,Exit 23 on Rte 93 N,TIP O'NEIL TUNNEL,,236957.4837,900943.9828
3972190,BOSTON,23-Oct-2014,6:15 AM,Non-fatal injury,1,1,0,Single vehicle crash,V1: Travelling straight ahead,V1:Southbound ,V1: Other ,V1: Passenger car,Wet,Dawn,Rain,,MORTON STREET Rte UNKNOW S / FOREST HILLS AVENUE,,,,,232598.4532,894496.6249
3971950,BOSTON,23-Oct-2014,8:05 AM,Non-fatal injury,3,1,0,Rear-end,V1: Slowing or stopped in traffic / V2:Slowing or stopped in traffic / V3:Slowing or stopped in traffic,V1:Southbound / V2:Southbound / V3:Southbound ,V1: Collision with motor vehicle in traffic / V2: Collision with motor vehicle in traffic / V3: Collision with motor vehicle in traffic ,"V1: Passenger car / V2:Passenger car / V3:Light truck(van, mini-van, panel, pickup, sport utility) with only four tires",Wet,Daylight,Not Reported,,JAMAICAWAY Rte UNKNOW / 220,,,,,231769.159,897184.3872
3971763,BOSTON,23-Oct-2014,8:26 AM,Property damage only (none injured),1,0,0,Single vehicle crash,V1: Changing lanes,V1:Northbound ,V1: Collision with median barrier ,V1: Passenger car,Wet,Daylight,Rain,,RAMP-RTS 93 NB/1 NB TO RT 1 NB (TOBIN BR Rte 1 N,,Exit 27 on Rte 93 N,,,235476.7086,902509.5297
3971764,BOSTON,23-Oct-2014,9:35 AM,Property damage only (none injured),1,0,0,Single vehicle crash,V1: Travelling straight ahead,V1:Westbound ,V1: Collision with median barrier ,V1: Passenger car,Wet,Daylight,Rain,RAMP-RTS 90 WB/1A SB TO RTS 93 SB/3 SB Rte SR1A S / RAMP-RTS 90 WB/1A SB TO RTS 93 NB/3 NB / RAMP-RT 90 WB/CONGRESS ST TO RTS 93/3 Rte SR1A S,,,,RAMP D,,236475.7222,899745.5214
3973484,BOSTON,23-Oct-2014,10:00 AM,Property damage only (none injured),2,0,0,"Sideswipe, same direction",V1: Travelling straight ahead / V2:Travelling straight ahead,V1:Southbound / V2:Southbound ,V1: Collision with motor vehicle in traffic / V2: Collision with motor vehicle in traffic ,V1: Truck/trailer / V2:Single-unit truck (3-or-more axles),Wet,Daylight,Cloudy/Rain,,Rte 93 S,,Exit 15 on Rte 93,,,236629.6253,897168.5001
3972010,BOSTON,23-Oct-2014,10:29 AM,Property damage only (none injured),1,0,0,Single vehicle crash,V1: Travelling straight ahead,V1:Westbound ,V1: Collision with guardrail ,V1: Passenger car,Wet,Daylight,Rain,,SOLDIERS FIELD ROAD Rte UNKNOW W,,,WEEKS FOOTBRIDGE,,231377.8076,901969.8381
3972012,BOSTON,23-Oct-2014,11:11 AM,Property damage only (none injured),1,0,0,Single vehicle crash,V1: Travelling straight ahead,V1:Eastbound ,V1: Collision with guardrail ,V1: Passenger car,Wet,Daylight,Rain,,SOLDIERS FIELD ROAD / RAMP-N HARVARD ST TO SOLDIERS FIELD RD E,,,,,231318.0806,901978.3952
3972105,BOSTON,23-Oct-2014,11:30 AM,Property damage only (none injured),2,0,0,"Sideswipe, same direction",V1: Changing lanes / V2:Travelling straight ahead,V1:Northbound / V2:Northbound ,V1: Collision with motor vehicle in traffic / V2: Collision with motor vehicle in traffic ,V1: Passenger car / V2:Passenger car,Wet,Daylight,Cloudy/Rain,,KOSCIUSZKO CIRCLE Rte UNKNOW / WILLIAM DAY BOULEVARD,,,,,237000,896933.5626
3972018,BOSTON,23-Oct-2014,5:24 PM,Non-fatal injury,2,1,0,Head-on,V1: Travelling straight ahead / V2:Travelling straight ahead,V1:Westbound / V2:Eastbound ,V1: Collision with motor vehicle in traffic / V2: Collision with motor vehicle in traffic ,V1: Passenger car / V2:Passenger car,Wet,Dusk,Cloudy/Rain,,1500 SOLDIERS FIELD ROAD / 1500 RAMP-WESTERN AVE TO SOLDIERS FIELD RD WB,,,,,228942.262,901170.7955
3971765,BOSTON,23-Oct-2014,5:57 PM,Property damage only (none injured),3,0,0,Rear-end,V1: Not reported / V2:Travelling straight ahead / V3:Travelling straight ahead,V1:Westbound / V2:Westbound / V3:Westbound ,V1: Other / V2: Collision with motor vehicle in traffic / V3: Collision with motor vehicle in traffic ,V1: Passenger car / V2:Passenger car / V3:Passenger car,Wet,Dark - lighted roadway,Rain,,RAMP-RT 90 EB TO RT 9 (STUART ST/HUNTING,,Exit 22 on Rte 90 E,,,234878.582,899750.8925
3971766,BOSTON,23-Oct-2014,6:20 PM,Property damage only (none injured),2,0,0,Rear-end,V1: Travelling straight ahead / V2:Slowing or stopped in traffic,V1:Southbound / V2:Southbound ,V1: Collision with median barrier / V2: Collision with motor vehicle in traffic ,"V1: Passenger car / V2:Light truck(van, mini-van, panel, pickup, sport utility) with only four tires",Wet,Dark - lighted roadway,Rain,,RAMP-LEVERETT CIR TO RTS 93 SB/3 SB Rte 93 S / JOHN F FITZGERALD EXPRESSWAY Rte 1 S,,,LOWER DECK,,236110.5604,901920.9318
3971767,BOSTON,23-Oct-2014,7:30 PM,Property damage only (none injured),2,0,0,Angle,V1: Turning left / V2:Turning right,V1:Southbound / V2:Westbound ,V1: Collision with motor vehicle in traffic / V2: Collision with motor vehicle in traffic ,V1: Passenger car / V2:Passenger car,Dry,Dark - lighted roadway,Not Reported,,RAMP-RT 93 SB/SB FRONTAGE RD TO MASS AVE / SOUTHBOUND FRONTAGE ROAD,,Exit 18 on Rte 93,,,235775.9764,898458.5295
3973485,BOSTON,23-Oct-2014,8:00 PM,Property damage only (none injured),3,0,0,Rear-end,V1: Travelling straight ahead / V2:Travelling straight ahead / V3:Travelling straight ahead,V1:Southbound / V2:Southbound / V3:Southbound ,V1: Collision with motor vehicle in traffic / V2: Collision with motor vehicle in traffic / V3: Collision with motor vehicle in traffic ,"V1: Passenger car / V2:Light truck(van, mini-van, panel, pickup, sport utility) with only four tires / V3:Light truck(van, mini-van, panel, pickup, sport utility) with only four tires",Wet,Dark - lighted roadway,Rain,,Rte 93 S,,Exit 13 on Rte 93,,,237399.8866,894072.472
3994165,BOSTON,23-Oct-2014,8:07 PM,Fatal injury,1,0,1,Head-on,V1: Travelling straight ahead,V1:Westbound ,V1: Collision with pedestrian ,V1: Single-unit truck (3-or-more axles),Dry,Dark - lighted roadway,Rain,,MASSACHUSETTS AVENUE CONNECTOR / MASSACHUSETTS AVENUE CONNECTOR,,,MASS AVE EXTENTION,P1:Pedestrian,235366.706,898230.7413
3972568,BOSTON,23-Oct-2014,8:15 PM,Property damage only (none injured),1,0,0,Single vehicle crash,V1: Travelling straight ahead,V1:Northbound ,V1: Collision with median barrier ,V1: Tractor/semi-trailer,Wet,Dark - lighted roadway,Rain,,Rte 93 N,,Exit 16 on Rte 93,,,236403.9842,897524.312
3974960,BOSTON (DORCHESTER),23-Oct-2014,9:30 PM,Not Reported,2,0,0,Angle,V1: Parked / V2:Unknown,V1:Not reported / V2:Not reported ,V1: Collision with parked motor vehicle / V2: Collision with parked motor vehicle ,V1: Passenger car / V2:Passenger car,Wet,Dark - lighted roadway,Rain,HANCOCK STREET / GLENDALE STREET,,,,,,235844.672,895988.3748
3970942,BOSTON (DORCHESTER),23-Oct-2014,11:15 PM,Non-fatal injury,2,1,0,Rear-end,V1: Travelling straight ahead / V2:Travelling straight ahead,V1:Southbound / V2:Southbound ,V1: Collision with motor vehicle in traffic / V2: Collision with motor vehicle in traffic ,"V1: Bus (seats for more than 15 people, including driver) / V2:Passenger car",Wet,Dusk,Rain/Rain,,401 WASHINGTON STREET,,,,,235238.575,894227.6828
3971952,BOSTON,23-Oct-2014,11:25 PM,Property damage only (none injured),1,0,0,Single vehicle crash,V1: Turning left,V1:Not reported ,V1: Collision with curb ,V1: Passenger car,Wet,Dark - lighted roadway,Cloudy/Rain,,PARK DRIVE Rte UNKNOW / 191,,,,,232958.992,899011.2523
3971768,BOSTON,24-Oct-2014,00:00 AM,Property damage only (none injured),2,0,0,"Sideswipe, same direction",V1: Turning left / V2:Turning right,V1:Southbound / V2:Southbound ,V1: Collision with motor vehicle in traffic / V2: Collision with motor vehicle in traffic ,"V1: Light truck(van, mini-van, panel, pickup, sport utility) with only four tires / V2:Passenger car",Wet,Dark - lighted roadway,Cloudy/Rain,,RAMP-RTS 93 SB/3 SB TO PURCHASE ST / PURCHASE STREET,,Exit PURCHA on Rte 93 S,,,236591.4659,900386.0381
3972192,BOSTON,24-Oct-2014,1:02 AM,Not Reported,1,0,0,Single vehicle crash,V1: Travelling straight ahead,V1:Eastbound ,V1: Collision with curb ,V1: Passenger car,Wet,Dark - lighted roadway,Cloudy/Rain,,MORTON STREET Rte UNKNOW / JAMES SHEA CIRCLE,,,,,232426.4151,894490.4999
4009329,BOSTON,24-Oct-2014,3:09 AM,Property damage only (none injured),3,0,0,"Sideswipe, same direction",V1: Travelling straight ahead / V2:Parked / V3:Parked,V1:Westbound / V2:Not reported / V3:Not reported ,V1: Collision with parked motor vehicle / V2: Collision with parked motor vehicle / V3: Collision with parked motor vehicle ,V1: Passenger car / V2:Passenger car / V3:Passenger car,Wet,Dark - lighted roadway,Rain,,28 ARLINGTON STREET,,,,,235379.9684,900221.4302
3972106,BOSTON,24-Oct-2014,6:44 AM,Property damage only (none injured),2,0,0,Angle,V1: Travelling straight ahead / V2:Travelling straight ahead,V1:Westbound / V2:Westbound ,V1: Collision with motor vehicle in traffic / V2: Collision with motor vehicle in traffic ,"V1: Passenger car / V2:Light truck(van, mini-van, panel, pickup, sport utility) with only four tires",Wet,Dark - lighted roadway,Cloudy/Rain,,KOSCIUSZKO CIRCLE Rte UNKNOW,,,,,237020.6238,896892.1848
3972020,BOSTON,24-Oct-2014,7:01 AM,Property damage only (none injured),1,0,0,Single vehicle crash,V1: Travelling straight ahead,V1:Westbound ,V1: Collision with median barrier ,V1: Passenger car,Wet,Dawn,Rain,,SOLDIERS FIELD ROAD Rte UNKNOW W / NORTH HARVARD STREET,,,,,230992.3482,902048.2872
3971769,BOSTON,24-Oct-2014,8:17 AM,Property damage only (none injured),3,0,0,Rear-end,V1: Slowing or stopped in traffic / V2:Slowing or stopped in traffic / V3:Travelling straight ahead,V1:Southbound / V2:Southbound / V3:Southbound ,V1: Collision with motor vehicle in traffic / V2: Collision with motor vehicle in traffic / V3: Collision with motor vehicle in traffic ,V1: Passenger car / V2:Passenger car / V3:Passenger car,Dry,Other,Cloudy,,Rte 93 S / UNKNOWN,,Exit 23 on Rte 93 S,,,236856.2793,901152.8251
3972021,BOSTON,24-Oct-2014,8:36 AM,Property damage only (none injured),1,0,0,Single vehicle crash,V1: Travelling straight ahead,V1:Westbound ,V1: Collision with motor vehicle in traffic ,V1: Passenger car,Wet,Daylight,Cloudy,,SOLDIERS FIELD ROAD Rte UNKNOW W / NORTH HARVARD STREET,,,,,230992.3482,902048.2872
3995307,BOSTON,24-Oct-2014,9:10 AM,Non-fatal injury,2,2,0,Angle,V1: Travelling straight ahead / V2:Turning right,V1:Not reported / V2:Not reported ,V1: Collision with motor vehicle in traffic / V2: Collision with motor vehicle in traffic ,V1: Passenger car / V2:Passenger car,Wet,Daylight,Cloudy,CHESBROUGH ROAD / POMONA AVENUE,,,,,,227573.3749,892300.9374
3973486,BOSTON,24-Oct-2014,10:24 AM,Property damage only (none injured),3,0,0,Rear-end,V1: Travelling straight ahead / V2:Slowing or stopped in traffic / V3:Slowing or stopped in traffic,V1:Southbound / V2:Southbound / V3:Southbound ,V1: Collision with motor vehicle in traffic / V2: Collision with motor vehicle in traffic / V3: Collision with motor vehicle in traffic ,"V1: Passenger car / V2:Light truck(van, mini-van, panel, pickup, sport utility) with only four tires / V3:Passenger car",Dry,Daylight,Clear,,Rte 93 S,,Exit 12 on Rte 93 S,,,237620.5493,892713.0989
4014062,BOSTON,24-Oct-2014,1:40 PM,Property damage only (none injured),2,0,0,Angle,V1: Turning right / V2:Parked,V1:Northbound / V2:Not reported ,V1: Collision with parked motor vehicle / V2: Not reported ,V1: Passenger car / V2:Passenger car,Wet,Daylight,Clear,FENWAY / FORSYTH WAY,,,,,,233522.6787,899014.0997
3972108,BOSTON,24-Oct-2014,2:25 PM,Non-fatal injury,2,1,0,"Sideswipe, opposite direction",V1: Travelling straight ahead / V2:Travelling straight ahead,V1:Eastbound / V2:Westbound ,V1: Collision with motor vehicle in traffic / V2: Collision with median barrier ,"V1: Passenger car / V2:Light truck(van, mini-van, panel, pickup, sport utility) with only four tires",Dry,Daylight,Clear,,WILLIAM T MORRISSEY BOULEVARD,,,JFK T STATION,,237018.5688,896814.9944
4013233,BOSTON (ROXBURY),24-Oct-2014,3:41 PM,Non-fatal injury,2,2,0,Angle,V1: Travelling straight ahead / V2:Other,V1:Southbound / V2:Northbound ,V1: Collision with motor vehicle in traffic / V2: Collision with motor vehicle in traffic ,"V1: Bus (seats for 7-15 people, including driver) / V2:Passenger car",Dry,Daylight,Cloudy,DIXWELL STREET / COLUMBUS AVENUE,,,,,,233196.3125,896118.2502
3971770,BOSTON,24-Oct-2014,7:27 PM,Property damage only (none injured),2,0,0,Rear-end,V1: Slowing or stopped in traffic / V2:Travelling straight ahead,V1:Southbound / V2:Southbound ,V1: Collision with motor vehicle in traffic / V2: Collision with motor vehicle in traffic ,"V1: Light truck(van, mini-van, panel, pickup, sport utility) with only four tires / V2:Passenger car",Dry,Daylight,Cloudy,,LEVERETT CIRCLE CONNECTOR,,Exit 26 on Rte 93 S,NS-RAMP,,234851.4113,903728.5151
3971953,BOSTON,24-Oct-2014,7:30 PM,Property damage only (none injured),2,0,0,Angle,V1: Travelling straight ahead / V2:Travelling straight ahead,V1:Southbound / V2:Eastbound ,V1: Collision with motor vehicle in traffic / V2: Collision with motor vehicle in traffic ,V1: Passenger car / V2:Passenger car,Dry,Dark - lighted roadway,Cloudy,CHARLESGATE WEST / COMMONWEALTH AVENUE,,,,,,233546.2737,899931.2545
3974947,BOSTON (DORCHESTER),24-Oct-2014,10:37 PM,Non-fatal injury,2,2,0,Head-on,V1: Travelling straight ahead / V2:Turning left,V1:Southbound / V2:Northbound ,V1: Collision with motor vehicle in traffic / V2: Collision with motor vehicle in traffic ,V1: Passenger car / V2:Passenger car,Dry,Dark - lighted roadway,Cloudy,GRANITE AVENUE / MILTON STREET,,,,,,236730.1094,892303.1252
3974640,BOSTON,24-Oct-2014,10:55 PM,Property damage only (none injured),2,0,0,"Sideswipe, same direction",V1: Travelling straight ahead / V2:Changing lanes,V1:Northbound / V2:Northbound ,V1: Collision with motor vehicle in traffic / V2: Collision with motor vehicle in traffic ,"V1: Light truck(van, mini-van, panel, pickup, sport utility) with only four tires / V2:Passenger car",Dry,Dark - lighted roadway,Clear,,Rte 1 N / UNKNOWN,,,CANA TUNNEL,,236056.7704,902374.6159
3972110,BOSTON,25-Oct-2014,12:10 PM,Property damage only (none injured),2,0,0,Angle,V1: Slowing or stopped in traffic / V2:Travelling straight ahead,V1:Southbound / V2:Southbound ,V1: Collision with motor vehicle in traffic / V2: Collision with motor vehicle in traffic ,"V1: Light truck(van, mini-van, panel, pickup, sport utility) with only four tires / V2:Light truck(van, mini-van, panel, pickup, sport utility) with only four tires",Dry,Daylight,Clear,GALLIVAN BOULEVARD / GRANITE AVENUE,,,,,,236643.2967,892556.1249
3972111,BOSTON,25-Oct-2014,1:35 PM,Property damage only (none injured),2,0,0,Angle,V1: Travelling straight ahead / V2:Travelling straight ahead,V1:Southbound / V2:Southbound ,V1: Collision with motor vehicle in traffic / V2: Collision with motor vehicle in traffic ,"V1: Light truck(van, mini-van, panel, pickup, sport utility) with only four tires / V2:Passenger car",Dry,Daylight,Clear,,JOHN F FITZGERALD EXPRESSWAY Rte 93 S,,,SAVIN HILL AVE,,236857.4212,895746.7921
3972641,BOSTON,25-Oct-2014,2:37 PM,Property damage only (none injured),2,0,0,"Sideswipe, same direction",V1: Travelling straight ahead / V2:Not reported,V1:Southbound / V2:Southbound ,V1: Collision with motor vehicle in traffic / V2: Collision with motor vehicle in traffic ,V1: MOPED / V2:MOPED,Dry,Daylight,Clear,,JOHN F FITZGERALD EXPRESSWAY Rte 93 S / SERGEANT WILLIAM G WALSH EXPRESSWAY Rte 3 S,,,,,237620.923,892713.8198
3972112,BOSTON,25-Oct-2014,2:39 PM,Non-fatal injury,2,2,0,Rear-end,V1: Slowing or stopped in traffic / V2:Slowing or stopped in traffic,V1:Eastbound / V2:Eastbound ,V1: Collision with motor vehicle in traffic / V2: Collision with motor vehicle in traffic ,"V1: Passenger car / V2:Light truck(van, mini-van, panel, pickup, sport utility) with only four tires",Dry,Daylight,Clear,GALLIVAN BOULEVARD / KENMARE ROAD,,,,,,236576.9062,892551.5
3971954,BOSTON,25-Oct-2014,3:49 PM,Property damage only (none injured),2,0,0,"Sideswipe, same direction",V1: Turning right / V2:Turning right,V1:Westbound / V2:Westbound ,V1: Collision with motor vehicle in traffic / V2: Collision with motor vehicle in traffic ,"V1: Passenger car / V2:Light truck(van, mini-van, panel, pickup, sport utility) with only four tires",Dry,Daylight,Clear,CHARLESGATE WEST / BEACON STREET,,,,,,233543.9754,900022.1832
3972113,BOSTON,25-Oct-2014,3:50 PM,Property damage only (none injured),2,0,0,Rear-end,V1: Slowing or stopped in traffic / V2:Slowing or stopped in traffic,V1:Northbound / V2:Northbound ,V1: Collision with motor vehicle in traffic / V2: Collision with motor vehicle in traffic ,V1: Passenger car / V2:Passenger car,Dry,Daylight,Clear/Cloudy,,Rte 93 N / UNKNOWN,,Exit 15 on Rte 93 N,,,236972.2496,896473.4282
3969068,BOSTON (HYDE PARK),25-Oct-2014,4:23 PM,Non-fatal injury,1,2,0,Not reported,V1: Travelling straight ahead,V1:Northbound ,V1: Other ,"V1: Light truck(van, mini-van, panel, pickup, sport utility) with only four tires",Not reported,Not reported,Not Reported,,1715 HYDE PARK AVENUE,,,,,230470.2119,887949.6388
3971956,BOSTON,25-Oct-2014,7:14 PM,Property damage only (none injured),2,0,0,Rear-end,V1: Slowing or stopped in traffic / V2:Slowing or stopped in traffic,V1:Northbound / V2:Northbound ,V1: Collision with motor vehicle in traffic / V2: Collision with motor vehicle in traffic ,"V1: Light truck(van, mini-van, panel, pickup, sport utility) with only four tires / V2:Passenger car",Dry,Dark - lighted roadway,Clear,,CHARLESGATE EAST / BEACON STREET,,,CHARLESGATE EAST @ BEACON ST.,,233645.2444,900048.0889
3972023,BOSTON,25-Oct-2014,7:42 PM,Property damage only (none injured),2,0,0,Angle,V1: Travelling straight ahead / V2:Changing lanes,V1:Southbound / V2:Southbound ,V1: Collision with motor vehicle in traffic / V2: Collision with motor vehicle in traffic ,V1: Passenger car / V2:Passenger car,Dry,Dark - lighted roadway,Clear,CAMBRIDGE STREET / MASSACHUSETTS TURNPIKE,,,,,,230416.0205,900716.7499
3969072,BOSTON (HYDE PARK),25-Oct-2014,7:50 PM,Non-fatal injury,2,1,0,Not reported,V1: Travelling straight ahead / V2:Travelling straight ahead,V1:Southbound / V2:Eastbound ,V1: Collision with motor vehicle in traffic / V2: Not reported ,"V1: Light truck(van, mini-van, panel, pickup, sport utility) with only four tires / V2:Light truck(van, mini-van, panel, pickup, sport utility) with only four tires",Not reported,Not reported,Not Reported,RIVER STREET / WEST STREET,,,,,,231519.1562,889877.1873
3972114,BOSTON,26-Oct-2014,00:00 AM,Property damage only (none injured),3,0,0,Rear-end,V1: Entering traffic lane / V2:Entering traffic lane / V3:Entering traffic lane,V1:Southbound / V2:Southbound / V3:Southbound ,V1: Collision with motor vehicle in traffic / V2: Collision with motor vehicle in traffic / V3: Collision with motor vehicle in traffic ,V1: Passenger car / V2:Passenger car / V3:Passenger car,Dry,Dark - lighted roadway,Clear,,Rte 93 S / UNKNOWN,,Exit 15 on Rte 93 S,,,236629.6253,897168.5001
3972196,BOSTON,26-Oct-2014,2:36 AM,Non-fatal injury,1,1,0,Single vehicle crash,V1: Travelling straight ahead,V1:Southbound ,V1: Collision with tree ,"V1: Light truck(van, mini-van, panel, pickup, sport utility) with only four tires",Dry,Dark - lighted roadway,Clear,,ARBORWAY,,,,,,
3972115,BOSTON,26-Oct-2014,3:10 AM,Non-fatal injury,1,1,0,Single vehicle crash,V1: Travelling straight ahead,V1:Southbound ,V1: Collision with guardrail ,V1: Passenger car,Dry,Dark - lighted roadway,Clear,,Rte 93 S / UNKNOWN,,Exit 15 on Rte 93 S,,,236629.6253,897168.5001
3971771,BOSTON,26-Oct-2014,5:30 AM,Property damage only (none injured),1,0,0,Single vehicle crash,V1: Not reported,V1:Westbound ,V1: Collision with guardrail ,V1: Passenger car,Dry,Dark - lighted roadway,Clear,,MASSACHUSETTS TURNPIKE Rte 90 W / MASSACHUSETTS TURNPIKE Rte 90 W,,,JUST OUTSIDE PRU TUNNEL,,234872.7118,899796.9321
3971772,BOSTON,26-Oct-2014,6:55 AM,Non-fatal injury,1,1,0,Single vehicle crash,V1: Travelling straight ahead,V1:Northbound ,V1: Collision with motor vehicle in traffic ,V1: Passenger car,Dry,Daylight,Not Reported,,Rte 93 N / UNKNOWN,,,,,236981.7446,900635.8998
4019714,BOSTON (ROXBURY),26-Oct-2014,8:20 AM,Non-fatal injury,2,2,0,"Sideswipe, opposite direction",V1: Travelling straight ahead / V2:Travelling straight ahead,V1:Northbound / V2:Westbound ,V1: Collision with motor vehicle in traffic / V2: Collision with motor vehicle in traffic ,V1: Passenger car / V2:Passenger car,Dry,Daylight,Clear,HAROLD STREET / SEAVER STREET,,,,,,233513.9061,895824.1252
3971773,BOSTON,26-Oct-2014,9:25 AM,Non-fatal injury,2,1,0,Rear-end,V1: Travelling straight ahead / V2:Slowing or stopped in traffic,V1:Northbound / V2:Northbound ,V1: Collision with motor vehicle in traffic / V2: Collision with motor vehicle in traffic ,"V1: Light truck(van, mini-van, panel, pickup, sport utility) with only four tires / V2:Passenger car",Dry,Daylight,Clear,HAUL ROAD / FRONTAGE ROAD,,,,AT  BYPASS  ROAD  AND  HAGGERTTY,,235950.9524,898250.4215
3972024,BOSTON,26-Oct-2014,10:40 AM,Property damage only (none injured),1,0,0,Single vehicle crash,V1: Travelling straight ahead,V1:Eastbound ,V1: Collision with tree ,V1: Passenger car,Dry,Daylight,Clear,,CHESTNUT HILL DRIVEWAY,,,,,228363.775,898674.4576
3972116,BOSTON,26-Oct-2014,12:05 PM,Property damage only (none injured),2,0,0,Angle,V1: Travelling straight ahead / V2:Entering traffic lane,V1:Northbound / V2:Westbound ,V1: Collision with motor vehicle in traffic / V2: Collision with motor vehicle in traffic ,V1: Passenger car / V2:Passenger car,Dry,Daylight,Clear,,WILLIAM J DAY BOULEVARD,,,CARSON BEACH,,237161.1496,897033.6458
3971774,BOSTON,26-Oct-2014,4:52 PM,Non-fatal injury,2,1,0,Rear-end,V1: Slowing or stopped in traffic / V2:Slowing or stopped in traffic,V1:Southbound / V2:Southbound ,V1: Collision with motor vehicle in traffic / V2: Collision with motor vehicle in traffic ,"V1: Light truck(van, mini-van, panel, pickup, sport utility) with only four tires / V2:Passenger car",Dry,Dark - lighted roadway,Clear,,Rte 93 S / UNKNOWN,,Exit 24 on Rte 93 S,,,236397.1933,901565.6511
3971775,BOSTON,26-Oct-2014,4:52 PM,Property damage only (none injured),2,0,0,Rear-end,V1: Slowing or stopped in traffic / V2:Travelling straight ahead,V1:Northbound / V2:Northbound ,V1: Collision with motor vehicle in traffic / V2: Collision with motor vehicle in traffic ,"V1: Passenger car / V2:Light truck(van, mini-van, panel, pickup, sport utility) with only four tires",Dry,Daylight,Cloudy,,JOHN F FITZGERALD EXPRESSWAY Rte 93 N,Rte 93  N Milemarker 16.7,,,,236612.9046,900287.568
3973630,BOSTON,26-Oct-2014,8:18 PM,Property damage only (none injured),1,0,0,Single vehicle crash,V1: Travelling straight ahead,V1:Eastbound ,V1: Collision with light pole or other post/support ,V1: Truck/trailer,Dry,Dark - lighted roadway,Clear,,68 WOOD ISLAND PARK,,,,,239288.2186,903422.7653
3972950,BOSTON,27-Oct-2014,00:00 AM,Property damage only (none injured),1,0,0,Single vehicle crash,V1: Travelling straight ahead,V1:Southbound ,V1: Collision with median barrier ,V1: Passenger car,Dry,Dark - lighted roadway,Clear,,Rte 93 S,,Exit 20 on Rte 93 S,,,236954.209,900826.9442
3971957,BOSTON,27-Oct-2014,1:06 AM,Property damage only (none injured),1,0,0,Single vehicle crash,V1: Travelling straight ahead,V1:Eastbound ,V1: Collision with median barrier ,"V1: Light truck(van, mini-van, panel, pickup, sport utility) with only four tires",Dry,Dark - lighted roadway,Clear,,STORROW DRIVE Rte UNKNOW E / DAVID G MUGAR WAY,,,TUNNEL EXIT,,235214.6816,900915.4701
3971776,BOSTON,27-Oct-2014,1:50 AM,Property damage only (none injured),1,0,0,Single vehicle crash,V1: Travelling straight ahead,V1:Southbound ,V1: Collision with median barrier ,V1: Passenger car,Dry,Dark - lighted roadway,Clear,,Rte 93 S / UNKNOWN,,Exit 20 on Rte 93 S,COLLECTOR,,236954.209,900826.9442