Crash Number,City/Town Name,Crash Date,Crash Time,Crash Severity,Number of Vehicles,Total Nonfatal Injuries,Total Fatal Injuries,Manner of Collision,Vehicle Action Prior to Crash,Vehicle Travel Directions,Most Harmful Events,Vehicle Configuration,Road Surface Condition,Ambient Light,Weather Condition,At Roadway Intersection,Distance from Nearest Roadway Intersection,Distance from Nearest Milemarker,Distance from Nearest Exit,Distance from Nearest Landmark,Non Motorist Type,X Coordinate,Y Coordinate
3971958,BOSTON,27-Oct-2014,6:27 AM,Non-fatal injury,1,1,0,Angle,V1: Travelling straight ahead,V1:Eastbound ,V1: Collision with motor vehicle in traffic ,V1: Motorcycle,Dry,Daylight,Clear,,JAMAICAWAY Rte UNKNOW / CASTLETON STREET,,,,,231727.8592,897080.9377
3971777,BOSTON,27-Oct-2014,10:05 AM,Property damage only (none injured),3,0,0,Rear-end,V1: Travelling straight ahead / V2:Travelling straight ahead / V3:Travelling straight ahead,V1:Westbound / V2:Westbound / V3:Westbound ,V1: Collision with motor vehicle in traffic / V2: Collision with motor vehicle in traffic / V3: Collision with motor vehicle in traffic ,"V1: Passenger car / V2:Light truck(van, mini-van, panel, pickup, sport utility) with only four tires / V3:Light truck(van, mini-van, panel, pickup, sport utility) with only four tires",Dry,Daylight,Clear,,Rte 90 W / UNKNOWN,,,,,233045.4818,899787.7
3972118,BOSTON,27-Oct-2014,1:09 PM,Property damage only (none injured),3,0,0,Rear-end,V1: Travelling straight ahead / V2:Slowing or stopped in traffic / V3:Slowing or stopped in traffic,V1:Southbound / V2:Southbound / V3:Southbound ,V1: Collision with motor vehicle in traffic / V2: Collision with motor vehicle in traffic / V3: Collision with motor vehicle in traffic ,V1: Passenger car / V2:Passenger car / V3:Passenger car,Dry,Daylight,Clear,,JOHN F FITZGERALD EXPRESSWAY Rte 93 S / SERGEANT WILLIAM G WALSH EXPRESSWAY Rte 3 S,,,NORTH OF EXIT#12,,237628.3659,892728.4868
3994152,BOSTON,27-Oct-2014,3:11 PM,Not Reported,3,0,0,Not reported,V1: Travelling straight ahead / V2:Parked / V3:Parked,V1:Not reported / V2:Not reported / V3:Not reported ,V1: Not reported / V2: Collision with parked motor vehicle / V3: Collision with parked motor vehicle ,"V1: Passenger car / V2:Passenger car / V3:Light truck(van, mini-van, panel, pickup, sport utility) with only four tires",Not reported,Not reported,Not Reported,,77 COLEMAN STREET,,,,,235673.4033,895302.5842
3971778,BOSTON,27-Oct-2014,5:45 PM,Property damage only (none injured),2,0,0,Rear-end,V1: Travelling straight ahead / V2:Travelling straight ahead,V1:Eastbound / V2:Eastbound ,V1: Collision with motor vehicle in traffic / V2: Collision with motor vehicle in traffic ,"V1: Passenger car / V2:Light truck(van, mini-van, panel, pickup, sport utility) with only four tires",Dry,Dusk,Clear,MASSACHUSETTS TURNPIKE Rte I90 W / MASSACHUSETTS TURNPIKE Rte I90 W / RAMP-RT 28 SB (CLARENDON ST) TO RT 90 WB,,,,PRUDENTIAL TUNNEL ENTRANCE,,234868.9664,899796.767
3971676,BOSTON,27-Oct-2014,6:50 PM,Property damage only (none injured),2,0,0,Rear-end,V1: Travelling straight ahead / V2:Travelling straight ahead,V1:Westbound / V2:Westbound ,V1: Collision with motor vehicle in traffic / V2: Collision with motor vehicle in traffic ,V1: Passenger car / V2:Passenger car,Dry,Dark - lighted roadway,Clear,,MASSACHUSETTS TURNPIKE Rte 90 W / RAMP-CAMBRIDGE ST/WESTERN AVE TO RT 90 W,,Exit IC#19 on Rte 90 W,,,229753.6218,900842.5361
3971779,BOSTON,27-Oct-2014,7:20 PM,Non-fatal injury,1,1,0,Single vehicle crash,V1: Turning right,V1:Southbound ,V1: Collision with median barrier ,V1: Passenger car,Dry,Dark - lighted roadway,Not Reported,,Rte 93 S / UNKNOWN,,Exit 18 on Rte 93 S,,,236013.2783,899092.9981
3977862,BOSTON,27-Oct-2014,7:25 PM,Non-fatal injury,2,1,0,Angle,V1: Turning left / V2:Travelling straight ahead,V1:Westbound / V2:Southbound ,V1: Collision with motor vehicle in traffic / V2: Collision with motor vehicle in traffic ,"V1: Light truck(van, mini-van, panel, pickup, sport utility) with only four tires / V2:Passenger car",Dry,Dark - lighted roadway,Clear,CAMBRIDGE STREET / RAMP-RT 90 TO CAMBRIDGE ST EB / RAMP-CAMBRIDGE ST TO SOLDIERS FIELD RD E,,,,ALONGSIDE DOUBLETREE HOTEL,,231486.2714,901228.6968
3990948,BOSTON,27-Oct-2014,7:47 PM,Property damage only (none injured),1,0,0,Single vehicle crash,V1: Travelling straight ahead,V1:Westbound ,V1: Collision with light pole or other post/support ,"V1: Light truck(van, mini-van, panel, pickup, sport utility) with only four tires",Dry,Dark - lighted roadway,Clear,,,,,RENTAL CAR PRKG LOT,,,
3971780,BOSTON,28-Oct-2014,8:28 AM,Property damage only (none injured),2,0,0,Rear-end,V1: Travelling straight ahead / V2:Slowing or stopped in traffic,V1:Southbound / V2:Southbound ,V1: Collision with motor vehicle in traffic / V2: Collision with motor vehicle in traffic ,V1: Passenger car / V2:Passenger car,Dry,Daylight,Clear,,JOHN F FITZGERALD EXPRESSWAY Rte 93 S / RAMP-LEVERETT CIR TO RTS 93 SB/3 SB Rte 3A S,,,ZAKIM BRIDGE,,236113.2728,901939.9704
3971781,BOSTON,28-Oct-2014,9:12 AM,Property damage only (none injured),2,0,0,Rear-end,V1: Slowing or stopped in traffic / V2:Slowing or stopped in traffic,V1:Southbound / V2:Southbound ,V1: Collision with motor vehicle in traffic / V2: Collision with motor vehicle in traffic ,"V1: Passenger car / V2:Light truck(van, mini-van, panel, pickup, sport utility) with only four tires",Dry,Daylight,Clear,,Rte 93 S / UNKNOWN,,Exit 24 on Rte 93 S,,,236397.1933,901565.6511
4013188,BOSTON,28-Oct-2014,9:45 AM,Non-fatal injury,2,1,0,Not reported,V1: Travelling straight ahead / V2:Travelling straight ahead,V1:Not reported / V2:Not reported ,V1: Collision with motor vehicle in traffic / V2: Collision with motor vehicle in traffic ,"V1: Light truck(van, mini-van, panel, pickup, sport utility) with only four tires / V2:Passenger car",Not reported,Not reported,Not Reported,,2 WASHINGTON STREET,,,,,236427.3556,901019.4767
3993538,BOSTON,28-Oct-2014,2:09 PM,Non-fatal injury,1,1,0,Single vehicle crash,V1: Turning right,V1:Not reported ,"V1: Collision with cyclist (bicycle, tricycle, unicycle, pedal car) ","V1: Light truck(van, mini-van, panel, pickup, sport utility) with only four tires",Dry,Daylight,Clear/Clear,SHAWMUT AVENUE / MARGINAL ROAD,,,,,"P2:Pedalcyclist (bicycle, tricycle, unicycle, pedal car)",235781.7815,899778.6248
3971782,BOSTON,28-Oct-2014,2:44 PM,Non-fatal injury,2,1,0,Rear-end,V1: Slowing or stopped in traffic / V2:Slowing or stopped in traffic,V1:Northbound / V2:Northbound ,V1: Collision with motor vehicle in traffic / V2: Collision with motor vehicle in traffic ,V1: Passenger car / V2:Passenger car,Dry,Daylight,Clear,,LEVERETT CONNECTOR NORTH / INTERSTATE 93 Rte 93 N,,,LEVERETT CONNECTOR,,234868.3854,903818.9047
3993564,BOSTON,28-Oct-2014,4:15 PM,Non-fatal injury,1,2,0,Single vehicle crash,V1: Travelling straight ahead,V1:Not reported ,V1: Collision with pedestrian ,V1: Passenger car,Dry,Daylight,Clear/Clear,,113 ENDICOTT STREET,,,,P2:Pedestrian / P3:Pedestrian,236463.8634,901649.02
3994075,BOSTON (DORCHESTER),28-Oct-2014,6:00 PM,Not Reported,2,0,0,"Sideswipe, same direction",V1: Slowing or stopped in traffic / V2:Parked,V1:Eastbound / V2:Eastbound ,V1: Not reported / V2: Unknown ,V1: Passenger car / V2:Passenger car,Unknown,Unknown,Unknown/Unknown,,125 MONSIGNOR PATRICK LYDON WAY,,,,,236546.2224,893351.7643
3972951,BOSTON,28-Oct-2014,6:20 PM,Non-fatal injury,2,1,0,Angle,V1: Travelling straight ahead / V2:Entering traffic lane,V1:Northbound / V2:Northbound ,V1: Collision with motor vehicle in traffic / V2: Collision with motor vehicle in traffic ,V1: Truck/trailer / V2:Passenger car,Dry,Dark - lighted roadway,Clear,,Rte 93 N,,Exit 27 on Rte 93 N,CANA LOOP RAMP,,235655.07,902467.5364
3971783,BOSTON,28-Oct-2014,6:50 PM,Property damage only (none injured),2,0,0,Rear-end,V1: Backing / V2:Travelling straight ahead,V1:Westbound / V2:Westbound ,V1: Collision with motor vehicle in traffic / V2: Collision with motor vehicle in traffic ,"V1: Passenger car / V2:Light truck(van, mini-van, panel, pickup, sport utility) with only four tires",Dry,Dark - lighted roadway,Clear,,EAST BOSTON EXPRESSWAY Rte 1A S / PORTER STREET,,,ENTRANCE SUMNER TUNNEL,,238096.4266,902707.1506
4013180,BOSTON (JAMAICA PLAIN),28-Oct-2014,6:53 PM,Property damage only (none injured),1,0,0,Not reported,V1: Not reported,V1:Not reported ,V1: Not reported ,V1: Passenger car,Not reported,Not reported,Not Reported,,150 AMORY STREET,,,,,232877.3207,896524.6052
3972205,BOSTON,28-Oct-2014,7:45 PM,Non-fatal injury,1,1,0,Single vehicle crash,V1: Turning left,V1:Eastbound ,V1: Collision with pedestrian ,V1: Passenger car,Dry,Dark - roadway not lighted,Cloudy,,DEDHAM PARKWAY Rte UNKNOW / GEORGETOWNE DRIVE,,,,P2:Pedestrian,229451.5312,889515.6252
3971961,BOSTON,28-Oct-2014,8:11 PM,Non-fatal injury,1,1,0,Single vehicle crash,V1: Entering traffic lane,V1:Southbound ,"V1: Collision with cyclist (bicycle, tricycle, unicycle, pedal car) ",V1: Passenger car,Dry,Dark - lighted roadway,Clear,,2 feet S from Intersection 400 FENWAY / FENWAY CONNECTOR TO PARK DRIVE,,,400 THE FENWAY,"P2:Pedalcyclist (bicycle, tricycle, unicycle, pedal car)",232879.9196,898968.3585
4003434,BOSTON (BRIGHTON),29-Oct-2014,10:40 AM,Not Reported,2,0,0,Head-on,V1: Not reported / V2:Not reported,V1:Northbound / V2:Southbound ,V1: Not reported / V2: Not reported ,V1: Passenger car / V2:Passenger car,Dry,Daylight,Clear,CHESTNUT HILL AVENUE / PRISCILLA ROAD,,,,,,228586.8057,899459.5177
3972029,BOSTON,29-Oct-2014,11:30 AM,Property damage only (none injured),2,0,0,Rear-end,V1: Travelling straight ahead / V2:Slowing or stopped in traffic,V1:Eastbound / V2:Eastbound ,V1: Collision with motor vehicle in traffic / V2: Collision with motor vehicle in traffic ,"V1: Passenger car / V2:Light truck(van, mini-van, panel, pickup, sport utility) with only four tires",Dry,Daylight,Clear,,SOLDIERS FIELD ROAD / WESTERN AVENUE,,,,,231463.2281,901589.1256
3975165,BOSTON,29-Oct-2014,1:55 PM,Non-fatal injury,5,2,0,Rear-end,V1: Slowing or stopped in traffic / V2:Slowing or stopped in traffic / V3:Slowing or stopped in traffic / V4:Slowing or stopped in traffic / V5:Travelling straight ahead,V1:Northbound / V2:Northbound / V3:Northbound / V4:Northbound / V5:Northbound ,V1: Collision with motor vehicle in traffic / V2: Collision with motor vehicle in traffic / V3: Collision with motor vehicle in traffic / V4: Collision with motor vehicle in traffic / V5: Collision with parked motor vehicle ,V1: Passenger car / V2:Passenger car / V3:Passenger car / V4:Passenger car / V5:Passenger car,Dry,Daylight,Clear,,MASSACHUSETTS AVENUE Rte 2A W / MASSACHUSETTS AVENUE Rte 2A W,,,MASS AVE BRIDGE,,233743.7912,900334.5828
3971784,BOSTON,29-Oct-2014,2:48 PM,Non-fatal injury,3,2,0,Rear-end,V1: Travelling straight ahead / V2:Slowing or stopped in traffic / V3:Slowing or stopped in traffic,V1:Northbound / V2:Northbound / V3:Northbound ,V1: Collision with motor vehicle in traffic / V2: Collision with motor vehicle in traffic / V3: Collision with motor vehicle in traffic ,"V1: Passenger car / V2:Light truck(van, mini-van, panel, pickup, sport utility) with only four tires / V3:Passenger car",Dry,Daylight,Clear,RAMP-RTS 3 SB/28 NB TO RT 1 NB / LEVERETT CONNECTOR NORTH,,,,LEVERETT ONRAMP,,235640.6517,902428.9241
3973188,BOSTON,29-Oct-2014,4:19 PM,Property damage only (none injured),2,0,0,"Sideswipe, same direction",V1: Travelling straight ahead / V2:Travelling straight ahead,V1:Southbound / V2:Southbound ,V1: Collision with motor vehicle in traffic / V2: Collision with motor vehicle in traffic ,"V1: Passenger car / V2:Light truck(van, mini-van, panel, pickup, sport utility) with only four tires",Dry,Dark - lighted roadway,Clear,,Rte 93 S / UNKNOWN,,Exit 20 on Rte 93 S,,,236954.209,900826.9442
3971785,BOSTON,29-Oct-2014,6:06 PM,Property damage only (none injured),3,0,0,Rear-end,V1: Travelling straight ahead / V2:Travelling straight ahead / V3:Travelling straight ahead,V1:Southbound / V2:Southbound / V3:Southbound ,V1: Collision with motor vehicle in traffic / V2: Collision with motor vehicle in traffic / V3: Collision with motor vehicle in traffic ,"V1: Light truck(van, mini-van, panel, pickup, sport utility) with only four tires / V2:Passenger car / V3:Passenger car",Dry,Dusk,Not Reported,RAMP-RTS 93 SB/3 SB TO SB FRONTAGE RD/MA / JOHN F FITZGERALD EXPRESSWAY Rte SR1A S / RAMP-ALBANY ST TO RTS 93 SB/3 SB,,,,ALBANY ST ONRAMP,,236013.2782,899092.9984
3972030,BOSTON,29-Oct-2014,7:24 PM,Property damage only (none injured),1,0,0,Single vehicle crash,V1: Travelling straight ahead,V1:Westbound ,V1: Collision with curb ,"V1: Light truck(van, mini-van, panel, pickup, sport utility) with only four tires",Dry,Dark - lighted roadway,Clear,,SOLDIERS FIELD ROAD Rte UNKNOW W / NORTH HARVARD STREET,,,,,230992.3482,902048.2872
3973491,BOSTON,29-Oct-2014,7:27 PM,Non-fatal injury,3,1,0,Rear-end,V1: Travelling straight ahead / V2:Slowing or stopped in traffic / V3:Slowing or stopped in traffic,V1:Southbound / V2:Southbound / V3:Southbound ,V1: Collision with motor vehicle in traffic / V2: Collision with motor vehicle in traffic / V3: Collision with motor vehicle in traffic ,"V1: Passenger car / V2:Passenger car / V3:Light truck(van, mini-van, panel, pickup, sport utility) with only four tires",Dry,Dark - lighted roadway,Cloudy,,Rte 93 S,,Exit 12 on Rte 93 S,,,237620.5493,892713.0989
3973492,BOSTON,29-Oct-2014,9:41 PM,Property damage only (none injured),2,0,0,Angle,V1: Travelling straight ahead / V2:Travelling straight ahead,V1:Eastbound / V2:Southbound ,V1: Collision with motor vehicle in traffic / V2: Collision with motor vehicle in traffic ,V1: Passenger car / V2:Passenger car,Wet,Dark - lighted roadway,Rain,,GALLIVAN BOULEVARD / MILTON AVENUE,,,,,235078.9376,892049.5623
3994029,BOSTON (DORCHESTER),29-Oct-2014,10:00 PM,Not Reported,2,0,0,Not reported,V1: Parked / V2:Not reported,V1:Not reported / V2:Not reported ,V1: Collision with parked motor vehicle / V2: Not reported ,V1: Passenger car / V2:Not reported,Not reported,Not reported,Not Reported,,5 ANNAPOLIS STREET,,,,,236105.5128,896422.7467
3971814,BOSTON,29-Oct-2014,10:23 PM,Property damage only (none injured),2,0,0,Rear-end,V1: Slowing or stopped in traffic / V2:Travelling straight ahead,V1:Northbound / V2:Northbound ,V1: Collision with motor vehicle in traffic / V2: Collision with motor vehicle in traffic ,"V1: Passenger car / V2:Light truck(van, mini-van, panel, pickup, sport utility) with only four tires",Wet,Dark - lighted roadway,Cloudy/Rain,,HARBORSIDE DRIVE / RAMP-HARBORSIDE DR TO AIRPORT RD ARR LEV,,,,,238861.0654,902150.4998
3975166,BOSTON,30-Oct-2014,7:05 AM,Property damage only (none injured),2,0,0,Angle,V1: Travelling straight ahead / V2:Making U-turn,V1:Westbound / V2:Northbound ,V1: Collision with motor vehicle in traffic / V2: Collision with motor vehicle in traffic ,"V1: Passenger car / V2:Light truck(van, mini-van, panel, pickup, sport utility) with only four tires",Dry,Daylight,Clear,,PARK DRIVE / BEACON STREET,,,,,232535.3748,899651.148
3972031,BOSTON,30-Oct-2014,8:30 AM,Property damage only (none injured),3,0,0,Rear-end,V1: Travelling straight ahead / V2:Slowing or stopped in traffic / V3:Slowing or stopped in traffic,V1:Eastbound / V2:Eastbound / V3:Eastbound ,V1: Collision with motor vehicle in traffic / V2: Collision with motor vehicle in traffic / V3: Collision with motor vehicle in traffic ,V1: Passenger car / V2:Passenger car / V3:Passenger car,Dry,Daylight,Clear,,SOLDIERS FIELD ROAD / RAMP-SOLDIERS FIELD RD EB TO WESTERN AVE,,,GENZYME,,231475.7503,901408.7084
3971786,BOSTON,30-Oct-2014,8:31 AM,Non-fatal injury,2,1,0,Rear-end,V1: Slowing or stopped in traffic / V2:Travelling straight ahead,V1:Northbound / V2:Northbound ,V1: Collision with motor vehicle in traffic / V2: Collision with motor vehicle in traffic ,"V1: Light truck(van, mini-van, panel, pickup, sport utility) with only four tires / V2:Passenger car",Dry,Daylight,Clear,,Rte 93 N / UNKNOWN,,,,,236742.6233,900426.5825
3971787,BOSTON,30-Oct-2014,9:57 AM,Non-fatal injury,2,1,0,Rear-end,V1: Slowing or stopped in traffic / V2:Slowing or stopped in traffic,V1:Southbound / V2:Southbound ,V1: Collision with motor vehicle in traffic / V2: Collision with motor vehicle in traffic ,"V1: Passenger car / V2:Light truck(van, mini-van, panel, pickup, sport utility) with only four tires",Dry,Daylight,Clear,,INTERSTATE 93 Rte 93 S,,Exit 20 on Rte 93 S,,,,
3975161,BOSTON,30-Oct-2014,10:27 AM,Property damage only (none injured),3,0,0,Rear-end,V1: Slowing or stopped in traffic / V2:Slowing or stopped in traffic / V3:Travelling straight ahead,V1:Northbound / V2:Northbound / V3:Northbound ,V1: Collision with motor vehicle in traffic / V2: Collision with motor vehicle in traffic / V3: Collision with motor vehicle in traffic ,"V1: Passenger car / V2:Light truck(van, mini-van, panel, pickup, sport utility) with only four tires / V3:Passenger car",Dry,Daylight,Cloudy,,Rte 93 N / UNKNOWN,,Exit 23 on Rte 93 N,,,236957.4837,900943.9828
3970987,BOSTON,30-Oct-2014,3:01 PM,Property damage only (none injured),2,0,0,Angle,V1: Changing lanes / V2:Not reported,V1:Not reported / V2:Not reported ,V1: Collision with parked motor vehicle / V2: Not reported ,"V1: Bus (seats for more than 15 people, including driver) / V2:Passenger car",Dry,Daylight,Clear/Unknown,,WASHINGTON STREET / METROPOLITAN AVENUE,,,,,230226.3439,892391.3751
3971815,BOSTON,30-Oct-2014,4:22 PM,Property damage only (none injured),2,0,0,Rear-end,V1: Slowing or stopped in traffic / V2:Slowing or stopped in traffic,V1:Northbound / V2:Northbound ,V1: Collision with motor vehicle in traffic / V2: Collision with motor vehicle in traffic ,"V1: Light truck(van, mini-van, panel, pickup, sport utility) with only four tires / V2:Passenger car",Dry,Daylight,Cloudy,AIRPORT ROAD - ARRIVAL LEVEL / LOGAN AIRPORT TERMINAL B,,,,,,239659.9296,901766.8851
3972206,BOSTON,30-Oct-2014,4:40 PM,Property damage only (none injured),1,0,0,Single vehicle crash,V1: Entering traffic lane,V1:Westbound ,V1: Collision with curb ,V1: Passenger car,Dry,Daylight,Clear,,VETERANS OF FOREIGN WARS PARKWAY Rte UNKNOW / WEST ROXBURY VFW PARKWAY ROTARY,,,,,229244.3438,894033.7502
3993594,BOSTON (DORCHESTER),30-Oct-2014,4:47 PM,Non-fatal injury,1,1,0,Angle,V1: Turning left,V1:Not reported ,V1: Collision with pedestrian ,V1: Passenger car,Dry,Daylight,Clear/Clear,VINSON STREET / GENEVA AVENUE,,,,,P2:Pedestrian,235966.2566,894364.1643
3978636,BOSTON,30-Oct-2014,8:47 PM,Property damage only (none injured),1,0,0,Single vehicle crash,V1: Travelling straight ahead,V1:Not reported ,V1: Collision with light pole or other post/support ,V1: Passenger car,Dry,Dark - lighted roadway,Clear,,387 DUDLEY STREET / HAMPDEN STREET,,,,,235001.9343,897379.039
4031789,BOSTON,30-Oct-2014,10:11 PM,Non-fatal injury,2,1,0,"Sideswipe, opposite direction",V1: Travelling straight ahead / V2:Travelling straight ahead,V1:Northbound / V2:Southbound ,V1: Collision with motor vehicle in traffic / V2: Collision with motor vehicle in traffic ,"V1: Passenger car / V2:Light truck(van, mini-van, panel, pickup, sport utility) with only four tires",Dry,Dark - lighted roadway,Clear/Clear,,3231 WASHINGTON STREET,,,,,232798.6249,895785.9215
3972632,BOSTON,30-Oct-2014,10:29 PM,Not Reported,1,0,0,Single vehicle crash,V1: Travelling straight ahead,V1:Northbound ,V1: Other ,V1: Passenger car,Dry,Other,Clear,,,,,RENTAL CAR GARAGE,,,
4003479,BOSTON (BRIGHTON),31-Oct-2014,7:15 AM,Not Reported,1,0,0,Single vehicle crash,V1: Not reported,V1:Not reported ,V1: Not reported ,V1: Passenger car,Dry,Daylight,Clear,COMMONWEALTH AVENUE / WALBRIDGE STREET,,,,,,229994.9998,899781.8749
3972207,BOSTON,31-Oct-2014,7:36 AM,Non-fatal injury,1,1,0,"Sideswipe, same direction",V1: Travelling straight ahead,V1:Eastbound ,"V1: Collision with cyclist (bicycle, tricycle, unicycle, pedal car) ","V1: Light truck(van, mini-van, panel, pickup, sport utility) with only four tires",Dry,Daylight,Clear,,MORTON STREET Rte UNKNOW / SUTTON STREET,,,,"P2:Pedalcyclist (bicycle, tricycle, unicycle, pedal car)",233939.268,892538.0743
3975832,BOSTON,31-Oct-2014,7:48 AM,Property damage only (none injured),2,0,0,Rear-end,V1: Slowing or stopped in traffic / V2:Travelling straight ahead,V1:Westbound / V2:Westbound ,V1: Collision with guardrail / V2: Collision with motor vehicle in traffic ,V1: Passenger car / V2:Passenger car,Dry,Daylight,Cloudy,,Rte 90 W,Rte 90  W Milemarker 132.0,,,,232572.2182,899870.4883
4019751,BOSTON (ROXBURY),31-Oct-2014,8:00 AM,Not Reported,1,0,0,Head-on,V1: Not reported,V1:Not reported ,V1: Not reported ,V1: Passenger car,Dry,Daylight,Clear/Clear,SMITH STREET / CORNELIA COURT,,,,,P2:Pedestrian,233035.502,898224.4861
3979079,BOSTON (ROXBURY),31-Oct-2014,8:15 AM,Not Reported,2,0,0,Head-on,V1: Turning right / V2:Travelling straight ahead,V1:Not reported / V2:Not reported ,V1: Collision with motor vehicle in traffic / V2: Collision with motor vehicle in traffic ,"V1: Passenger car / V2:Light truck(van, mini-van, panel, pickup, sport utility) with only four tires",Dry,Daylight,Clear/Clear,,147 BLUE HILL AVENUE / WAVERLY STREET,,,,,234806.0154,896684.3123
3969360,BOSTON (DORCHESTER),31-Oct-2014,9:21 AM,Not Reported,2,0,0,Rear-end,V1: Travelling straight ahead / V2:Travelling straight ahead,V1:Not reported / V2:Not reported ,V1: Collision with motor vehicle in traffic / V2: Not reported ,V1: Passenger car / V2:Passenger car,Dry,Daylight,Clear,,1745 DORCHESTER AVENUE,,,,,236042.9847,893433.3102
3993599,BOSTON (DORCHESTER),31-Oct-2014,9:55 AM,Not Reported,2,0,0,Not reported,V1: Travelling straight ahead / V2:Entering traffic lane,V1:Southbound / V2:Westbound ,V1: Collision with motor vehicle in traffic / V2: Collision with motor vehicle in traffic ,"V1: Light truck(van, mini-van, panel, pickup, sport utility) with only four tires / V2:Light truck(van, mini-van, panel, pickup, sport utility) with only four tires",Not reported,Not reported,Not Reported,DORCHESTER AVENUE / LINDEN STREET,,,,,,236377.453,895152.5624
3972123,BOSTON,31-Oct-2014,10:57 AM,Non-fatal injury,5,4,0,Rear-end,V1: Slowing or stopped in traffic / V2:Slowing or stopped in traffic / V3:Slowing or stopped in traffic / V4:Slowing or stopped in traffic / V5:Slowing or stopped in traffic,V1:Southbound / V2:Southbound / V3:Southbound / V4:Southbound / V5:Southbound ,V1: Collision with motor vehicle in traffic / V2: Collision with motor vehicle in traffic / V3: Collision with motor vehicle in traffic / V4: Collision with motor vehicle in traffic / V5: Collision with motor vehicle in traffic ,"V1: Passenger car / V2:Passenger car / V3:Passenger car / V4:Light truck(van, mini-van, panel, pickup, sport utility) with only four tires / V5:Light truck(van, mini-van, panel, pickup, sport utility) with only four tires",Dry,Daylight,Clear,,Rte 93 S / UNKNOWN,,Exit 12 on Rte 93 S,,,237620.5493,892713.0989
3973128,BOSTON,31-Oct-2014,11:09 AM,Non-fatal injury,3,1,0,Rear-end,V1: Slowing or stopped in traffic / V2:Slowing or stopped in traffic / V3:Travelling straight ahead,V1:Southbound / V2:Southbound / V3:Southbound ,V1: Collision with motor vehicle in traffic / V2: Collision with motor vehicle in traffic / V3: Collision with motor vehicle in traffic ,"V1: Light truck(van, mini-van, panel, pickup, sport utility) with only four tires / V2:Passenger car / V3:Light truck(van, mini-van, panel, pickup, sport utility) with only four tires",Dry,Daylight,Clear,,Rte 93 S / UNKNOWN,,Exit 12 on Rte 93 S,,,237620.5493,892713.0989
3975167,BOSTON,31-Oct-2014,11:35 AM,Non-fatal injury,1,1,0,Single vehicle crash,V1: Travelling straight ahead,V1:Southbound ,V1: Collision with utility pole ,V1: Passenger car,Dry,Daylight,Clear,,JAMAICAWAY / PERKINS STREET,,,,,231606.1562,896796.9999
3971788,BOSTON,31-Oct-2014,1:18 PM,Non-fatal injury,2,2,0,Rear-end,V1: Travelling straight ahead / V2:Changing lanes,V1:Eastbound / V2:Eastbound ,V1: Reported but invalid / V2: Collision with motor vehicle in traffic ,"V1: Light truck(van, mini-van, panel, pickup, sport utility) with only four tires / V2:Passenger car",Dry,Daylight,Cloudy,,Rte 90 E / UNKNOWN,,Exit 26 on Rte 90 E,,,239052.4325,900927.5132
3969731,BOSTON,31-Oct-2014,1:26 PM,Non-fatal injury,4,2,0,Rear-end,V1: Slowing or stopped in traffic / V2:Slowing or stopped in traffic / V3:Not reported / V4:Travelling straight ahead,V1:Westbound / V2:Westbound / V3:Not reported / V4:Westbound ,V1: Collision with motor vehicle in traffic / V2: Collision with motor vehicle in traffic / V3: Not reported / V4: Collision with motor vehicle in traffic ,V1: Passenger car / V2:Passenger car / V3:Passenger car / V4:Passenger car,Dry,Daylight,Clear,,CHELSEA STREET BRIDGE / CHELSEA STREET,,,,,239273.2152,904149.3687
3974497,BOSTON,31-Oct-2014,1:55 PM,Property damage only (none injured),2,0,0,"Sideswipe, same direction",V1: Turning right / V2:Turning right,V1:Southbound / V2:Southbound ,V1: Collision with motor vehicle in traffic / V2: Collision with motor vehicle in traffic ,"V1: Passenger car / V2:Single-unit truck (2-axle, 6-tire)",Dry,Daylight,Clear,,KOSCIUSZKO CIRCLE / OLD COLONY AVENUE,,,,,237020.6238,896892.1848
3973493,BOSTON,31-Oct-2014,3:12 PM,Property damage only (none injured),3,0,0,Rear-end,V1: Slowing or stopped in traffic / V2:Slowing or stopped in traffic / V3:Travelling straight ahead,V1:Northbound / V2:Northbound / V3:Northbound ,V1: Collision with motor vehicle in traffic / V2: Collision with motor vehicle in traffic / V3: Collision with motor vehicle in traffic ,V1: Passenger car / V2:Passenger car / V3:Passenger car,Dry,Daylight,Clear,,RAMP-COLUMBIA RD TO RTS 93 NB/3 NB,,Exit 15 on Rte 93 N,,,236721.8519,897067.3041
3971789,BOSTON,31-Oct-2014,3:52 PM,Property damage only (none injured),3,0,0,Rear-end,V1: Travelling straight ahead / V2:Slowing or stopped in traffic / V3:Slowing or stopped in traffic,V1:Southbound / V2:Southbound / V3:Southbound ,V1: Collision with motor vehicle in traffic / V2: Collision with motor vehicle in traffic / V3: Collision with motor vehicle in traffic ,"V1: Passenger car / V2:Light truck(van, mini-van, panel, pickup, sport utility) with only four tires / V3:Passenger car",Dry,Daylight,Cloudy,,RAMP-RT 93 TO RTS 3 NB/28 SB (STORROW DR Rte 93 S / RAMP-RT 93 NB/SUMNER TUNL TO RT 3 NB (ST Rte 3 N,,,STATION TUNNEL,,235676.1457,901887.2056