Crash Number,City/Town Name,Crash Date,Crash Time,Crash Severity,Number of Vehicles,Total Nonfatal Injuries,Total Fatal Injuries,Manner of Collision,Vehicle Action Prior to Crash,Vehicle Travel Directions,Most Harmful Events,Vehicle Configuration,Road Surface Condition,Ambient Light,Weather Condition,At Roadway Intersection,Distance from Nearest Roadway Intersection,Distance from Nearest Milemarker,Distance from Nearest Exit,Distance from Nearest Landmark,Non Motorist Type,X Coordinate,Y Coordinate
3973189,BOSTON,31-Oct-2014,4:58 PM,Property damage only (none injured),2,0,0,Rear-end,V1: Travelling straight ahead / V2:Travelling straight ahead,V1:Westbound / V2:Westbound ,V1: Collision with motor vehicle in traffic / V2: Collision with motor vehicle in traffic ,"V1: Light truck(van, mini-van, panel, pickup, sport utility) with only four tires / V2:Passenger car",Dry,Dusk,Clear,,MASSACHUSETTS TURNPIKE Rte 90 W / TED WILLIAMS TUNNEL,,,,,239051.4028,900924.2439
4003492,BOSTON (BRIGHTON),31-Oct-2014,5:40 PM,Non-fatal injury,2,2,0,Angle,V1: Travelling straight ahead / V2:Travelling straight ahead,V1:Southbound / V2:Eastbound ,V1: Collision with motor vehicle in traffic / V2: Collision with motor vehicle in traffic ,V1: Passenger car / V2:Passenger car,Dry,Dawn,Clear,MURDOCK STREET / GARDENA STREET,,,,,,229143.0379,900354.9366
3971790,BOSTON,31-Oct-2014,9:23 PM,Non-fatal injury,2,2,0,Angle,V1: Travelling straight ahead / V2:Turning left,V1:Northbound / V2:Northbound ,V1: Collision with motor vehicle in traffic / V2: Collision with motor vehicle in traffic ,"V1: Light truck(van, mini-van, panel, pickup, sport utility) with only four tires / V2:Passenger car",Dry,Dark - lighted roadway,Clear,,FRONTAGE ROAD / HAUL ROAD,,,HAGERTY BRIDGE,,235950.6454,898250.9487
3972034,BOSTON,31-Oct-2014,10:23 PM,Property damage only (none injured),2,0,0,Angle,V1: Travelling straight ahead / V2:Travelling straight ahead,V1:Westbound / V2:Westbound ,V1: Collision with motor vehicle in traffic / V2: Collision with motor vehicle in traffic ,"V1: Passenger car / V2:Light truck(van, mini-van, panel, pickup, sport utility) with only four tires",Dry,Dark - lighted roadway,Clear,STORROW DRIVE / RAMP-STORROW DR WB TO CLARENDON ST SB,,,,COPLEY SQUARE EXIT,,234627.2,900496.4933
3973525,BOSTON,01-Nov-2014,00:00 AM,Non-fatal injury,2,1,0,"Sideswipe, same direction",V1: Travelling straight ahead / V2:Turning left,V1:Northbound / V2:Northbound ,V1: Collision with motor vehicle in traffic / V2: Collision with motor vehicle in traffic ,V1: Passenger car / V2:Passenger car,Dry,Dark - lighted roadway,Clear,,GALLIVAN BOULEVARD / GRANITE AVENUE,,,,,236643.2967,892556.1249
4017035,BOSTON (MATTAPAN),01-Nov-2014,2:00 AM,Not Reported,2,0,0,"Sideswipe, same direction",V1: Travelling straight ahead / V2:Slowing or stopped in traffic,V1:Southbound / V2:Not reported ,V1: Collision with parked motor vehicle / V2: Unknown ,V1: Passenger car / V2:Passenger car,Dry,Unknown,Cloudy,,499 NORFOLK STREET,,,,,233883.3679,892175.7015
4026445,BOSTON (DORCHESTER),01-Nov-2014,2:19 AM,Not Reported,3,0,0,Angle,V1: Travelling straight ahead / V2:Turning right / V3:Not reported,V1:Southbound / V2:Eastbound / V3:Not reported ,V1: Collision with motor vehicle in traffic / V2: Collision with motor vehicle in traffic / V3: Not reported ,V1: Passenger car / V2:Passenger car / V3:Passenger car,Dry,Dark - lighted roadway,Clear,BRADSHAW STREET / MCLELLAN STREET,,,,,,234392.5002,894326.625
3982175,BOSTON,01-Nov-2014,3:00 AM,Not Reported,1,0,0,Single vehicle crash,V1: Travelling straight ahead,V1:Eastbound ,V1: Not reported ,V1: Passenger car,Dry,Dark - lighted roadway,Clear,,STORROW DRIVE / RAMP-STORROW DR EB TO RT 28 SB (BEACON S,,,TUNNELS,,234972.289,900634.3722
3979983,BOSTON,01-Nov-2014,3:45 AM,Property damage only (none injured),1,0,0,Single vehicle crash,V1: Travelling straight ahead,V1:Westbound ,V1: Other ,V1: Passenger car,Dry,Dark - lighted roadway,Clear,,MASSACHUSETTS TURNPIKE Rte 90 W / RAMP-DARTMOUTH ST TO RT 90 WB,,,PRUDENTIAL TUNNEL,,234598.655,899785.832
3992805,BOSTON (MATTAPAN),01-Nov-2014,4:30 AM,Property damage only (none injured),1,0,0,Single vehicle crash,V1: Travelling straight ahead,V1:Not reported ,V1: Collision with utility pole ,V1: Passenger car,Dry,Dark - lighted roadway,Clear/Clear,,55 COOKSON TERRACE,,,,,233816.5367,891337.6259
4019748,BOSTON (DORCHESTER),01-Nov-2014,5:45 AM,Property damage only (none injured),2,0,0,Angle,V1: Travelling straight ahead / V2:Travelling straight ahead,V1:Eastbound / V2:Southbound ,V1: Collision with motor vehicle in traffic / V2: Collision with motor vehicle in traffic ,V1: Passenger car / V2:Passenger car,Wet,Dark - lighted roadway,Cloudy/Rain,COLUMBIA ROAD / QUINCY STREET,,,,,,235432.4218,895739.2499
3972035,BOSTON,01-Nov-2014,10:28 AM,Property damage only (none injured),1,0,0,Single vehicle crash,V1: Turning right,V1:Southbound ,V1: Collision with light pole or other post/support ,V1: Passenger car,Wet,Daylight,Rain,,SOLDIERS FIELD ROAD Rte UNKNOW W / EVERETT STREET,,,,,230032.9845,901646.3752
3975930,BOSTON,01-Nov-2014,12:47 PM,Non-fatal injury,2,1,0,Head-on,V1: Turning left / V2:Travelling straight ahead,V1:Southbound / V2:Northbound ,V1: Collision with motor vehicle in traffic / V2: Collision with motor vehicle in traffic ,V1: Passenger car / V2:Passenger car,Dry,Daylight,Not Reported,,MORTON STREET Rte UNKNOW / 623,,,,,233524.45,892966.3511
3975931,BOSTON,01-Nov-2014,12:51 PM,Property damage only (none injured),2,0,0,Rear-end,V1: Travelling straight ahead / V2:Slowing or stopped in traffic,V1:Northbound / V2:Southbound ,V1: Collision with motor vehicle in traffic / V2: Collision with motor vehicle in traffic ,"V1: Passenger car / V2:Light truck(van, mini-van, panel, pickup, sport utility) with only four tires",Wet,Daylight,Not Reported,,MORTON STREET Rte UNKNOW / FOREST HILLS AVENUE,,,,,232598.4532,894496.6249
3971791,BOSTON,01-Nov-2014,1:25 PM,Non-fatal injury,4,1,0,Rear-end,V1: Slowing or stopped in traffic / V2:Slowing or stopped in traffic / V3:Slowing or stopped in traffic / V4:Travelling straight ahead,V1:Northbound / V2:Northbound / V3:Northbound / V4:Northbound ,V1: Collision with motor vehicle in traffic / V2: Collision with motor vehicle in traffic / V3: Collision with motor vehicle in traffic / V4: Collision with motor vehicle in traffic ,"V1: Light truck(van, mini-van, panel, pickup, sport utility) with only four tires / V2:Passenger car / V3:Light truck(van, mini-van, panel, pickup, sport utility) with only four tires / V4:Passenger car",Wet,Daylight,Cloudy/Rain,JOHN F FITZGERALD EXPRESSWAY Rte I93 N / RAMP-RTS 90/1A SB TO RTS 93 NB/3 NB,,,,D RAMP MERGE,,236586.4586,900220.4936
3971792,BOSTON,01-Nov-2014,1:35 PM,Non-fatal injury,2,2,0,"Sideswipe, same direction",V1: Travelling straight ahead / V2:Travelling straight ahead,V1:Southbound / V2:Southbound ,V1: Collision with motor vehicle in traffic / V2: Collision with motor vehicle in traffic ,V1: Passenger car / V2:Passenger car,Wet,Daylight,Rain,,JOHN F FITZGERALD EXPRESSWAY Rte 93 S,,,HOV LANE MERGE,,236761.9265,895351.1704
3971793,BOSTON,01-Nov-2014,2:08 PM,Property damage only (none injured),2,0,0,Rear-end,V1: Slowing or stopped in traffic / V2:Slowing or stopped in traffic,V1:Southbound / V2:Southbound ,V1: Collision with motor vehicle in traffic / V2: Collision with motor vehicle in traffic ,"V1: Passenger car / V2:Light truck(van, mini-van, panel, pickup, sport utility) with only four tires",Wet,Daylight,Rain,,Rte 93 S / UNKNOWN,,Exit 24 on Rte 93 S,,,236397.1933,901565.6511
3980666,BOSTON,01-Nov-2014,2:11 PM,Property damage only (none injured),3,0,0,Rear-end,V1: Slowing or stopped in traffic / V2:Slowing or stopped in traffic / V3:Entering traffic lane,V1:Westbound / V2:Westbound / V3:Westbound ,V1: Collision with motor vehicle in traffic / V2: Collision with motor vehicle in traffic / V3: Collision with motor vehicle in traffic ,"V1: Passenger car / V2:Light truck(van, mini-van, panel, pickup, sport utility) with only four tires / V3:Passenger car",Wet,Daylight,Rain,,RAMP-RT 93 TO RTS 3 NB/28 SB (STORROW DR Rte 93 S / RAMP-RT 93 NB/SUMNER TUNL TO RT 3 NB (ST Rte 3 N,,,AT STATION TUNNEL,,235641.1813,901891.1598
3971794,BOSTON,01-Nov-2014,2:26 PM,Property damage only (none injured),2,0,0,"Sideswipe, same direction",V1: Entering traffic lane / V2:Travelling straight ahead,V1:Northbound / V2:Not reported ,V1: Collision with motor vehicle in traffic / V2: Collision with motor vehicle in traffic ,"V1: Light truck(van, mini-van, panel, pickup, sport utility) with only four tires / V2:Light truck(van, mini-van, panel, pickup, sport utility) with only four tires",Wet,Daylight,Rain,,JOHN F FITZGERALD EXPRESSWAY Rte 93 N / RAMP-RTS 93 NB/3 NB TO NORTH ST STREET,,,,,236962.5379,900926.8258
3972952,BOSTON,01-Nov-2014,4:26 PM,Property damage only (none injured),3,0,0,Rear-end,V1: Slowing or stopped in traffic / V2:Slowing or stopped in traffic / V3:Travelling straight ahead,V1:Northbound / V2:Northbound / V3:Northbound ,V1: Collision with motor vehicle in traffic / V2: Collision with motor vehicle in traffic / V3: Collision with motor vehicle in traffic ,"V1: Light truck(van, mini-van, panel, pickup, sport utility) with only four tires / V2:Passenger car / V3:Passenger car",Wet,Daylight,Rain,,Rte 93 N,,Exit 23 on Rte 93,,,236957.4837,900943.9828
3971795,BOSTON,01-Nov-2014,5:00 PM,Property damage only (none injured),2,0,0,Rear-end,V1: Slowing or stopped in traffic / V2:Slowing or stopped in traffic,V1:Northbound / V2:Northbound ,V1: Collision with motor vehicle in traffic / V2: Collision with motor vehicle in traffic ,V1: Passenger car / V2:Passenger car,Wet,Dark - lighted roadway,Cloudy,,RAMP-RTS 90/1A SB TO RTS 93 NB/3 NB / JOHN F FITZGERALD EXPRESSWAY Rte 1 N,,,,,236586.3513,900219.9677
3974482,BOSTON,01-Nov-2014,5:01 PM,Property damage only (none injured),2,0,0,Head-on,V1: Travelling straight ahead / V2:Not reported,V1:Northbound / V2:Not reported ,V1: Collision with motor vehicle in traffic / V2: Not reported ,V1: Passenger car / V2:Not reported,Dry,Dark - lighted roadway,Cloudy,,JOHN F FITZGERALD EXPRESSWAY Rte 93 N / RAMP-RTS 90/1A SB TO RTS 93 NB/3 NB,,,D RAMP,,236591.5118,900234.2752
3971796,BOSTON,01-Nov-2014,9:49 PM,Property damage only (none injured),1,0,0,Single vehicle crash,V1: Travelling straight ahead,V1:Northbound ,V1: Collision with median barrier ,V1: Passenger car,Wet,Dark - lighted roadway,Rain,,Rte 93 N / UNKNOWN,,Exit 23 on Rte 93 N,,,236957.4837,900943.9828
3972036,BOSTON,01-Nov-2014,10:20 PM,Property damage only (none injured),2,0,0,Angle,V1: Travelling straight ahead / V2:Changing lanes,V1:Southbound / V2:Westbound ,V1: Collision with motor vehicle in traffic / V2: Collision with motor vehicle in traffic ,V1: Passenger car / V2:Passenger car,Wet,Dark - lighted roadway,Rain,,CAMBRIDGE STREET Rte UNKNOW S / MASSACHUSETTS TURNPIKE,,,,,230416.0205,900716.7499
3971799,BOSTON,01-Nov-2014,10:25 PM,Property damage only (none injured),2,0,0,Angle,V1: Travelling straight ahead / V2:Travelling straight ahead,V1:Northbound / V2:Northbound ,V1: Collision with motor vehicle in traffic / V2: Collision with motor vehicle in traffic ,"V1: Passenger car / V2:Light truck(van, mini-van, panel, pickup, sport utility) with only four tires",Wet,Dark - lighted roadway,Rain,,Rte 93 N / UNKNOWN,,Exit 23 on Rte 93 N,,,236957.4837,900943.9828
3972570,BOSTON,01-Nov-2014,10:25 PM,Property damage only (none injured),2,0,0,Rear-end,V1: Slowing or stopped in traffic / V2:Travelling straight ahead,V1:Northbound / V2:Northbound ,V1: Collision with motor vehicle in traffic / V2: Collision with motor vehicle in traffic ,V1: Passenger car / V2:Passenger car,Wet,Dark - lighted roadway,Rain,,Rte 93 N,,Exit 23 on Rte 93,,,236957.4837,900943.9828
3971797,BOSTON,01-Nov-2014,10:50 PM,Property damage only (none injured),1,0,0,Single vehicle crash,V1: Not reported,V1:Southbound ,V1: Collision with median barrier ,V1: Passenger car,Wet,Dark - lighted roadway,Rain,,LEVERETT CONNECTOR SOUTH,,,LEVERETT CIRCLE TO ROUTE 93 SOUT,,234785.664,903374.722
3971798,BOSTON,01-Nov-2014,11:00 PM,Property damage only (none injured),1,0,0,Single vehicle crash,V1: Not reported,V1:Eastbound ,V1: Collision with median barrier ,V1: Passenger car,Wet,Dark - lighted roadway,Rain,,RAMP-NORTH ST TO CALLAHAN TUNL TUNNEL / RAMP-N WASHINGTON ST TO CALLAHAN TUNL,,,HAYMARKET RAMP TO CALLAHAN TUNNE,,236742.4472,901440.21
3974483,BOSTON,02-Nov-2014,00:00 AM,Property damage only (none injured),3,0,0,Angle,V1: Turning left / V2:Travelling straight ahead / V3:Travelling straight ahead,V1:Eastbound / V2:Northbound / V3:Northbound ,V1: Collision with motor vehicle in traffic / V2: Collision with motor vehicle in traffic / V3: Collision with motor vehicle in traffic ,V1: Passenger car / V2:Passenger car / V3:Passenger car,Wet,Dark - lighted roadway,Rain,,MASSACHUSETTS AVENUE CONNECTOR / MASSACHUSETTS AVENUE CONNECTOR,,,FRONTAGE ROAD TO MASS AVENUE,,235864.552,898418.764
4009777,BOSTON (DORCHESTER),02-Nov-2014,1:19 AM,Non-fatal injury,2,1,0,Single vehicle crash,V1: Not reported / V2:Not reported,V1:Eastbound / V2:Northbound ,V1: Not reported / V2: Not reported ,V1: Passenger car / V2:Passenger car,Wet,Dark - lighted roadway,Rain,DORCHESTER AVENUE / LINDEN STREET,,,,,,236377.453,895152.5624
3971800,BOSTON,02-Nov-2014,5:01 AM,Property damage only (none injured),1,0,0,Single vehicle crash,V1: Not reported,V1:Eastbound ,V1: Collision with median barrier ,V1: Passenger car,Wet,Dark - lighted roadway,Rain,,RAMP-N WASHINGTON ST TO CALLAHAN TUNL / RAMP-RTS 93 SB/3 SB TO CALLAHAN TUNNEL,,,ENTRANCE TO THE CALLAHAN TUNNEL,,236721.0123,901415.946
3971801,BOSTON,02-Nov-2014,5:50 AM,Property damage only (none injured),1,0,0,Single vehicle crash,V1: Travelling straight ahead,V1:Northbound ,V1: Collision with median barrier ,V1: Passenger car,Wet,Dark - lighted roadway,Rain,,Rte 93 N / UNKNOWN,,Exit 23 on Rte 93 N,,,236957.4837,900943.9828
3971802,BOSTON,02-Nov-2014,6:26 AM,Property damage only (none injured),1,0,0,Single vehicle crash,V1: Travelling straight ahead,V1:Northbound ,V1: Other ,V1: Passenger car,Wet,Dawn,Cloudy,,Rte 93 N / UNKNOWN,,Exit 23 on Rte 93 N,,,236957.4837,900943.9828
3974498,BOSTON,02-Nov-2014,8:46 AM,Property damage only (none injured),3,0,0,"Sideswipe, same direction",V1: Changing lanes / V2:Changing lanes / V3:Travelling straight ahead,V1:Northbound / V2:Northbound / V3:Northbound ,V1: Collision with motor vehicle in traffic / V2: Collision with motor vehicle in traffic / V3: Collision with motor vehicle in traffic ,"V1: Light truck(van, mini-van, panel, pickup, sport utility) with only four tires / V2:Other / V3:Passenger car",Wet,Daylight,Rain,,GALLIVAN BOULEVARD / NEPONSET AVENUE,,,,,237775.3707,892890.0493
3980729,BOSTON,02-Nov-2014,9:15 AM,Property damage only (none injured),2,0,0,Angle,V1: Travelling straight ahead / V2:Travelling straight ahead,V1:Eastbound / V2:Northbound ,V1: Collision with motor vehicle in traffic / V2: Collision with motor vehicle in traffic ,V1: Passenger car / V2:Passenger car,Wet,Daylight,Cloudy/Rain,MORTON STREET / HARVARD STREET,,,,,,233493.5311,893100.9999
3972037,BOSTON,02-Nov-2014,9:45 AM,Property damage only (none injured),1,0,0,Single vehicle crash,V1: Travelling straight ahead,V1:Eastbound ,V1: Collision with light pole or other post/support ,V1: Passenger car,Wet,Daylight,"Sleet, hail (freezing rain or drizzle)/Severe crosswinds",,RAMP-SOLDIERS FIELD RD EB TO WESTERN AVE / SOLDIERS FIELD FRONTAGE ROAD EB,,,,,231454.396,901664.9531
3971803,BOSTON,02-Nov-2014,10:07 AM,Property damage only (none injured),3,0,0,Angle,V1: Travelling straight ahead / V2:Travelling straight ahead / V3:Travelling straight ahead,V1:Southbound / V2:Southbound / V3:Southbound ,V1: Collision with guardrail / V2: Collision with motor vehicle in traffic / V3: Collision with motor vehicle in traffic ,"V1: Light truck(van, mini-van, panel, pickup, sport utility) with only four tires / V2:Passenger car / V3:Light truck(van, mini-van, panel, pickup, sport utility) with only four tires",Wet,Daylight,"Rain/Sleet, hail (freezing rain or drizzle)",,INTERSTATE 93 Rte 93 S / RAMP-RT 1 SB (TOBIN BRG) TO RT 93 SB Rte 1 S,,,LOWER DECK,,235611.2101,902481.8667
4003089,BOSTON,02-Nov-2014,10:08 AM,Non-fatal injury,4,1,0,"Sideswipe, same direction",V1: Slowing or stopped in traffic / V2:Slowing or stopped in traffic / V3:Slowing or stopped in traffic / V4:Travelling straight ahead,V1:Not reported / V2:Not reported / V3:Not reported / V4:Not reported ,V1: Collision with motor vehicle in traffic / V2: Collision with motor vehicle in traffic / V3: Collision with motor vehicle in traffic / V4: Not reported ,V1: Passenger car / V2:Passenger car / V3:Passenger car / V4:Passenger car,Wet,Daylight,Snow/Rain,COMMONWEALTH AVENUE / ALLSTON STREET,,,,,,229853.5679,899842.3698
3994053,BOSTON (DORCHESTER),02-Nov-2014,10:10 AM,Property damage only (none injured),2,0,0,Not reported,V1: Not reported / V2:Not reported,V1:Westbound / V2:Eastbound ,V1: Not reported / V2: Not reported ,"V1: Light truck(van, mini-van, panel, pickup, sport utility) with only four tires / V2:Passenger car",Not reported,Not reported,Not Reported,NEPONSET AVENUE / ASHMONT STREET / FREEPORT STREET,,,,,,237242.0623,893385.3125
3971804,BOSTON,02-Nov-2014,1:27 PM,Non-fatal injury,3,1,0,Angle,V1: Changing lanes / V2:Travelling straight ahead / V3:Travelling straight ahead,V1:Southbound / V2:Southbound / V3:Southbound ,V1: Collision with motor vehicle in traffic / V2: Collision with motor vehicle in traffic / V3: Collision with motor vehicle in traffic ,"V1: Light truck(van, mini-van, panel, pickup, sport utility) with only four tires / V2:Passenger car / V3:Passenger car",Wet,Daylight,Rain,,Rte 93 S / UNKNOWN,,Exit 24 on Rte 93 S,,,236397.1933,901565.6511
3971805,BOSTON,02-Nov-2014,1:41 PM,Property damage only (none injured),3,0,0,Rear-end,V1: Travelling straight ahead / V2:Slowing or stopped in traffic / V3:Slowing or stopped in traffic,V1:Southbound / V2:Southbound / V3:Southbound ,V1: Collision with motor vehicle in traffic / V2: Collision with motor vehicle in traffic / V3: Collision with motor vehicle in traffic ,"V1: Passenger car / V2:Light truck(van, mini-van, panel, pickup, sport utility) with only four tires / V3:Light truck(van, mini-van, panel, pickup, sport utility) with only four tires",Wet,Daylight,Rain,,Rte 93 S / UNKNOWN,,Exit 24 on Rte 93 S,,,236397.1933,901565.6511
3971806,BOSTON,02-Nov-2014,1:50 PM,Non-fatal injury,2,1,0,Rear-end,V1: Travelling straight ahead / V2:Travelling straight ahead,V1:Southbound / V2:Southbound ,V1: Collision with motor vehicle in traffic / V2: Collision with motor vehicle in traffic ,"V1: Light truck(van, mini-van, panel, pickup, sport utility) with only four tires / V2:Passenger car",Dry,Daylight,Clear,,JOHN F FITZGERALD EXPRESSWAY Rte 93 S / RAMP-RTS 93 SB/3 SB TO CALLAHAN TUNNEL,,,LOWER DECK,,236429.0177,901526.7553
3973494,BOSTON,02-Nov-2014,2:51 PM,Property damage only (none injured),2,0,0,Not reported,V1: Slowing or stopped in traffic / V2:Slowing or stopped in traffic,V1:Westbound / V2:Westbound ,V1: Collision with motor vehicle in traffic / V2: Collision with motor vehicle in traffic ,V1: Passenger car / V2:Passenger car,Not reported,Daylight,Not Reported,,COLUMBIA ROAD / GENERAL CASIMIR PULASKI SKYWAY,,,,,236787.0013,896862.7653
3971807,BOSTON,02-Nov-2014,3:06 PM,Property damage only (none injured),1,0,0,Rear-end,V1: Travelling straight ahead,V1:Eastbound ,V1: Collision with motor vehicle in traffic ,V1: Passenger car,Wet,Daylight,Cloudy/Rain,,RAMP-RT 90 EB TO HAUL RD/CONGRESS ST / RAMP-RT 90 EB TO HAUL RD,,,RAMP L TUNNEL,,237115.3039,899805.5712
3977858,BOSTON,02-Nov-2014,4:08 PM,Non-fatal injury,3,2,0,Rear-end,V1: Slowing or stopped in traffic / V2:Slowing or stopped in traffic / V3:Travelling straight ahead,V1:Westbound / V2:Westbound / V3:Westbound ,V1: Collision with motor vehicle in traffic / V2: Collision with motor vehicle in traffic / V3: Collision with motor vehicle in traffic ,V1: Passenger car / V2:Passenger car / V3:Passenger car,Dry,Dusk,Clear,BROOKLINE AVENUE / PARK DRIVE / BOYLSTON STREET,,,,,,232742.1496,899278.3204
3993587,BOSTON (DORCHESTER),02-Nov-2014,5:19 PM,Not Reported,1,0,0,Single vehicle crash,V1: Slowing or stopped in traffic,V1:Southbound ,V1: Not reported ,V1: Passenger car,Wet,Dark - lighted roadway,Rain/Cloudy,WASHINGTON STREET / TALBOT AVENUE,,,,,P3:Pedestrian,235329.9845,893393.1876
4040348,BOSTON (SOUTH BOSTON),02-Nov-2014,9:30 PM,Not Reported,2,0,0,Rear-end,V1: Travelling straight ahead / V2:Parked,V1:Eastbound / V2:Not reported ,V1: Collision with parked motor vehicle / V2: Collision with parked motor vehicle ,V1: Passenger car / V2:Passenger car,Dry,Dark - lighted roadway,Clear,,62 G STREET,,,,,237562.6761,898258.5881
3972125,BOSTON,03-Nov-2014,00:00 AM,Property damage only (none injured),1,0,0,Single vehicle crash,V1: Not reported,V1:Southbound ,V1: Collision with curb ,V1: Passenger car,Dry,Dark - lighted roadway,Clear,SERGEANT ALEXANDER F PACUSKA CIRCLE / OLD COLONY AVENUE / COLUMBIA ROAD,,,,,,236914.0075,897778.485
3994051,BOSTON,03-Nov-2014,4:25 AM,Property damage only (none injured),2,0,0,Head-on,V1: Parked / V2:Unknown,V1:Not reported / V2:Not reported ,V1: Collision with parked motor vehicle / V2: Not reported ,V1: Passenger car / V2:Passenger car,Dry,Dark - lighted roadway,Clear,,539 ADAMS STREET,,,HEMENWAY PLAYGROUND,,236527.0838,893514.2285
3972039,BOSTON,03-Nov-2014,7:33 AM,Non-fatal injury,3,3,0,Rear-end,V1: Travelling straight ahead / V2:Slowing or stopped in traffic / V3:Slowing or stopped in traffic,V1:Eastbound / V2:Eastbound / V3:Eastbound ,V1: Collision with motor vehicle in traffic / V2: Collision with motor vehicle in traffic / V3: Collision with motor vehicle in traffic ,"V1: Passenger car / V2:Passenger car / V3:Light truck(van, mini-van, panel, pickup, sport utility) with only four tires",Dry,Daylight,Clear,STORROW DRIVE / UNIVERSITY ROAD,,,,BU BRIDGE,,232286.1875,900193.4999
3972040,BOSTON,03-Nov-2014,7:42 AM,Property damage only (none injured),2,0,0,Angle,V1: Entering traffic lane / V2:Turning right,V1:Eastbound / V2:Southbound ,V1: Collision with motor vehicle in traffic / V2: Collision with motor vehicle in traffic ,"V1: Passenger car / V2:Light truck(van, mini-van, panel, pickup, sport utility) with only four tires",Dry,Daylight,Clear,,SOLDIERS FIELD ROAD Rte UNKNOW / EVERETT STREET,,,,,230032.9845,901646.3752
3973651,BOSTON (CHARLESTOWN),03-Nov-2014,7:55 AM,Non-fatal injury,2,3,0,Rear-end,V1: Travelling straight ahead / V2:Travelling straight ahead,V1:Eastbound / V2:Northbound ,V1: Collision with motor vehicle in traffic / V2: Collision with motor vehicle in traffic ,"V1: Light truck(van, mini-van, panel, pickup, sport utility) with only four tires / V2:Single-unit truck (2-axle, 6-tire)",Dry,Daylight,Clear,BUNKER HILL STREET / ELM STREET,,,,,,236018.6562,903256.7498
3995317,BOSTON,03-Nov-2014,8:20 AM,Non-fatal injury,2,2,0,Single vehicle crash,V1: Travelling straight ahead / V2:Travelling straight ahead,V1:Not reported / V2:Not reported ,V1: Collision with motor vehicle in traffic / V2: Collision with motor vehicle in traffic ,V1: Passenger car / V2:Passenger car,Dry,Daylight,Clear,NORFOLK STREET / WENTWORTH STREET,,,,,,235004.7969,893214.8124
3972644,BOSTON,03-Nov-2014,9:20 AM,Property damage only (none injured),2,0,0,Angle,V1: Travelling straight ahead / V2:Turning left,V1:Eastbound / V2:Eastbound ,V1: Collision with motor vehicle in traffic / V2: Collision with motor vehicle in traffic ,"V1: Light truck(van, mini-van, panel, pickup, sport utility) with only four tires / V2:Light truck(van, mini-van, panel, pickup, sport utility) with only four tires",Dry,Daylight,Clear,GALLIVAN BOULEVARD / NEPONSET AVENUE,,,,,,237714.5937,892913.9376
3972572,BOSTON,03-Nov-2014,10:12 AM,Property damage only (none injured),2,0,0,"Sideswipe, same direction",V1: Travelling straight ahead / V2:Turning left,V1:Northbound / V2:Northbound ,V1: Collision with motor vehicle in traffic / V2: Collision with motor vehicle in traffic ,"V1: Light truck(van, mini-van, panel, pickup, sport utility) with only four tires / V2:Passenger car",Dry,Daylight,Clear,MASSACHUSETTS AVENUE CONNECTOR / MASSACHUSETTS AVENUE CONNECTOR / FRONTAGE ROAD,,,,MASS AVE CONNECTOR,,235865.0173,898419.1854
3972573,BOSTON,03-Nov-2014,1:06 PM,Non-fatal injury,1,1,0,Single vehicle crash,V1: Travelling straight ahead,V1:Northbound ,V1: Other ,"V1: Light truck(van, mini-van, panel, pickup, sport utility) with only four tires",Dry,Daylight,Clear,,JOHN F FITZGERALD EXPRESSWAY Rte 1 N / RAMP-BROADWAY TO RTS 93 NB/3 NB,,,RAMP LL,,236425.0933,899804.3417
3975932,BOSTON,03-Nov-2014,1:10 PM,Non-fatal injury,1,1,0,Not reported,V1: Slowing or stopped in traffic,V1:Westbound ,V1: Collision with pedestrian ,V1: Passenger car,Dry,Daylight,Clear,,MORTON STREET Rte UNKNOW / 748,,,,P2:Pedestrian,233863.4726,892663.2928
3971966,BOSTON,03-Nov-2014,2:07 PM,Property damage only (none injured),2,0,0,Rear-end,V1: Slowing or stopped in traffic / V2:Backing,V1:Eastbound / V2:Westbound ,V1: Collision with motor vehicle in traffic / V2: Collision with motor vehicle in traffic ,"V1: Passenger car / V2:Light truck(van, mini-van, panel, pickup, sport utility) with only four tires",Wet,Dusk,Cloudy/Rain,,STORROW DRIVE Rte UNKNOW / DAVID G MUGAR WAY,,,,,235214.6816,900915.4701
3972645,BOSTON,03-Nov-2014,2:30 PM,Non-fatal injury,1,1,0,Single vehicle crash,V1: Turning left,V1:Southbound ,V1: Collision with pedestrian ,V1: Passenger car,Dry,Daylight,Clear,COLUMBIA ROAD / RAMP-COLUMBIA RD TO RTS 93 SB/3 SB,,,,,P2:Pedestrian,236752.685,896860.9912
3974484,BOSTON,03-Nov-2014,4:05 PM,Property damage only (none injured),2,0,0,Angle,V1: Changing lanes / V2:Changing lanes,V1:Southbound / V2:Southbound ,V1: Collision with motor vehicle in traffic / V2: Collision with motor vehicle in traffic ,"V1: Passenger car / V2:Single-unit truck (2-axle, 6-tire)",Dry,Daylight,Clear,,Rte 93 S,,Exit 18 on Rte 93 S,,,236013.2783,899092.9981