Crash Number,City/Town Name,Crash Date,Crash Time,Crash Severity,Number of Vehicles,Total Nonfatal Injuries,Total Fatal Injuries,Manner of Collision,Vehicle Action Prior to Crash,Vehicle Travel Directions,Most Harmful Events,Vehicle Configuration,Road Surface Condition,Ambient Light,Weather Condition,At Roadway Intersection,Distance from Nearest Roadway Intersection,Distance from Nearest Milemarker,Distance from Nearest Exit,Distance from Nearest Landmark,Non Motorist Type,X Coordinate,Y Coordinate
3972574,BOSTON,03-Nov-2014,5:50 PM,Property damage only (none injured),3,0,0,Rear-end,V1: Travelling straight ahead / V2:Slowing or stopped in traffic / V3:Slowing or stopped in traffic,V1:Southbound / V2:Southbound / V3:Southbound ,V1: Collision with motor vehicle in traffic / V2: Collision with motor vehicle in traffic / V3: Collision with motor vehicle in traffic ,V1: Passenger car / V2:Passenger car / V3:Passenger car,Dry,Dark - roadway not lighted,Clear,,LEVERETT CONNECTOR SOUTH / LEVERETT CONNECTOR SOUTH,,,LEVERETT CONNECTOR,,234787.5769,903458.6425
3972126,BOSTON,03-Nov-2014,6:50 PM,Property damage only (none injured),2,0,0,Rear-end,V1: Slowing or stopped in traffic / V2:Travelling straight ahead,V1:Southbound / V2:Southbound ,V1: Collision with motor vehicle in traffic / V2: Collision with motor vehicle in traffic ,V1: Passenger car / V2:Passenger car,Dry,Dark - lighted roadway,Cloudy,,Rte 93 / UNKNOWN,,Exit 12 on Rte 93,,,237620.5493,892713.0989
3974485,BOSTON,03-Nov-2014,7:10 PM,Property damage only (none injured),2,0,0,"Sideswipe, same direction",V1: Changing lanes / V2:Travelling straight ahead,V1:Northbound / V2:Northbound ,V1: Collision with median barrier / V2: Collision with motor vehicle in traffic ,V1: Passenger car / V2:Passenger car,Dry,Dark - lighted roadway,Clear,JOHN F FITZGERALD EXPRESSWAY Rte I93 N / JOHN F FITZGERALD EXPRESSWAY Rte US1 N,,,,ZAKIM BRIDGE,,236209.5339,901856.0453
3981111,BOSTON,04-Nov-2014,2:41 AM,Property damage only (none injured),2,0,0,Not reported,V1: Travelling straight ahead / V2:Travelling straight ahead,V1:Not reported / V2:Not reported ,V1: Collision with motor vehicle in traffic / V2: Collision with motor vehicle in traffic ,V1: Passenger car / V2:Passenger car,Not reported,Not reported,Not Reported,CHARLES STREET / BEACON STREET,,,,,,235472.1213,900720.2388
3973019,BOSTON,04-Nov-2014,7:30 AM,Non-fatal injury,2,1,0,Rear-end,V1: Slowing or stopped in traffic / V2:Travelling straight ahead,V1:Southbound / V2:Southbound ,V1: Collision with motor vehicle in traffic / V2: Collision with motor vehicle in traffic ,"V1: Light truck(van, mini-van, panel, pickup, sport utility) with only four tires / V2:Single-unit truck (3-or-more axles)",Dry,Daylight,Not Reported,DAVID G MUGAR WAY / BEACON STREET,,,,,,235194.4263,900630.1929
3971816,BOSTON,04-Nov-2014,8:09 AM,Property damage only (none injured),2,0,0,Angle,V1: Slowing or stopped in traffic / V2:Leaving traffic lane,V1:Eastbound / V2:Eastbound ,V1: Collision with motor vehicle in traffic / V2: Collision with motor vehicle in traffic ,V1: Passenger car / V2:Passenger car,Dry,Daylight,Clear,,Rte UNKNOW,,,TAXI POOL AT LOGAN ARPORT,,,
3971808,BOSTON,04-Nov-2014,10:03 AM,Property damage only (none injured),2,0,0,Angle,V1: Slowing or stopped in traffic / V2:Slowing or stopped in traffic,V1:Southbound / V2:Southbound ,V1: Collision with motor vehicle in traffic / V2: Collision with motor vehicle in traffic ,"V1: Light truck(van, mini-van, panel, pickup, sport utility) with only four tires / V2:Passenger car",Dry,Daylight,Cloudy,,JOHN F FITZGERALD EXPRESSWAY Rte 93 S / RAMP-RTS 93 SB/3 SB TO CALLAHAN TUNNEL,,,LOWER DECK,,236377.3619,901593.8123
3976285,BOSTON,04-Nov-2014,1:34 PM,Property damage only (none injured),2,0,0,"Sideswipe, same direction",V1: Turning right / V2:Turning left,V1:Eastbound / V2:Eastbound ,V1: Collision with motor vehicle in traffic / V2: Collision with motor vehicle in traffic ,V1: Passenger car / V2:Tractor/semi-trailer,Dry,Daylight,Clear,MASSPORT HAUL ROAD / NORTHERN AVENUE,,,,,,238203.3868,899780.3374
3974886,BOSTON,04-Nov-2014,1:40 PM,Property damage only (none injured),3,0,0,Rear-end,V1: Backing / V2:Slowing or stopped in traffic / V3:Other,V1:Southbound / V2:Northbound / V3:Not reported ,V1: Collision with motor vehicle in traffic / V2: Collision with motor vehicle in traffic / V3: Collision with motor vehicle in traffic ,"V1: Tractor/semi-trailer / V2:Light truck(van, mini-van, panel, pickup, sport utility) with only four tires / V3:Passenger car",Dry,Daylight,Clear,WILLIAM T MORRISSEY BOULEVARD / NORWOOD STREET,,,,,,237587.7012,893296.4815
3993536,BOSTON,04-Nov-2014,1:54 PM,Non-fatal injury,1,1,0,Single vehicle crash,V1: Travelling straight ahead,V1:Not reported ,V1: Collision with pedestrian ,"V1: Light truck(van, mini-van, panel, pickup, sport utility) with only four tires",Dry,Daylight,Clear/Clear,MILK STREET / DEVONSHIRE STREET,,,,,P2:Pedestrian,236466.2057,900790.9901
3979984,BOSTON,04-Nov-2014,5:05 PM,Property damage only (none injured),3,0,0,Rear-end,V1: Travelling straight ahead / V2:Slowing or stopped in traffic / V3:Slowing or stopped in traffic,V1:Southbound / V2:Southbound / V3:Southbound ,V1: Collision with motor vehicle in traffic / V2: Collision with motor vehicle in traffic / V3: Collision with motor vehicle in traffic ,"V1: Light truck(van, mini-van, panel, pickup, sport utility) with only four tires / V2:Passenger car / V3:Passenger car",Dry,Dark - lighted roadway,Clear,,JOHN F FITZGERALD EXPRESSWAY Rte 93 S / RAMP-RTS 93 SB/3 SB TO RT 90 WB/PURCHASE,,Exit 20 on Rte 93 S,ESSEX STREET,,236954.5314,900824.5996
3971809,BOSTON,04-Nov-2014,5:05 PM,Property damage only (none injured),3,0,0,Rear-end,V1: Slowing or stopped in traffic / V2:Travelling straight ahead / V3:Travelling straight ahead,V1:Northbound / V2:Northbound / V3:Northbound ,V1: Collision with motor vehicle in traffic / V2: Collision with motor vehicle in traffic / V3: Collision with motor vehicle in traffic ,V1: Passenger car / V2:Passenger car / V3:Passenger car,Dry,Dark - lighted roadway,Cloudy,,RAMP-RT 93 TO RTS 3 NB/28 SB (STORROW DR Rte 3 N / RAMP-RT 93 NB/SUMNER TUNL TO RT 3 NB (ST Rte 3 N,,,LEVERETT CONNECTOR SOUTH,,235684.9838,901885.3838
3972127,BOSTON,04-Nov-2014,5:26 PM,Non-fatal injury,2,1,0,Head-on,V1: Travelling straight ahead / V2:Turning left,V1:Eastbound / V2:Westbound ,V1: Collision with motor vehicle in traffic / V2: Collision with motor vehicle in traffic ,"V1: Passenger car / V2:Light truck(van, mini-van, panel, pickup, sport utility) with only four tires",Dry,Dark - lighted roadway,Clear,ADAMS STREET / GALLIVAN BOULEVARD Rte SR203  E,,,,,,236381.9376,892485.5001
3972575,BOSTON,04-Nov-2014,6:45 PM,Property damage only (none injured),2,0,0,Rear-end,V1: Slowing or stopped in traffic / V2:Travelling straight ahead,V1:Southbound / V2:Southbound ,V1: Collision with motor vehicle in traffic / V2: Collision with motor vehicle in traffic ,"V1: Passenger car / V2:Light truck(van, mini-van, panel, pickup, sport utility) with only four tires",Dry,Dark - lighted roadway,Cloudy,HARBORSIDE DRIVE / RAMP-HARBORSIDE DR TO AIRPORT RD ARR LEV / PORTER STREET,,,,,,238873.9051,902173.9625
3971810,BOSTON,04-Nov-2014,6:55 PM,Property damage only (none injured),2,0,0,Angle,V1: Travelling straight ahead / V2:Slowing or stopped in traffic,V1:Northbound / V2:Northbound ,V1: Collision with motor vehicle in traffic / V2: Collision with motor vehicle in traffic ,V1: Passenger car / V2:Passenger car,Dry,Dark - lighted roadway,Cloudy,,JOHN F FITZGERALD EXPRESSWAY Rte 93 N / JOHN F FITZGERALD EXPRESSWAY Rte 93 N,,,ZAKIM BRIDGE,,236014.7082,902087.5266
3973129,BOSTON,04-Nov-2014,11:05 PM,Property damage only (none injured),2,0,0,"Sideswipe, same direction",V1: Turning right / V2:Travelling straight ahead,V1:Westbound / V2:Westbound ,V1: Collision with motor vehicle in traffic / V2: Collision with motor vehicle in traffic ,V1: Passenger car / V2:Passenger car,Dry,Dark - lighted roadway,Not Reported,,GALLIVAN BOULEVARD Rte UNKNOW / 316,,,,,235895.1176,892285.7887
4021496,BOSTON,05-Nov-2014,00:00 AM,Property damage only (none injured),2,0,0,Rear-end,V1: Slowing or stopped in traffic / V2:Travelling straight ahead,V1:Eastbound / V2:Westbound ,V1: Collision with motor vehicle in traffic / V2: Collision with motor vehicle in traffic ,V1: Passenger car / V2:Passenger car,Dry,Dark - lighted roadway,Clear/Clear,TREMONT STREET / WEST CONCORD STREET,,,,,,234768.64,898977.8291
3974499,BOSTON,05-Nov-2014,2:57 AM,Property damage only (none injured),2,0,0,"Sideswipe, same direction",V1: Entering traffic lane / V2:Travelling straight ahead,V1:Southbound / V2:Westbound ,V1: Reported but invalid / V2: Collision with motor vehicle in traffic ,V1: Passenger car / V2:Single-unit truck (3-or-more axles),Dry,Dark - lighted roadway,Not Reported,,OLD COLONY AVENUE,,,,,236928.089,896861.126
3984201,BOSTON,05-Nov-2014,9:50 AM,Non-fatal injury,2,5,0,Angle,V1: Turning right / V2:Travelling straight ahead,V1:Eastbound / V2:Eastbound ,V1: Collision with motor vehicle in traffic / V2: Collision with motor vehicle in traffic ,"V1: Passenger car / V2:Bus (seats for more than 15 people, including driver)",Dry,Daylight,Clear/Clear,MORTON STREET / GALLIVAN BOULEVARD,,,,,,234631.4265,892127.267
3994049,BOSTON (DORCHESTER),05-Nov-2014,10:52 AM,Non-fatal injury,2,1,0,Angle,V1: Travelling straight ahead / V2:Turning left,V1:Northbound / V2:Not reported ,V1: Collision with motor vehicle in traffic / V2: Collision with motor vehicle in traffic ,V1: Passenger car / V2:Passenger car,Dry,Daylight,Cloudy,,1154 WASHINGTON STREET,,,,,235744.9656,899321.7863
3974085,BOSTON,05-Nov-2014,10:56 AM,Non-fatal injury,1,1,0,Single vehicle crash,V1: Leaving traffic lane,V1:Eastbound ,V1: Collision with guardrail ,V1: Motorcycle,Dry,Daylight,Clear,,Rte 90 W,Rte 90  W Milemarker 130.0,,,,229752.0583,900842.7985
3973088,BOSTON,05-Nov-2014,1:03 PM,Non-fatal injury,2,4,0,"Sideswipe, same direction",V1: Travelling straight ahead / V2:Travelling straight ahead,V1:Westbound / V2:Westbound ,V1: Reported but invalid / V2: Collision with motor vehicle in traffic ,"V1: Light truck(van, mini-van, panel, pickup, sport utility) with only four tires / V2:Passenger car",Dry,Daylight,Cloudy,,Rte 90 W,Rte 90  W Milemarker 131.0,,,,231312.2051,900784.6587
4003431,BOSTON,05-Nov-2014,4:25 PM,Unknown,2,0,0,Angle,V1: Turning left / V2:Travelling straight ahead,V1:Northbound / V2:Westbound ,V1: Not reported / V2: Not reported ,V1: Passenger car / V2:Passenger car,Dry,Daylight,Clear,COMMONWEALTH AVENUE / HARVARD AVENUE,,,,,,230403.9531,900047.9373
3976950,BOSTON,05-Nov-2014,4:50 PM,Property damage only (none injured),2,0,0,Not reported,V1: Travelling straight ahead / V2:Travelling straight ahead,V1:Eastbound / V2:Northbound ,V1: Collision with motor vehicle in traffic / V2: Collision with motor vehicle in traffic ,"V1: Light truck(van, mini-van, panel, pickup, sport utility) with only four tires / V2:Passenger car",Not reported,Daylight,Not Reported,,NEPONSET AVENUE,,,NEPONSET CIRCLE,,237696.0819,892924.3425
3972650,BOSTON,06-Nov-2014,5:17 AM,Non-fatal injury,1,1,0,Single vehicle crash,V1: Not reported,V1:Eastbound ,V1: Reported but invalid ,"V1: Light truck(van, mini-van, panel, pickup, sport utility) with only four tires",Dry,Dawn,Clear,WEST ROXBURY PARKWAY / WEST ROXBURY VFW PARKWAY ROTARY,,,,,,229204.0647,894089.827
3980012,BOSTON,06-Nov-2014,6:29 AM,Non-fatal injury,1,1,0,Single vehicle crash,V1: Slowing or stopped in traffic,V1:Northbound ,V1: Collision with median barrier ,V1: Motorcycle,Dry,Daylight,Clear,,Rte 93 N,,Exit 13 on Rte 93 N,HOV LANE,,237420.1414,894076.5227
3975833,BOSTON,06-Nov-2014,8:07 AM,Property damage only (none injured),2,0,0,Rear-end,V1: Slowing or stopped in traffic / V2:Travelling straight ahead,V1:Northbound / V2:Northbound ,V1: Collision with motor vehicle in traffic / V2: Collision with motor vehicle in traffic ,"V1: Light truck(van, mini-van, panel, pickup, sport utility) with only four tires / V2:Passenger car",Dry,Daylight,Clear,,Rte 93 N,Rte 93  N Milemarker 16.9,,,,236742.6233,900426.5825
3976516,BOSTON,06-Nov-2014,8:20 AM,Property damage only (none injured),2,0,0,Angle,V1: Travelling straight ahead / V2:Entering traffic lane,V1:Northbound / V2:Westbound ,V1: Collision with motor vehicle in traffic / V2: Collision with motor vehicle in traffic ,V1: Passenger car / V2:Passenger car,Dry,Daylight,Clear,,GALLIVAN BOULEVARD Rte UNKNOW / MILWOOD STREET,,,,,236473.6563,892520.5
3973130,BOSTON,06-Nov-2014,8:25 AM,Property damage only (none injured),2,0,0,Rear-end,V1: Travelling straight ahead / V2:Travelling straight ahead,V1:Southbound / V2:Southbound ,V1: Collision with motor vehicle in traffic / V2: Collision with motor vehicle in traffic ,V1: Passenger car / V2:Passenger car,Wet,Daylight,Rain,,Rte 93 S / UNKNOWN,,Exit 12 on Rte 93 S,,,237620.5493,892713.0989
3973131,BOSTON,06-Nov-2014,8:30 AM,Property damage only (none injured),2,0,0,Rear-end,V1: Slowing or stopped in traffic / V2:Slowing or stopped in traffic,V1:Northbound / V2:Northbound ,V1: Collision with motor vehicle in traffic / V2: Collision with motor vehicle in traffic ,"V1: Light truck(van, mini-van, panel, pickup, sport utility) with only four tires / V2:Passenger car",Wet,Daylight,Cloudy/Rain,,Rte 93 N / UNKNOWN,,Exit 16 on Rte 93 N,,,236403.9842,897524.312
3993595,BOSTON (DORCHESTER),06-Nov-2014,8:30 AM,Non-fatal injury,1,1,0,Single vehicle crash,V1: Turning left,V1:Not reported ,"V1: Collision with cyclist (bicycle, tricycle, unicycle, pedal car) ",V1: Passenger car,Dry,Daylight,Clear/Clear,FREEPORT STREET / FREEPORT WAY,,,,,"P2:Pedalcyclist (bicycle, tricycle, unicycle, pedal car)",236477.6719,895183.2502
3974641,BOSTON,06-Nov-2014,8:37 AM,Property damage only (none injured),2,0,0,"Sideswipe, same direction",V1: Travelling straight ahead / V2:Changing lanes,V1:Southbound / V2:Southbound ,V1: Collision with motor vehicle in traffic / V2: Collision with motor vehicle in traffic ,"V1: Passenger car / V2:Light truck(van, mini-van, panel, pickup, sport utility) with only four tires",Dry,Daylight,Clear,,JOHN F FITZGERALD EXPRESSWAY Rte 93 S / RAMP-RTS 93 SB/3 SB TO SB FRONTAGE RD/MA,,,PINE ST INN,,236011.7677,899089.1623
3974356,BOSTON,06-Nov-2014,8:50 AM,Property damage only (none injured),2,0,0,Rear-end,V1: Slowing or stopped in traffic / V2:Slowing or stopped in traffic,V1:Northbound / V2:Northbound ,V1: Collision with motor vehicle in traffic / V2: Collision with motor vehicle in traffic ,V1: Passenger car / V2:Truck/trailer,Wet,Daylight,Cloudy/Rain,,Rte 93 N,,Exit 15 on Rte 93 N,,,236972.2496,896473.4282
3973132,BOSTON,06-Nov-2014,9:52 AM,Property damage only (none injured),2,0,0,Rear-end,V1: Slowing or stopped in traffic / V2:Travelling straight ahead,V1:Northbound / V2:Northbound ,V1: Collision with motor vehicle in traffic / V2: Collision with motor vehicle in traffic ,"V1: Light truck(van, mini-van, panel, pickup, sport utility) with only four tires / V2:Passenger car",Dry,Daylight,Clear,,WILLIAM T MORRISSEY BOULEVARD / DOMINIC J BIANCULLI BOULEVARD,,,,,237379.5381,895968.7544
3975834,BOSTON,06-Nov-2014,10:08 AM,Property damage only (none injured),2,0,0,Rear-end,V1: Slowing or stopped in traffic / V2:Travelling straight ahead,V1:Southbound / V2:Southbound ,V1: Collision with motor vehicle in traffic / V2: Collision with motor vehicle in traffic ,V1: Passenger car / V2:Passenger car,Dry,Daylight,Clear,,JOHN F FITZGERALD EXPRESSWAY Rte 93 S,,,LOWER DECK,,235817.3382,902284.1655
4021494,BOSTON,06-Nov-2014,11:00 AM,Non-fatal injury,2,1,0,"Sideswipe, same direction",V1: Making U-turn / V2:Travelling straight ahead,V1:Westbound / V2:Westbound ,V1: Collision with motor vehicle in traffic / V2: Collision with motor vehicle in traffic ,"V1: Passenger car / V2:Light truck(van, mini-van, panel, pickup, sport utility) with only four tires",Wet,Daylight,Rain,,563 COLUMBUS AVENUE,,,,,234505.1029,899019.6859
3976302,BOSTON,06-Nov-2014,2:08 PM,Property damage only (none injured),1,0,0,Single vehicle crash,V1: Travelling straight ahead,V1:Westbound ,V1: Collision with guardrail ,"V1: Light truck(van, mini-van, panel, pickup, sport utility) with only four tires",Wet,Daylight,Cloudy/Rain,,SOLDIERS FIELD ROAD / NORTH HARVARD STREET,,,,,230992.3482,902048.2872
3975835,BOSTON,06-Nov-2014,2:45 PM,Non-fatal injury,3,1,0,Rear-end,V1: Travelling straight ahead / V2:Slowing or stopped in traffic / V3:Slowing or stopped in traffic,V1:Southbound / V2:Southbound / V3:Southbound ,V1: Collision with motor vehicle in traffic / V2: Collision with motor vehicle in traffic / V3: Collision with motor vehicle in traffic ,V1: Passenger car / V2:Passenger car / V3:Passenger car,Dry,Daylight,Clear,,Rte 93 S / UNKNOWN,,Exit 20 on Rte 93 S,,,236954.209,900826.9442
3972044,BOSTON,06-Nov-2014,3:09 PM,Property damage only (none injured),1,0,0,Single vehicle crash,V1: Travelling straight ahead,V1:Westbound ,V1: Collision with guardrail ,V1: Passenger car,Wet,Daylight,Rain,,SOLDIERS FIELD ROAD Rte UNKNOW W / NORTH HARVARD STREET,,,,,230992.3482,902048.2872
3981095,BOSTON,06-Nov-2014,5:00 PM,Non-fatal injury,1,1,0,"Sideswipe, same direction",V1: Turning left,V1:Not reported ,V1: Collision with pedestrian ,V1: Passenger car,Wet,Dark - lighted roadway,Rain,DEVONSHIRE STREET / FRANKLIN STREET,,,,,P2:Pedestrian,236467.6464,900647.3183
4021478,BOSTON,06-Nov-2014,5:05 PM,Non-fatal injury,1,1,0,Single vehicle crash,V1: Travelling straight ahead,V1:Not reported ,V1: Collision with pedestrian ,V1: Passenger car,Wet,Dark - roadway not lighted,Rain,,PROCTOR STREET / MASSACHUSETTS AVENUE,,,,P2:Pedestrian,235646.6257,897542.3183
3974573,BOSTON,06-Nov-2014,5:42 PM,Non-fatal injury,1,1,0,Not reported,V1: Travelling straight ahead,V1:Southbound ,V1: Collision with pedestrian ,"V1: Light truck(van, mini-van, panel, pickup, sport utility) with only four tires",Wet,Dark - lighted roadway,Rain,,LOVELL STREET / LOVELL STREET,,,,P2:Pedestrian,239335.8481,903340.6692
4003079,BOSTON (BRIGHTON),06-Nov-2014,8:08 PM,Not Reported,3,0,0,Rear-end,V1: Travelling straight ahead / V2:Not reported / V3:Not reported,V1:Not reported / V2:Not reported / V3:Not reported ,V1: Not reported / V2: Not reported / V3: Not reported ,V1: Passenger car / V2:Passenger car / V3:Passenger car,Wet,Dark - lighted roadway,Rain,WESTERN AVENUE / NORTH HARVARD STREET,,,,,,230498.9685,901476.9375
3973625,BOSTON,06-Nov-2014,10:37 PM,Property damage only (none injured),3,0,0,Rear-end,V1: Travelling straight ahead / V2:Slowing or stopped in traffic / V3:Slowing or stopped in traffic,V1:Southbound / V2:Southbound / V3:Southbound ,V1: Collision with motor vehicle in traffic / V2: Collision with motor vehicle in traffic / V3: Collision with motor vehicle in traffic ,V1: Passenger car / V2:Passenger car / V3:Passenger car,Wet,Dark - lighted roadway,Rain,,WILLIAM T MORRISSEY BOULEVARD / FREEPORT STREET,,,,,237161.0435,894613.1994
3975918,BOSTON,06-Nov-2014,11:51 PM,Non-fatal injury,1,1,0,Single vehicle crash,V1: Not reported,V1:Westbound ,V1: Collision with light pole or other post/support ,V1: Passenger car,Wet,Dark - lighted roadway,Rain,,WILLIAM T MORRISSEY BOULEVARD Rte UNKNOW S / CONLEY STREET,,,,,237314.5625,893607.5
3971811,BOSTON,07-Nov-2014,00:00 AM,Non-fatal injury,2,2,0,Rear-end,V1: Slowing or stopped in traffic / V2:Travelling straight ahead,V1:Southbound / V2:Southbound ,V1: Collision with motor vehicle in traffic / V2: Collision with motor vehicle in traffic ,"V1: Passenger car / V2:Light truck(van, mini-van, panel, pickup, sport utility) with only four tires",Wet,Dark - lighted roadway,Clear,,RAMP-RTS 93 SB/3 SB TO SB FRONTAGE RD/MA / RAMP-RT 93 SB/SB FRONTAGE RD TO MASS AVE,,,AT MASS AVE.,,235785.1803,898480.2355
3972046,BOSTON,07-Nov-2014,3:41 AM,Property damage only (none injured),1,0,0,Single vehicle crash,V1: Travelling straight ahead,V1:Eastbound ,V1: Other ,"V1: Light truck(van, mini-van, panel, pickup, sport utility) with only four tires",Dry,Dark - lighted roadway,Clear,,SOLDIERS FIELD ROAD Rte UNKNOW E / NORTH HARVARD STREET,,,,,230992.3482,902048.2872
3975851,BOSTON,07-Nov-2014,6:25 AM,Non-fatal injury,2,1,0,Rear-end,V1: Entering traffic lane / V2:Parked,V1:Northbound / V2:Northbound ,V1: Collision with motor vehicle in traffic / V2: Collision with motor vehicle in traffic ,"V1: Light truck(van, mini-van, panel, pickup, sport utility) with only four tires / V2:Passenger car",Dry,Daylight,Clear,,LOGAN AIRPORT TERMINAL C / AIRPORT ROAD-DEPARTURE LEVEL,,,,,239714.6869,901827.3576
3975168,BOSTON,07-Nov-2014,7:55 AM,Property damage only (none injured),2,0,0,Rear-end,V1: Travelling straight ahead / V2:Travelling straight ahead,V1:Westbound / V2:Westbound ,V1: Collision with motor vehicle in traffic / V2: Collision with motor vehicle in traffic ,"V1: Passenger car / V2:Light truck(van, mini-van, panel, pickup, sport utility) with only four tires",Dry,Daylight,Not Reported,,STORROW DRIVE Rte UNKNOW W,,,HATCH SHELL,,235176.6897,900826.525
4019754,BOSTON,07-Nov-2014,8:08 AM,Not Reported,2,0,0,Rear-end,V1: Not reported / V2:Not reported,V1:Not reported / V2:Not reported ,V1: Not reported / V2: Not reported ,"V1: Light truck(van, mini-van, panel, pickup, sport utility) with only four tires / V2:Light truck(van, mini-van, panel, pickup, sport utility) with only four tires",Dry,Daylight,Cloudy,TREMONT STREET / PRENTISS STREET,,,,,,233591.5002,898131.9375
3973089,BOSTON,07-Nov-2014,8:14 AM,Property damage only (none injured),2,0,0,Rear-end,V1: Travelling straight ahead / V2:Travelling straight ahead,V1:Eastbound / V2:Eastbound ,V1: Collision with motor vehicle in traffic / V2: Collision with motor vehicle in traffic ,V1: Passenger car / V2:Passenger car,Dry,Daylight,Clear,,Rte 90 E,Rte 90  E Milemarker 131.0,,COMMONWEALTH AVE,,231330.8595,900740.9169
3995313,BOSTON,07-Nov-2014,2:05 PM,Property damage only (none injured),2,0,0,Rear-end,V1: Turning left / V2:Parked,V1:Not reported / V2:Not reported ,V1: Collision with parked motor vehicle / V2: Collision with parked motor vehicle ,V1: Passenger car / V2:Passenger car,Wet,Dark - lighted roadway,Rain,,253 NORFOLK STREET,,,,,234547.895,892728.1952
3985711,BOSTON,07-Nov-2014,3:02 PM,Property damage only (none injured),1,0,0,Single vehicle crash,V1: Travelling straight ahead,V1:Westbound ,V1: Collision with overhead sign support ,"V1: Single-unit truck (2-axle, 6-tire)",Dry,Daylight,Clear,,RAMP-RTS 3/3A TO RT 28 SB / EMBANKMENT ROAD Rte 28 S,,,@ FIEDLER FOOTBRIDGE,,235276.4909,901429.8679
3980326,BOSTON,07-Nov-2014,3:40 PM,Non-fatal injury,2,1,0,"Sideswipe, same direction",V1: Changing lanes / V2:Travelling straight ahead,V1:Eastbound / V2:Northbound ,V1: Collision with motor vehicle in traffic / V2: Collision with motor vehicle in traffic ,"V1: Tractor/semi-trailer / V2:Light truck(van, mini-van, panel, pickup, sport utility) with only four tires",Dry,Daylight,Clear,,GENERAL CASIMIR PULASKI SKYWAY Rte 93 N / RAMP-RTS 93 NB/3 NB TO MORRISSEY BLVD,,,,,237265.9667,894466.0667
3973090,BOSTON,07-Nov-2014,4:20 PM,Property damage only (none injured),2,0,0,Rear-end,V1: Slowing or stopped in traffic / V2:Travelling straight ahead,V1:Northbound / V2:Northbound ,V1: Collision with motor vehicle in traffic / V2: Collision with motor vehicle in traffic ,"V1: Light truck(van, mini-van, panel, pickup, sport utility) with only four tires / V2:Passenger car",Dry,Daylight,Cloudy,,Rte 93 N / UNKNOWN,,Exit 23 on Rte 93 N,,,236957.4837,900943.9828
3971812,BOSTON,07-Nov-2014,4:41 PM,Property damage only (none injured),2,0,0,Rear-end,V1: Travelling straight ahead / V2:Slowing or stopped in traffic,V1:Eastbound / V2:Eastbound ,V1: Collision with motor vehicle in traffic / V2: Collision with motor vehicle in traffic ,V1: Passenger car / V2:Passenger car,Dry,Dusk,Cloudy,,MASSACHUSETTS TURNPIKE Rte 90 E / RAMP-RT 90 EB TO HAUL RD/CONGRESS ST,,,CONNECTOR TUNNEL,,236992.1707,899792.9882
4019755,BOSTON,07-Nov-2014,4:55 PM,Non-fatal injury,1,1,0,Not reported,V1: Unknown,V1:Westbound ,V1: Not reported ,V1: Passenger car,Not reported,Not reported,Not Reported,BINNEY STREET / LONGWOOD AVENUE,,,,,,232462.5157,898712.0627
4026331,BOSTON,07-Nov-2014,6:07 PM,Non-fatal injury,1,1,0,Head-on,V1: Not reported,V1:Not reported ,V1: Unknown non-collision ,V1: Passenger car,Dry,Dark - lighted roadway,Not Reported,TREMONT STREET / AVERY STREET,,,,,,235901.7031,900413.5626
4034506,BOSTON (ROSLINDALE),07-Nov-2014,10:28 PM,Not Reported,1,0,0,Not reported,V1: Not reported,V1:Southbound ,V1: Not reported ,V1: Passenger car,Not reported,Not reported,Not Reported,BUSSEY STREET / WALTER STREET,,,,,,230566.531,894068.3748
3972130,BOSTON,08-Nov-2014,00:00 AM,Property damage only (none injured),2,0,0,"Sideswipe, same direction",V1: Changing lanes / V2:Travelling straight ahead,V1:Northbound / V2:Northbound ,V1: Collision with motor vehicle in traffic / V2: Collision with motor vehicle in traffic ,V1: Passenger car / V2:Passenger car,Dry,Dark - lighted roadway,Clear,,Rte 93 N / UNKNOWN,,Exit 13 on Rte 93 N,,,237420.1414,894076.5227
3974642,BOSTON,08-Nov-2014,2:38 AM,Property damage only (none injured),2,0,0,"Sideswipe, same direction",V1: Travelling straight ahead / V2:Changing lanes,V1:Southbound / V2:Southbound ,V1: Collision with motor vehicle in traffic / V2: Collision with motor vehicle in traffic ,"V1: Light truck(van, mini-van, panel, pickup, sport utility) with only four tires / V2:Passenger car",Dry,Dark - lighted roadway,Clear,,Rte 93 S,,Exit 18 on Rte 93 S,,,236013.2783,899092.9981
3974582,BOSTON,08-Nov-2014,3:00 AM,Non-fatal injury,1,1,0,Single vehicle crash,V1: Travelling straight ahead,V1:Westbound ,V1: Collision with median barrier ,V1: Passenger car,Dry,Dark - lighted roadway,Not Reported,,GENERAL CASIMIR PULASKI SKYWAY Rte 93 S / COLUMBIA ROAD,,,OFF RAMP,,236787.0013,896862.7653
3994031,BOSTON (DORCHESTER),08-Nov-2014,7:33 AM,Non-fatal injury,2,1,0,Single vehicle crash,V1: Travelling straight ahead / V2:Turning left,V1:Not reported / V2:Not reported ,V1: Overturn/rollover / V2: Unknown ,V1: Motorcycle / V2:Passenger car,Dry,Daylight,Clear,NEPONSET AVENUE / TILESBORO STREET,,,,,,236952.0312,893833.0002
4019753,BOSTON (ROXBURY),08-Nov-2014,8:00 AM,Non-fatal injury,2,1,0,Not reported,V1: Travelling straight ahead / V2:Turning left,V1:Not reported / V2:Not reported ,V1: Collision with motor vehicle in traffic / V2: Collision with motor vehicle in traffic ,V1: Passenger car / V2:Passenger car,Not reported,Not reported,Not Reported,BLUE HILL AVENUE / DEVON STREET,,,,,,234496.3594,895679.2502