Crash Number,City/Town Name,Crash Date,Crash Time,Crash Severity,Number of Vehicles,Total Nonfatal Injuries,Total Fatal Injuries,Manner of Collision,Vehicle Action Prior to Crash,Vehicle Travel Directions,Most Harmful Events,Vehicle Configuration,Road Surface Condition,Ambient Light,Weather Condition,At Roadway Intersection,Distance from Nearest Roadway Intersection,Distance from Nearest Milemarker,Distance from Nearest Exit,Distance from Nearest Landmark,Non Motorist Type,X Coordinate,Y Coordinate
3994040,BOSTON (DORCHESTER),08-Nov-2014,9:11 AM,Non-fatal injury,1,2,0,Rear-end,V1: Not reported,V1:Not reported ,V1: Not reported ,V1: Passenger car,Dry,Daylight,Clear,FREEPORT STREET / DORCHESTER AVENUE,,,,,,236407.2345,895327.0623
3977133,BOSTON,08-Nov-2014,10:03 AM,Property damage only (none injured),2,0,0,Rear-end,V1: Slowing or stopped in traffic / V2:Travelling straight ahead,V1:Westbound / V2:Westbound ,V1: Collision with motor vehicle in traffic / V2: Collision with motor vehicle in traffic ,"V1: Passenger car / V2:Light truck(van, mini-van, panel, pickup, sport utility) with only four tires",Dry,Daylight,Clear,,NORTH BEACON STREET Rte UNKNOW / SOLDIERS FIELD ROAD,,,,,228076.4974,901010.8434
3980667,BOSTON,08-Nov-2014,11:18 AM,Property damage only (none injured),1,0,0,Single vehicle crash,V1: Other,V1:Eastbound ,V1: Collision with guardrail ,V1: Passenger car,Dry,Daylight,Clear,,RAMP-RT 90 EB TO RT 9 (STUART ST/HUNTING,,Exit 22 on Rte 90 W,,,234883.5997,899742.1908
3992813,BOSTON (DORCHESTER),08-Nov-2014,11:40 AM,Non-fatal injury,2,1,0,"Sideswipe, opposite direction",V1: Travelling straight ahead / V2:Turning left,V1:Northbound / V2:Southbound ,V1: Collision with motor vehicle in traffic / V2: Collision with moped ,V1: MOPED / V2:Passenger car,Dry,Dark - lighted roadway,Clear/Clear,,618 HARVARD STREET,,,,,233125.2596,892653.8654
3973134,BOSTON,08-Nov-2014,11:50 AM,Property damage only (none injured),3,0,0,Rear-end,V1: Slowing or stopped in traffic / V2:Travelling straight ahead / V3:Travelling straight ahead,V1:Northbound / V2:Northbound / V3:Northbound ,V1: Collision with motor vehicle in traffic / V2: Collision with motor vehicle in traffic / V3: Collision with motor vehicle in traffic ,"V1: Light truck(van, mini-van, panel, pickup, sport utility) with only four tires / V2:Passenger car / V3:Light truck(van, mini-van, panel, pickup, sport utility) with only four tires",Dry,Daylight,Clear,,Rte 93 N / UNKNOWN,,Exit 14 on Rte 93 N,,,237258.9796,894483.3974
3977596,BOSTON (ROXBURY),08-Nov-2014,1:37 PM,Non-fatal injury,2,1,0,Not reported,V1: Travelling straight ahead / V2:Changing lanes,V1:Not reported / V2:Not reported ,V1: Collision with motor vehicle in traffic / V2: Collision with motor vehicle in traffic ,"V1: Light truck(van, mini-van, panel, pickup, sport utility) with only four tires / V2:Passenger car",Dry,Daylight,Clear/Clear,COLUMBUS AVENUE / TREMONT STREET,,,,,,233428.1405,897959.5625
3973092,BOSTON,08-Nov-2014,2:00 PM,Property damage only (none injured),1,0,0,Single vehicle crash,V1: Travelling straight ahead,V1:Southbound ,V1: Collision with light pole or other post/support ,V1: Passenger car,Dry,Daylight,Clear,,,,,TAXI POOL LOGAN AIRPORT,,,
3971969,BOSTON,08-Nov-2014,3:35 PM,Property damage only (none injured),2,0,0,Angle,V1: Travelling straight ahead / V2:Travelling straight ahead,V1:Westbound / V2:Northbound ,V1: Collision with motor vehicle in traffic / V2: Collision with motor vehicle in traffic ,"V1: Light truck(van, mini-van, panel, pickup, sport utility) with only four tires / V2:Passenger car",Dry,Daylight,Clear,CHARLESGATE EAST / BEACON STREET,,,,,,233644.865,900055.8984
3972131,BOSTON,08-Nov-2014,4:10 PM,Property damage only (none injured),1,0,0,Single vehicle crash,V1: Travelling straight ahead,V1:Northbound ,V1: Collision with light pole or other post/support ,"V1: Light truck(van, mini-van, panel, pickup, sport utility) with only four tires",Dry,Daylight,Clear,,125 WILLIAM J DAY BOULEVARD,,,,,237150.2562,897013.3077
3973125,BOSTON,08-Nov-2014,6:32 PM,Property damage only (none injured),3,0,0,Rear-end,V1: Travelling straight ahead / V2:Travelling straight ahead / V3:Other,V1:Westbound / V2:Westbound / V3:Eastbound ,V1: Collision with motor vehicle in traffic / V2: Collision with motor vehicle in traffic / V3: Reported but invalid ,V1: Passenger car / V2:Passenger car / V3:Passenger car,Dry,Dark - lighted roadway,Clear,,SOLDIERS FIELD FRONTAGE ROAD WB / WESTERN AVENUE,,,MCHUGH  OVERPASS,,231481.2849,901584.9052
3994033,BOSTON (DORCHESTER),09-Nov-2014,1:38 AM,Not Reported,2,0,0,Rear-end,V1: Travelling straight ahead / V2:Travelling straight ahead,V1:Southbound / V2:Southbound ,V1: Not reported / V2: Not reported ,V1: Passenger car / V2:Passenger car,"Water (standing, moving)",Dark - lighted roadway,Cloudy/Cloudy,DORCHESTER AVENUE / HANCOCK STREET,,,,,,236415.7967,895386.25
3975913,BOSTON,09-Nov-2014,3:45 AM,Property damage only (none injured),1,0,0,Single vehicle crash,V1: Travelling straight ahead,V1:Northbound ,V1: Collision with tree ,"V1: Light truck(van, mini-van, panel, pickup, sport utility) with only four tires",Dry,Dark - lighted roadway,Clear,MONSIGNOR CASEY HIGHWAY Rte SR203 E / ARBORWAY / JAMES SHEA CIRCLE Rte SR203 E,,,,FOREST HILLS ROTARY,,232406.4373,894506.1875
3974643,BOSTON,09-Nov-2014,6:09 AM,Non-fatal injury,1,1,0,Single vehicle crash,V1: Travelling straight ahead,V1:Northbound ,V1: Collision with median barrier ,V1: Passenger car,Dry,Dark - lighted roadway,Clear,,Rte 93 N / UNKNOWN,,Exit 23 on Rte 93 N,,,236957.4837,900943.9828
3974909,BOSTON,09-Nov-2014,11:20 AM,Non-fatal injury,3,5,0,Angle,V1: Travelling straight ahead / V2:Changing lanes / V3:Travelling straight ahead,V1:Northbound / V2:Northbound / V3:Northbound ,V1: Other / V2: Other / V3: Other ,"V1: Single-unit truck (2-axle, 6-tire) / V2:Passenger car / V3:Light truck(van, mini-van, panel, pickup, sport utility) with only four tires",Dry,Daylight,Cloudy,,Rte 93 N,,Exit 23 on Rte 93,,,236957.4837,900943.9828
3975343,BOSTON,09-Nov-2014,12:35 PM,Property damage only (none injured),2,0,0,Angle,V1: Travelling straight ahead / V2:Travelling straight ahead,V1:Eastbound / V2:Northbound ,V1: Collision with motor vehicle in traffic / V2: Collision with motor vehicle in traffic ,"V1: Light truck(van, mini-van, panel, pickup, sport utility) with only four tires / V2:Passenger car",Dry,Daylight,Not Reported,,RIVERWAY / LONGWOOD AVENUE,,,,,232142.9084,898941.3686
3993597,BOSTON,09-Nov-2014,2:45 PM,Non-fatal injury,2,1,0,Not reported,V1: Turning left / V2:Travelling straight ahead,V1:Eastbound / V2:Westbound ,V1: Collision with motor vehicle in traffic / V2: Collision with motor vehicle in traffic ,"V1: Light truck(van, mini-van, panel, pickup, sport utility) with only four tires / V2:Passenger car",Not reported,Not reported,Not Reported,WALDECK STREET / LINDSEY STREET,,,,,,235765.1092,894282.6247
3994037,BOSTON (DORCHESTER),09-Nov-2014,6:00 PM,Not Reported,2,0,0,Not reported,V1: Travelling straight ahead / V2:Travelling straight ahead,V1:Not reported / V2:Not reported ,V1: Not reported / V2: Not reported ,"V1: Passenger car / V2:Light truck(van, mini-van, panel, pickup, sport utility) with only four tires",Not reported,Not reported,Not Reported,GRANITE AVENUE / MILTON STREET,,,,,,236730.1094,892303.1252
3993598,BOSTON (DORCHESTER),09-Nov-2014,6:13 PM,Not Reported,2,0,0,Rear-end,V1: Slowing or stopped in traffic / V2:Travelling straight ahead,V1:Southbound / V2:Southbound ,V1: Not reported / V2: Not reported ,"V1: Passenger car / V2:Light truck(van, mini-van, panel, pickup, sport utility) with only four tires",Dry,Dark - lighted roadway,Cloudy/Cloudy,WILLIAM T MORRISSEY BOULEVARD / FREEPORT STREET,,,,,,237175.7655,894558.6875
3976286,BOSTON,09-Nov-2014,9:05 PM,Property damage only (none injured),1,0,0,Rear-end,V1: Backing,V1:Southbound ,V1: Other ,"V1: Single-unit truck (2-axle, 6-tire)",Dry,Dark - roadway not lighted,Clear,,NORTHERN AVENUE / COURT HOUSE WAY,,,,,237461.1396,900342.8133
3973135,BOSTON,10-Nov-2014,7:30 AM,Property damage only (none injured),4,0,0,Rear-end,V1: Slowing or stopped in traffic / V2:Slowing or stopped in traffic / V3:Slowing or stopped in traffic / V4:Travelling straight ahead,V1:Northbound / V2:Northbound / V3:Northbound / V4:Northbound ,V1: Collision with motor vehicle in traffic / V2: Collision with motor vehicle in traffic / V3: Collision with motor vehicle in traffic / V4: Collision with motor vehicle in traffic ,"V1: Light truck(van, mini-van, panel, pickup, sport utility) with only four tires / V2:Passenger car / V3:Passenger car / V4:Passenger car",Dry,Daylight,Clear,,Rte 93 N / UNKNOWN,,Exit 13 on Rte 93 N,,,237420.1414,894076.5227
3975162,BOSTON,10-Nov-2014,8:05 AM,Property damage only (none injured),2,0,0,"Sideswipe, same direction",V1: Travelling straight ahead / V2:Travelling straight ahead,V1:Northbound / V2:Northbound ,V1: Collision with motor vehicle in traffic / V2: Collision with motor vehicle in traffic ,"V1: Light truck(van, mini-van, panel, pickup, sport utility) with only four tires / V2:Passenger car",Dry,Daylight,Clear,,Rte 93 N,,Exit 26 on Rte 93 N,,,236402.7433,901600.0342
3994048,BOSTON (DORCHESTER),10-Nov-2014,8:25 AM,Property damage only (none injured),2,0,0,Not reported,V1: Travelling straight ahead / V2:Slowing or stopped in traffic,V1:Not reported / V2:Not reported ,V1: Collision with motor vehicle in traffic / V2: Other ,V1: Passenger car / V2:Passenger car,Not reported,Not reported,Not Reported,DRAPER STREET / HOMES AVENUE,,,,,,235901.4533,894928.8123
3974644,BOSTON,10-Nov-2014,10:01 AM,Non-fatal injury,2,1,0,Rear-end,V1: Travelling straight ahead / V2:Slowing or stopped in traffic,V1:Southbound / V2:Southbound ,V1: Collision with motor vehicle in traffic / V2: Collision with motor vehicle in traffic ,"V1: Light truck(van, mini-van, panel, pickup, sport utility) with only four tires / V2:Passenger car",Dry,Daylight,Clear,,LEVERETT CONNECTOR SOUTH,,Exit 26 on Rte 93 S,,,,
3975933,BOSTON,10-Nov-2014,1:20 PM,Non-fatal injury,2,1,0,Angle,V1: Slowing or stopped in traffic / V2:Travelling straight ahead,V1:Northbound / V2:Eastbound ,V1: Collision with motor vehicle in traffic / V2: Collision with motor vehicle in traffic ,V1: Passenger car / V2:Passenger car,Dry,Daylight,Clear,,MORTON STREET Rte UNKNOW / HARVARD STREET,,,,,233493.5311,893100.9999
3973136,BOSTON,10-Nov-2014,1:20 PM,Property damage only (none injured),3,0,0,Rear-end,V1: Slowing or stopped in traffic / V2:Slowing or stopped in traffic / V3:Travelling straight ahead,V1:Northbound / V2:Northbound / V3:Northbound ,V1: Collision with motor vehicle in traffic / V2: Collision with motor vehicle in traffic / V3: Collision with motor vehicle in traffic ,V1: Passenger car / V2:Passenger car / V3:Passenger car,Dry,Daylight,Clear,,Rte 93 N / UNKNOWN,,Exit 11 on Rte 93 N,,,237094.7253,891674.8051
4026449,BOSTON (DORCHESTER),10-Nov-2014,2:02 PM,Unknown,2,0,0,Not reported,V1: Travelling straight ahead / V2:Not reported,V1:Not reported / V2:Not reported ,V1: Overturn/rollover / V2: Not reported ,V1: Passenger car / V2:Not reported,Not reported,Not reported,Not Reported,,63 WASHINGTON STREET,,,,,236427.3556,901019.4767
3974645,BOSTON,10-Nov-2014,3:10 PM,Property damage only (none injured),2,0,0,Rear-end,V1: Travelling straight ahead / V2:Slowing or stopped in traffic,V1:Northbound / V2:Northbound ,V1: Collision with motor vehicle in traffic / V2: Collision with motor vehicle in traffic ,V1: Passenger car / V2:Passenger car,Dry,Daylight,Clear,MASSACHUSETTS AVENUE CONNECTOR / MASSACHUSETTS AVENUE CONNECTOR / FRONTAGE ROAD,,,,,,235865.0173,898419.1854
4020481,BOSTON (ROXBURY),10-Nov-2014,4:17 PM,Non-fatal injury,1,1,0,Angle,V1: Travelling straight ahead,V1:Eastbound ,"V1: Collision with cyclist (bicycle, tricycle, unicycle, pedal car) ","V1: Light truck(van, mini-van, panel, pickup, sport utility) with only four tires",Dry,Daylight,Clear/Clear,DUDLEY STREET / BLUE HILL AVENUE,,,,,"P2:Pedalcyclist (bicycle, tricycle, unicycle, pedal car)",235033.3926,897292.2319
4041968,BOSTON,10-Nov-2014,6:00 PM,Non-fatal injury,3,2,0,Rear-end,V1: Slowing or stopped in traffic / V2:Slowing or stopped in traffic / V3:Travelling straight ahead,V1:Northbound / V2:Northbound / V3:Northbound ,V1: Collision with motor vehicle in traffic / V2: Unknown / V3: Not reported ,"V1: Passenger car / V2:Passenger car / V3:Light truck(van, mini-van, panel, pickup, sport utility) with only four tires",Dry,Dark - lighted roadway,Clear,,ALFORD STREET Rte 99 N,,,,,235587.9969,904903.6665
3975395,BOSTON (DORCHESTER),11-Nov-2014,5:47 AM,Non-fatal injury,2,2,0,Angle,V1: Travelling straight ahead / V2:Turning left,V1:Northbound / V2:Eastbound ,V1: Collision with motor vehicle in traffic / V2: Not reported ,V1: Single-unit truck (3-or-more axles) / V2:Passenger car,Dry,Dawn,Clear,BOWDOIN STREET / QUINCY STREET,,,,,,235861.8905,895379.9375
4031796,BOSTON (HYDE PARK),11-Nov-2014,7:00 AM,Not Reported,1,0,0,Single vehicle crash,V1: Turning right,V1:Not reported ,V1: Collision with pedestrian ,"V1: Light truck(van, mini-van, panel, pickup, sport utility) with only four tires",Dry,Daylight,Clear/Clear,ARBORWAY / WASHINGTON STREET,,,,,,231970.1181,894643.7727
3973137,BOSTON,11-Nov-2014,8:38 AM,Non-fatal injury,4,1,0,Rear-end,V1: Slowing or stopped in traffic / V2:Slowing or stopped in traffic / V3:Slowing or stopped in traffic / V4:Travelling straight ahead,V1:Northbound / V2:Northbound / V3:Northbound / V4:Northbound ,V1: Collision with motor vehicle in traffic / V2: Collision with motor vehicle in traffic / V3: Collision with motor vehicle in traffic / V4: Collision with motor vehicle in traffic ,"V1: Passenger car / V2:Light truck(van, mini-van, panel, pickup, sport utility) with only four tires / V3:Passenger car / V4:Passenger car",Dry,Daylight,Clear,,Rte 93 N / UNKNOWN,,Exit 15 on Rte 93 N,,,236972.2496,896473.4282
4027058,BOSTON (CHARLESTOWN),11-Nov-2014,9:12 AM,Not Reported,2,0,0,Not reported,V1: Parked / V2:Turning left,V1:Not reported / V2:Not reported ,V1: Collision with parked motor vehicle / V2: Not reported ,"V1: Passenger car / V2:Unknown heavy truck, cannot classify",Not reported,Not reported,Not Reported,,10 MONUMENT SQUARE,,,,,236245.9958,902958.9479
3974035,BOSTON,11-Nov-2014,10:10 AM,Non-fatal injury,2,1,0,Rear-end,V1: Slowing or stopped in traffic / V2:Slowing or stopped in traffic,V1:Northbound / V2:Northbound ,V1: Collision with motor vehicle in traffic / V2: Collision with motor vehicle in traffic ,"V1: Light truck(van, mini-van, panel, pickup, sport utility) with only four tires / V2:Light truck(van, mini-van, panel, pickup, sport utility) with only four tires",Dry,Daylight,Clear,,Rte 93 N,,Exit 14 on Rte 93 N,,,237258.9796,894483.3974
3976587,BOSTON,11-Nov-2014,10:55 AM,Property damage only (none injured),2,0,0,Rear-end,V1: Travelling straight ahead / V2:Travelling straight ahead,V1:Southbound / V2:Northbound ,V1: Collision with motor vehicle in traffic / V2: Collision with motor vehicle in traffic ,"V1: Passenger car / V2:Light truck(van, mini-van, panel, pickup, sport utility) with only four tires",Dry,Daylight,Clear,,LEVERETT CONNECTOR SOUTH,,Exit 26 on Rte 93 S,,,234786.4307,903452.9072
3975344,BOSTON,11-Nov-2014,1:40 PM,Non-fatal injury,2,1,0,Rear-end,V1: Slowing or stopped in traffic / V2:Travelling straight ahead,V1:Northbound / V2:Northbound ,V1: Collision with motor vehicle in traffic / V2: Collision with motor vehicle in traffic ,"V1: Passenger car / V2:Light truck(van, mini-van, panel, pickup, sport utility) with only four tires",Dry,Daylight,Clear,,RIVERWAY / JAMAICAWAY,,,,,231901.0309,897993.2632
4031791,BOSTON (ROXBURY),11-Nov-2014,5:18 PM,Not Reported,2,0,0,Angle,V1: Not reported / V2:Not reported,V1:Not reported / V2:Not reported ,V1: Not reported / V2: Not reported ,V1: Passenger car / V2:Passenger car,Dry,Dark - lighted roadway,Clear,,COLUMBUS AVENUE,,,,,,
3981107,BOSTON,11-Nov-2014,5:50 PM,Non-fatal injury,1,1,0,Rear-end,V1: Backing,V1:Not reported ,V1: Collision with pedestrian ,"V1: Light truck(van, mini-van, panel, pickup, sport utility) with only four tires",Dry,Dark - lighted roadway,Clear,,30 FEDERAL STREET,,,,P2:Pedestrian,236521.693,900724.9101
3994103,BOSTON (DORCHESTER),11-Nov-2014,7:02 PM,Not Reported,2,0,0,Head-on,V1: Travelling straight ahead / V2:Turning left,V1:Eastbound / V2:Westbound ,V1: Not reported / V2: Not reported ,V1: Passenger car / V2:Passenger car,Dry,Dark - lighted roadway,Cloudy/Cloudy,NEPONSET AVENUE / ASHMONT STREET,,,,,,237242.0623,893385.3125
3976511,BOSTON,11-Nov-2014,8:35 PM,Non-fatal injury,1,1,0,Single vehicle crash,V1: Travelling straight ahead,V1:Eastbound ,V1: Collision with motor vehicle in traffic ,V1: MOPED,Dry,Dark - lighted roadway,Not Reported,,STORROW DRIVE / DAVID G MUGAR WAY,,,,,235214.6816,900915.4701
3994092,BOSTON (DORCHESTER),11-Nov-2014,10:05 PM,Not Reported,2,0,0,Not reported,V1: Turning left / V2:Travelling straight ahead,V1:Not reported / V2:Not reported ,V1: Not reported / V2: Not reported ,V1: Passenger car / V2:MOPED,Not reported,Not reported,Not Reported,WASHINGTON STREET / BAILEY STREET,,,,,,235351.872,892598.2707
3976588,BOSTON,12-Nov-2014,2:35 AM,Property damage only (none injured),1,0,0,Single vehicle crash,V1: Travelling straight ahead,V1:Northbound ,V1: Collision with median barrier ,V1: Passenger car,Dry,Dark - lighted roadway,Not Reported,,Rte 93 N / UNKNOWN,,Exit 27 on Rte 93 N,,,235655.07,902467.5364
3984163,BOSTON (DORCHESTER),12-Nov-2014,7:00 AM,Non-fatal injury,2,2,0,Not reported,V1: Travelling straight ahead / V2:Turning left,V1:Northbound / V2:Westbound ,V1: Collision with motor vehicle in traffic / V2: Collision with motor vehicle in traffic ,V1: Passenger car / V2:Passenger car,Not reported,Not reported,Not Reported,MINOT STREET / NEPONSET AVENUE,,,,,,237596.2188,892987
3974036,BOSTON,12-Nov-2014,8:20 AM,Non-fatal injury,1,1,0,Single vehicle crash,V1: Turning left,V1:Southbound ,V1: Collision with guardrail ,V1: Passenger car,Dry,Daylight,Cloudy,,OLD COLONY AVENUE,,,JFK MBTA STATION,,236936.6103,896846.94
3976517,BOSTON,12-Nov-2014,9:30 AM,Property damage only (none injured),2,0,0,Angle,V1: Turning left / V2:Travelling straight ahead,V1:Westbound / V2:Southbound ,V1: Collision with motor vehicle in traffic / V2: Collision with motor vehicle in traffic ,V1: Passenger car / V2:Passenger car,Dry,Daylight,Clear,WILLIAM T MORRISSEY BOULEVARD / FREEPORT STREET,,,,,,237149.8439,894580.3748
3976952,BOSTON,12-Nov-2014,9:50 AM,Property damage only (none injured),2,0,0,Rear-end,V1: Slowing or stopped in traffic / V2:Slowing or stopped in traffic,V1:Eastbound / V2:Eastbound ,V1: Collision with motor vehicle in traffic / V2: Collision with motor vehicle in traffic ,V1: Passenger car / V2:Truck/trailer,Dry,Daylight,"Fog, smog, smoke",,OLD COLONY AVENUE,,,JFK MBTA STATION,,236551.3551,898590.186
3976308,BOSTON,12-Nov-2014,10:28 AM,Property damage only (none injured),2,0,0,Angle,V1: Slowing or stopped in traffic / V2:Travelling straight ahead,V1:Northbound / V2:Northbound ,V1: Collision with motor vehicle in traffic / V2: Collision with motor vehicle in traffic ,"V1: Light truck(van, mini-van, panel, pickup, sport utility) with only four tires / V2:Light truck(van, mini-van, panel, pickup, sport utility) with only four tires",Dry,Daylight,Cloudy,,MORTON STREET Rte 203 E / HARVARD STREET,,,,,233493.5311,893100.9999
4020079,BOSTON,12-Nov-2014,3:50 PM,Not Reported,1,0,0,Single vehicle crash,V1: Turning left,V1:Not reported ,V1: Collision with pedestrian ,"V1: Light truck(van, mini-van, panel, pickup, sport utility) with only four tires",Dry,Daylight,Cloudy,DUDLEY STREET / EAST COTTAGE STREET,,,,,P2:Pedestrian,235262.9841,896851.8751
3973127,BOSTON,12-Nov-2014,3:56 PM,Property damage only (none injured),2,0,0,Angle,V1: Changing lanes / V2:Travelling straight ahead,V1:Eastbound / V2:Eastbound ,V1: Collision with motor vehicle in traffic / V2: Collision with motor vehicle in traffic ,"V1: Passenger car / V2:Light truck(van, mini-van, panel, pickup, sport utility) with only four tires",Dry,Daylight,Clear,,MASSACHUSETTS TURNPIKE Rte UNKNOW / CAMBRIDGE STREET,,,,,230416.9923,900714.4428
4007115,BOSTON,12-Nov-2014,5:10 PM,Non-fatal injury,2,1,0,"Sideswipe, opposite direction",V1: Travelling straight ahead / V2:Travelling straight ahead,V1:Northbound / V2:Southbound ,V1: Collision with motor vehicle in traffic / V2: Collision with motor vehicle in traffic ,"V1: Light truck(van, mini-van, panel, pickup, sport utility) with only four tires / V2:Light truck(van, mini-van, panel, pickup, sport utility) with only four tires",Wet,Dark - lighted roadway,Cloudy/Rain,,JAMAICAWAY Rte UNKNOW / WILLOW POND ROAD,,,,,231761.9221,897172.3749
3974427,BOSTON,12-Nov-2014,6:35 PM,Property damage only (none injured),2,0,0,Angle,V1: Turning left / V2:Travelling straight ahead,V1:Southbound / V2:Southbound ,V1: Collision with motor vehicle in traffic / V2: Collision with motor vehicle in traffic ,"V1: Passenger car / V2:Light truck(van, mini-van, panel, pickup, sport utility) with only four tires",Dry,Dark - lighted roadway,Cloudy,,GALLIVAN BOULEVARD,,,NEPONSET CIRCLE,,237731.8737,892907.403
3982176,BOSTON,12-Nov-2014,10:40 PM,Non-fatal injury,1,1,0,Single vehicle crash,V1: Travelling straight ahead,V1:Eastbound ,V1: Collision with guardrail ,V1: Passenger car,Dry,Dark - lighted roadway,Clear,,STORROW DRIVE Rte 28 N / EMBANKMENT ROAD Rte 28 N,,,WEST OF THE LONGFELLOW BRIDGE,,235254.4747,901142.3998
3977872,BOSTON,13-Nov-2014,1:14 AM,Property damage only (none injured),1,0,0,Single vehicle crash,V1: Travelling straight ahead,V1:Southbound ,V1: Collision with animal - deer ,"V1: Light truck(van, mini-van, panel, pickup, sport utility) with only four tires",Dry,Dark - lighted roadway,Clear,,VETERANS OF FOREIGN WARS PARKWAY,,,WEST ROXBURY HIGH SCHOOL,,227145.0052,892338.8355
3976281,BOSTON,13-Nov-2014,7:07 AM,Property damage only (none injured),2,0,0,Rear-end,V1: Slowing or stopped in traffic / V2:Travelling straight ahead,V1:Southbound / V2:Southbound ,V1: Collision with motor vehicle in traffic / V2: Collision with motor vehicle in traffic ,"V1: Light truck(van, mini-van, panel, pickup, sport utility) with only four tires / V2:Passenger car",Not reported,Daylight,Clear,,SOUTHBOUND FRONTAGE ROAD / RAMP-RT 93 SB/SB FRONTAGE RD TO MASS AVE,,,MASS AVE CONNECTOR,,235775.8716,898464.283
3975836,BOSTON,13-Nov-2014,7:25 AM,Property damage only (none injured),3,0,0,Rear-end,V1: Slowing or stopped in traffic / V2:Slowing or stopped in traffic / V3:Travelling straight ahead,V1:Northbound / V2:Northbound / V3:Northbound ,V1: Collision with motor vehicle in traffic / V2: Collision with motor vehicle in traffic / V3: Collision with motor vehicle in traffic ,V1: Passenger car / V2:Passenger car / V3:Passenger car,Dry,Daylight,Clear,,JOHN F FITZGERALD EXPRESSWAY Rte 93 N / RAMP-BROADWAY TO RTS 93 NB/3 NB,,,ENTERING TUNNEL,,236459.2298,899879.3848
4020109,BOSTON,13-Nov-2014,9:35 AM,Not Reported,1,0,0,Single vehicle crash,V1: Turning left,V1:Not reported ,V1: Not reported ,V1: Passenger car,Dry,Daylight,Cloudy,MARCELLA STREET / WASHINGTON STREET,,,,,,233537.1089,896781.3721
3977612,BOSTON (DORCHESTER),13-Nov-2014,10:30 AM,Property damage only (none injured),2,0,0,"Sideswipe, same direction",V1: Travelling straight ahead / V2:Turning right,V1:Not reported / V2:Not reported ,V1: Collision with motor vehicle in traffic / V2: Collision with motor vehicle in traffic ,V1: Passenger car / V2:Truck/trailer,Dry,Daylight,Clear,COLUMBIA ROAD / HANCOCK STREET,,,,,,235748.0985,896243.9759
3977610,BOSTON (ROXBURY),13-Nov-2014,2:00 PM,Not Reported,3,0,0,Not reported,V1: Parked / V2:Parked / V3:Not reported,V1:Not reported / V2:Not reported / V3:Not reported ,V1: Not reported / V2: Not reported / V3: Not reported ,"V1: Light truck(van, mini-van, panel, pickup, sport utility) with only four tires / V2:Light truck(van, mini-van, panel, pickup, sport utility) with only four tires / V3:Single-unit truck (3-or-more axles)",Not reported,Not reported,Not Reported,WASHINGTON STREET / BARTLETT STREET,,,,,,234040.3123,897559.3751
3994078,BOSTON (DORCHESTER),13-Nov-2014,3:37 PM,Non-fatal injury,2,1,0,Single vehicle crash,V1: Travelling straight ahead / V2:Parked,V1:Not reported / V2:Not reported ,V1: Collision with utility pole / V2: Collision with parked motor vehicle ,V1: Passenger car / V2:Passenger car,Dry,Daylight,Clear/Clear,DORCHESTER AVENUE / ADAMS STREET,,,,,,236297.1561,894655.5625
4041522,BOSTON,13-Nov-2014,5:12 PM,Non-fatal injury,2,4,0,Angle,V1: Turning left / V2:Travelling straight ahead,V1:Not reported / V2:Not reported ,V1: Collision with animal - other / V2: Collision with motor vehicle in traffic ,"V1: Passenger car / V2:Light truck(van, mini-van, panel, pickup, sport utility) with only four tires",Dry,Dark - lighted roadway,Clear,COLUMBUS AVENUE / HEATH STREET,,,,,,233100.8312,897238.0956
3975837,BOSTON,13-Nov-2014,6:10 PM,Property damage only (none injured),3,0,0,Rear-end,V1: Slowing or stopped in traffic / V2:Slowing or stopped in traffic / V3:Travelling straight ahead,V1:Eastbound / V2:Eastbound / V3:Eastbound ,V1: Collision with motor vehicle in traffic / V2: Collision with motor vehicle in traffic / V3: Collision with motor vehicle in traffic ,"V1: Passenger car / V2:Passenger car / V3:Light truck(van, mini-van, panel, pickup, sport utility) with only four tires",Wet,Dark - lighted roadway,Cloudy,,Rte 90 E / UNKNOWN,,Exit 24 on Rte 90 E,,,236020.7529,899669.4659
3995310,BOSTON (DORCHESTER),13-Nov-2014,9:00 PM,Non-fatal injury,2,4,0,Angle,V1: Travelling straight ahead / V2:Turning left,V1:Northbound / V2:Eastbound ,V1: Not reported / V2: Not reported ,V1: Passenger car / V2:Passenger car,Wet,Dark - lighted roadway,Rain,BLUE HILL AVENUE / GLENWAY STREET,,,,,,234172.0698,894682.4281
3974088,BOSTON,13-Nov-2014,9:52 PM,Property damage only (none injured),1,0,0,Single vehicle crash,V1: Travelling straight ahead,V1:Eastbound ,V1: Collision with median barrier ,V1: Passenger car,Wet,Dark - lighted roadway,Rain,,Rte 90 E,Rte 90  E Milemarker 130.0,,,,229761.494,900823.9692