Crash Number,City/Town Name,Crash Date,Crash Time,Crash Severity,Number of Vehicles,Total Nonfatal Injuries,Total Fatal Injuries,Manner of Collision,Vehicle Action Prior to Crash,Vehicle Travel Directions,Most Harmful Events,Vehicle Configuration,Road Surface Condition,Ambient Light,Weather Condition,At Roadway Intersection,Distance from Nearest Roadway Intersection,Distance from Nearest Milemarker,Distance from Nearest Exit,Distance from Nearest Landmark,Non Motorist Type,X Coordinate,Y Coordinate
4028134,BOSTON (HYDE PARK),17-Nov-2014,8:13 PM,Non-fatal injury,2,5,0,Angle,V1: Entering traffic lane / V2:Travelling straight ahead,V1:Southbound / V2:Southbound ,V1: Collision with motor vehicle in traffic / V2: Collision with motor vehicle in traffic ,V1: Passenger car / V2:Passenger car,Wet,Dark - lighted roadway,Rain,,961 HYDE PARK AVENUE,,,,,231270.145,890778.282
3976590,BOSTON,17-Nov-2014,8:20 PM,Property damage only (none injured),1,0,0,Single vehicle crash,V1: Turning right,V1:Westbound ,V1: Collision with median barrier ,"V1: Light truck(van, mini-van, panel, pickup, sport utility) with only four tires",Dry,Dark - lighted roadway,Clear,RAMP-RT 90 EB TO RTS 93 NB/3 NB / RAMP-RTS 90 WB/1A SB TO RTS 93 NB/3 NB / RAMP-RTS 90/1A SB TO RTS 93 NB/3 NB,,,Exit 25 RAM on Rte 90 W,,,236547.9413,900082.3841
3975848,BOSTON,17-Nov-2014,8:41 PM,Non-fatal injury,1,2,0,Single vehicle crash,V1: Travelling straight ahead,V1:Southbound ,V1: Collision with median barrier ,V1: Passenger car,Wet,Dark - lighted roadway,Clear,,Rte 93 S / UNKNOWN,,Exit 20 on Rte 93 S,,,236954.209,900826.9442
3979999,BOSTON,17-Nov-2014,11:28 PM,Non-fatal injury,3,1,0,Head-on,V1: Turning left / V2:Travelling straight ahead / V3:Travelling straight ahead,V1:Southbound / V2:Southbound / V3:Southbound ,V1: Collision with motor vehicle in traffic / V2: Collision with motor vehicle in traffic / V3: Other ,V1: Passenger car / V2:Passenger car / V3:Passenger car,Wet,Dark - lighted roadway,Rain,,JAMAICAWAY Rte UNKNOW / PERKINS STREET,,,,,231606.1562,896796.9999
3983216,BOSTON,18-Nov-2014,7:28 AM,Property damage only (none injured),2,0,0,Angle,V1: Turning left / V2:Travelling straight ahead,V1:Northbound / V2:Eastbound ,V1: Collision with motor vehicle in traffic / V2: Collision with motor vehicle in traffic ,V1: Passenger car / V2:Passenger car,Dry,Daylight,Clear,NEPONSET AVENUE / GALLIVAN BOULEVARD,,,,,,237735.2263,892889.9254
3975849,BOSTON,18-Nov-2014,8:08 AM,Property damage only (none injured),2,0,0,Rear-end,V1: Slowing or stopped in traffic / V2:Travelling straight ahead,V1:Northbound / V2:Northbound ,V1: Collision with motor vehicle in traffic / V2: Collision with motor vehicle in traffic ,V1: Passenger car / V2:Passenger car,Dry,Daylight,Clear,,JOHN F FITZGERALD EXPRESSWAY Rte 93 N / RAMP-RTS 90/1A SB TO RTS 93 NB/3 NB,,,SOUTH OF RAMP D,,236577.908,900197.1218
3975163,BOSTON,18-Nov-2014,12:19 PM,Property damage only (none injured),1,0,0,Single vehicle crash,V1: Travelling straight ahead,V1:Southbound ,V1: Collision with median barrier ,V1: Passenger car,Dry,Daylight,Clear,,,,,RENTAL CAR PARKING LOT,,,
3976957,BOSTON,18-Nov-2014,2:12 PM,Property damage only (none injured),3,0,0,Rear-end,V1: Slowing or stopped in traffic / V2:Slowing or stopped in traffic / V3:Travelling straight ahead,V1:Southbound / V2:Southbound / V3:Southbound ,V1: Collision with motor vehicle in traffic / V2: Collision with motor vehicle in traffic / V3: Collision with motor vehicle in traffic ,"V1: Passenger car / V2:Light truck(van, mini-van, panel, pickup, sport utility) with only four tires / V3:Light truck(van, mini-van, panel, pickup, sport utility) with only four tires",Dry,Daylight,Clear/Cloudy,,Rte 93,,Exit 12 on Rte 93,,,237620.5493,892713.0989
3975825,BOSTON,18-Nov-2014,3:14 PM,Property damage only (none injured),2,0,0,"Sideswipe, same direction",V1: Travelling straight ahead / V2:Changing lanes,V1:Westbound / V2:Westbound ,V1: Collision with motor vehicle in traffic / V2: Collision with motor vehicle in traffic ,"V1: Passenger car / V2:Light truck(van, mini-van, panel, pickup, sport utility) with only four tires",Dry,Daylight,Cloudy,,MASSACHUSETTS TURNPIKE Rte 90 W / MASSACHUSETTS TURNPIKE Rte 90 W,,,I/C 18,,231185.6203,900841.1227
4020121,BOSTON (ROXBURY),18-Nov-2014,4:23 PM,Property damage only (none injured),1,0,0,Angle,V1: Travelling straight ahead,V1:Eastbound ,V1: Not reported ,V1: Passenger car,Dry,Dark - lighted roadway,Clear,,24 SEAVER STREET / WALNUT STREET,,,,,233495.8326,895843.7854
3975329,BOSTON,18-Nov-2014,4:39 PM,Property damage only (none injured),2,0,0,Rear-end,V1: Slowing or stopped in traffic / V2:Travelling straight ahead,V1:Eastbound / V2:Eastbound ,V1: Collision with motor vehicle in traffic / V2: Collision with motor vehicle in traffic ,"V1: Light truck(van, mini-van, panel, pickup, sport utility) with only four tires / V2:Passenger car",Dry,Dusk,Clear,,MORTON STREET,,,,,,
3977436,BOSTON,18-Nov-2014,6:00 PM,Property damage only (none injured),2,0,0,"Sideswipe, same direction",V1: Changing lanes / V2:Turning right,V1:Southbound / V2:Southbound ,V1: Collision with motor vehicle in traffic / V2: Collision with motor vehicle in traffic ,V1: Passenger car / V2:Passenger car,Dry,Dark - lighted roadway,Clear,NONANTUM ROAD / NORTH BEACON STREET Rte US20 E,,,,NORTH BEACON STREET BRIDGE S/B N,,227936.2288,900959.4672
3984182,BOSTON (DORCHESTER),18-Nov-2014,6:06 PM,Not Reported,2,0,0,Angle,V1: Travelling straight ahead / V2:Parked,V1:Not reported / V2:Not reported ,V1: Unknown / V2: Not reported ,V1: Passenger car / V2:Passenger car,Dry,Dark - lighted roadway,Clear,,1735 DORCHESTER AVENUE,,,,,236050.8912,893475.2687
3976545,BOSTON,19-Nov-2014,1:11 AM,Property damage only (none injured),1,0,0,Single vehicle crash,V1: Travelling straight ahead,V1:Southbound ,V1: Collision with median barrier ,"V1: Light truck(van, mini-van, panel, pickup, sport utility) with only four tires",Dry,Dark - lighted roadway,Clear,JOHN F FITZGERALD EXPRESSWAY Rte I93 S / RAMP-RTS 93 SB/3 SB TO COLUMBIA RD,,,,,,236629.6248,897168.4999
4034559,BOSTON (DORCHESTER),19-Nov-2014,2:50 AM,Non-fatal injury,1,1,0,Single vehicle crash,V1: Unknown,V1:Not reported ,V1: Collision with tree ,V1: Passenger car,Dry,Dark - lighted roadway,Clear,AMERICAN LEGION HIGHWAY / RAMP-RT 203 EB TO/FROM AMERICAN LEGION H,,,,,,233201.9235,893498.9606
3976283,BOSTON,19-Nov-2014,7:50 AM,Property damage only (none injured),2,0,0,Angle,V1: Travelling straight ahead / V2:Travelling straight ahead,V1:Eastbound / V2:Westbound ,V1: Collision with motor vehicle in traffic / V2: Collision with motor vehicle in traffic ,V1: Passenger car / V2:Single-unit truck (3-or-more axles),Dry,Daylight,Clear,HAUL ROAD / RAMP-RT 90 EB TO HAUL RD / RAMP-HAUL RD NB TO RTS 90 EB/1A NB,,,,,,237364.203,899804.2498
3975852,BOSTON,19-Nov-2014,9:34 AM,Property damage only (none injured),2,0,0,Angle,V1: Travelling straight ahead / V2:Turning left,V1:Northbound / V2:Eastbound ,V1: Collision with motor vehicle in traffic / V2: Collision with motor vehicle in traffic ,V1: Passenger car / V2:Passenger car,Dry,Daylight,Clear,LOGAN AIRPORT TERMINAL B / LOGAN AIRPORT TERMINAL B,,,,,,239599.9846,901641.4999
4021492,BOSTON,19-Nov-2014,2:53 PM,Property damage only (none injured),1,0,0,Single vehicle crash,V1: Travelling straight ahead,V1:Northbound ,V1: Collision with pedestrian ,V1: Passenger car,Dry,Daylight,Cloudy,MASSACHUSETTS AVENUE / SHAWMUT AVENUE,,,,,P2:Pedestrian,234776.2344,898629.9374
3987221,BOSTON,19-Nov-2014,3:30 PM,Non-fatal injury,2,1,0,Not reported,V1: Travelling straight ahead / V2:Travelling straight ahead,V1:Eastbound / V2:Eastbound ,V1: Collision with motor vehicle in traffic / V2: Collision with motor vehicle in traffic ,"V1: Passenger car / V2:Light truck(van, mini-van, panel, pickup, sport utility) with only four tires",Dry,Daylight,Clear,,GALLIVAN BOULEVARD Rte UNKNOW / 744,,,,,237496.0143,892770.1791
4125340,BOSTON,19-Nov-2014,5:08 PM,Fatal injury,1,0,1,Not reported,V1: Travelling straight ahead,V1:Not reported ,V1: Collision with pedestrian ,"V1: Light truck(van, mini-van, panel, pickup, sport utility) with only four tires",Not reported,Daylight,Not Reported,,SUMMER STREET,,,,,237401.9415,899863.5546
3997757,BOSTON,19-Nov-2014,6:00 PM,Non-fatal injury,2,1,0,Rear-end,V1: Slowing or stopped in traffic / V2:Slowing or stopped in traffic,V1:Westbound / V2:Westbound ,V1: Collision with motor vehicle in traffic / V2: Not reported ,"V1: Passenger car / V2:Light truck(van, mini-van, panel, pickup, sport utility) with only four tires",Dry,Dark - lighted roadway,Cloudy,,SEAPORT BOULEVARD / B STREET,,,,,237659.9765,900095.6484
3984178,BOSTON (DORCHESTER),19-Nov-2014,6:56 PM,Not Reported,2,0,0,Not reported,V1: Travelling straight ahead / V2:Turning left,V1:Not reported / V2:Not reported ,V1: Collision with motor vehicle in traffic / V2: Collision with motor vehicle in traffic ,V1: Passenger car / V2:Passenger car,Not reported,Not reported,Not Reported,GENEVA AVENUE / BOWDOIN STREET,,,,,,235337.1719,894858.1875
3984223,BOSTON (DORCHESTER),20-Nov-2014,3:03 AM,Non-fatal injury,4,3,0,Angle,V1: Parked / V2:Parked / V3:Turning right / V4:Travelling straight ahead,V1:Not reported / V2:Not reported / V3:Eastbound / V4:Eastbound ,V1: Not reported / V2: Not reported / V3: Collision with motor vehicle in traffic / V4: Collision with motor vehicle in traffic ,V1: Passenger car / V2:Passenger car / V3:Passenger car / V4:Passenger car,Not reported,Dark - lighted roadway,Clear,PLEASANT STREET / TAFT STREET,,,,,,236344.2969,896437.3752
3976958,BOSTON,20-Nov-2014,7:53 AM,Non-fatal injury,2,2,0,Rear-end,V1: Travelling straight ahead / V2:Slowing or stopped in traffic,V1:Southbound / V2:Southbound ,V1: Collision with motor vehicle in traffic / V2: Collision with motor vehicle in traffic ,"V1: Light truck(van, mini-van, panel, pickup, sport utility) with only four tires / V2:Light truck(van, mini-van, panel, pickup, sport utility) with only four tires",Dry,Daylight,Clear,,GENERAL CASIMIR PULASKI SKYWAY Rte 93 S / COLUMBIA ROAD,,Exit 15 on Rte 93 S,,,236787.0013,896862.7653
3977868,BOSTON,20-Nov-2014,9:25 AM,Property damage only (none injured),2,0,0,Rear-end,V1: Slowing or stopped in traffic / V2:Travelling straight ahead,V1:Southbound / V2:Southbound ,V1: Collision with motor vehicle in traffic / V2: Collision with motor vehicle in traffic ,"V1: Light truck(van, mini-van, panel, pickup, sport utility) with only four tires / V2:Passenger car",Dry,Daylight,Cloudy,,Rte 93 S / UNKNOWN,,Exit 15 on Rte 93 S,,,236629.6253,897168.5001
3976959,BOSTON,20-Nov-2014,9:56 AM,Property damage only (none injured),2,0,0,Rear-end,V1: Slowing or stopped in traffic / V2:Travelling straight ahead,V1:Northbound / V2:Northbound ,V1: Collision with motor vehicle in traffic / V2: Collision with motor vehicle in traffic ,"V1: Single-unit truck (2-axle, 6-tire) / V2:Passenger car",Dry,Daylight,Clear,,Rte 93 N,,Exit 15 on Rte 93 N,,,236972.2496,896473.4282
3975850,BOSTON,20-Nov-2014,10:57 AM,Property damage only (none injured),2,0,0,Rear-end,V1: Slowing or stopped in traffic / V2:Travelling straight ahead,V1:Southbound / V2:Southbound ,V1: Collision with motor vehicle in traffic / V2: Collision with motor vehicle in traffic ,V1: Passenger car / V2:Passenger car,Dry,Daylight,Clear,SOUTHBOUND FRONTAGE ROAD / HAUL ROAD,,,,AT HEGARTY BRIDGE,,235884.1717,898231.2671
3975853,BOSTON,20-Nov-2014,3:00 PM,Property damage only (none injured),2,0,0,Angle,V1: Parked / V2:Backing,V1:Eastbound / V2:Westbound ,V1: Collision with motor vehicle in traffic / V2: Collision with parked motor vehicle ,V1: Passenger car / V2:Passenger car,Dry,Daylight,Clear,,,,,GULF GAS STATION PARKING LOT,,,
3980321,BOSTON,20-Nov-2014,4:12 PM,Property damage only (none injured),3,0,0,Rear-end,V1: Slowing or stopped in traffic / V2:Slowing or stopped in traffic / V3:Travelling straight ahead,V1:Eastbound / V2:Eastbound / V3:Eastbound ,V1: Collision with motor vehicle in traffic / V2: Collision with motor vehicle in traffic / V3: Collision with motor vehicle in traffic ,"V1: Light truck(van, mini-van, panel, pickup, sport utility) with only four tires / V2:Bus (seats for 7-15 people, including driver) / V3:Passenger car",Dry,Dark - lighted roadway,Clear,,INTERSTATE 93 Rte 93 N,,Exit 20 on Rte 93 N,L-RAMP,,235935.6734,898219.8317
3980000,BOSTON,20-Nov-2014,6:45 PM,Property damage only (none injured),2,0,0,Angle,V1: Turning left / V2:Travelling straight ahead,V1:Eastbound / V2:Northbound ,V1: Collision with motor vehicle in traffic / V2: Collision with motor vehicle in traffic ,V1: Passenger car / V2:Passenger car,Dry,Dark - lighted roadway,Clear,RIVERWAY / AUTUMN STREET,,,,,,232105.411,898811.5289
3977864,BOSTON,20-Nov-2014,8:22 PM,Property damage only (none injured),1,0,0,"Sideswipe, same direction",V1: Travelling straight ahead,V1:Westbound ,V1: Collision with guardrail ,V1: Passenger car,Dry,Dark - lighted roadway,Not Reported,,1650 SOLDIERS FIELD ROAD,,,,,228672.3442,901120.7458
3976594,BOSTON,20-Nov-2014,8:40 PM,Property damage only (none injured),2,0,0,Rear-end,V1: Travelling straight ahead / V2:Slowing or stopped in traffic,V1:Westbound / V2:Westbound ,V1: Collision with motor vehicle in traffic / V2: Collision with motor vehicle in traffic ,V1: Passenger car / V2:Passenger car,Dry,Dark - lighted roadway,Clear,,RAMP-RT 90 WB TO CAMBRIDGE ST,,Exit 20 on Rte 90 W,,,231417.5002,900672.44
3976595,BOSTON,20-Nov-2014,10:30 PM,Non-fatal injury,4,1,0,Rear-end,V1: Slowing or stopped in traffic / V2:Travelling straight ahead / V3:Changing lanes / V4:Travelling straight ahead,V1:Southbound / V2:Southbound / V3:Westbound / V4:Southbound ,V1: Collision with motor vehicle in traffic / V2: Collision with motor vehicle in traffic / V3: Collision with motor vehicle in traffic / V4: Collision with motor vehicle in traffic ,"V1: Passenger car / V2:Passenger car / V3:Light truck(van, mini-van, panel, pickup, sport utility) with only four tires / V4:Passenger car",Dry,Dark - roadway not lighted,Not Reported,,Rte 93 S / UNKNOWN,,Exit 24 on Rte 93 S,,,236397.1933,901565.6511
3976284,BOSTON,21-Nov-2014,2:05 AM,Property damage only (none injured),3,0,0,Rear-end,V1: Slowing or stopped in traffic / V2:Slowing or stopped in traffic / V3:Travelling straight ahead,V1:Northbound / V2:Northbound / V3:Northbound ,V1: Collision with motor vehicle in traffic / V2: Collision with motor vehicle in traffic / V3: Collision with motor vehicle in traffic ,V1: Passenger car / V2:Passenger car / V3:Passenger car,Dry,Dark - lighted roadway,Clear,,Rte 93 N,,Exit 26 on Rte 93 N,,,236402.7433,901600.0342
3976515,BOSTON,21-Nov-2014,2:40 AM,Property damage only (none injured),1,0,0,Single vehicle crash,V1: Travelling straight ahead,V1:Eastbound ,V1: Collision with median barrier ,V1: Passenger car,Wet,Dark - lighted roadway,Clear,,STORROW DRIVE / RAMP-STORROW DR EB TO RT 28 SB (BEACON S,,,TUNNEL,,235031.0542,900657.8169
4003066,BOSTON,21-Nov-2014,5:10 AM,Property damage only (none injured),1,0,0,Head-on,V1: Travelling straight ahead,V1:Not reported ,V1: Collision with motor vehicle in traffic ,"V1: Light truck(van, mini-van, panel, pickup, sport utility) with only four tires",Dry,Dark - lighted roadway,Clear,TALBOT AVENUE / NORWELL STREET / NEW ENGLAND AVENUE,,,,,,234869.0467,893559.8123
3977437,BOSTON,21-Nov-2014,7:04 AM,Property damage only (none injured),2,0,0,"Sideswipe, same direction",V1: Changing lanes / V2:Travelling straight ahead,V1:Northbound / V2:Northbound ,V1: Collision with motor vehicle in traffic / V2: Collision with motor vehicle in traffic ,"V1: Light truck(van, mini-van, panel, pickup, sport utility) with only four tires / V2:Passenger car",Dry,Daylight,Clear,,WILLIAM T MORRISSEY BOULEVARD / WILLIAM T MORRISSEY BOULEVARD Rte 3A N,,,,,237747.7772,893032.825
3984214,BOSTON,21-Nov-2014,8:00 AM,Non-fatal injury,2,2,0,Not reported,V1: Travelling straight ahead / V2:Slowing or stopped in traffic,V1:Southbound / V2:Westbound ,V1: Collision with motor vehicle in traffic / V2: Collision with motor vehicle in traffic ,V1: Passenger car / V2:Passenger car,Not reported,Not reported,Not Reported,PARK STREET / GREENBRIER STREET,,,,,,235438.3749,894035.4998
3975943,BOSTON,21-Nov-2014,8:12 AM,Non-fatal injury,1,1,0,Not reported,V1: Turning left,V1:Eastbound ,V1: Collision with pedestrian ,"V1: Light truck(van, mini-van, panel, pickup, sport utility) with only four tires",Dry,Daylight,Clear,,MORTON STREET Rte UNKNOW / BLUE HILL AVENUE,,,,P2:Pedestrian,233701.9844,892720.8122
3979986,BOSTON,21-Nov-2014,10:00 AM,Property damage only (none injured),2,0,0,Rear-end,V1: Slowing or stopped in traffic / V2:Travelling straight ahead,V1:Southbound / V2:Southbound ,V1: Collision with motor vehicle in traffic / V2: Collision with motor vehicle in traffic ,"V1: Passenger car / V2:Light truck(van, mini-van, panel, pickup, sport utility) with only four tires",Dry,Daylight,Clear,,Rte 93 S / UNKNOWN,,Exit 23 on Rte 93 S,,,236856.2793,901152.8251
4020127,BOSTON (ROXBURY),21-Nov-2014,10:30 AM,Non-fatal injury,2,4,0,Not reported,V1: Travelling straight ahead / V2:Travelling straight ahead,V1:Not reported / V2:Not reported ,V1: Collision with motor vehicle in traffic / V2: Collision with motor vehicle in traffic ,"V1: Light truck(van, mini-van, panel, pickup, sport utility) with only four tires / V2:Passenger car",Not reported,Not reported,Not Reported,WALNUT AVENUE / DALE STREET,,,,,,234153.5155,896841.8127
3984813,BOSTON,21-Nov-2014,2:35 PM,Property damage only (none injured),2,0,0,Rear-end,V1: Travelling straight ahead / V2:Slowing or stopped in traffic,V1:Westbound / V2:Westbound ,V1: Collision with motor vehicle in traffic / V2: Collision with motor vehicle in traffic ,V1: Passenger car / V2:Passenger car,Dry,Daylight,Clear,,MASSACHUSETTS TURNPIKE Rte 90 W / TED WILLIAMS TUNNEL,,,200 YARDS INSIDE THE TWT,,239051.4028,900924.2439
3976596,BOSTON,21-Nov-2014,4:45 PM,Property damage only (none injured),2,0,0,Rear-end,V1: Slowing or stopped in traffic / V2:Travelling straight ahead,V1:Eastbound / V2:Eastbound ,V1: Collision with motor vehicle in traffic / V2: Collision with motor vehicle in traffic ,"V1: Light truck(van, mini-van, panel, pickup, sport utility) with only four tires / V2:Passenger car",Dry,Dark - lighted roadway,Clear,,MASSACHUSETTS TURNPIKE Rte 90 E / RAMP-RT 90 EB TO RT 9 (STUART ST/HUNTING,,,MASS. AVE.,,233952.2114,899755.7552
3977884,BOSTON,21-Nov-2014,5:35 PM,Non-fatal injury,3,1,0,Rear-end,V1: Travelling straight ahead / V2:Slowing or stopped in traffic / V3:Slowing or stopped in traffic,V1:Eastbound / V2:Eastbound / V3:Eastbound ,V1: Collision with motor vehicle in traffic / V2: Collision with motor vehicle in traffic / V3: Collision with motor vehicle in traffic ,"V1: Passenger car / V2:Light truck(van, mini-van, panel, pickup, sport utility) with only four tires / V3:Light truck(van, mini-van, panel, pickup, sport utility) with only four tires",Dry,Dark - lighted roadway,Cloudy,,WEST ROXBURY PARKWAY / BELLEVUE HILL ROAD,,,,,229452.4031,892113.738
4041582,BOSTON (JAMAICA PLAIN),21-Nov-2014,7:56 PM,Non-fatal injury,1,1,0,Not reported,V1: Not reported,V1:Not reported ,V1: Not reported ,V1: Passenger car,Not reported,Not reported,Not Reported,,164 LAMARTINE STREET,,,,P3:Pedestrian,232605.8624,896435.6781
3984209,BOSTON (DORCHESTER),21-Nov-2014,8:00 PM,Not Reported,1,0,0,Not reported,V1: Travelling straight ahead,V1:Not reported ,V1: Not reported ,"V1: Light truck(van, mini-van, panel, pickup, sport utility) with only four tires",Not reported,Not reported,Not Reported,DORCHESTER AVENUE / PARK STREET,,,,,,236228.2762,894329.7784
3981109,BOSTON,21-Nov-2014,11:49 PM,Non-fatal injury,1,1,0,Not reported,V1: Travelling straight ahead,V1:Not reported ,V1: Collision with pedestrian ,V1: Passenger car,Not reported,Not reported,Not Reported,,NORTH WASHINGTON STREET,,,NORTH WASHINGTON BRIDGE,P2:Pedestrian,,
3979987,BOSTON,22-Nov-2014,3:08 AM,Non-fatal injury,1,1,0,Single vehicle crash,V1: Leaving traffic lane,V1:Westbound ,V1: Collision with median barrier ,"V1: Light truck(van, mini-van, panel, pickup, sport utility) with only four tires",Dry,Dark - lighted roadway,Clear,,RAMP-RT 90 WB TO S STATION BUS TERMINAL / SOUTH STATION BUS TERMINAL CONNECTOR,,,RAMP WSS,,236296.357,899771.0699
3976597,BOSTON,22-Nov-2014,3:35 AM,Property damage only (none injured),1,0,0,Single vehicle crash,V1: Leaving traffic lane,V1:Southbound ,V1: Collision with median barrier ,V1: Passenger car,Dry,Other,Clear,,RAMP-SEAPORT BLVD/ESSEX ST TO RTS 93 NB/ / JOHN F FITZGERALD EXPRESSWAY Rte 93 N,,,RAMP RT,,236910.0404,901083.6067
4034576,BOSTON,22-Nov-2014,4:38 AM,Property damage only (none injured),2,0,0,Head-on,V1: Travelling straight ahead / V2:Parked,V1:Not reported / V2:Not reported ,V1: Collision with parked motor vehicle / V2: Collision with motor vehicle in traffic ,V1: Passenger car / V2:Passenger car,Dry,Dark - lighted roadway,Clear,,145 FULLER STREET,,,,,235235.7086,892444.4011
3984180,BOSTON (DORCHESTER),22-Nov-2014,5:15 PM,Not Reported,2,0,0,Not reported,V1: Slowing or stopped in traffic / V2:Turning right,V1:Northbound / V2:Not reported ,V1: Not reported / V2: Not reported ,"V1: Light truck(van, mini-van, panel, pickup, sport utility) with only four tires / V2:Light truck(van, mini-van, panel, pickup, sport utility) with only four tires",Not reported,Not reported,Not Reported,DORCHESTER AVENUE / ASHMONT STREET,,,,,,235981.2121,892919.3766
3984193,BOSTON (DORCHESTER),22-Nov-2014,6:31 PM,Property damage only (none injured),2,0,0,Rear-end,V1: Slowing or stopped in traffic / V2:Travelling straight ahead,V1:Not reported / V2:Not reported ,V1: Collision with motor vehicle in traffic / V2: Collision with motor vehicle in traffic ,"V1: Unknown vehicle configuration / V2:Light truck(van, mini-van, panel, pickup, sport utility) with only four tires",Dry,Dark - lighted roadway,Clear/Clear,MINOT STREET / ADAMS STREET,,,,,,236648.2032,892665.375
3981472,BOSTON,22-Nov-2014,11:12 PM,Non-fatal injury,2,1,0,Rear-end,V1: Slowing or stopped in traffic / V2:Travelling straight ahead,V1:Northbound / V2:Northbound ,V1: Collision with motor vehicle in traffic / V2: Collision with motor vehicle in traffic ,V1: Passenger car / V2:Passenger car,Dry,Dark - lighted roadway,Clear,,CHARLES RIVER DAM Rte 28 N / O'BRI CHARLES RIVER DAM Rte 28 N,,,,,235388.7573,902012.1655
3976598,BOSTON,23-Nov-2014,1:33 AM,Property damage only (none injured),2,0,0,Angle,V1: Turning left / V2:Travelling straight ahead,V1:Westbound / V2:Southbound ,V1: Collision with motor vehicle in traffic / V2: Collision with motor vehicle in traffic ,V1: Passenger car / V2:Passenger car,Dry,Dark - lighted roadway,Clear,SOUTHBOUND FRONTAGE ROAD / HAUL ROAD,,,,HEGARTY BRIDGE,,235884.1717,898231.2671
3983217,BOSTON,23-Nov-2014,9:41 AM,Non-fatal injury,2,1,0,"Sideswipe, opposite direction",V1: Travelling straight ahead / V2:Travelling straight ahead,V1:Westbound / V2:Eastbound ,V1: Collision with motor vehicle in traffic / V2: Collision with motor vehicle in traffic ,"V1: Light truck(van, mini-van, panel, pickup, sport utility) with only four tires / V2:Passenger car",Dry,Daylight,Clear,,WILLIAM DAY BOULEVARD / G STREET,,,,,237574.4594,897847.2389
3979988,BOSTON,24-Nov-2014,6:06 AM,Non-fatal injury,2,1,0,Angle,V1: Travelling straight ahead / V2:Changing lanes,V1:Southbound / V2:Southbound ,V1: Collision with motor vehicle in traffic / V2: Collision with motor vehicle in traffic ,"V1: Light truck(van, mini-van, panel, pickup, sport utility) with only four tires / V2:Passenger car",Dry,Dark - lighted roadway,Cloudy,,Rte 93 S,,Exit 20 on Rte 93 S,EXIT 20,,236954.209,900826.9442
3979885,BOSTON,24-Nov-2014,7:00 AM,Property damage only (none injured),2,0,0,Rear-end,V1: Slowing or stopped in traffic / V2:Travelling straight ahead,V1:Eastbound / V2:Eastbound ,V1: Collision with motor vehicle in traffic / V2: Collision with motor vehicle in traffic ,"V1: Light truck(van, mini-van, panel, pickup, sport utility) with only four tires / V2:Passenger car",Wet,Daylight,Rain,,MASSACHUSETTS TURNPIKE Rte 90 E,Rte 90  E Milemarker 123.0,,,,218919.061,898731.4395
3979989,BOSTON,24-Nov-2014,7:23 AM,Non-fatal injury,3,2,0,Rear-end,V1: Slowing or stopped in traffic / V2:Slowing or stopped in traffic / V3:Travelling straight ahead,V1:Northbound / V2:Northbound / V3:Northbound ,V1: Collision with motor vehicle in traffic / V2: Collision with motor vehicle in traffic / V3: Collision with motor vehicle in traffic ,"V1: Passenger car / V2:Light truck(van, mini-van, panel, pickup, sport utility) with only four tires / V3:Passenger car",Wet,Daylight,Rain,,Rte 93 N,Rte 93  N Milemarker 16.9,,,,236742.6233,900426.5825
3981745,BOSTON,24-Nov-2014,7:23 AM,Property damage only (none injured),5,0,0,Rear-end,V1: Slowing or stopped in traffic / V2:Slowing or stopped in traffic / V3:Slowing or stopped in traffic / V4:Slowing or stopped in traffic / V5:Slowing or stopped in traffic,V1:Southbound / V2:Northbound / V3:Northbound / V4:Northbound / V5:Northbound ,V1: Collision with motor vehicle in traffic / V2: Collision with motor vehicle in traffic / V3: Collision with motor vehicle in traffic / V4: Collision with motor vehicle in traffic / V5: Collision with motor vehicle in traffic ,"V1: Passenger car / V2:Light truck(van, mini-van, panel, pickup, sport utility) with only four tires / V3:Passenger car / V4:Passenger car / V5:Passenger car",Wet,Daylight,Cloudy/Rain,,Rte 93 N,Rte 93  N Milemarker 16.9,,INSIDE THE O&AMP;APOS;NEAL TUNNE,,236742.6233,900426.5825
3984814,BOSTON,24-Nov-2014,8:31 AM,Property damage only (none injured),2,0,0,Rear-end,V1: Entering traffic lane / V2:Travelling straight ahead,V1:Northbound / V2:Northbound ,V1: Collision with motor vehicle in traffic / V2: Collision with motor vehicle in traffic ,V1: Passenger car / V2:Passenger car,Wet,Daylight,Rain,,RAMP-SUMNER TUNL TO RT 3 NB (STORROW DR),,Exit 26 on Rte 93 N,,,236368.8624,901672.1291
3977860,BOSTON,24-Nov-2014,8:31 AM,Non-fatal injury,2,1,0,Rear-end,V1: Slowing or stopped in traffic / V2:Travelling straight ahead,V1:Westbound / V2:Westbound ,V1: Collision with motor vehicle in traffic / V2: Collision with motor vehicle in traffic ,"V1: Passenger car / V2:Light truck(van, mini-van, panel, pickup, sport utility) with only four tires",Wet,Daylight,Cloudy/Rain,BROOKLINE AVENUE / PARK DRIVE / BOYLSTON STREET,,,,,,232742.1496,899278.3204