Crash Number,City/Town Name,Crash Date,Crash Time,Crash Severity,Number of Vehicles,Total Nonfatal Injuries,Total Fatal Injuries,Manner of Collision,Vehicle Action Prior to Crash,Vehicle Travel Directions,Most Harmful Events,Vehicle Configuration,Road Surface Condition,Ambient Light,Weather Condition,At Roadway Intersection,Distance from Nearest Roadway Intersection,Distance from Nearest Milemarker,Distance from Nearest Exit,Distance from Nearest Landmark,Non Motorist Type,X Coordinate,Y Coordinate
3980013,BOSTON,24-Nov-2014,8:33 AM,Property damage only (none injured),2,0,0,Angle,V1: Turning left / V2:Turning left,V1:Northbound / V2:Northbound ,V1: Collision with motor vehicle in traffic / V2: Collision with motor vehicle in traffic ,V1: Passenger car / V2:Passenger car,Wet,Daylight,Rain,NEPONSET AVENUE Rte SR3A N / WILLIAM T MORRISSEY BOULEVARD Rte SR3A N,,,,,,237753.7034,892977.1251
3977441,BOSTON,24-Nov-2014,10:04 AM,Non-fatal injury,2,1,0,Rear-end,V1: Slowing or stopped in traffic / V2:Slowing or stopped in traffic,V1:Northbound / V2:Northbound ,V1: Collision with motor vehicle in traffic / V2: Collision with motor vehicle in traffic ,"V1: Light truck(van, mini-van, panel, pickup, sport utility) with only four tires / V2:Passenger car",Wet,Daylight,Cloudy/Rain,,Rte 93 N,,Exit 15 on Rte 93 N,,,236972.2496,896473.4282
3980004,BOSTON,24-Nov-2014,10:45 AM,Non-fatal injury,2,1,0,Angle,V1: Travelling straight ahead / V2:Turning left,V1:Eastbound / V2:Northbound ,V1: Collision with motor vehicle in traffic / V2: Collision with motor vehicle in traffic ,"V1: Passenger car / V2:Light truck(van, mini-van, panel, pickup, sport utility) with only four tires",Wet,Daylight,Cloudy/Rain,,1660 SOLDIERS FIELD ROAD,,,STAPLES,,228655.4056,901114.9393
3987145,BOSTON,24-Nov-2014,11:19 AM,Property damage only (none injured),1,0,0,Single vehicle crash,V1: Travelling straight ahead,V1:Northbound ,V1: Collision with median barrier ,V1: Passenger car,Wet,Daylight,Rain,,RAMP-RTS 93 NB/1 NB TO RT 1 NB (TOBIN BR Rte 1 N,,Exit 27 on Rte 93 N,,,235478.4391,902510.4911
3977861,BOSTON,24-Nov-2014,11:39 AM,Non-fatal injury,2,1,0,Rear-end,V1: Travelling straight ahead / V2:Slowing or stopped in traffic,V1:Westbound / V2:Westbound ,V1: Collision with motor vehicle in traffic / V2: Collision with motor vehicle in traffic ,V1: Passenger car / V2:Passenger car,Wet,Daylight,Cloudy/Rain,,STORROW DRIVE Rte 28 S,,,BY THE HATCH SHELL,,235191.439,900873.0764
3978642,BOSTON,24-Nov-2014,12:02 PM,Property damage only (none injured),2,0,0,Rear-end,V1: Travelling straight ahead / V2:Slowing or stopped in traffic,V1:Southbound / V2:Southbound ,V1: Collision with motor vehicle in traffic / V2: Collision with motor vehicle in traffic ,"V1: Passenger car / V2:Single-unit truck (2-axle, 6-tire)",Wet,Daylight,Rain,,Rte 93 S,,Exit 15 on Rte 93,,,236629.6253,897168.5001
4034575,BOSTON (DORCHESTER),24-Nov-2014,1:03 PM,Non-fatal injury,2,1,0,Head-on,V1: Travelling straight ahead / V2:Travelling straight ahead,V1:Southbound / V2:Northbound ,V1: Collision with motor vehicle in traffic / V2: Collision with motor vehicle in traffic ,"V1: Passenger car / V2:Light truck(van, mini-van, panel, pickup, sport utility) with only four tires",Wet,Daylight,Rain/Cloudy,NORWELL STREET / PARK STREET,,,,,,234792.9845,893859.4998
3980721,BOSTON,24-Nov-2014,1:25 PM,Property damage only (none injured),1,0,0,Single vehicle crash,V1: Travelling straight ahead,V1:Eastbound ,V1: Collision with guardrail ,V1: Passenger car,Wet,Daylight,Rain,,STORROW DRIVE Rte 28 N / EMBANKMENT ROAD Rte 28 N,,,LONGFELLOW,,235230.9481,901229.9849
3985752,BOSTON,24-Nov-2014,1:26 PM,Property damage only (none injured),2,0,0,Rear-end,V1: Slowing or stopped in traffic / V2:Slowing or stopped in traffic,V1:Westbound / V2:Westbound ,V1: Collision with other movable object / V2: Collision with other movable object ,"V1: Light truck(van, mini-van, panel, pickup, sport utility) with only four tires / V2:Passenger car",Wet,Daylight,Cloudy/Rain,STORROW DRIVE Rte SR28 S / CHARLES STREET Rte SR3 N,,,,CHARLES CIRCLE EXIT,,235407.2811,901607.8748
3984213,BOSTON (DORCHESTER),24-Nov-2014,2:22 PM,Not Reported,1,0,0,"Sideswipe, same direction",V1: Parked,V1:Not reported ,V1: Collision with parked motor vehicle ,V1: Passenger car,Wet,Daylight,Rain/Rain,,272 ADAMS STREET,,,,,236382.3591,894479.7522
3978675,BOSTON,24-Nov-2014,2:40 PM,Property damage only (none injured),2,0,0,Rear-end,V1: Travelling straight ahead / V2:Slowing or stopped in traffic,V1:Southbound / V2:Southbound ,V1: Collision with motor vehicle in traffic / V2: Collision with motor vehicle in traffic ,V1: Passenger car / V2:Passenger car,Dry,Daylight,Not Reported,,Rte 93 S,,Exit 18 on Rte 93 S,,,236013.2783,899092.9981
3980005,BOSTON,24-Nov-2014,2:40 PM,Property damage only (none injured),2,0,0,Rear-end,V1: Slowing or stopped in traffic / V2:Travelling straight ahead,V1:Westbound / V2:Westbound ,V1: Collision with motor vehicle in traffic / V2: Collision with motor vehicle in traffic ,"V1: Passenger car / V2:Light truck(van, mini-van, panel, pickup, sport utility) with only four tires",Wet,Daylight,Cloudy,STORROW DRIVE / RAMP-BEACON/BOYLSTON STS TO STORROW DR W,,,,,,233287.6718,900098.5623
4042284,BOSTON,24-Nov-2014,3:00 PM,Not Reported,2,0,0,Rear-end,V1: Slowing or stopped in traffic / V2:Slowing or stopped in traffic,V1:Not reported / V2:Not reported ,V1: Not reported / V2: Not reported ,V1: Passenger car / V2:Passenger car,Wet,Daylight,Cloudy,NORTH WASHINGTON STREET / MEDFORD STREET,,,,,,236377.5651,901757.6143
3980014,BOSTON,24-Nov-2014,5:15 PM,Property damage only (none injured),2,0,0,Rear-end,V1: Slowing or stopped in traffic / V2:Slowing or stopped in traffic,V1:Northbound / V2:Northbound ,V1: Collision with motor vehicle in traffic / V2: Collision with motor vehicle in traffic ,V1: Passenger car / V2:Passenger car,Dry,Dark - lighted roadway,Clear,,Rte 93 N,,Exit 13 on Rte 93 N,,,237420.1414,894076.5227
3980002,BOSTON,24-Nov-2014,6:27 PM,Non-fatal injury,1,2,0,Single vehicle crash,V1: Travelling straight ahead,V1:Westbound ,V1: Not reported ,V1: MOPED,Wet,Dark - lighted roadway,Cloudy,,NASHUA STREET / LEVERETT CIRCLE,,,NASHUA ST. @ LEVERETT CIRCLE,,235565.4707,901894.5498
3979990,BOSTON,24-Nov-2014,6:29 PM,Property damage only (none injured),2,0,0,Rear-end,V1: Slowing or stopped in traffic / V2:Slowing or stopped in traffic,V1:Southbound / V2:Southbound ,V1: Collision with motor vehicle in traffic / V2: Collision with motor vehicle in traffic ,"V1: Passenger car / V2:Light truck(van, mini-van, panel, pickup, sport utility) with only four tires",Wet,Dark - roadway not lighted,Cloudy,,FRONTAGE ROAD Rte UNKNOW S / SOUTHAMPTON STREET,,,,,236246.0308,897831.0996
4031781,BOSTON (DORCHESTER),25-Nov-2014,6:05 AM,Not Reported,2,0,0,Rear-end,V1: Travelling straight ahead / V2:Travelling straight ahead,V1:Northbound / V2:Not reported ,V1: Collision with motor vehicle in traffic / V2: Collision with motor vehicle in traffic ,"V1: Light truck(van, mini-van, panel, pickup, sport utility) with only four tires / V2:Passenger car",Wet,Dawn,Cloudy,,370 COLUMBIA ROAD,,,,,235380.6298,895702.8525
4029017,BOSTON (MATTAPAN),25-Nov-2014,7:09 AM,Not Reported,1,0,0,Unknown,V1: Unknown,V1:Not reported ,V1: Unknown ,V1: Passenger car,Dry,Daylight,Clear/Other,GREENFIELD ROAD / CUMMINS HIGHWAY,,,,,,232456.3491,891327.3674
3984212,BOSTON,25-Nov-2014,7:51 AM,Property damage only (none injured),2,0,0,Not reported,V1: Turning right / V2:Parked,V1:Not reported / V2:Not reported ,V1: Collision with parked motor vehicle / V2: Not reported ,V1: Passenger car / V2:Unknown vehicle configuration,Not reported,Not reported,Not Reported,,373 ADAMS STREET,,,,,236572.2503,894103.9127
3984815,BOSTON,25-Nov-2014,9:10 AM,Property damage only (none injured),3,0,0,Rear-end,V1: Travelling straight ahead / V2:Slowing or stopped in traffic / V3:Travelling straight ahead,V1:Westbound / V2:Westbound / V3:Westbound ,V1: Collision with motor vehicle in traffic / V2: Collision with motor vehicle in traffic / V3: Collision with motor vehicle in traffic ,"V1: Passenger car / V2:Light truck(van, mini-van, panel, pickup, sport utility) with only four tires / V3:Light truck(van, mini-van, panel, pickup, sport utility) with only four tires",Dry,Daylight,Cloudy,,MASSACHUSETTS TURNPIKE Rte 90 W / MASSACHUSETTS TURNPIKE Rte 90 W,,Exit I/C 19 on Rte 90 E,LANE 7,,231166.3927,900844.7624
3980015,BOSTON,25-Nov-2014,9:23 AM,Property damage only (none injured),3,0,0,Rear-end,V1: Travelling straight ahead / V2:Slowing or stopped in traffic / V3:Slowing or stopped in traffic,V1:Southbound / V2:Southbound / V3:Southbound ,V1: Collision with motor vehicle in traffic / V2: Collision with motor vehicle in traffic / V3: Collision with motor vehicle in traffic ,"V1: Passenger car / V2:Passenger car / V3:Light truck(van, mini-van, panel, pickup, sport utility) with only four tires",Dry,Daylight,Clear,,Rte 93 S / UNKNOWN,,Exit 15 on Rte 93 S,,,236629.6253,897168.5001
3977831,BOSTON,25-Nov-2014,10:30 AM,Property damage only (none injured),3,0,0,Rear-end,V1: Slowing or stopped in traffic / V2:Travelling straight ahead / V3:Travelling straight ahead,V1:Southbound / V2:Southbound / V3:Southbound ,V1: Collision with motor vehicle in traffic / V2: Collision with motor vehicle in traffic / V3: Collision with motor vehicle in traffic ,"V1: Light truck(van, mini-van, panel, pickup, sport utility) with only four tires / V2:Passenger car / V3:Light truck(van, mini-van, panel, pickup, sport utility) with only four tires",Dry,Daylight,Clear,,Rte 93 S,,Exit 23 on Rte 93 S,,,236856.2793,901152.8251
3984891,BOSTON,25-Nov-2014,12:25 PM,Property damage only (none injured),2,0,0,"Sideswipe, same direction",V1: Changing lanes / V2:Changing lanes,V1:Westbound / V2:Westbound ,V1: Not reported / V2: Collision with motor vehicle in traffic ,V1: Passenger car / V2:Passenger car,Dry,Daylight,Clear,WILLIAM T MORRISSEY BOULEVARD / KOSCIUSZKO CIRCLE,,,,,,237017.0782,896879.6065
3984151,BOSTON (DORCHESTER),25-Nov-2014,4:18 PM,Property damage only (none injured),2,0,0,"Sideswipe, same direction",V1: Travelling straight ahead / V2:Parked,V1:Not reported / V2:Not reported ,V1: Collision with parked motor vehicle / V2: Not reported ,V1: Passenger car / V2:Passenger car,Dry,Dusk,Clear/Clear,,502 ADAMS STREET,,,,,236504.2186,893589.128
3978690,BOSTON,25-Nov-2014,5:04 PM,Non-fatal injury,1,1,0,Single vehicle crash,V1: Slowing or stopped in traffic,V1:Westbound ,V1: Collision with pedestrian ,"V1: Light truck(van, mini-van, panel, pickup, sport utility) with only four tires",Dry,Dark - lighted roadway,Cloudy,MASSACHUSETTS AVENUE Rte SR2A W / RAMP-STORROW DR WB TO RT 2A WB / MASSACHUSETTS AVENUE Rte SR2A E,,,,,P1:Pedestrian,233784.834,900223.7079
3980669,BOSTON,25-Nov-2014,9:12 PM,Property damage only (none injured),2,0,0,Rear-end,V1: Slowing or stopped in traffic / V2:Slowing or stopped in traffic,V1:Northbound / V2:Northbound ,V1: Collision with motor vehicle in traffic / V2: Collision with motor vehicle in traffic ,"V1: Light truck(van, mini-van, panel, pickup, sport utility) with only four tires / V2:Passenger car",Dry,Dark - lighted roadway,Cloudy,,LEVERETT CONNECTOR NORTH / RAMP-RT 28 NB (STORROW DR) TO RTS 93 NB/,,,,,235923.6201,902099.2281
3984147,BOSTON,25-Nov-2014,11:45 PM,Non-fatal injury,2,1,0,"Sideswipe, opposite direction",V1: Turning right / V2:Travelling straight ahead,V1:Northbound / V2:Southbound ,V1: Collision with motor vehicle in traffic / V2: Not reported ,V1: Passenger car / V2:Passenger car,Dry,Dark - lighted roadway,Clear,DORCHESTER AVENUE / LINCOLN STREET,,,,,,236256.0937,894457.375
4034493,BOSTON,26-Nov-2014,9:35 AM,Not Reported,1,0,0,Not reported,V1: Not reported,V1:Not reported ,V1: Not reported ,V1: Not reported,Not reported,Not reported,Not Reported,CENTRE STREET / LAGRANGE STREET,,,,,P2:Pedestrian,228196.375,892302.3127
3983049,BOSTON,26-Nov-2014,11:46 AM,Non-fatal injury,2,1,0,Rear-end,V1: Slowing or stopped in traffic / V2:Travelling straight ahead,V1:Southbound / V2:Southbound ,V1: Collision with motor vehicle in traffic / V2: Collision with motor vehicle in traffic ,V1: Passenger car / V2:Passenger car,Ice,Daylight,"Sleet, hail (freezing rain or drizzle)",,400 feet S from Intersection CAMBRIDGE STREET / LINDEN STREET,,,,,230260.8044,900628.6677
3984218,BOSTON (DORCHESTER),26-Nov-2014,12:00 PM,Property damage only (none injured),2,0,0,"Sideswipe, same direction",V1: Travelling straight ahead / V2:Turning left,V1:Northbound / V2:Northbound ,V1: Collision with motor vehicle in traffic / V2: Collision with motor vehicle in traffic ,"V1: Light truck(van, mini-van, panel, pickup, sport utility) with only four tires / V2:Light truck(van, mini-van, panel, pickup, sport utility) with only four tires",Wet,Dark - lighted roadway,"Rain/Sleet, hail (freezing rain or drizzle)",GENEVA AVENUE / HOMES AVENUE,,,,,,235440.9687,894775.9373
3982428,BOSTON,26-Nov-2014,3:45 PM,Property damage only (none injured),2,0,0,"Sideswipe, same direction",V1: Travelling straight ahead / V2:Entering traffic lane,V1:Southbound / V2:Southbound ,V1: Collision with motor vehicle in traffic / V2: Collision with motor vehicle in traffic ,"V1: Single-unit truck (2-axle, 6-tire) / V2:Passenger car",Wet,Dusk,Rain,,Rte 93 S,,Exit 12 on Rte 93 S,,,237620.5493,892713.0989
3980031,BOSTON,26-Nov-2014,4:13 PM,Non-fatal injury,2,1,0,Head-on,V1: Travelling straight ahead / V2:Travelling straight ahead,V1:Southbound / V2:Southbound ,V1: Collision with curb / V2: Collision with motor vehicle in traffic ,"V1: Passenger car / V2:Light truck(van, mini-van, panel, pickup, sport utility) with only four tires",Wet,Dusk,"Sleet, hail (freezing rain or drizzle)",,ARBORWAY Rte UNKNOW / 270,,,,,231389.8835,894945.0837
3980732,BOSTON,26-Nov-2014,4:14 PM,Non-fatal injury,2,1,0,"Sideswipe, opposite direction",V1: Travelling straight ahead / V2:Travelling straight ahead,V1:Northbound / V2:Southbound ,V1: Collision with other movable object / V2: Collision with other movable object ,V1: Passenger car / V2:Passenger car,Slush,Dark - lighted roadway,"Sleet, hail (freezing rain or drizzle)",,TURTLE POND PARKWAY / 130,,,,,229770.9561,888929.1737
4125817,BOSTON,26-Nov-2014,5:20 PM,Fatal injury,1,0,1,Not reported,V1: Not reported,V1:Not reported ,V1: Collision with pedestrian ,V1: Unknown vehicle configuration,Not reported,Not reported,Not Reported,BLUE HILL AVENUE Rte 28 / AMERICAN LEGION HIGHWAY,,,,,,234061.3109,894301.2989
4020477,BOSTON (ROXBURY),26-Nov-2014,5:30 PM,Property damage only (none injured),2,0,0,Angle,V1: Turning left / V2:Travelling straight ahead,V1:Northbound / V2:Northbound ,V1: Not reported / V2: Unknown ,"V1: Light truck(van, mini-van, panel, pickup, sport utility) with only four tires / V2:Passenger car",Wet,Dusk,"Rain/Sleet, hail (freezing rain or drizzle)",MARTIN LUTHER KING BOULEVARD / WALNUT AVENUE,,,,,,233929.047,896698.125
3980032,BOSTON,26-Nov-2014,9:35 PM,Non-fatal injury,2,1,0,Head-on,V1: Travelling straight ahead / V2:Turning left,V1:Eastbound / V2:Westbound ,V1: Collision with motor vehicle in traffic / V2: Collision with motor vehicle in traffic ,V1: Passenger car / V2:Passenger car,Wet,Dark - lighted roadway,"Cloudy/Sleet, hail (freezing rain or drizzle)",,MORTON STREET Rte UNKNOW / NORFOLK STREET,,,,,234066.8436,892435.125
3984224,BOSTON,26-Nov-2014,11:47 PM,Non-fatal injury,2,1,0,Rear-end,V1: Travelling straight ahead / V2:Travelling straight ahead,V1:Southbound / V2:Southbound ,V1: Not reported / V2: Not reported ,"V1: Passenger car / V2:Light truck(van, mini-van, panel, pickup, sport utility) with only four tires",Wet,Dark - lighted roadway,"Sleet, hail (freezing rain or drizzle)",FREEPORT STREET / PARK STREET,,,,,,236892.6873,894813.9999
3980670,BOSTON,27-Nov-2014,00:00 AM,Property damage only (none injured),1,0,0,Single vehicle crash,V1: Travelling straight ahead,V1:Northbound ,V1: Collision with median barrier ,"V1: Light truck(van, mini-van, panel, pickup, sport utility) with only four tires",Dry,Dark - lighted roadway,Rain,,JOHN F FITZGERALD EXPRESSWAY Rte 93 N / RAMP-RTS 90/1A SB TO RTS 93 NB/3 NB,,,RAMP D,,236589.0354,900227.5213
3980671,BOSTON,27-Nov-2014,1:17 AM,Property damage only (none injured),1,0,0,Single vehicle crash,V1: Travelling straight ahead,V1:Northbound ,V1: Collision with median barrier ,V1: Passenger car,Dry,Dark - lighted roadway,Rain,,JOHN F FITZGERALD EXPRESSWAY Rte 93 N / RAMP-RTS 90/1A SB TO RTS 93 NB/3 NB,,,RAMP D,,236604.2664,900268.2507
4020270,BOSTON,27-Nov-2014,1:57 AM,Property damage only (none injured),1,0,0,Single vehicle crash,V1: Travelling straight ahead,V1:Southbound ,V1: Collision with guardrail ,V1: Passenger car,Snow,Dark - lighted roadway,Cloudy/Snow,,RIVERWAY Rte UNKNOW / 150,,,WHEELOCK COLLEGE,,232508.36,899267.1615
4003095,BOSTON,27-Nov-2014,2:35 AM,Property damage only (none injured),4,0,0,Not reported,V1: Travelling straight ahead / V2:Parked / V3:Travelling straight ahead / V4:Parked,V1:Not reported / V2:Not reported / V3:Not reported / V4:Not reported ,V1: Collision with parked motor vehicle / V2: Not reported / V3: Collision with parked motor vehicle / V4: Not reported ,V1: Passenger car / V2:Passenger car / V3:Passenger car / V4:Passenger car,Not reported,Not reported,Not Reported,,24 FARRINGTON AVENUE,,,,,230379.4662,900499.0249
4021491,BOSTON,27-Nov-2014,3:09 AM,Not Reported,2,0,0,Not reported,V1: Not reported / V2:Not reported,V1:Not reported / V2:Not reported ,V1: Not reported / V2: Not reported ,V1: Passenger car / V2:Passenger car,Not reported,Not reported,Not Reported,BOYLSTON STREET / CLARENDON STREET,,,,,,234998.8439,900107.125
3984225,BOSTON (DORCHESTER),27-Nov-2014,3:33 AM,Not Reported,2,0,0,Unknown,V1: Travelling straight ahead / V2:Not reported,V1:Not reported / V2:Not reported ,V1: Collision with parked motor vehicle / V2: Not reported ,V1: Passenger car / V2:Passenger car,Wet,Dark - lighted roadway,Snow/Unknown,,10 HOMES AVENUE,,,,,235374.6088,894757.5011
3984908,BOSTON,27-Nov-2014,4:15 AM,Non-fatal injury,2,1,0,Angle,V1: Travelling straight ahead / V2:Travelling straight ahead,V1:Westbound / V2:Northbound ,V1: Collision with motor vehicle in traffic / V2: Collision with motor vehicle in traffic ,V1: Passenger car / V2:Passenger car,Dry,Dark - lighted roadway,Cloudy,,TRUMAN HIGHWAY Rte UNKNOW S / WAKEFIELD AVENUE,,,,,230847.7655,888090.3749
3984816,BOSTON,27-Nov-2014,10:40 AM,Property damage only (none injured),2,0,0,"Sideswipe, same direction",V1: Travelling straight ahead / V2:Turning left,V1:Northbound / V2:Northbound ,V1: Collision with motor vehicle in traffic / V2: Collision with motor vehicle in traffic ,V1: Passenger car / V2:Passenger car,Dry,Daylight,Not Reported,HAUL ROAD / FRONTAGE ROAD,,,,HEGARTY BRIDGE,,235950.9524,898250.4215
3984817,BOSTON,27-Nov-2014,11:38 AM,Property damage only (none injured),4,0,0,Rear-end,V1: Slowing or stopped in traffic / V2:Travelling straight ahead / V3:Travelling straight ahead / V4:Travelling straight ahead,V1:Northbound / V2:Northbound / V3:Northbound / V4:Northbound ,V1: Collision with motor vehicle in traffic / V2: Collision with motor vehicle in traffic / V3: Collision with motor vehicle in traffic / V4: Collision with motor vehicle in traffic ,"V1: Passenger car / V2:Light truck(van, mini-van, panel, pickup, sport utility) with only four tires / V3:Passenger car / V4:Passenger car",Dry,Daylight,Cloudy,,Rte 93 N,Rte 93  N Milemarker 16.9,,,,236742.6233,900426.5825
3980672,BOSTON,27-Nov-2014,11:43 AM,Property damage only (none injured),4,0,0,Rear-end,V1: Slowing or stopped in traffic / V2:Travelling straight ahead / V3:Slowing or stopped in traffic / V4:Travelling straight ahead,V1:Northbound / V2:Northbound / V3:Northbound / V4:Northbound ,V1: Collision with motor vehicle in traffic / V2: Collision with motor vehicle in traffic / V3: Collision with motor vehicle in traffic / V4: Collision with motor vehicle in traffic ,"V1: Light truck(van, mini-van, panel, pickup, sport utility) with only four tires / V2:Passenger car / V3:Passenger car / V4:Light truck(van, mini-van, panel, pickup, sport utility) with only four tires",Wet,Daylight,Snow,,Rte 93 N,Rte 93  N Milemarker 16.9,,,,236742.6233,900426.5825
3980334,BOSTON,27-Nov-2014,11:52 AM,Property damage only (none injured),1,0,0,Single vehicle crash,V1: Travelling straight ahead,V1:Southbound ,V1: Collision with guardrail ,"V1: Light truck(van, mini-van, panel, pickup, sport utility) with only four tires",Dry,Daylight,Not Reported,,SERGEANT WILLIAM G WALSH EXPRESSWAY Rte 93 S / RAMP-RTS 93 SB/3 SB TO RTS 3A SB/203 EB Rte 3A S,,,RTE 93 SB,,237507.3324,892508.5736
3988818,BOSTON,27-Nov-2014,9:15 PM,Property damage only (none injured),2,0,0,Rear-end,V1: Backing / V2:Travelling straight ahead,V1:Northbound / V2:Westbound ,V1: Collision with motor vehicle in traffic / V2: Collision with motor vehicle in traffic ,"V1: Light truck(van, mini-van, panel, pickup, sport utility) with only four tires / V2:Passenger car",Dry,Dark - lighted roadway,Clear,,SOLDIERS FIELD ROAD Rte UNKNOW / NORTH HARVARD STREET,,,,,230992.3482,902048.2872
3980331,BOSTON,27-Nov-2014,9:30 PM,Property damage only (none injured),2,0,0,"Sideswipe, same direction",V1: Travelling straight ahead / V2:Changing lanes,V1:Northbound / V2:Northbound ,V1: Collision with motor vehicle in traffic / V2: Collision with motor vehicle in traffic ,V1: Passenger car / V2:Truck/trailer,Wet,Dark - lighted roadway,Snow,,Rte 93 N,,Exit 13 on Rte 93 N,,,237420.1414,894076.5227
3980033,BOSTON,28-Nov-2014,00:00 AM,Non-fatal injury,2,2,0,Head-on,V1: Travelling straight ahead / V2:Travelling straight ahead,V1:Northbound / V2:Southbound ,V1: Collision with motor vehicle in traffic / V2: Collision with motor vehicle in traffic ,V1: Passenger car / V2:Passenger car,Dry,Dark - lighted roadway,Clear,,DEDHAM PARKWAY Rte UNKNOW / ENNEKING PARKWAY,,,,,229687.9375,889839.1252
3980034,BOSTON,28-Nov-2014,00:00 AM,Property damage only (none injured),1,0,0,Single vehicle crash,V1: Travelling straight ahead,V1:Westbound ,V1: Collision with tree ,"V1: Light truck(van, mini-van, panel, pickup, sport utility) with only four tires",Wet,Dark - roadway not lighted,Cloudy,,ENNEKING PARKWAY Rte UNKNOW / GORDON AVENUE,,,,,230642.2655,889819.8126
4009841,BOSTON (DORCHESTER),28-Nov-2014,5:30 AM,Not Reported,2,0,0,Rear-end,V1: Not reported / V2:Not reported,V1:Not reported / V2:Not reported ,V1: Not reported / V2: Not reported ,V1: Passenger car / V2:Not reported,Wet,Dark - lighted roadway,Snow/Snow,COLUMBIA ROAD / MASSACHUSETTS AVENUE,,,,,,236147.4063,896760.9377
3981465,BOSTON,28-Nov-2014,10:51 AM,Property damage only (none injured),2,0,0,Rear-end,V1: Travelling straight ahead / V2:Changing lanes,V1:Southbound / V2:Southbound ,V1: Collision with motor vehicle in traffic / V2: Collision with motor vehicle in traffic ,V1: Passenger car / V2:Passenger car,Wet,Daylight,Cloudy,,JOHN F FITZGERALD EXPRESSWAY Rte 93 S / RAMP-RTS 93 SB/3 SB TO SB FRONTAGE RD/MA,,,TOP OF RAMOP AS,,236020.6836,899111.9929
3981464,BOSTON,28-Nov-2014,11:00 AM,Property damage only (none injured),1,0,0,Single vehicle crash,V1: Turning right,V1:Eastbound ,V1: Collision with guardrail ,V1: Passenger car,Dry,Dark - lighted roadway,Clear,,RAMP-RT 90 EB TO RT 9 (STUART ST/HUNTING,,Exit 22 on Rte 90 E,,,234888.9812,899724.7986
4031795,BOSTON,28-Nov-2014,11:26 AM,Non-fatal injury,2,1,0,Not reported,V1: Travelling straight ahead / V2:Turning left,V1:Not reported / V2:Not reported ,V1: Collision with other movable object / V2: Collision with other movable object ,V1: Passenger car / V2:Passenger car,Not reported,Not reported,Not Reported,WALNUT AVENUE / HOMESTEAD STREET,,,,,,233437.7656,896011.8126
3984229,BOSTON (DORCHESTER),28-Nov-2014,11:47 AM,Property damage only (none injured),2,0,0,Not reported,V1: Turning left / V2:Travelling straight ahead,V1:Not reported / V2:Not reported ,V1: Collision with motor vehicle in traffic / V2: Collision with motor vehicle in traffic ,V1: Passenger car / V2:Unknown vehicle configuration,Not reported,Not reported,Not Reported,ASHMONT STREET / NEPONSET AVENUE,,,,,,237242.0623,893385.3125
4021479,BOSTON,28-Nov-2014,12:00 PM,Non-fatal injury,2,2,0,Rear-end,V1: Slowing or stopped in traffic / V2:Travelling straight ahead,V1:Northbound / V2:Northbound ,V1: Collision with motor vehicle in traffic / V2: Collision with motor vehicle in traffic ,"V1: Passenger car / V2:Light truck(van, mini-van, panel, pickup, sport utility) with only four tires",Wet,Daylight,Cloudy,,WIDETT CIRCLE / ACCESS ROAD,,,,,236003.8673,898159.4884
3979917,BOSTON,28-Nov-2014,12:50 PM,Property damage only (none injured),2,0,0,"Sideswipe, same direction",V1: Changing lanes / V2:Travelling straight ahead,V1:Eastbound / V2:Eastbound ,V1: Collision with motor vehicle in traffic / V2: Collision with motor vehicle in traffic ,V1: Passenger car / V2:Passenger car,Dry,Daylight,Cloudy,,Rte 90 E,Rte 90  E Milemarker 130.0,,,,229761.494,900823.9692
3980018,BOSTON,28-Nov-2014,7:50 PM,Non-fatal injury,2,2,0,Angle,V1: Travelling straight ahead / V2:Turning left,V1:Eastbound / V2:Southbound ,V1: Collision with motor vehicle in traffic / V2: Collision with motor vehicle in traffic ,"V1: Light truck(van, mini-van, panel, pickup, sport utility) with only four tires / V2:Light truck(van, mini-van, panel, pickup, sport utility) with only four tires",Wet,Dark - lighted roadway,Rain,,GALLIVAN BOULEVARD / WASHINGTON STREET,,,,,235509.2971,892128.6873
3983038,BOSTON,29-Nov-2014,2:19 AM,Non-fatal injury,2,1,0,"Sideswipe, same direction",V1: Travelling straight ahead / V2:Parked,V1:Southbound / V2:Not reported ,V1: Collision with parked motor vehicle / V2: Not reported ,V1: Passenger car / V2:Passenger car,Dry,Dark - unknown roadway lighting,Clear,,230 WASHINGTON STREET,,,,,236424.9842,900961.3841
4030964,BOSTON (DORCHESTER),29-Nov-2014,4:00 AM,Property damage only (none injured),2,0,0,"Sideswipe, same direction",V1: Parked / V2:Travelling straight ahead,V1:Not reported / V2:Not reported ,V1: Collision with motor vehicle in traffic / V2: Collision with parked motor vehicle ,V1: Passenger car / V2:Passenger car,Dry,Dark - lighted roadway,Clear/Clear,,18 LINDSEY STREET,,,,,235695.9472,894266.316