Crash Number,City/Town Name,Crash Date,Crash Time,Crash Severity,Number of Vehicles,Total Nonfatal Injuries,Total Fatal Injuries,Manner of Collision,Vehicle Action Prior to Crash,Vehicle Travel Directions,Most Harmful Events,Vehicle Configuration,Road Surface Condition,Ambient Light,Weather Condition,At Roadway Intersection,Distance from Nearest Roadway Intersection,Distance from Nearest Milemarker,Distance from Nearest Exit,Distance from Nearest Landmark,Non Motorist Type,X Coordinate,Y Coordinate
4013177,BOSTON,03-Dec-2014,9:00 AM,Non-fatal injury,3,2,0,Angle,V1: Entering traffic lane / V2:Travelling straight ahead / V3:Slowing or stopped in traffic,V1:Westbound / V2:Southbound / V3:Northbound ,V1: Collision with motor vehicle in traffic / V2: Collision with motor vehicle in traffic / V3: Collision with motor vehicle in traffic ,"V1: Passenger car / V2:Light truck(van, mini-van, panel, pickup, sport utility) with only four tires / V3:Light truck(van, mini-van, panel, pickup, sport utility) with only four tires",Wet,Daylight,Cloudy,DORCHESTER AVENUE / DEVINE WAY,,,,,,236517.8501,897657.2336
3980011,BOSTON,03-Dec-2014,11:15 AM,Property damage only (none injured),2,0,0,Angle,V1: Travelling straight ahead / V2:Turning left,V1:Westbound / V2:Westbound ,V1: Collision with motor vehicle in traffic / V2: Collision with motor vehicle in traffic ,"V1: Light truck(van, mini-van, panel, pickup, sport utility) with only four tires / V2:Passenger car",Wet,Daylight,Rain,RAMP-SOLDIERS FIELD RD WB TO CAMBRIDGE S / CAMBRIDGE STREET / SOLDIERS FIELD FRONTAGE ROAD WB,,,,,,231514.4842,901235.6252
3985692,BOSTON,03-Dec-2014,11:29 AM,Property damage only (none injured),2,0,0,Angle,V1: Changing lanes / V2:Travelling straight ahead,V1:Southbound / V2:Southbound ,V1: Collision with motor vehicle in traffic / V2: Collision with motor vehicle in traffic ,"V1: Single-unit truck (2-axle, 6-tire) / V2:Light truck(van, mini-van, panel, pickup, sport utility) with only four tires",Wet,Daylight,Rain,,Rte 93 S,,Exit 23 on Rte 93 S,,,236856.2793,901152.8251
3988388,BOSTON,03-Dec-2014,2:23 PM,Property damage only (none injured),2,0,0,Rear-end,V1: Travelling straight ahead / V2:Travelling straight ahead,V1:Westbound / V2:Westbound ,V1: Collision with motor vehicle in traffic / V2: Collision with motor vehicle in traffic ,V1: Passenger car / V2:Passenger car,Wet,Daylight,Cloudy,,GALLIVAN BOULEVARD / DORCHESTER AVENUE,,,GALLIVAN BLVD @ DORCHESTER AVE,,235804.4062,892252.5627
4021923,BOSTON (ALLSTON),03-Dec-2014,3:29 PM,Property damage only (none injured),2,0,0,Head-on,V1: Travelling straight ahead / V2:Turning left,V1:Westbound / V2:Eastbound ,V1: Collision with motor vehicle in traffic / V2: Collision with motor vehicle in traffic ,"V1: Light truck(van, mini-van, panel, pickup, sport utility) with only four tires / V2:Passenger car",Wet,Dark - lighted roadway,Rain,COMMONWEALTH AVENUE / BABCOCK STREET,,,,,,231204.2967,900221.9999
3980020,BOSTON,03-Dec-2014,8:00 PM,Non-fatal injury,2,3,0,Rear-end,V1: Slowing or stopped in traffic / V2:Travelling straight ahead,V1:Southbound / V2:Southbound ,V1: Collision with motor vehicle in traffic / V2: Collision with motor vehicle in traffic ,"V1: Light truck(van, mini-van, panel, pickup, sport utility) with only four tires / V2:Passenger car",Wet,Dark - lighted roadway,Not Reported,,Rte 93 S,,Exit 12 on Rte 93 S,,,237620.5493,892713.0989
3987167,BOSTON,03-Dec-2014,8:16 PM,Property damage only (none injured),1,0,0,Single vehicle crash,V1: Travelling straight ahead,V1:Northbound ,V1: Collision with curb ,V1: Passenger car,Dry,Dark - lighted roadway,Clear,,TOMAHAWK DRIVE,,,,,238619.8663,901960.8523
4042822,BOSTON,04-Dec-2014,00:00 AM,Not Reported,2,0,0,"Sideswipe, same direction",V1: Travelling straight ahead / V2:Travelling straight ahead,V1:Not reported / V2:Not reported ,V1: Collision with parked motor vehicle / V2: Collision with motor vehicle in traffic ,V1: Passenger car / V2:Passenger car,Not reported,Not reported,Not Reported,TREMONT STREET / STUART STREET,,,,,,235847.0835,900157.3942
3984820,BOSTON,04-Dec-2014,8:03 AM,Property damage only (none injured),2,0,0,Rear-end,V1: Travelling straight ahead / V2:Slowing or stopped in traffic,V1:Eastbound / V2:Eastbound ,V1: Collision with motor vehicle in traffic / V2: Collision with motor vehicle in traffic ,V1: Passenger car / V2:Passenger car,Dry,Daylight,Clear,,Rte 90 E,,,,,235750.5848,899752.0839
3984821,BOSTON,04-Dec-2014,8:14 AM,Property damage only (none injured),2,0,0,Rear-end,V1: Travelling straight ahead / V2:Slowing or stopped in traffic,V1:Southbound / V2:Southbound ,V1: Collision with motor vehicle in traffic / V2: Collision with motor vehicle in traffic ,"V1: Light truck(van, mini-van, panel, pickup, sport utility) with only four tires / V2:Passenger car",Dry,Daylight,Cloudy,,Rte 93 S,Rte 93  S Milemarker 18.7,,ZAKIM BRIDGE,,235519.4834,902559.9226
3984822,BOSTON,04-Dec-2014,6:30 PM,Property damage only (none injured),2,0,0,Rear-end,V1: Slowing or stopped in traffic / V2:Travelling straight ahead,V1:Southbound / V2:Southbound ,V1: Collision with motor vehicle in traffic / V2: Collision with motor vehicle in traffic ,V1: Passenger car / V2:Passenger car,Dry,Dark - lighted roadway,Clear,INTERSTATE 93 Rte I93 S / LEVERETT CONNECTOR SOUTH,,,Exit 26 on Rte 93 S,,,234851.4114,903728.5153
3984228,BOSTON (DORCHESTER),05-Dec-2014,2:36 AM,Non-fatal injury,2,2,0,Single vehicle crash,V1: Travelling straight ahead / V2:Travelling straight ahead,V1:Northbound / V2:Eastbound ,V1: Not reported / V2: Not reported ,V1: Passenger car / V2:Unknown vehicle configuration,Dry,Dark - lighted roadway,Clear,GENEVA AVENUE / BOWDOIN STREET,,,,,,235337.1719,894858.1875
3984227,BOSTON,05-Dec-2014,6:22 AM,Not Reported,2,0,0,Single vehicle crash,V1: Unknown / V2:Not reported,V1:Not reported / V2:Not reported ,"V1: Collision with other fixed object (wall, building, tunnel, etc.) / V2: Not reported ",V1: Passenger car / V2:Unknown vehicle configuration,Dry,Daylight,Clear/Clear,,540 GALLIVAN BOULEVARD,,,,,236768.2491,892583.5776
3985380,BOSTON,05-Dec-2014,7:50 AM,Property damage only (none injured),2,0,0,Rear-end,V1: Slowing or stopped in traffic / V2:Slowing or stopped in traffic,V1:Westbound / V2:Westbound ,V1: Collision with other movable object / V2: Collision with other movable object ,"V1: Light truck(van, mini-van, panel, pickup, sport utility) with only four tires / V2:Passenger car",Dry,Daylight,Clear,,STORROW DRIVE / DAVID G MUGAR WAY Rte 28 S,,,,,235149.8538,900753.2667
3994261,BOSTON,05-Dec-2014,7:50 AM,Property damage only (none injured),2,0,0,Rear-end,V1: Slowing or stopped in traffic / V2:Travelling straight ahead,V1:Southbound / V2:Southbound ,V1: Collision with motor vehicle in traffic / V2: Collision with motor vehicle in traffic ,"V1: Light truck(van, mini-van, panel, pickup, sport utility) with only four tires / V2:Light truck(van, mini-van, panel, pickup, sport utility) with only four tires",Dry,Daylight,Clear,,Rte 93,,Exit 11 on Rte 93,RTE 93 SB NORTH OF #11,,237076.8671,891681.5326
3994262,BOSTON,05-Dec-2014,7:50 AM,Property damage only (none injured),2,0,0,Rear-end,V1: Slowing or stopped in traffic / V2:Travelling straight ahead,V1:Southbound / V2:Southbound ,V1: Collision with motor vehicle in traffic / V2: Collision with motor vehicle in traffic ,"V1: Light truck(van, mini-van, panel, pickup, sport utility) with only four tires / V2:Passenger car",Dry,Daylight,Clear,,Rte 93,,Exit 11 on Rte 93,RTE 93 SB NORTH OF #11,,237076.8671,891681.5326
3984823,BOSTON,05-Dec-2014,8:39 AM,Property damage only (none injured),3,0,0,Rear-end,V1: Slowing or stopped in traffic / V2:Travelling straight ahead / V3:Travelling straight ahead,V1:Southbound / V2:Southbound / V3:Southbound ,V1: Collision with motor vehicle in traffic / V2: Collision with motor vehicle in traffic / V3: Collision with motor vehicle in traffic ,"V1: Passenger car / V2:Passenger car / V3:Light truck(van, mini-van, panel, pickup, sport utility) with only four tires",Dry,Daylight,Clear,,JOHN F FITZGERALD EXPRESSWAY Rte 93 S,,,AT MASS AVE CONT,,235814.2369,898413.1714
3987672,BOSTON,05-Dec-2014,9:40 AM,Property damage only (none injured),2,0,0,Angle,V1: Travelling straight ahead / V2:Turning left,V1:Northbound / V2:Northbound ,V1: Collision with motor vehicle in traffic / V2: Collision with motor vehicle in traffic ,"V1: Light truck(van, mini-van, panel, pickup, sport utility) with only four tires / V2:Passenger car",Dry,Daylight,Clear,,ARBORWAY / POND STREET,,,ARBORWAY @ POND ST.,,231106.4714,895863.072
3984226,BOSTON (DORCHESTER),05-Dec-2014,11:06 AM,Property damage only (none injured),1,0,0,Not reported,V1: Travelling straight ahead,V1:Not reported ,V1: Collision with fence ,V1: Passenger car,Not reported,Not reported,Not Reported,,16 EAST STREET,,,,,236521.0818,900197.838
3994263,BOSTON,05-Dec-2014,1:35 PM,Property damage only (none injured),2,0,0,"Sideswipe, same direction",V1: Travelling straight ahead / V2:Travelling straight ahead,V1:Southbound / V2:Southbound ,V1: Collision with motor vehicle in traffic / V2: Collision with motor vehicle in traffic ,V1: Passenger car / V2:Passenger car,Dry,Daylight,Clear,,JOHN F FITZGERALD EXPRESSWAY Rte 93 S,,,RTE 93 SB AT DORCHESTER YACHT CL,,236769.2832,895218.4891
4020507,BOSTON (ROXBURY),05-Dec-2014,5:05 PM,Property damage only (none injured),2,0,0,Angle,V1: Travelling straight ahead / V2:Turning left,V1:Not reported / V2:Not reported ,V1: Collision with motor vehicle in traffic / V2: Collision with motor vehicle in traffic ,V1: Passenger car / V2:Passenger car,Dry,Dark - lighted roadway,Clear/Clear,DUDLEY STREET / SHIRLEY STREET,,,,,,235169.8124,897048.6249
3982423,BOSTON,05-Dec-2014,10:40 PM,Property damage only (none injured),2,0,0,Angle,V1: Travelling straight ahead / V2:Travelling straight ahead,V1:Eastbound / V2:Southbound ,V1: Collision with motor vehicle in traffic / V2: Collision with motor vehicle in traffic ,"V1: Light truck(van, mini-van, panel, pickup, sport utility) with only four tires / V2:Bus (seats for 7-15 people, including driver)",Wet,Dark - lighted roadway,Rain,,COMMONWEALTH AVENUE / CHARLESGATE EAST,,,,,233649.9732,899935.8523
3994264,BOSTON,05-Dec-2014,11:14 PM,Non-fatal injury,2,2,0,Head-on,V1: Turning left / V2:Travelling straight ahead,V1:Eastbound / V2:Westbound ,V1: Collision with motor vehicle in traffic / V2: Collision with motor vehicle in traffic ,"V1: Light truck(van, mini-van, panel, pickup, sport utility) with only four tires / V2:Passenger car",Wet,Dark - lighted roadway,Cloudy/Rain,,GALLIVAN BOULEVARD Rte UNKNOW / DORCHESTER AVENUE,,,,,235804.4062,892252.5627
3984894,BOSTON,05-Dec-2014,11:20 PM,Property damage only (none injured),1,0,0,Single vehicle crash,V1: Travelling straight ahead,V1:Southbound ,V1: Collision with motor vehicle in traffic ,V1: Passenger car,Wet,Dark - roadway not lighted,Rain,GRANITE AVENUE / GALLIVAN BOULEVARD Rte SR203 E / ADAMS STREET,,,,,,236643.2967,892556.1249
3984895,BOSTON,06-Dec-2014,00:00 AM,Property damage only (none injured),1,0,0,Single vehicle crash,V1: Leaving traffic lane,V1:Southbound ,V1: Collision with guardrail ,"V1: Light truck(van, mini-van, panel, pickup, sport utility) with only four tires",Wet,Dark - lighted roadway,Rain,,Rte 93 S / UNKNOWN,,Exit 15 on Rte 93 S,,,236629.6253,897168.5001
4013216,BOSTON,06-Dec-2014,00:00 AM,Property damage only (none injured),1,0,0,Unknown,V1: Unknown,V1:Westbound ,V1: Overturn/rollover ,"V1: Light truck(van, mini-van, panel, pickup, sport utility) with only four tires",Wet,Dark - lighted roadway,Cloudy/Rain,,450 SOUTH STREET,,,,,231091.0001,893755.6262
4022167,BOSTON,06-Dec-2014,1:19 AM,Non-fatal injury,1,1,0,Single vehicle crash,V1: Turning left,V1:Eastbound ,V1: Collision with pedestrian ,V1: Passenger car,Wet,Dark - roadway not lighted,Rain,WASHINGTON STREET / FOSTER STREET,,,,,P2:Pedestrian,228254.4844,899900.5627
3984824,BOSTON,06-Dec-2014,6:56 AM,Property damage only (none injured),1,0,0,Single vehicle crash,V1: Travelling straight ahead,V1:Westbound ,V1: Collision with motor vehicle in traffic ,V1: Passenger car,Wet,Daylight,Rain,,Rte 90 W / UNKNOWN,,Exit 25 on Rte 90 W,RAMP D,,238090.4393,899691.5691
3984825,BOSTON,06-Dec-2014,10:21 AM,Property damage only (none injured),2,0,0,Angle,V1: Travelling straight ahead / V2:Turning left,V1:Northbound / V2:Northbound ,V1: Collision with motor vehicle in traffic / V2: Collision with motor vehicle in traffic ,V1: Passenger car / V2:Passenger car,Wet,Daylight,Rain,,MASSACHUSETTS AVENUE CONNECTOR / MASSACHUSETTS AVENUE CONNECTOR,,,AT MASS AVE CONN,,235864.5074,898418.7236
3985909,BOSTON,06-Dec-2014,10:25 AM,Property damage only (none injured),2,0,0,Angle,V1: Travelling straight ahead / V2:Entering traffic lane,V1:Not reported / V2:Not reported ,V1: Collision with motor vehicle in traffic / V2: Collision with motor vehicle in traffic ,V1: Passenger car / V2:Passenger car,Wet,Daylight,Cloudy/Rain,,JAMES SHEA CIRCLE / MORTON STREET Rte 203 W,,,,,232472.9719,894524.6997
3984887,BOSTON,06-Dec-2014,11:45 AM,Property damage only (none injured),1,0,0,Single vehicle crash,V1: Travelling straight ahead,V1:Westbound ,V1: Collision with guardrail ,V1: Passenger car,Wet,Daylight,Cloudy/Rain,,SOLDIERS FIELD ROAD / STORROW DRIVE,,,BU BRIDGE,,232043.3185,900232.3275
3984837,BOSTON,06-Dec-2014,11:57 AM,Property damage only (none injured),2,0,0,"Sideswipe, same direction",V1: Entering traffic lane / V2:Entering traffic lane,V1:Southbound / V2:Southbound ,V1: Collision with motor vehicle in traffic / V2: Collision with motor vehicle in traffic ,"V1: Light truck(van, mini-van, panel, pickup, sport utility) with only four tires / V2:Passenger car",Wet,Daylight,Rain,,RAMP-RT 93 SB/PURCHASE ST TO RTS 93 SB/3 / JOHN F FITZGERALD EXPRESSWAY Rte 93 S,,,,,236204.5407,899705.2881
3987135,BOSTON,06-Dec-2014,12:05 PM,Property damage only (none injured),2,0,0,Rear-end,V1: Slowing or stopped in traffic / V2:Travelling straight ahead,V1:Westbound / V2:Westbound ,V1: Collision with motor vehicle in traffic / V2: Collision with motor vehicle in traffic ,"V1: Passenger car / V2:Light truck(van, mini-van, panel, pickup, sport utility) with only four tires",Wet,Daylight,Rain,,MASSACHUSETTS TURNPIKE Rte 90 W,,Exit 2 on Rte 90 W,,"P3:Other non-motorist (wheelchair, etc.)",231154.6204,900846.9079
3987214,BOSTON,06-Dec-2014,12:27 PM,Property damage only (none injured),2,0,0,Angle,V1: Travelling straight ahead / V2:Travelling straight ahead,V1:Westbound / V2:Southbound ,V1: Collision with motor vehicle in traffic / V2: Collision with motor vehicle in traffic ,"V1: Light truck(van, mini-van, panel, pickup, sport utility) with only four tires / V2:Light truck(van, mini-van, panel, pickup, sport utility) with only four tires",Wet,Daylight,Cloudy,,BIRMINGHAM PARKWAY Rte UNKNOW / MARKET STREET,,,,,229043.7386,900988.2166
4020516,BOSTON (ROXBURY),06-Dec-2014,1:15 PM,Non-fatal injury,3,1,0,Rear-to-rear,V1: Travelling straight ahead / V2:Parked / V3:Parked,V1:Southbound / V2:Not reported / V3:Not reported ,V1: Collision with parked motor vehicle / V2: Collision with motor vehicle in traffic / V3: Collision with parked motor vehicle ,V1: Passenger car / V2:Passenger car / V3:Passenger car,Wet,Daylight,Rain,,91 BLUE HILL AVENUE,,,,,234850.1834,896923.6075
4030376,BOSTON (MATTAPAN),06-Dec-2014,1:42 PM,Non-fatal injury,2,1,0,Rear-end,V1: Slowing or stopped in traffic / V2:Travelling straight ahead,V1:Northbound / V2:Not reported ,V1: Collision with parked motor vehicle / V2: Collision with parked motor vehicle ,V1: Passenger car / V2:Passenger car,Wet,Daylight,Cloudy/Rain,BLUE HILL AVENUE / FESSENDEN STREET,,,,,,233569.5001,892171.0625
3994099,BOSTON (WEST ROXBURY),06-Dec-2014,4:10 PM,Not Reported,2,0,0,Not reported,V1: Travelling straight ahead / V2:Travelling straight ahead,V1:Not reported / V2:Not reported ,V1: Collision with motor vehicle in traffic / V2: Collision with motor vehicle in traffic ,V1: Passenger car / V2:Passenger car,Not reported,Not reported,Not Reported,CENTRE STREET / SPRING STREET,,,,,,228037.5157,892032.6249
3985721,BOSTON,06-Dec-2014,4:12 PM,Non-fatal injury,3,1,0,Rear-end,V1: Travelling straight ahead / V2:Slowing or stopped in traffic / V3:Slowing or stopped in traffic,V1:Northbound / V2:Northbound / V3:Northbound ,V1: Collision with motor vehicle in traffic / V2: Collision with motor vehicle in traffic / V3: Collision with motor vehicle in traffic ,"V1: Passenger car / V2:Light truck(van, mini-van, panel, pickup, sport utility) with only four tires / V3:Passenger car",Wet,Dusk,Rain,,NEPONSET AVENUE Rte 3A N / QUINCY SHORE DRIVE Rte 3A N,,,THE NEPONSET BRIDGE INBOUND,,237915.2761,892810.7511
3983225,BOSTON,06-Dec-2014,5:45 PM,Property damage only (none injured),2,0,0,Head-on,V1: Turning left / V2:Travelling straight ahead,V1:Westbound / V2:Eastbound ,V1: Collision with motor vehicle in traffic / V2: Collision with motor vehicle in traffic ,V1: Passenger car / V2:Passenger car,Wet,Dark - lighted roadway,Cloudy/Rain,,VETERANS OF FOREIGN WARS PARKWAY Rte UNKNOW / BAKER STREET,,,,,227086.7657,893107.1877
3987673,BOSTON,06-Dec-2014,6:12 PM,Property damage only (none injured),2,0,0,Angle,V1: Travelling straight ahead / V2:Travelling straight ahead,V1:Westbound / V2:Westbound ,V1: Collision with motor vehicle in traffic / V2: Collision with motor vehicle in traffic ,V1: Passenger car / V2:Passenger car,Wet,Dark - lighted roadway,Rain,PARK DRIVE / BROOKLINE AVENUE,,,,,,232742.1496,899278.3204
3984826,BOSTON,06-Dec-2014,6:36 PM,Not Reported,1,0,0,Single vehicle crash,V1: Turning left,V1:Southbound ,V1: Collision with median barrier ,V1: Passenger car,Wet,Dark - lighted roadway,Rain,,RAMP-RTS 93 SB/3 SB TO CALLAHAN TUNNEL,,Exit 24 on Rte 93 S,,,236628.9511,901340.5462
3984898,BOSTON,06-Dec-2014,7:50 PM,Property damage only (none injured),1,0,0,Single vehicle crash,V1: Travelling straight ahead,V1:Southbound ,V1: Collision with median barrier ,V1: Passenger car,Wet,Dark - lighted roadway,Rain,,Rte 93 S / UNKNOWN,,Exit 15 on Rte 93 S,,,236629.6253,897168.5001
3984899,BOSTON,06-Dec-2014,8:20 PM,Non-fatal injury,2,2,0,Rear-end,V1: Slowing or stopped in traffic / V2:Slowing or stopped in traffic,V1:Southbound / V2:Southbound ,V1: Collision with motor vehicle in traffic / V2: Collision with motor vehicle in traffic ,"V1: Light truck(van, mini-van, panel, pickup, sport utility) with only four tires / V2:Passenger car",Wet,Dark - lighted roadway,Cloudy/Rain,,OLD COLONY AVENUE,,,,,236912.4456,896889.2959
3984900,BOSTON,06-Dec-2014,9:37 PM,Property damage only (none injured),1,0,0,Single vehicle crash,V1: Travelling straight ahead,V1:Southbound ,V1: Collision with curb ,"V1: Light truck(van, mini-van, panel, pickup, sport utility) with only four tires",Wet,Dark - lighted roadway,Cloudy/Rain,,Rte 93 S / UNKNOWN,,Exit 12 on Rte 93 S,,,237620.5493,892713.0989
3984901,BOSTON,06-Dec-2014,10:31 PM,Property damage only (none injured),1,0,0,Single vehicle crash,V1: Travelling straight ahead,V1:Southbound ,V1: Collision with median barrier ,V1: Passenger car,Wet,Dark - lighted roadway,Not Reported,,Rte 93 S / UNKNOWN,,Exit 15 on Rte 93 S,,,236629.6253,897168.5001
4016725,BOSTON,06-Dec-2014,11:36 PM,Non-fatal injury,1,1,0,Single vehicle crash,V1: Travelling straight ahead,V1:Northbound ,V1: Collision with pedestrian ,"V1: Light truck(van, mini-van, panel, pickup, sport utility) with only four tires",Wet,Dark - lighted roadway,Rain,,CHARLES STREET Rte UNKNOW / 215,,,LIBERTY HOTEL,P2:Pedestrian,235364.607,901318.2047
3981772,BOSTON,07-Dec-2014,00:00 AM,Property damage only (none injured),1,0,0,Single vehicle crash,V1: Travelling straight ahead,V1:Westbound ,V1: Collision with guardrail ,V1: Passenger car,Wet,Dark - lighted roadway,Rain,,SOLDIERS FIELD ROAD / RAMP-SOLDIERS FIELD RD WB TO CAMBRIDGE S,,,PRIOR TO DOUBLE TREE,,231516.1543,901059.8094
3981477,BOSTON,07-Dec-2014,1:34 AM,Property damage only (none injured),2,0,0,Angle,V1: Travelling straight ahead / V2:Travelling straight ahead,V1:Eastbound / V2:Northbound ,V1: Collision with motor vehicle in traffic / V2: Collision with motor vehicle in traffic ,"V1: Passenger car / V2:Light truck(van, mini-van, panel, pickup, sport utility) with only four tires",Wet,Dark - lighted roadway,Cloudy,,MORTON STREET Rte UNKNOW / BLUE HILL AVENUE,,,,,233701.9844,892720.8122
3984827,BOSTON,07-Dec-2014,2:15 AM,Property damage only (none injured),3,0,0,Rear-end,V1: Slowing or stopped in traffic / V2:Travelling straight ahead / V3:Travelling straight ahead,V1:Northbound / V2:Northbound / V3:Northbound ,V1: Collision with motor vehicle in traffic / V2: Collision with motor vehicle in traffic / V3: Collision with motor vehicle in traffic ,"V1: Passenger car / V2:Passenger car / V3:Light truck(van, mini-van, panel, pickup, sport utility) with only four tires",Dry,Dark - lighted roadway,Cloudy,,RAMP-RT 99 (NEW RUTHERFORD AVE) TO RT 1 / NEW RUTHERFORD AVENUE Rte 99 S,,,RAMP FROM RUTHERFORD AVE,,235789.586,902318.2101
3984828,BOSTON,07-Dec-2014,2:36 AM,Property damage only (none injured),2,0,0,Rear-end,V1: Slowing or stopped in traffic / V2:Travelling straight ahead,V1:Eastbound / V2:Eastbound ,V1: Collision with motor vehicle in traffic / V2: Collision with motor vehicle in traffic ,"V1: Light truck(van, mini-van, panel, pickup, sport utility) with only four tires / V2:Light truck(van, mini-van, panel, pickup, sport utility) with only four tires",Wet,Dark - lighted roadway,Rain,,MASSACHUSETTS AVENUE CONNECTOR / MASSACHUSETTS AVENUE CONNECTOR,,,CONNECTOR,,235859.1376,898413.8603
3985718,BOSTON,07-Dec-2014,3:45 AM,Property damage only (none injured),1,0,0,Single vehicle crash,V1: Travelling straight ahead,V1:Westbound ,V1: Collision with light pole or other post/support ,V1: Passenger car,Wet,Dark - lighted roadway,Rain,,NONANTUM ROAD / BROOKS STREET,,,,,227893.8746,900926.2354
4013211,BOSTON (JAMAICA PLAIN),07-Dec-2014,5:20 AM,Not Reported,2,0,0,Not reported,V1: Not reported / V2:Not reported,V1:Not reported / V2:Not reported ,V1: Not reported / V2: Not reported ,V1: Passenger car / V2:Passenger car,Not reported,Not reported,Not Reported,GREEN STREET / AMORY STREET,,,,,,232400.5939,895627.8751
3984888,BOSTON,07-Dec-2014,1:45 PM,Property damage only (none injured),2,0,0,Angle,V1: Turning left / V2:Turning left,V1:Westbound / V2:Westbound ,V1: Collision with motor vehicle in traffic / V2: Collision with motor vehicle in traffic ,"V1: Light truck(van, mini-van, panel, pickup, sport utility) with only four tires / V2:Light truck(van, mini-van, panel, pickup, sport utility) with only four tires",Dry,Daylight,Clear,RAMP-SOLDIERS FIELD RD WB TO CAMBRIDGE S / CAMBRIDGE STREET / SOLDIERS FIELD FRONTAGE ROAD WB,,,,CAMBRIDGE STREET,,231514.4842,901235.6252
3984880,BOSTON,08-Dec-2014,2:35 AM,Property damage only (none injured),2,0,0,Rear-end,V1: Slowing or stopped in traffic / V2:Travelling straight ahead,V1:Eastbound / V2:Eastbound ,V1: Collision with motor vehicle in traffic / V2: Collision with motor vehicle in traffic ,"V1: Light truck(van, mini-van, panel, pickup, sport utility) with only four tires / V2:Light truck(van, mini-van, panel, pickup, sport utility) with only four tires",Dry,Dark - lighted roadway,Cloudy,BACK STREET / BERKELEY STREET / RAMP-BERKELEY ST TO STORROW DR EB (RT 28,,,,,,235009.6998,900623.457
4013212,BOSTON (JAMAICA PLAIN),08-Dec-2014,6:30 AM,Not Reported,1,0,0,Not reported,V1: Turning left,V1:Eastbound ,V1: Collision with pedestrian ,V1: Passenger car,Not reported,Not reported,Not Reported,ALLANDALE STREET / CENTRE STREET,,,,HOSPITAL,P2:Pedestrian,230680.2344,894475.3124
3982424,BOSTON,08-Dec-2014,6:46 AM,Property damage only (none injured),1,0,0,Single vehicle crash,V1: Travelling straight ahead,V1:Eastbound ,V1: Collision with overhead sign support ,"V1: Single-unit truck (2-axle, 6-tire)",Dry,Daylight,Cloudy,,SOLDIERS FIELD ROAD / WESTERN AVENUE,,,,,229145.3959,901286.0789
3985757,BOSTON,08-Dec-2014,8:00 AM,Property damage only (none injured),3,0,0,Angle,V1: Making U-turn / V2:Travelling straight ahead / V3:Travelling straight ahead,V1:Northbound / V2:Southbound / V3:Southbound ,V1: Collision with motor vehicle in traffic / V2: Collision with motor vehicle in traffic / V3: Collision with motor vehicle in traffic ,V1: Passenger car / V2:Passenger car / V3:Passenger car,Dry,Daylight,Cloudy,,RIVERWAY,,,,,232435.2681,899162.7004
3986682,BOSTON (DORCHESTER),08-Dec-2014,8:17 AM,Property damage only (none injured),2,0,0,"Sideswipe, same direction",V1: Turning right / V2:Parked,V1:Northbound / V2:Not reported ,V1: Collision with parked motor vehicle / V2: Not reported ,"V1: Bus (seats for more than 15 people, including driver) / V2:Passenger car",Wet,Daylight,Snow,DORCHESTER AVENUE / DEWAR STREET,,,,,,236448.9687,895591.6249
3989543,BOSTON,08-Dec-2014,9:05 AM,Non-fatal injury,3,2,0,Angle,V1: Turning left / V2:Travelling straight ahead / V3:Slowing or stopped in traffic,V1:Southbound / V2:Eastbound / V3:Northbound ,V1: Collision with motor vehicle in traffic / V2: Collision with motor vehicle in traffic / V3: Collision with motor vehicle in traffic ,"V1: Passenger car / V2:Light truck(van, mini-van, panel, pickup, sport utility) with only four tires / V3:Passenger car",Dry,Daylight,Clear,MORTON STREET / HARVARD STREET,,,,,,233493.5311,893100.9999
3988032,BOSTON,08-Dec-2014,9:40 AM,Property damage only (none injured),2,0,0,"Sideswipe, same direction",V1: Travelling straight ahead / V2:Entering traffic lane,V1:Eastbound / V2:Eastbound ,V1: Collision with motor vehicle in traffic / V2: Collision with motor vehicle in traffic ,"V1: Light truck(van, mini-van, panel, pickup, sport utility) with only four tires / V2:Light truck(van, mini-van, panel, pickup, sport utility) with only four tires",Dry,Daylight,Clear,CHARLES STREET Rte SR3A S / STORROW DRIVE Rte SR3A S,,,,BLOSSOM STREET,,235498.539,901758.7361
3990949,BOSTON,08-Dec-2014,1:30 PM,Property damage only (none injured),1,0,0,Single vehicle crash,V1: Travelling straight ahead,V1:Northbound ,V1: Collision with tree ,V1: Passenger car,Wet,Daylight,Not Reported,,JAMAICAWAY / ELIOT STREET,,,,,231369.4574,895998.9411