Crash Number,City/Town Name,Crash Date,Crash Time,Crash Severity,Number of Vehicles,Total Nonfatal Injuries,Total Fatal Injuries,Manner of Collision,Vehicle Action Prior to Crash,Vehicle Travel Directions,Most Harmful Events,Vehicle Configuration,Road Surface Condition,Ambient Light,Weather Condition,At Roadway Intersection,Distance from Nearest Roadway Intersection,Distance from Nearest Milemarker,Distance from Nearest Exit,Distance from Nearest Landmark,Non Motorist Type,X Coordinate,Y Coordinate
3984912,BOSTON,08-Dec-2014,2:48 PM,Non-fatal injury,2,1,0,Angle,V1: Travelling straight ahead / V2:Travelling straight ahead,V1:Northbound / V2:Northbound ,V1: Collision with motor vehicle in traffic / V2: Collision with motor vehicle in traffic ,V1: Passenger car / V2:Passenger car,Wet,Daylight,Not Reported,ARBORWAY Rte SR203 W / ARBORWAY / MONSIGNOR CASEY HIGHWAY Rte SR203 W,,,,ARBORWAY,,231508.7155,894764.1505
3983410,BOSTON,08-Dec-2014,4:00 PM,Property damage only (none injured),2,0,0,"Sideswipe, same direction",V1: Travelling straight ahead / V2:Turning right,V1:Eastbound / V2:Eastbound ,V1: Collision with motor vehicle in traffic / V2: Collision with motor vehicle in traffic ,"V1: Light truck(van, mini-van, panel, pickup, sport utility) with only four tires / V2:Light truck(van, mini-van, panel, pickup, sport utility) with only four tires",Wet,Dusk,Not Reported,,COLUMBIA ROAD / DORCHESTER AVENUE,,,,,236535.6564,896787.6252
3984902,BOSTON,08-Dec-2014,5:00 PM,Property damage only (none injured),3,0,0,Rear-end,V1: Travelling straight ahead / V2:Travelling straight ahead / V3:Travelling straight ahead,V1:Southbound / V2:Southbound / V3:Southbound ,V1: Collision with motor vehicle in traffic / V2: Collision with motor vehicle in traffic / V3: Collision with motor vehicle in traffic ,"V1: Passenger car / V2:Passenger car / V3:Light truck(van, mini-van, panel, pickup, sport utility) with only four tires",Wet,Dusk,Snow,,Rte 93 / UNKNOWN,,Exit 15 on Rte 93,,,236629.6253,897168.5001
4020491,BOSTON (DORCHESTER),08-Dec-2014,9:34 PM,Not Reported,3,0,0,Angle,V1: Unknown / V2:Slowing or stopped in traffic / V3:Slowing or stopped in traffic,V1:Not reported / V2:Not reported / V3:Not reported ,V1: Collision with parked motor vehicle / V2: Collision with motor vehicle in traffic / V3: Collision with motor vehicle in traffic ,"V1: Passenger car / V2:Passenger car / V3:Light truck(van, mini-van, panel, pickup, sport utility) with only four tires",Wet,Dark - lighted roadway,Snow,,52 HUMPHREYS STREET,,,,,235666.0665,896581.7524
3985384,BOSTON,08-Dec-2014,10:45 PM,Non-fatal injury,2,1,0,"Sideswipe, same direction",V1: Travelling straight ahead / V2:Changing lanes,V1:Northbound / V2:Northbound ,V1: Collision with motor vehicle in traffic / V2: Collision with motor vehicle in traffic ,"V1: Passenger car / V2:Light truck(van, mini-van, panel, pickup, sport utility) with only four tires",Dry,Dark - lighted roadway,Clear,,Rte 93 N / UNKNOWN,,Exit 16 on Rte 93 N,,,236403.9842,897524.312
4041063,BOSTON (JAMAICA PLAIN),09-Dec-2014,9:32 AM,Non-fatal injury,2,1,0,Rear-end,V1: Turning left / V2:Travelling straight ahead,V1:Northbound / V2:Northbound ,V1: Not reported / V2: Not reported ,V1: Passenger car / V2:Passenger car,Wet,Daylight,Cloudy/Rain,,44 ALLANDALE STREET,,,,,230502.4799,894564.9498
3984903,BOSTON,09-Dec-2014,4:28 PM,Property damage only (none injured),2,0,0,Rear-end,V1: Travelling straight ahead / V2:Slowing or stopped in traffic,V1:Northbound / V2:Northbound ,V1: Collision with motor vehicle in traffic / V2: Collision with motor vehicle in traffic ,V1: Passenger car / V2:Passenger car,Wet,Dark - lighted roadway,Rain,,WILLIAM T MORRISSEY BOULEVARD / DOMINIC J BIANCULLI BOULEVARD,,,,,237371.0963,895999.119
4043392,BOSTON,09-Dec-2014,4:37 PM,Not Reported,1,0,0,Single vehicle crash,V1: Travelling straight ahead,V1:Not reported ,V1: Not reported ,V1: Passenger car,Wet,Dark - lighted roadway,Rain/Severe crosswinds,,199 FIFTH AVENUE,,,,P2:Pedestrian,236913.5062,903212.7337
4020490,BOSTON,09-Dec-2014,6:00 PM,Non-fatal injury,2,1,0,Rear-end,V1: Slowing or stopped in traffic / V2:Travelling straight ahead,V1:Not reported / V2:Not reported ,V1: Collision with motor vehicle in traffic / V2: Collision with motor vehicle in traffic ,V1: Passenger car / V2:Passenger car,Wet,Dark - lighted roadway,Rain,HUMBOLDT AVENUE / HUTCHINGS STREET,,,,,,233711.0937,895710.7499
3984881,BOSTON,09-Dec-2014,6:31 PM,Property damage only (none injured),3,0,0,Rear-end,V1: Changing lanes / V2:Slowing or stopped in traffic / V3:Slowing or stopped in traffic,V1:Eastbound / V2:Eastbound / V3:Eastbound ,V1: Collision with motor vehicle in traffic / V2: Collision with motor vehicle in traffic / V3: Collision with motor vehicle in traffic ,V1: Passenger car / V2:Passenger car / V3:Passenger car,Wet,Dark - lighted roadway,Rain,,COMMONWEALTH AVENUE Rte UNKNOW / CHARLESGATE EAST,,,,,233649.9732,899935.8523
3983210,BOSTON,09-Dec-2014,8:18 PM,Property damage only (none injured),2,0,0,Rear-end,V1: Travelling straight ahead / V2:Travelling straight ahead,V1:Northbound / V2:Northbound ,V1: Collision with motor vehicle in traffic / V2: Collision with motor vehicle in traffic ,V1: Passenger car / V2:Passenger car,Wet,Dark - lighted roadway,Rain,,TEMPORARY RAMP Rte 1 N / MAURICE TOBIN BRIDGE,,,TOBIN BRIDGE,,235848.1406,902282.2336
4027600,BOSTON,09-Dec-2014,11:00 PM,Not Reported,1,0,0,Single vehicle crash,V1: Travelling straight ahead,V1:Not reported ,V1: Collision with work zone maintenance equipment ,V1: Passenger car,Wet,Dark - lighted roadway,Rain/Severe crosswinds,,RUTHERFORD AVENUE,,,,,,
3987216,BOSTON,09-Dec-2014,11:40 PM,Property damage only (none injured),1,0,0,Single vehicle crash,V1: Travelling straight ahead,V1:Westbound ,V1: Collision with guardrail ,V1: Passenger car,Dry,Dark - lighted roadway,Clear,,102 feet W from Intersection SOLDIERS FIELD ROAD / STORROW DRIVE,,,BU BRIDGE,,232053.8072,900231.4884
3984830,BOSTON,10-Dec-2014,00:00 AM,Property damage only (none injured),1,0,0,Single vehicle crash,V1: Entering traffic lane,V1:Southbound ,V1: Collision with median barrier ,V1: Passenger car,Wet,Dark - lighted roadway,Rain,JOHN F FITZGERALD EXPRESSWAY Rte SR3A S / RAMP-SURFACE ARTERY TO RTS 93 SB/3 SB,,,,RAMP FROM SURFACE ROAD,,236268.7948,899989.2841
3984831,BOSTON,10-Dec-2014,2:00 AM,Non-fatal injury,1,1,0,Single vehicle crash,V1: Travelling straight ahead,V1:Eastbound ,V1: Collision with guardrail ,V1: Passenger car,Wet,Dark - lighted roadway,Rain,MASSACHUSETTS AVENUE CONNECTOR / FRONTAGE ROAD,,,,FROM MASS AVE CONNECTOR EB,,235865.0173,898419.1854
3982663,BOSTON,10-Dec-2014,2:39 AM,Property damage only (none injured),1,0,0,Single vehicle crash,V1: Turning left,V1:Southbound ,V1: Collision with guardrail ,V1: Passenger car,Wet,Dark - lighted roadway,Rain,,Rte 93 S,,Exit 18 on Rte 93 S,,,236013.2783,899092.9981
3984832,BOSTON,10-Dec-2014,3:26 AM,Property damage only (none injured),1,0,0,Single vehicle crash,V1: Travelling straight ahead,V1:Southbound ,V1: Collision with median barrier ,V1: Passenger car,"Water (standing, moving)",Dark - lighted roadway,Rain/Severe crosswinds,,JOHN F FITZGERALD EXPRESSWAY Rte 93 S / JOHN F FITZGERALD EXPRESSWAY Rte 3 S,,,SOUTHAMPTON STREET,,236150.5086,897856.5233
3984913,BOSTON,10-Dec-2014,7:37 AM,Property damage only (none injured),3,0,0,Angle,V1: Turning left / V2:Travelling straight ahead / V3:Slowing or stopped in traffic,V1:Westbound / V2:Eastbound / V3:Northbound ,V1: Collision with motor vehicle in traffic / V2: Collision with motor vehicle in traffic / V3: Collision with motor vehicle in traffic ,V1: Passenger car / V2:Passenger car / V3:Passenger car,Wet,Daylight,Rain,,MORTON STREET Rte UNKNOW / HARVARD STREET,,,,,233493.5311,893100.9999
3996486,BOSTON (BRIGHTON),10-Dec-2014,8:30 AM,Property damage only (none injured),2,0,0,"Sideswipe, same direction",V1: Travelling straight ahead / V2:Turning left,V1:Westbound / V2:Westbound ,V1: Collision with motor vehicle in traffic / V2: Collision with motor vehicle in traffic ,"V1: Passenger car / V2:Unknown heavy truck, cannot classify",Wet,Daylight,Rain,,COMMONWEALTH AVENUE,,,20 feet N from BRIGHTON CAMPUS,,,
3985386,BOSTON,10-Dec-2014,11:13 AM,Property damage only (none injured),2,0,0,Rear-end,V1: Slowing or stopped in traffic / V2:Travelling straight ahead,V1:Northbound / V2:Northbound ,V1: Collision with motor vehicle in traffic / V2: Collision with motor vehicle in traffic ,V1: Passenger car / V2:Passenger car,Wet,Daylight,Rain,WILLIAM T MORRISSEY BOULEVARD / RAMP-RTS 93 NB/3 NB TO MORRISSEY BLVD,,,,BOTTOM OF THE OFFRAMP FROM RT. 9,,237259.4913,894834.6611
3989973,BOSTON,10-Dec-2014,12:20 PM,Non-fatal injury,2,1,0,Rear-end,V1: Backing / V2:Slowing or stopped in traffic,V1:Southbound / V2:Northbound ,V1: Collision with motor vehicle in traffic / V2: Collision with motor vehicle in traffic ,"V1: Single-unit truck (2-axle, 6-tire) / V2:Passenger car",Wet,Daylight,Rain,,OLD COLONY AVENUE,,,OLD COLONY AVE,,236919.8707,896902.8736
3984833,BOSTON,10-Dec-2014,4:30 PM,Property damage only (none injured),2,0,0,Rear-end,V1: Slowing or stopped in traffic / V2:Slowing or stopped in traffic,V1:Southbound / V2:Southbound ,V1: Collision with motor vehicle in traffic / V2: Collision with motor vehicle in traffic ,"V1: Light truck(van, mini-van, panel, pickup, sport utility) with only four tires / V2:Passenger car",Wet,Dark - lighted roadway,Cloudy,,Rte 93 S / UNKNOWN,,Exit 26 on Rte 93 S,,,234851.4113,903728.5151
3984883,BOSTON,10-Dec-2014,6:27 PM,Property damage only (none injured),2,0,0,Rear-end,V1: Slowing or stopped in traffic / V2:Travelling straight ahead,V1:Northbound / V2:Northbound ,V1: Collision with motor vehicle in traffic / V2: Collision with motor vehicle in traffic ,V1: Passenger car / V2:Passenger car,Wet,Dark - lighted roadway,Cloudy/Rain,FENWAY / WESTLAND ENTRANCE,,,,,,233723.459,899400.5184
4013208,BOSTON (JAMAICA PLAIN),10-Dec-2014,7:52 PM,Property damage only (none injured),2,0,0,Unknown,V1: Not reported / V2:Not reported,V1:Not reported / V2:Not reported ,V1: Not reported / V2: Not reported ,V1: Passenger car / V2:Passenger car,Wet,Dark - lighted roadway,Rain/Rain,,757 CENTRE STREET,,,,,231740.352,895599.6344
3984834,BOSTON,10-Dec-2014,8:45 PM,Property damage only (none injured),1,0,0,Single vehicle crash,V1: Turning left,V1:Northbound ,V1: Collision with curb ,V1: Passenger car,Wet,Dark - lighted roadway,Rain,,EAST BERKELEY STREET Rte UNKNOW / ALBANY STREET,,,,,236048.2332,899259.9647
3987228,BOSTON,10-Dec-2014,9:40 PM,Property damage only (none injured),3,0,0,Angle,V1: Travelling straight ahead / V2:Travelling straight ahead / V3:Travelling straight ahead,V1:Southbound / V2:Southbound / V3:Southbound ,V1: Collision with motor vehicle in traffic / V2: Collision with motor vehicle in traffic / V3: Collision with motor vehicle in traffic ,"V1: Passenger car / V2:Light truck(van, mini-van, panel, pickup, sport utility) with only four tires / V3:Passenger car",Wet,Dark - lighted roadway,Cloudy/Rain,,JOHN F FITZGERALD EXPRESSWAY Rte 93 S,,,NORTH HOV BLDG,,236764.8627,895386.2726
3987445,BOSTON,10-Dec-2014,10:01 PM,Property damage only (none injured),1,0,0,Single vehicle crash,V1: Travelling straight ahead,V1:Northbound ,V1: Collision with guardrail ,V1: Passenger car,Wet,Dark - lighted roadway,Cloudy,,SOLDIERS FIELD ROAD / RAMP-WESTERN AVE TO SOLDIERS FIELD RD WB,,,EAST OF THE WEEKS FOOTBRIDGE,,231388.1171,901963.7995
3985723,BOSTON,10-Dec-2014,10:38 PM,Non-fatal injury,3,1,0,Rear-end,V1: Slowing or stopped in traffic / V2:Travelling straight ahead / V3:Travelling straight ahead,V1:Northbound / V2:Northbound / V3:Northbound ,V1: Collision with motor vehicle in traffic / V2: Collision with motor vehicle in traffic / V3: Collision with motor vehicle in traffic ,V1: Passenger car / V2:Passenger car / V3:Passenger car,Wet,Dark - lighted roadway,Rain,,Rte 93 N,,Exit 16 on Rte 93,,,236403.9842,897524.312
3994257,BOSTON,11-Dec-2014,00:00 AM,Non-fatal injury,2,1,0,"Sideswipe, same direction",V1: Travelling straight ahead / V2:Travelling straight ahead,V1:Northbound / V2:Northbound ,V1: Collision with median barrier / V2: Collision with motor vehicle in traffic ,V1: Passenger car / V2:Passenger car,Dry,Dark - lighted roadway,Clear,,Rte 93,,Exit 23 on Rte 93,NORTH OF EXIT 23,,236957.4837,900943.9828
3987229,BOSTON,11-Dec-2014,6:00 AM,Non-fatal injury,1,1,0,Single vehicle crash,V1: Travelling straight ahead,V1:Southbound ,V1: Collision with guardrail ,V1: Passenger car,Wet,Dark - lighted roadway,Rain,,Rte 93 S / UNKNOWN,,Exit 15 on Rte 93 S,,,236629.6253,897168.5001
4022123,BOSTON (ALLSTON),11-Dec-2014,7:20 AM,Non-fatal injury,2,1,0,Angle,V1: Not reported / V2:Not reported,V1:Not reported / V2:Not reported ,V1: Not reported / V2: Not reported ,"V1: Light truck(van, mini-van, panel, pickup, sport utility) with only four tires / V2:Unknown heavy truck, cannot classify",Wet,Daylight,Rain,CAMBRIDGE STREET / HARVARD AVENUE,,,,,,230252.888,900624.1441
3984842,BOSTON,11-Dec-2014,9:15 AM,Property damage only (none injured),2,0,0,Head-on,V1: Travelling straight ahead / V2:Turning left,V1:Eastbound / V2:Westbound ,V1: Not reported / V2: Collision with motor vehicle in traffic ,V1: Passenger car / V2:Passenger car,Wet,Daylight,Cloudy,HOTEL DRIVE / SERVICE ROAD,,,,,,239154.4243,902254.0971
3985422,BOSTON,11-Dec-2014,9:53 AM,Not Reported,2,0,0,Angle,V1: Changing lanes / V2:Turning right,V1:Westbound / V2:Westbound ,V1: Collision with motor vehicle in traffic / V2: Collision with motor vehicle in traffic ,V1: Passenger car / V2:Passenger car,Wet,Daylight,Rain,,PORTER STREET,,,,,238831.2359,902199.2428
4031799,BOSTON,11-Dec-2014,10:45 AM,Non-fatal injury,3,4,0,Angle,V1: Slowing or stopped in traffic / V2:Travelling straight ahead / V3:Travelling straight ahead,V1:Northbound / V2:Northbound / V3:Southbound ,V1: Collision with motor vehicle in traffic / V2: Collision with motor vehicle in traffic / V3: Collision with motor vehicle in traffic ,"V1: Light truck(van, mini-van, panel, pickup, sport utility) with only four tires / V2:Light truck(van, mini-van, panel, pickup, sport utility) with only four tires / V3:Light truck(van, mini-van, panel, pickup, sport utility) with only four tires",Wet,Daylight,Snow,A STREET / WEST FOURTH STREET,,,,,,236559.0784,899052.2498
3989843,BOSTON,11-Dec-2014,12:20 PM,Property damage only (none injured),1,0,0,"Sideswipe, same direction",V1: Turning left,V1:Southbound ,V1: Collision with median barrier ,V1: Truck/trailer,Dry,Daylight,Clear,WILLIAM T MORRISSEY BOULEVARD / MOUNT VERNON STREET,,,,,,237000,896815.2502
4016601,BOSTON,11-Dec-2014,3:30 PM,Property damage only (none injured),2,0,0,Not reported,V1: Slowing or stopped in traffic / V2:Slowing or stopped in traffic,V1:Not reported / V2:Not reported ,V1: Collision with motor vehicle in traffic / V2: Collision with motor vehicle in traffic ,"V1: Passenger car / V2:Light truck(van, mini-van, panel, pickup, sport utility) with only four tires",Not reported,Not reported,Not Reported,WASHINGTON STREET / BEECH STREET,,,,,,229942.4844,892046.9998
3984835,BOSTON,11-Dec-2014,4:45 PM,Property damage only (none injured),2,0,0,Rear-end,V1: Travelling straight ahead / V2:Slowing or stopped in traffic,V1:Westbound / V2:Westbound ,V1: Collision with motor vehicle in traffic / V2: Collision with motor vehicle in traffic ,"V1: Passenger car / V2:Light truck(van, mini-van, panel, pickup, sport utility) with only four tires",Wet,Dark - lighted roadway,Rain,,Rte 90 W,,,,,232572.2182,899870.4883
3987702,BOSTON,11-Dec-2014,4:51 PM,Property damage only (none injured),2,0,0,Angle,V1: Travelling straight ahead / V2:Travelling straight ahead,V1:Northbound / V2:Westbound ,V1: Collision with motor vehicle in traffic / V2: Collision with motor vehicle in traffic ,V1: Passenger car / V2:Passenger car,Dry,Dark - lighted roadway,Not Reported,,COLUMBIA ROAD Rte UNKNOW / DORCHESTER AVENUE,,,,,236535.6564,896787.6252
3984793,BOSTON,11-Dec-2014,7:20 PM,Non-fatal injury,2,1,0,Rear-end,V1: Slowing or stopped in traffic / V2:Travelling straight ahead,V1:Eastbound / V2:Eastbound ,V1: Collision with motor vehicle in traffic / V2: Collision with motor vehicle in traffic ,"V1: Passenger car / V2:Light truck(van, mini-van, panel, pickup, sport utility) with only four tires",Wet,Dark - lighted roadway,Rain,,Rte 90 E,Rte 90  E Milemarker 130.0,,,,229761.494,900823.9692
3984886,BOSTON,11-Dec-2014,7:34 PM,Property damage only (none injured),2,0,0,"Sideswipe, same direction",V1: Changing lanes / V2:Travelling straight ahead,V1:Westbound / V2:Westbound ,V1: Collision with motor vehicle in traffic / V2: Collision with motor vehicle in traffic ,"V1: Passenger car / V2:Light truck(van, mini-van, panel, pickup, sport utility) with only four tires",Dry,Dark - lighted roadway,Cloudy,,STORROW DRIVE / RAMP-STORROW DR WB TO RT 2A WB,,,@ MASS AVE,,233829.0576,900253.1084
3989067,BOSTON,11-Dec-2014,7:45 PM,Property damage only (none injured),2,0,0,Rear-end,V1: Slowing or stopped in traffic / V2:Travelling straight ahead,V1:Eastbound / V2:Eastbound ,V1: Collision with motor vehicle in traffic / V2: Collision with motor vehicle in traffic ,V1: Passenger car / V2:Passenger car,Wet,Dark - lighted roadway,Not Reported,,RAMP-RT 90 EB TO CAMBRIDGE ST / MASSACHUSETTS TURNPIKE Rte 90 E,,Exit 18 on Rte 90 E,IC 18,,230902.0863,900833.1059
3987446,BOSTON,11-Dec-2014,8:44 PM,Property damage only (none injured),2,0,0,Rear-end,V1: Entering traffic lane / V2:Travelling straight ahead,V1:Westbound / V2:Westbound ,V1: Collision with motor vehicle in traffic / V2: Collision with motor vehicle in traffic ,V1: Passenger car / V2:Passenger car,Dry,Dark - roadway not lighted,Clear,,RAMP-BEACON/BOYLSTON STS TO STORROW DR W / STORROW DRIVE,,,BOWKER O/P TO STORROW DRIVE W/B,,233291.458,900099.0146
4027859,BOSTON,11-Dec-2014,10:40 PM,Property damage only (none injured),2,0,0,Angle,V1: Travelling straight ahead / V2:Travelling straight ahead,V1:Northbound / V2:Eastbound ,V1: Collision with motor vehicle in traffic / V2: Collision with motor vehicle in traffic ,V1: Passenger car / V2:Passenger car,Dry,Dark - lighted roadway,Clear,LINCOLN STREET / ESSEX STREET,,,,,,236415.2888,900300.2207
3984836,BOSTON,12-Dec-2014,7:32 AM,Property damage only (none injured),2,0,0,Rear-end,V1: Travelling straight ahead / V2:Travelling straight ahead,V1:Southbound / V2:Southbound ,V1: Collision with motor vehicle in traffic / V2: Collision with motor vehicle in traffic ,"V1: Passenger car / V2:Light truck(van, mini-van, panel, pickup, sport utility) with only four tires",Dry,Daylight,Clear,,RAMP-LEVERETT CIR TO RTS 93 SB/3 SB Rte 3A S / JOHN F FITZGERALD EXPRESSWAY Rte 1 S,,,LOWER DECK,,236159.3915,901872.6477
4009846,BOSTON,12-Dec-2014,9:00 AM,Non-fatal injury,2,2,0,Not reported,V1: Slowing or stopped in traffic / V2:Travelling straight ahead,V1:Northbound / V2:Northbound ,V1: Collision with motor vehicle in traffic / V2: Collision with motor vehicle in traffic ,V1: Passenger car / V2:Passenger car,Not reported,Not reported,Not Reported,HOLIDAY STREET / GENEVA AVENUE,,,,,,235494.7343,894734.2502
3989844,BOSTON,12-Dec-2014,12:17 PM,Property damage only (none injured),2,0,0,"Sideswipe, same direction",V1: Travelling straight ahead / V2:Changing lanes,V1:Southbound / V2:Southbound ,V1: Collision with motor vehicle in traffic / V2: Collision with motor vehicle in traffic ,V1: Truck/trailer / V2:Passenger car,Dry,Daylight,Clear,,Rte 93 S / SAVIN HILL AVENUE,,Exit 16 on Rte 93,SAVIN HILL,,236853.5561,895734.5229
4009826,BOSTON,12-Dec-2014,4:35 PM,Not Reported,2,0,0,Not reported,V1: Not reported / V2:Not reported,V1:Not reported / V2:Not reported ,V1: Not reported / V2: Not reported ,V1: Passenger car / V2:Passenger car,Not reported,Not reported,Not Reported,QUINCY STREET / BOWDOIN STREET,,,,,,235861.8905,895379.9375
4000805,BOSTON,12-Dec-2014,6:30 PM,Property damage only (none injured),3,0,0,Rear-end,V1: Slowing or stopped in traffic / V2:Slowing or stopped in traffic / V3:Travelling straight ahead,V1:Northbound / V2:Northbound / V3:Northbound ,V1: Collision with motor vehicle in traffic / V2: Collision with motor vehicle in traffic / V3: Collision with motor vehicle in traffic ,"V1: Passenger car / V2:Light truck(van, mini-van, panel, pickup, sport utility) with only four tires / V3:MOPED",Dry,Dark - lighted roadway,Clear,,CHARLESGATE EAST / BEACON STREET,,,CHARLESGATE EAST BY BEACON ST.,,233644.797,900058.4146
3984838,BOSTON,12-Dec-2014,7:20 PM,Property damage only (none injured),2,0,0,Rear-end,V1: Changing lanes / V2:Travelling straight ahead,V1:Westbound / V2:Westbound ,V1: Collision with motor vehicle in traffic / V2: Collision with motor vehicle in traffic ,"V1: Passenger car / V2:Light truck(van, mini-van, panel, pickup, sport utility) with only four tires",Dry,Dark - lighted roadway,Clear,,MASSACHUSETTS TURNPIKE Rte 90 W / RAMP-DARTMOUTH ST TO RT 90 WB,,,,,234127.758,899772.0476
3989911,BOSTON,12-Dec-2014,7:50 PM,Property damage only (none injured),2,0,0,Angle,V1: Travelling straight ahead / V2:Travelling straight ahead,V1:Northbound / V2:Westbound ,V1: Collision with motor vehicle in traffic / V2: Collision with motor vehicle in traffic ,V1: Passenger car / V2:Passenger car,Dry,Dark - lighted roadway,Not Reported,WILLIAM T MORRISSEY BOULEVARD / CONLEY STREET,,,,,,237314.5625,893607.5
3985387,BOSTON,12-Dec-2014,11:07 PM,Non-fatal injury,1,2,0,Single vehicle crash,V1: Travelling straight ahead,V1:Northbound ,V1: Collision with tree ,V1: Passenger car,Dry,Daylight,Clear,,RAMP-RTS 93 NB/3 NB TO VICTORY RD / VICTORY ROAD,,Exit 13 on Rte 93 N,,,237349.4892,894355.6986
4030965,BOSTON (DORCHESTER),12-Dec-2014,11:15 PM,Non-fatal injury,2,1,0,Rear-end,V1: Travelling straight ahead / V2:Slowing or stopped in traffic,V1:Southbound / V2:Southbound ,V1: Not reported / V2: Not reported ,V1: Not reported / V2:Passenger car,Dry,Dark - lighted roadway,Clear,ADAMS STREET / WINTER STREET,,,,,,236054.3283,895315.6877
3984794,BOSTON,13-Dec-2014,00:00 AM,Property damage only (none injured),1,0,0,Single vehicle crash,V1: Travelling straight ahead,V1:Westbound ,V1: Collision with curb ,V1: Passenger car,Wet,Dark - roadway not lighted,Snow,,MASSACHUSETTS TURNPIKE Rte 90 W / MASSACHUSETTS TURNPIKE Rte 90 W,,Exit 19 on Rte 90 W,,,231396.5127,900677.9776
3989520,BOSTON,13-Dec-2014,1:00 AM,Non-fatal injury,1,1,0,Single vehicle crash,V1: Travelling straight ahead,V1:Southbound ,V1: Collision with tree ,"V1: Light truck(van, mini-van, panel, pickup, sport utility) with only four tires",Dry,Dark - lighted roadway,Clear,,KOSCIUSZKO CIRCLE / KOSCIUSZKO CIRCLE,,,KOSCIUSKO CIRCLE,,236965.5855,896927.4821
3988018,BOSTON,13-Dec-2014,3:05 AM,Non-fatal injury,1,1,0,Single vehicle crash,V1: Travelling straight ahead,V1:Southbound ,V1: Collision with median barrier ,"V1: Light truck(van, mini-van, panel, pickup, sport utility) with only four tires",Dry,Dark - lighted roadway,Clear,,Rte 93 S / UNKNOWN,,Exit 20 on Rte 93 S,,"P2:Other non-motorist (wheelchair, etc.)",236954.209,900826.9442
3985897,BOSTON,13-Dec-2014,11:48 AM,Property damage only (none injured),3,0,0,Rear-end,V1: Slowing or stopped in traffic / V2:Travelling straight ahead / V3:Travelling straight ahead,V1:Northbound / V2:Northbound / V3:Northbound ,V1: Collision with motor vehicle in traffic / V2: Collision with motor vehicle in traffic / V3: Collision with motor vehicle in traffic ,"V1: Light truck(van, mini-van, panel, pickup, sport utility) with only four tires / V2:Passenger car / V3:Passenger car",Dry,Daylight,Cloudy,,Rte 93 N / UNKNOWN,,Exit 18 on Rte 93 N,SOUTH OF EXIT 18,,236146.0342,897892.2406
3984843,BOSTON,13-Dec-2014,12:09 PM,Property damage only (none injured),2,0,0,Angle,V1: Backing / V2:Leaving traffic lane,V1:Eastbound / V2:Westbound ,V1: Collision with motor vehicle in traffic / V2: Collision with motor vehicle in traffic ,"V1: Light truck(van, mini-van, panel, pickup, sport utility) with only four tires / V2:Passenger car",Dry,Daylight,Cloudy,,LOGAN AIRPORT TERMINAL B,,,,,239696.117,901413.0737
4035118,BOSTON,13-Dec-2014,12:45 PM,Not Reported,2,0,0,Rear-end,V1: Slowing or stopped in traffic / V2:Travelling straight ahead,V1:Not reported / V2:Not reported ,V1: Not reported / V2: Collision with motor vehicle in traffic ,V1: Passenger car / V2:Passenger car,Dry,Daylight,Clear/Clear,HYDE PARK AVENUE / CANTERBURY STREET,,,,,,231416.3778,892086.8303
4009836,BOSTON (DORCHESTER),13-Dec-2014,1:00 PM,Non-fatal injury,2,2,0,Rear-end,V1: Travelling straight ahead / V2:Travelling straight ahead,V1:Northbound / V2:Northbound ,V1: Collision with motor vehicle in traffic / V2: Collision with motor vehicle in traffic ,V1: Passenger car / V2:Passenger car,Dry,Daylight,Clear,,2137 DORCHESTER AVENUE,,,,,235747.4466,891977.5773
3987234,BOSTON,13-Dec-2014,1:01 PM,Non-fatal injury,2,1,0,Angle,V1: Travelling straight ahead / V2:Travelling straight ahead,V1:Westbound / V2:Southbound ,V1: Collision with motor vehicle in traffic / V2: Collision with motor vehicle in traffic ,"V1: Passenger car / V2:Light truck(van, mini-van, panel, pickup, sport utility) with only four tires",Dry,Daylight,Cloudy,,Rte UNKNOW,,,NEPONSET CIRCLE,,237666.7677,893003.4688
3984839,BOSTON,13-Dec-2014,1:44 PM,Property damage only (none injured),2,0,0,Rear-end,V1: Slowing or stopped in traffic / V2:Travelling straight ahead,V1:Southbound / V2:Southbound ,V1: Collision with motor vehicle in traffic / V2: Collision with motor vehicle in traffic ,"V1: Light truck(van, mini-van, panel, pickup, sport utility) with only four tires / V2:Passenger car",Dry,Daylight,Clear,,LEVERETT CONNECTOR SOUTH / LEVERETT CONNECTOR SOUTH,,,RAMP LCS,,235978.7488,901920.1353
3987874,BOSTON (DORCHESTER),13-Dec-2014,4:29 PM,Non-fatal injury,2,1,0,Rear-end,V1: Travelling straight ahead / V2:Parked,V1:Northbound / V2:Not reported ,V1: Collision with parked motor vehicle / V2: Not reported ,"V1: Light truck(van, mini-van, panel, pickup, sport utility) with only four tires / V2:Passenger car",Dry,Dark - roadway not lighted,Clear,,67 GENEVA AVENUE,,,,,234592.0326,895323.1234
3987235,BOSTON,13-Dec-2014,5:30 PM,Property damage only (none injured),3,0,0,Angle,V1: Turning left / V2:Turning left / V3:Travelling straight ahead,V1:Westbound / V2:Westbound / V3:Southbound ,V1: Collision with motor vehicle in traffic / V2: Collision with motor vehicle in traffic / V3: Collision with motor vehicle in traffic ,"V1: Light truck(van, mini-van, panel, pickup, sport utility) with only four tires / V2:Passenger car / V3:Passenger car",Dry,Dark - lighted roadway,Cloudy,,WILLIAM T MORRISSEY BOULEVARD Rte UNKNOW,,,NEPONSET CIRCLE,,237696.0819,892924.3425