Crash Number,City/Town Name,Crash Date,Crash Time,Crash Severity,Number of Vehicles,Total Nonfatal Injuries,Total Fatal Injuries,Manner of Collision,Vehicle Action Prior to Crash,Vehicle Travel Directions,Most Harmful Events,Vehicle Configuration,Road Surface Condition,Ambient Light,Weather Condition,At Roadway Intersection,Distance from Nearest Roadway Intersection,Distance from Nearest Milemarker,Distance from Nearest Exit,Distance from Nearest Landmark,Non Motorist Type,X Coordinate,Y Coordinate
3984840,BOSTON,13-Dec-2014,10:22 PM,Property damage only (none injured),2,0,0,Rear-end,V1: Travelling straight ahead / V2:Slowing or stopped in traffic,V1:Northbound / V2:Northbound ,V1: Collision with motor vehicle in traffic / V2: Collision with motor vehicle in traffic ,"V1: Passenger car / V2:Light truck(van, mini-van, panel, pickup, sport utility) with only four tires",Dry,Dark - lighted roadway,Clear,,FRONTAGE ROAD Rte UNKNOW N / BROADWAY,,,,,236165.6755,899351.7012
3990951,BOSTON,14-Dec-2014,00:00 AM,Property damage only (none injured),1,0,0,"Sideswipe, same direction",V1: Travelling straight ahead,V1:Eastbound ,V1: Collision with motor vehicle in traffic ,V1: Passenger car,Dry,Dark - lighted roadway,Not Reported,,STORROW DRIVE Rte 28 N / EMBANKMENT ROAD Rte 28 N,,,CHARLES CIRLCE,,235235.5033,901336.7159
3988391,BOSTON,14-Dec-2014,1:00 AM,Non-fatal injury,2,1,0,"Sideswipe, same direction",V1: Travelling straight ahead / V2:Travelling straight ahead,V1:Northbound / V2:Northbound ,V1: Collision with median barrier / V2: Collision with motor vehicle in traffic ,"V1: Light truck(van, mini-van, panel, pickup, sport utility) with only four tires / V2:Passenger car",Dry,Dark - lighted roadway,Clear,,Rte 93 N / UNKNOWN,,Exit 15 on Rte 93 N,,,236972.2496,896473.4282
4013510,BOSTON,14-Dec-2014,1:41 AM,Property damage only (none injured),1,0,0,Single vehicle crash,V1: Travelling straight ahead,V1:Eastbound ,V1: Collision with guardrail ,V1: Passenger car,Wet,Dark - lighted roadway,Rain,,STORROW DRIVE / RAMP-STORROW DR WB TO CLARENDON ST SB,,,PRIOR TO TUNNEL,,234710.5249,900536.056
4013511,BOSTON,14-Dec-2014,5:03 AM,Non-fatal injury,1,1,0,Single vehicle crash,V1: Travelling straight ahead,V1:Eastbound ,V1: Collision with median barrier ,V1: Passenger car,Wet,Dark - lighted roadway,Rain,,DAVID G MUGAR WAY Rte 28 N / MOUNT VERNON STREET,,,MOUNT VERNON,,235213.5965,900877.3496
3984841,BOSTON,14-Dec-2014,9:00 AM,Non-fatal injury,1,1,0,Single vehicle crash,V1: Travelling straight ahead,V1:Eastbound ,V1: Other ,"V1: Light truck(van, mini-van, panel, pickup, sport utility) with only four tires",Dry,Daylight,Clear,,RAMP-RT 90 EB TO RT 9 (STUART ST/HUNTING / MASSACHUSETTS TURNPIKE Rte 90 E,,Exit 22 on Rte 90 E,PRUDENTIAL TUNNEL,,234875.1197,899754.8066
4009844,BOSTON,14-Dec-2014,10:04 AM,Property damage only (none injured),2,0,0,Not reported,V1: Travelling straight ahead / V2:Parked,V1:Northbound / V2:Not reported ,V1: Collision with motor vehicle in traffic / V2: Collision with motor vehicle in traffic ,V1: Passenger car / V2:Passenger car,Not reported,Not reported,Not Reported,HANCOCK STREET / BOWDOIN STREET,,,,,,236093.0636,895684.6221
3987873,BOSTON,14-Dec-2014,3:29 PM,Non-fatal injury,1,1,0,Angle,V1: Travelling straight ahead,V1:Westbound ,V1: Collision with motor vehicle in traffic ,V1: Passenger car,Dry,Dark - lighted roadway,Clear,MELNEA CASS BOULEVARD / SHAWMUT AVENUE,,,,,,234405.6094,898229.0624
3985898,BOSTON,14-Dec-2014,11:32 PM,Non-fatal injury,1,1,0,Single vehicle crash,V1: Travelling straight ahead,V1:Eastbound ,V1: Collision with median barrier ,V1: Motorcycle,Dry,Dark - lighted roadway,Clear,,RAMP-RT 90 EB TO RT 9 (STUART ST/HUNTING / MASSACHUSETTS TURNPIKE Rte 90 E,,Exit 22 on Rte 90 E,PRUDENTIAL TUNNEL,,234871.8956,899758.4513
3984916,BOSTON,15-Dec-2014,2:10 AM,Property damage only (none injured),1,0,0,Not reported,V1: Entering traffic lane,V1:Southbound ,V1: Collision with curb ,V1: Passenger car,Dry,Dark - lighted roadway,Clear,,CENTRE STREET Rte UNKNOW / ARBORWAY,,,,,231318.7502,895455.5
3987581,BOSTON,15-Dec-2014,2:59 AM,Property damage only (none injured),1,0,0,Single vehicle crash,V1: Travelling straight ahead,V1:Westbound ,V1: Collision with utility pole ,V1: Passenger car,Dry,Dark - lighted roadway,Clear/Clear,COMMONWEALTH AVENUE / BRIGHTON AVENUE,,,,,,230944.6548,900260.8207
4013247,BOSTON (JAMAICA PLAIN),15-Dec-2014,5:00 AM,Not Reported,2,0,0,Not reported,V1: Not reported / V2:Not reported,V1:Not reported / V2:Not reported ,V1: Not reported / V2: Not reported ,"V1: Unknown heavy truck, cannot classify / V2:Passenger car",Not reported,Not reported,Not Reported,WASHINGTON STREET / FOREST HILLS STREET,,,,,,232836.1436,895837.0547
3987146,BOSTON,15-Dec-2014,5:55 AM,Property damage only (none injured),2,0,0,Rear-end,V1: Travelling straight ahead / V2:Travelling straight ahead,V1:Northbound / V2:Northbound ,V1: Collision with motor vehicle in traffic / V2: Collision with motor vehicle in traffic ,"V1: Light truck(van, mini-van, panel, pickup, sport utility) with only four tires / V2:Light truck(van, mini-van, panel, pickup, sport utility) with only four tires",Dry,Daylight,Clear,,RAMP-RT 93 TO RTS 3 NB/28 SB (STORROW DR / RAMP-RT 93 NB/SUMNER TUNL TO RT 3 NB (ST Rte 3 N,,Exit 26 on Rte 93 S,NORTH STATION TUNNEL,,235607.3698,901887.3714
3985910,BOSTON,15-Dec-2014,2:10 PM,Non-fatal injury,2,1,0,Rear-end,V1: Travelling straight ahead / V2:Slowing or stopped in traffic,V1:Southbound / V2:Southbound ,V1: Collision with motor vehicle in traffic / V2: Collision with pedestrian ,"V1: Passenger car / V2:Light truck(van, mini-van, panel, pickup, sport utility) with only four tires",Dry,Daylight,Clear,,ARBORWAY Rte UNKNOW / 445,,,WEST ROXBURY CT,P3:Pedestrian,232072.8728,894601.157
3985899,BOSTON,15-Dec-2014,2:18 PM,Non-fatal injury,1,1,0,Single vehicle crash,V1: Travelling straight ahead,V1:Southbound ,V1: Other ,"V1: Light truck(van, mini-van, panel, pickup, sport utility) with only four tires",Dry,Daylight,Clear,,Rte 93 S / UNKNOWN,,Exit 20 on Rte 93 S,,,236954.209,900826.9442
3987986,BOSTON,15-Dec-2014,2:40 PM,Non-fatal injury,2,1,0,Angle,V1: Travelling straight ahead / V2:Travelling straight ahead,V1:Eastbound / V2:Southbound ,V1: Collision with other movable object / V2: Collision with other movable object ,V1: Passenger car / V2:Passenger car,Dry,Daylight,Clear,,VETERANS OF FOREIGN WARS PARKWAY Rte UNKNOW / LA GRANGE STREET,,,,,227356.7344,893407.1877
4031462,BOSTON,15-Dec-2014,5:08 PM,Non-fatal injury,2,3,0,Angle,V1: Travelling straight ahead / V2:Travelling straight ahead,V1:Southbound / V2:Eastbound ,V1: Collision with motor vehicle in traffic / V2: Collision with motor vehicle in traffic ,V1: Passenger car / V2:Passenger car,Dry,Dark - lighted roadway,Clear/Clear,ASHMONT STREET / NEPONSET AVENUE,,,,,,237242.0623,893385.3125
3989910,BOSTON,15-Dec-2014,5:51 PM,Non-fatal injury,3,1,0,Not reported,V1: Not reported / V2:Slowing or stopped in traffic / V3:Slowing or stopped in traffic,V1:Northbound / V2:Northbound / V3:Northbound ,V1: Collision with motor vehicle in traffic / V2: Collision with motor vehicle in traffic / V3: Collision with motor vehicle in traffic ,V1: Tractor/semi-trailer / V2:Passenger car / V3:Passenger car,Dry,Dark - unknown roadway lighting,Clear,,JOHN F FITZGERALD EXPRESSWAY Rte 93 N / RAMP-BROADWAY TO RTS 93 NB/3 NB,,,SOUTH OF TIP TUNNEL,,236450.928,899859.3472
4009821,BOSTON (DORCHESTER),15-Dec-2014,6:00 PM,Not Reported,3,0,0,Rear-end,V1: Travelling straight ahead / V2:Parked / V3:Parked,V1:Not reported / V2:Not reported / V3:Not reported ,V1: Collision with parked motor vehicle / V2: Not reported / V3: Not reported ,V1: Passenger car / V2:Passenger car / V3:Passenger car,Dry,Dark - lighted roadway,Clear/Clear,MILL STREET / FREEPORT STREET,,,,,,237018.0157,894682.4998
4009847,BOSTON (DORCHESTER),15-Dec-2014,6:44 PM,Property damage only (none injured),2,0,0,"Sideswipe, same direction",V1: Entering traffic lane / V2:Travelling straight ahead,V1:Not reported / V2:Not reported ,V1: Collision with motor vehicle in traffic / V2: Collision with motor vehicle in traffic ,V1: Passenger car / V2:Passenger car,Dry,Dark - lighted roadway,Clear/Clear,,1224 DORCHESTER AVENUE,,,,,236427.417,895457.0251
3987147,BOSTON,15-Dec-2014,7:15 PM,Property damage only (none injured),2,0,0,Angle,V1: Travelling straight ahead / V2:Travelling straight ahead,V1:Northbound / V2:Northbound ,V1: Collision with motor vehicle in traffic / V2: Collision with motor vehicle in traffic ,V1: Passenger car / V2:Passenger car,Dry,Dark - lighted roadway,Clear,,RAMP-RT 1 SB (TOBIN BRG) TO RT 93 SB Rte 1 N / MAURICE TOBIN BRIDGE,,,TOBIN BRIDGE,,235848.1406,902282.2336
3987447,BOSTON,15-Dec-2014,7:40 PM,Property damage only (none injured),1,0,0,Single vehicle crash,V1: Changing lanes,V1:Northbound ,V1: Collision with median barrier ,V1: Passenger car,Dry,Dark - lighted roadway,Clear,,BIRMINGHAM PARKWAY Rte UNKNOW / WESTERN AVENUE,,,,,229180.0376,901281.697
3990752,BOSTON,15-Dec-2014,8:10 PM,Property damage only (none injured),4,0,0,"Sideswipe, same direction",V1: Overtaking/passing / V2:Travelling straight ahead / V3:Travelling straight ahead / V4:Not reported,V1:Southbound / V2:Southbound / V3:Southbound / V4:Not reported ,V1: Collision with motor vehicle in traffic / V2: Collision with motor vehicle in traffic / V3: Collision with motor vehicle in traffic / V4: Not reported ,"V1: Passenger car / V2:Truck/trailer / V3:Light truck(van, mini-van, panel, pickup, sport utility) with only four tires / V4:Passenger car",Dry,Dark - lighted roadway,Clear,,Rte 93 S,,Exit 15 on Rte 93,,,236629.6253,897168.5001
3987168,BOSTON,15-Dec-2014,8:14 PM,Property damage only (none injured),2,0,0,Angle,V1: Turning left / V2:Travelling straight ahead,V1:Southbound / V2:Northbound ,V1: Collision with motor vehicle in traffic / V2: Collision with motor vehicle in traffic ,V1: Passenger car / V2:Passenger car,Dry,Dark - lighted roadway,Not Reported,,SERVICE ROAD / HOTEL DRIVE,,,,,239077.2352,902253.4157
4031865,BOSTON (HYDE PARK),15-Dec-2014,8:30 PM,Non-fatal injury,1,1,0,Single vehicle crash,V1: Travelling straight ahead,V1:Not reported ,V1: Collision with pedestrian ,"V1: Light truck(van, mini-van, panel, pickup, sport utility) with only four tires",Dry,Dusk,Clear,,WESTMINSTER STREET,,,,P2:Pedestrian,231238.529,890466.464
3987213,BOSTON,16-Dec-2014,7:56 AM,Property damage only (none injured),2,0,0,Rear-end,V1: Slowing or stopped in traffic / V2:Travelling straight ahead,V1:Southbound / V2:Southbound ,V1: Collision with motor vehicle in traffic / V2: Collision with motor vehicle in traffic ,"V1: Light truck(van, mini-van, panel, pickup, sport utility) with only four tires / V2:Passenger car",Dry,Daylight,Cloudy,,CHARLES RIVER DAM Rte 28 S / SCIENCE PARK,,,,,235503.1998,901926.7044
3987699,BOSTON,16-Dec-2014,11:30 AM,Property damage only (none injured),2,0,0,Rear-end,V1: Travelling straight ahead / V2:Slowing or stopped in traffic,V1:Eastbound / V2:Eastbound ,V1: Collision with motor vehicle in traffic / V2: Collision with motor vehicle in traffic ,"V1: Light truck(van, mini-van, panel, pickup, sport utility) with only four tires / V2:Passenger car",Dry,Daylight,Cloudy,,RAMP-RT 1 SB TO RTS 3 NB/28 (LEVERETT CO,,,"LOOP RAMP, TOBIN S TO 93S/STORRO",,235558.9255,902480.6981
4027858,BOSTON,16-Dec-2014,12:45 PM,Property damage only (none injured),2,0,0,Rear-end,V1: Backing / V2:Parked,V1:Eastbound / V2:Westbound ,V1: Collision with parked motor vehicle / V2: Collision with motor vehicle in traffic ,"V1: Light truck(van, mini-van, panel, pickup, sport utility) with only four tires / V2:Passenger car",Dry,Daylight,Cloudy,,Rte 90 W / UNKNOWN,,,,,228154.8166,900866.0695
3985911,BOSTON,16-Dec-2014,2:23 PM,Non-fatal injury,2,1,0,"Sideswipe, same direction",V1: Turning left / V2:Travelling straight ahead,V1:Northbound / V2:Northbound ,V1: Collision with motor vehicle in traffic / V2: Collision with motor vehicle in traffic ,"V1: Light truck(van, mini-van, panel, pickup, sport utility) with only four tires / V2:Passenger car",Wet,Daylight,Cloudy/Rain,,725 TRUMAN PARKWAY / FAIRMOUNT AVENUE,,,,"P3:Other non-motorist (wheelchair, etc.) / P4:Other non-motorist (wheelchair, etc.)",231390.7381,889099.2284
3987248,BOSTON,16-Dec-2014,2:53 PM,Property damage only (none injured),2,0,0,"Sideswipe, opposite direction",V1: Travelling straight ahead / V2:Travelling straight ahead,V1:Eastbound / V2:Westbound ,V1: Collision with other movable object / V2: Collision with other movable object ,"V1: Light truck(van, mini-van, panel, pickup, sport utility) with only four tires / V2:Passenger car",Dry,Daylight,Cloudy,,NEPONSET VALLEY PARKWAY Rte UNKNOW / COLCHESTER STREET,,,,,230620.9489,887393.1149
4013210,BOSTON (ROXBURY),16-Dec-2014,3:45 PM,Non-fatal injury,2,2,0,Angle,V1: Travelling straight ahead / V2:Making U-turn,V1:Southbound / V2:Northbound ,V1: Collision with motor vehicle in traffic / V2: Collision with motor vehicle in traffic ,"V1: Passenger car / V2:Light truck(van, mini-van, panel, pickup, sport utility) with only four tires",Wet,Dusk,Cloudy,,2055 COLUMBUS AVENUE,,,,,233298.9066,896020.6132
3989937,BOSTON,16-Dec-2014,6:00 PM,Non-fatal injury,2,1,0,Rear-end,V1: Slowing or stopped in traffic / V2:Turning left,V1:Eastbound / V2:Eastbound ,V1: Collision with motor vehicle in traffic / V2: Collision with motor vehicle in traffic ,"V1: Unknown heavy truck, cannot classify / V2:Passenger car",Dry,Dark - lighted roadway,Not Reported,,RAMP-CAMBRIDGE ST EB TO RT 90 / CAMBRIDGE STREET,,Exit 18 on Rte 90 E,,,230972.1949,900959.6379
3987675,BOSTON,16-Dec-2014,6:04 PM,Property damage only (none injured),2,0,0,Angle,V1: Entering traffic lane / V2:Travelling straight ahead,V1:Eastbound / V2:Northbound ,V1: Collision with motor vehicle in traffic / V2: Collision with motor vehicle in traffic ,"V1: Light truck(van, mini-van, panel, pickup, sport utility) with only four tires / V2:Light truck(van, mini-van, panel, pickup, sport utility) with only four tires",Dry,Dark - lighted roadway,Clear,,MASSACHUSETTS AVENUE Rte 2A W / RAMP-STORROW DR WB TO RT 2A WB,,,BACK STREET,,233801.2535,900177.8057
4031453,BOSTON (DORCHESTER),16-Dec-2014,8:08 PM,Property damage only (none injured),2,0,0,Rear-end,V1: Slowing or stopped in traffic / V2:Travelling straight ahead,V1:Southbound / V2:Southbound ,V1: Collision with motor vehicle in traffic / V2: Collision with motor vehicle in traffic ,"V1: Light truck(van, mini-van, panel, pickup, sport utility) with only four tires / V2:Passenger car",Wet,Dark - lighted roadway,Cloudy,,63 GRANITE AVENUE,,,,,236713.2364,892350.9148
4022166,BOSTON,17-Dec-2014,2:28 AM,Non-fatal injury,2,1,0,Head-on,V1: Travelling straight ahead / V2:Travelling straight ahead,V1:Eastbound / V2:Westbound ,V1: Collision with motor vehicle in traffic / V2: Collision with motor vehicle in traffic ,V1: Passenger car / V2:Passenger car,Wet,Dark - lighted roadway,Rain,,350 CAMBRIDGE STREET,,,,,235478.7097,901264.2952
3994650,BOSTON,17-Dec-2014,5:40 AM,Property damage only (none injured),2,0,0,Angle,V1: Travelling straight ahead / V2:Changing lanes,V1:Southbound / V2:Southbound ,V1: Collision with motor vehicle in traffic / V2: Collision with motor vehicle in traffic ,V1: Passenger car / V2:Truck/trailer,Dry,Dark - lighted roadway,Clear,,Rte 93 S,,Exit 18 on Rte 93 S,AT EXIT 18,,236013.2783,899092.9981
3988393,BOSTON,17-Dec-2014,6:06 AM,Non-fatal injury,2,1,0,Angle,V1: Turning left / V2:Travelling straight ahead,V1:Southbound / V2:Westbound ,V1: Collision with motor vehicle in traffic / V2: Collision with motor vehicle in traffic ,"V1: Light truck(van, mini-van, panel, pickup, sport utility) with only four tires / V2:Light truck(van, mini-van, panel, pickup, sport utility) with only four tires",Wet,Dark - lighted roadway,Rain,,GALLIVAN BOULEVARD Rte UNKNOW / CARRUTH STREET,,,,,236300.7969,892454.3127
4031455,BOSTON (DORCHESTER),17-Dec-2014,6:56 AM,Non-fatal injury,2,1,0,Rear-end,V1: Slowing or stopped in traffic / V2:Travelling straight ahead,V1:Eastbound / V2:Eastbound ,V1: Not reported / V2: Collision with motor vehicle in traffic ,"V1: Light truck(van, mini-van, panel, pickup, sport utility) with only four tires / V2:Light truck(van, mini-van, panel, pickup, sport utility) with only four tires",Wet,Dawn,Rain,,856 ADAMS STREET / GALLIVAN BOULEVARD,,,,,236398.3837,892478.8102
3988019,BOSTON,17-Dec-2014,7:55 AM,Property damage only (none injured),2,0,0,"Sideswipe, same direction",V1: Changing lanes / V2:Travelling straight ahead,V1:Southbound / V2:Southbound ,V1: Collision with motor vehicle in traffic / V2: Collision with motor vehicle in traffic ,"V1: Light truck(van, mini-van, panel, pickup, sport utility) with only four tires / V2:Passenger car",Dry,Daylight,Clear,,Rte 93 S / UNKNOWN,,Exit 20 on Rte 93 S,,,236954.209,900826.9442
3987218,BOSTON,17-Dec-2014,8:28 AM,Property damage only (none injured),2,0,0,Rear-end,V1: Slowing or stopped in traffic / V2:Travelling straight ahead,V1:Westbound / V2:Westbound ,V1: Collision with motor vehicle in traffic / V2: Collision with motor vehicle in traffic ,V1: Passenger car / V2:Passenger car,Wet,Daylight,Cloudy/Rain,,SOLDIERS FIELD ROAD Rte UNKNOW / NORTH BEACON STREET,,,,,228076.4976,901010.8434
3990755,BOSTON,17-Dec-2014,8:47 AM,Property damage only (none injured),3,0,0,Rear-end,V1: Slowing or stopped in traffic / V2:Slowing or stopped in traffic / V3:Travelling straight ahead,V1:Eastbound / V2:Eastbound / V3:Eastbound ,V1: Collision with motor vehicle in traffic / V2: Collision with motor vehicle in traffic / V3: Collision with motor vehicle in traffic ,"V1: Light truck(van, mini-van, panel, pickup, sport utility) with only four tires / V2:Light truck(van, mini-van, panel, pickup, sport utility) with only four tires / V3:Passenger car",Wet,Daylight,Rain,,STORROW DRIVE / RAMP-STORROW DR EB TO RT 28 SB (BEACON S,,,INSIDE  STORROW TUNNEL,,234867.158,900596.3984
3989078,BOSTON,17-Dec-2014,9:02 AM,Property damage only (none injured),2,0,0,"Sideswipe, same direction",V1: Travelling straight ahead / V2:Travelling straight ahead,V1:Southbound / V2:Southbound ,V1: Collision with motor vehicle in traffic / V2: Collision with motor vehicle in traffic ,V1: Passenger car / V2:Truck/trailer,Dry,Daylight,Clear,,Rte 93 S,,Exit 23 on Rte 93 S,,,236856.2793,901152.8251
3989069,BOSTON,17-Dec-2014,9:30 AM,Property damage only (none injured),3,0,0,"Sideswipe, same direction",V1: Changing lanes / V2:Travelling straight ahead / V3:Travelling straight ahead,V1:Eastbound / V2:Eastbound / V3:Eastbound ,V1: Collision with motor vehicle in traffic / V2: Collision with motor vehicle in traffic / V3: Collision with motor vehicle in traffic ,"V1: Light truck(van, mini-van, panel, pickup, sport utility) with only four tires / V2:Light truck(van, mini-van, panel, pickup, sport utility) with only four tires / V3:Other",Wet,Daylight,Cloudy,,Rte 90 E,Rte 90  E Milemarker 129.0,,,,228164.256,900848.8068
3985423,BOSTON,17-Dec-2014,10:06 AM,Property damage only (none injured),1,0,0,Single vehicle crash,V1: Slowing or stopped in traffic,V1:Southbound ,V1: Other ,V1: Passenger car,Dry,Daylight,Cloudy,,,,,NATIONAL CAR RENTAL GARAGE 3RD F,,,
3989080,BOSTON,17-Dec-2014,10:33 AM,Property damage only (none injured),2,0,0,Rear-end,V1: Travelling straight ahead / V2:Travelling straight ahead,V1:Northbound / V2:Northbound ,V1: Collision with motor vehicle in traffic / V2: Collision with motor vehicle in traffic ,"V1: Passenger car / V2:Single-unit truck (2-axle, 6-tire)",Dry,Daylight,Clear,,Rte 93 N,,Exit 20 on Rte 93 N,,,235935.6734,898219.8317
3988037,BOSTON,17-Dec-2014,10:35 AM,Property damage only (none injured),2,0,0,Angle,V1: Travelling straight ahead / V2:Changing lanes,V1:Eastbound / V2:Eastbound ,V1: Collision with motor vehicle in traffic / V2: Collision with motor vehicle in traffic ,"V1: Passenger car / V2:Light truck(van, mini-van, panel, pickup, sport utility) with only four tires",Wet,Daylight,Cloudy/Rain,,SOLDIERS FIELD ROAD Rte UNKNOW E / NORTH HARVARD STREET,,,,,230992.3482,902048.2872
3990757,BOSTON,17-Dec-2014,11:11 AM,Property damage only (none injured),1,0,0,Angle,V1: Turning right,V1:Northbound ,"V1: Collision with cyclist (bicycle, tricycle, unicycle, pedal car) ",V1: Passenger car,Wet,Daylight,Cloudy/Rain,MASSACHUSETTS AVENUE Rte SR2A W / RAMP-STORROW DR WB TO RT 2A WB / MASSACHUSETTS AVENUE Rte SR2A E,,,,,"P1:Pedalcyclist (bicycle, tricycle, unicycle, pedal car)",233784.834,900223.7079
4013204,BOSTON,17-Dec-2014,12:13 PM,Non-fatal injury,1,1,0,Single vehicle crash,V1: Backing,V1:Not reported ,V1: Collision with pedestrian ,V1: Passenger car,Dry,Daylight,Clear/Clear,EAST NEWTON STREET / ALBANY STREET,,,,,P2:Pedestrian,235428.9065,898470.2502
4031459,BOSTON,17-Dec-2014,12:24 PM,Not Reported,2,0,0,Not reported,V1: Turning left / V2:Travelling straight ahead,V1:Southbound / V2:Northbound ,V1: Collision with motor vehicle in traffic / V2: Collision with motor vehicle in traffic ,"V1: Passenger car / V2:Light truck(van, mini-van, panel, pickup, sport utility) with only four tires",Not reported,Not reported,Not Reported,DORCHESTER AVENUE / VALLEY ROAD,,,,,,235757.4845,892027.5627
3989896,BOSTON,17-Dec-2014,3:50 PM,Property damage only (none injured),2,0,0,"Sideswipe, same direction",V1: Entering traffic lane / V2:Entering traffic lane,V1:Southbound / V2:Southbound ,V1: Collision with motor vehicle in traffic / V2: Collision with motor vehicle in traffic ,"V1: Single-unit truck (2-axle, 6-tire) / V2:Light truck(van, mini-van, panel, pickup, sport utility) with only four tires",Dry,Daylight,Clear,,Rte 93 S,,Exit 18 on Rte 93 S,,,236013.2783,899092.9981
3993454,BOSTON,17-Dec-2014,3:50 PM,Property damage only (none injured),2,0,0,"Sideswipe, same direction",V1: Turning left / V2:Turning left,V1:Northbound / V2:Northbound ,V1: Collision with motor vehicle in traffic / V2: Collision with motor vehicle in traffic ,V1: Passenger car / V2:Single-unit truck (3-or-more axles),Dry,Daylight,Cloudy,CONGRESS STREET / D STREET EXTENSION,,,,,,237892.2736,899816.0427
3987700,BOSTON,17-Dec-2014,4:07 PM,Non-fatal injury,2,1,0,Rear-end,V1: Slowing or stopped in traffic / V2:Slowing or stopped in traffic,V1:Southbound / V2:Southbound ,V1: Collision with motor vehicle in traffic / V2: Collision with motor vehicle in traffic ,V1: Passenger car / V2:Passenger car,Dry,Dark - lighted roadway,Clear,,ALBANY STREET / RAMP-RTS 93 SB/3 SB TO ALBANY ST STREET,,Exit 20 on Rte 93 S,,,236181.2316,899691.0302
4013200,BOSTON,17-Dec-2014,5:56 PM,Non-fatal injury,2,1,0,Not reported,V1: Turning left / V2:Travelling straight ahead,V1:Northbound / V2:Eastbound ,V1: Collision with motor vehicle in traffic / V2: Collision with motor vehicle in traffic ,V1: Passenger car / V2:Passenger car,Not reported,Not reported,Not Reported,BERKELEY STREET / COLUMBUS AVENUE,,,,,,235282.7002,899882.0257
3987044,BOSTON,17-Dec-2014,6:00 PM,Non-fatal injury,2,1,0,"Sideswipe, same direction",V1: Travelling straight ahead / V2:Parked,V1:Not reported / V2:Not reported ,V1: Collision with parked motor vehicle / V2: Not reported ,V1: Passenger car / V2:Passenger car,Wet,Dark - lighted roadway,Rain,,10 CODMAN PARK,,,,,233538.8672,896686.0264
4042831,BOSTON,17-Dec-2014,9:32 PM,Non-fatal injury,2,1,0,Rear-end,V1: Slowing or stopped in traffic / V2:Not reported,V1:Not reported / V2:Not reported ,V1: Collision with motor vehicle in traffic / V2: Not reported ,V1: Passenger car / V2:Passenger car,Wet,Dark - lighted roadway,Cloudy,,173 ALFORD STREET Rte 99,,,,,235433.3577,904650.4227
3987148,BOSTON,18-Dec-2014,4:28 AM,Property damage only (none injured),2,0,0,"Sideswipe, opposite direction",V1: Entering traffic lane / V2:Travelling straight ahead,V1:Southbound / V2:Northbound ,V1: Collision with motor vehicle in traffic / V2: Collision with motor vehicle in traffic ,"V1: Light truck(van, mini-van, panel, pickup, sport utility) with only four tires / V2:Light truck(van, mini-van, panel, pickup, sport utility) with only four tires",Wet,Dark - lighted roadway,Rain,,Rte 93 N / UNKNOWN,,Exit 16 on Rte 93 N,,,236403.9842,897524.312
3989081,BOSTON,18-Dec-2014,5:12 AM,Property damage only (none injured),2,0,0,Rear-end,V1: Travelling straight ahead / V2:Slowing or stopped in traffic,V1:Southbound / V2:Southbound ,V1: Collision with motor vehicle in traffic / V2: Collision with motor vehicle in traffic ,"V1: Light truck(van, mini-van, panel, pickup, sport utility) with only four tires / V2:Single-unit truck (2-axle, 6-tire)",Wet,Dark - lighted roadway,Rain,,JOHN F FITZGERALD EXPRESSWAY Rte 3A S / RAMP-SURFACE ARTERY TO RTS 93 SB/3 SB,,,0 feet N from O&AMP;APOS;NEILL EXT PORTAL,,236278.4249,900045.3814
4022170,BOSTON,18-Dec-2014,7:10 AM,Property damage only (none injured),1,0,0,Single vehicle crash,V1: Travelling straight ahead,V1:Westbound ,V1: Collision with pedestrian ,V1: Passenger car,Wet,Daylight,Rain,,855 COMMONWEALTH AVENUE,,,,,231755.0358,900136.011
3987149,BOSTON,18-Dec-2014,7:40 AM,Property damage only (none injured),2,0,0,Rear-end,V1: Slowing or stopped in traffic / V2:Travelling straight ahead,V1:Westbound / V2:Westbound ,V1: Collision with motor vehicle in traffic / V2: Collision with motor vehicle in traffic ,"V1: Light truck(van, mini-van, panel, pickup, sport utility) with only four tires / V2:Passenger car",Wet,Daylight,Rain,,RAMP-RTS 93 NB/3 NB TO RT 90 WB / RAMP-RTS 93 NB/3 NB TO RT 93 NB HOV LN,,,RAMP KK FROM FRONTAGE ROAD NORTH,,236199.9653,899398.9175
3985420,BOSTON,18-Dec-2014,8:16 AM,Property damage only (none injured),2,0,0,Rear-end,V1: Travelling straight ahead / V2:Slowing or stopped in traffic,V1:Westbound / V2:Westbound ,V1: Collision with motor vehicle in traffic / V2: Collision with motor vehicle in traffic ,V1: Passenger car / V2:Passenger car,Dry,Daylight,Clear/Cloudy,,MASSACHUSETTS TURNPIKE Rte 90 W / TED WILLIAMS TUNNEL,,,,,239051.4028,900924.2439
4023897,BOSTON (ROXBURY),18-Dec-2014,9:30 AM,Non-fatal injury,1,1,0,Single vehicle crash,V1: Turning right,V1:Not reported ,V1: Collision with pedestrian ,V1: Passenger car,Wet,Daylight,Clear,TREMONT STREET / SAINT ALPHONSUS STREET,,,,,P3:Pedestrian,232856.9062,898128.8752