Crash Number,City/Town Name,Crash Date,Crash Time,Crash Severity,Number of Vehicles,Total Nonfatal Injuries,Total Fatal Injuries,Manner of Collision,Vehicle Action Prior to Crash,Vehicle Travel Directions,Most Harmful Events,Vehicle Configuration,Road Surface Condition,Ambient Light,Weather Condition,At Roadway Intersection,Distance from Nearest Roadway Intersection,Distance from Nearest Milemarker,Distance from Nearest Exit,Distance from Nearest Landmark,Non Motorist Type,X Coordinate,Y Coordinate
3989517,BOSTON,18-Dec-2014,12:08 PM,Non-fatal injury,2,2,0,Rear-end,V1: Travelling straight ahead / V2:Slowing or stopped in traffic,V1:Eastbound / V2:Eastbound ,V1: Collision with motor vehicle in traffic / V2: Collision with motor vehicle in traffic ,"V1: Light truck(van, mini-van, panel, pickup, sport utility) with only four tires / V2:Passenger car",Dry,Daylight,Clear,CONGRESS STREET / D STREET EXTENSION,,,,,,237892.2736,899816.0427
3985421,BOSTON,18-Dec-2014,4:50 PM,Non-fatal injury,2,1,0,Rear-end,V1: Slowing or stopped in traffic / V2:Travelling straight ahead,V1:Northbound / V2:Northbound ,V1: Collision with motor vehicle in traffic / V2: Collision with motor vehicle in traffic ,"V1: Passenger car / V2:Light truck(van, mini-van, panel, pickup, sport utility) with only four tires",Dry,Dark - lighted roadway,Clear,,LEVERETT CONNECTOR NORTH / LEVERETT CONNECTOR NORTH,,,RAMP LC-N,,234804.1974,903452.8464
3987677,BOSTON,18-Dec-2014,5:01 PM,Property damage only (none injured),3,0,0,Rear-end,V1: Slowing or stopped in traffic / V2:Travelling straight ahead / V3:Travelling straight ahead,V1:Eastbound / V2:Eastbound / V3:Eastbound ,V1: Collision with motor vehicle in traffic / V2: Collision with motor vehicle in traffic / V3: Collision with motor vehicle in traffic ,V1: Passenger car / V2:Not reported / V3:Passenger car,Dry,Dusk,Cloudy,,Rte UNKNOW,,,GILMORE BRIDGE,,235589.0628,902712.3014
3989848,BOSTON,18-Dec-2014,5:25 PM,Property damage only (none injured),2,0,0,Angle,V1: Travelling straight ahead / V2:Travelling straight ahead,V1:Southbound / V2:Westbound ,V1: Collision with motor vehicle in traffic / V2: Collision with motor vehicle in traffic ,V1: Passenger car / V2:Passenger car,Dry,Dark - lighted roadway,Clear,,VETERANS OF FOREIGN WARS PARKWAY / BAKER STREET,,,,,227086.7657,893107.1877
4031779,BOSTON (DORCHESTER),18-Dec-2014,5:35 PM,Not Reported,2,0,0,Not reported,V1: Travelling straight ahead / V2:Travelling straight ahead,V1:Eastbound / V2:Southbound ,V1: Collision with motor vehicle in traffic / V2: Collision with motor vehicle in traffic ,V1: Passenger car / V2:Passenger car,Not reported,Not reported,Not Reported,JONES AVENUE / WOLLASTON TERRACE,,,,,,234397.8905,892966.9998
3997762,BOSTON,18-Dec-2014,5:49 PM,Property damage only (none injured),2,0,0,Angle,V1: Changing lanes / V2:Travelling straight ahead,V1:Northbound / V2:Northbound ,V1: Collision with motor vehicle in traffic / V2: Collision with motor vehicle in traffic ,"V1: Passenger car / V2:Light truck(van, mini-van, panel, pickup, sport utility) with only four tires",Dry,Dark - lighted roadway,Cloudy,,CHARLES STREET CIRCLE Rte UNKNOW,,,,,235385.419,901294.6172
4038779,BOSTON,18-Dec-2014,6:03 PM,Property damage only (none injured),2,0,0,Not reported,V1: Travelling straight ahead / V2:Turning left,V1:Not reported / V2:Not reported ,V1: Not reported / V2: Not reported ,"V1: Passenger car / V2:Light truck(van, mini-van, panel, pickup, sport utility) with only four tires",Not reported,Not reported,Not Reported,BEACON STREET / PARK DRIVE,,,,,,232535.3748,899651.148
3990064,BOSTON,19-Dec-2014,2:18 AM,Not Reported,3,0,0,"Sideswipe, same direction",V1: Not reported / V2:Parked / V3:Parked,V1:Northbound / V2:Northbound / V3:Northbound ,V1: Collision with parked motor vehicle / V2: Collision with motor vehicle in traffic / V3: Collision with motor vehicle in traffic ,"V1: Passenger car / V2:Passenger car / V3:Light truck(van, mini-van, panel, pickup, sport utility) with only four tires",Dry,Dark - lighted roadway,Clear,,GALLIVAN BOULEVARD,,,,,235923.5646,892297.0404
3990239,BOSTON,19-Dec-2014,6:20 AM,Non-fatal injury,2,1,0,Rear-end,V1: Slowing or stopped in traffic / V2:Travelling straight ahead,V1:Not reported / V2:Northbound ,V1: Collision with motor vehicle in traffic / V2: Collision with motor vehicle in traffic ,"V1: Passenger car / V2:Unknown heavy truck, cannot classify",Dry,Dawn,Clear,,RAMP-RT 90 WB/CONGRESS ST TO RTS 93/3 Rte 90 W / RAMP-RTS 90 WB/1A SB TO RTS 93 SB/3 SB Rte 1A S,,,,,236624.482,899715.7791
3985900,BOSTON,19-Dec-2014,9:17 AM,Non-fatal injury,2,1,0,Rear-end,V1: Changing lanes / V2:Travelling straight ahead,V1:Southbound / V2:Southbound ,V1: Collision with motor vehicle in traffic / V2: Collision with motor vehicle in traffic ,"V1: Light truck(van, mini-van, panel, pickup, sport utility) with only four tires / V2:Light truck(van, mini-van, panel, pickup, sport utility) with only four tires",Dry,Daylight,Cloudy,,Rte 93 S / UNKNOWN,,Exit 23 on Rte 93 S,,,236856.2793,901152.8251
3993726,BOSTON,19-Dec-2014,11:18 AM,Property damage only (none injured),2,0,0,Rear-end,V1: Slowing or stopped in traffic / V2:Travelling straight ahead,V1:Northbound / V2:Northbound ,V1: Collision with motor vehicle in traffic / V2: Collision with motor vehicle in traffic ,"V1: Light truck(van, mini-van, panel, pickup, sport utility) with only four tires / V2:Light truck(van, mini-van, panel, pickup, sport utility) with only four tires",Dry,Daylight,Clear,,Rte 93 N / UNKNOWN,,Exit 28 on Rte 93 N,,,234953.5188,903173.3157
3991527,BOSTON,19-Dec-2014,12:58 PM,Not Reported,2,0,0,Not reported,V1: Turning right / V2:Turning right,V1:Westbound / V2:Northbound ,V1: Not reported / V2: Not reported ,"V1: Passenger car / V2:Unknown heavy truck, cannot classify",Not reported,Not reported,Not Reported,GIBSON STREET / DORCHESTER AVENUE,,,,,,236197.4374,894173.75
3993730,BOSTON,19-Dec-2014,5:00 PM,Non-fatal injury,2,1,0,Rear-end,V1: Slowing or stopped in traffic / V2:Slowing or stopped in traffic,V1:Southbound / V2:Southbound ,V1: Collision with motor vehicle in traffic / V2: Collision with motor vehicle in traffic ,"V1: Passenger car / V2:Light truck(van, mini-van, panel, pickup, sport utility) with only four tires",Wet,Dark - lighted roadway,Rain,NEPONSET AVENUE / WILLIAM T MORRISSEY BOULEVARD,,,,MORRISSEY BLVD @ NEPONSET ROTARY,,237696.0819,892924.3425
3989939,BOSTON,19-Dec-2014,5:28 PM,Non-fatal injury,3,1,0,Rear-end,V1: Slowing or stopped in traffic / V2:Slowing or stopped in traffic / V3:Travelling straight ahead,V1:Westbound / V2:Westbound / V3:Westbound ,V1: Collision with motor vehicle in traffic / V2: Collision with motor vehicle in traffic / V3: Collision with motor vehicle in traffic ,V1: Passenger car / V2:Passenger car / V3:Passenger car,Dry,Dark - lighted roadway,Clear,,MASSACHUSETTS TURNPIKE Rte 90 W,,Exit 19 on Rte 90,,,231116.1697,900853.8849
3989912,BOSTON,19-Dec-2014,5:30 PM,Property damage only (none injured),2,0,0,"Sideswipe, same direction",V1: Changing lanes / V2:Travelling straight ahead,V1:Southbound / V2:Southbound ,V1: Collision with motor vehicle in traffic / V2: Collision with motor vehicle in traffic ,V1: Tractor/semi-trailer / V2:Passenger car,Dry,Dark - lighted roadway,Clear,,JOHN F FITZGERALD EXPRESSWAY Rte 93 S / GENERAL CASIMIR PULASKI SKYWAY Rte 3A S,,,RAMADA INN,,237446.6349,893954.0938
4031014,BOSTON (DORCHESTER),19-Dec-2014,6:20 PM,Not Reported,2,0,0,Not reported,V1: Travelling straight ahead / V2:Changing lanes,V1:Not reported / V2:Not reported ,V1: Not reported / V2: Not reported ,"V1: Passenger car / V2:Light truck(van, mini-van, panel, pickup, sport utility) with only four tires",Not reported,Not reported,Not Reported,PARK STREET / GENEVA AVENUE,,,,,,236077.3227,894271.3229
3993731,BOSTON,19-Dec-2014,7:10 PM,Property damage only (none injured),2,0,0,Rear-end,V1: Slowing or stopped in traffic / V2:Slowing or stopped in traffic,V1:Northbound / V2:Northbound ,V1: Collision with motor vehicle in traffic / V2: Collision with motor vehicle in traffic ,V1: Passenger car / V2:Passenger car,Wet,Dark - lighted roadway,Rain,GALLIVAN BOULEVARD / NEPONSET AVENUE / WILLIAM T MORRISSEY BOULEVARD,,,,NEPONSET ROTARY,,237731.8737,892907.403
3987163,BOSTON,19-Dec-2014,7:11 PM,Property damage only (none injured),2,0,0,Rear-end,V1: Travelling straight ahead / V2:Travelling straight ahead,V1:Southbound / V2:Southbound ,V1: Collision with motor vehicle in traffic / V2: Collision with motor vehicle in traffic ,V1: Passenger car / V2:Passenger car,Dry,Dark - lighted roadway,Not Reported,,JOHN F FITZGERALD EXPRESSWAY Rte 93 S / RAMP-RTS 93 SB/3 SB TO SB FRONTAGE RD/MA,,,,,235967.3745,898977.0496
3987220,BOSTON,19-Dec-2014,7:35 PM,Property damage only (none injured),2,0,0,"Sideswipe, same direction",V1: Changing lanes / V2:Travelling straight ahead,V1:Westbound / V2:Westbound ,V1: Collision with motor vehicle in traffic / V2: Collision with motor vehicle in traffic ,V1: Passenger car / V2:Passenger car,Dry,Dark - lighted roadway,Clear,,SOLDIERS FIELD ROAD / SOLDIERS FIELD ROAD,,,ELLIOT INTERCHANGE,,230605.5639,902565.3031
4023893,BOSTON,19-Dec-2014,8:45 PM,Non-fatal injury,2,1,0,Rear-end,V1: Slowing or stopped in traffic / V2:Slowing or stopped in traffic,V1:Not reported / V2:Not reported ,V1: Collision with motor vehicle in traffic / V2: Collision with motor vehicle in traffic ,V1: Passenger car / V2:Passenger car,Dry,Dark - lighted roadway,Clear,QUINCY STREET / WARREN STREET,,,,,,234383.894,896293.5339
3987238,BOSTON,20-Dec-2014,00:00 AM,Property damage only (none injured),1,0,0,Single vehicle crash,V1: Overtaking/passing,V1:Westbound ,V1: Collision with motor vehicle in traffic ,V1: Passenger car,Dry,Dark - lighted roadway,Not Reported,,GRANITE AVENUE,,,,,236625.9631,892554.9174
3987255,BOSTON,20-Dec-2014,1:17 AM,Property damage only (none injured),1,0,0,Single vehicle crash,V1: Travelling straight ahead,V1:Southbound ,V1: Collision with motor vehicle in traffic ,"V1: Light truck(van, mini-van, panel, pickup, sport utility) with only four tires",Dry,Dark - lighted roadway,Clear,,1153 CENTRE STREET,,,FAULKNER HOSPITAL,,230684.0039,894480.4532
4031469,BOSTON,20-Dec-2014,1:37 AM,Not Reported,4,0,0,"Sideswipe, same direction",V1: Parked / V2:Parked / V3:Turning right / V4:Parked,V1:Not reported / V2:Not reported / V3:Westbound / V4:Not reported ,V1: Collision with parked motor vehicle / V2: Collision with parked motor vehicle / V3: Unknown / V4: Not reported ,"V1: Passenger car / V2:Passenger car / V3:Light truck(van, mini-van, panel, pickup, sport utility) with only four tires / V4:Light truck(van, mini-van, panel, pickup, sport utility) with only four tires",Dry,Dark - lighted roadway,Clear/Clear,WASHINGTON STREET / DAKOTA STREET,,,,,,235209.11,894308.3005
3991992,BOSTON,20-Dec-2014,2:35 AM,Non-fatal injury,2,4,0,Head-on,V1: Leaving traffic lane / V2:Travelling straight ahead,V1:Northbound / V2:Southbound ,V1: Collision with motor vehicle in traffic / V2: Collision with motor vehicle in traffic ,V1: Passenger car / V2:Passenger car,Dry,Dark - lighted roadway,Clear,,JAMAICAWAY / PERKINS STREET,,,NORTH OF PERKINS ST,,231606.1562,896796.9999
4011920,BOSTON,20-Dec-2014,5:50 AM,Property damage only (none injured),1,0,0,Single vehicle crash,V1: Travelling straight ahead,V1:Southbound ,V1: Collision with motor vehicle in traffic ,"V1: Bus (seats for more than 15 people, including driver)",Dry,Dawn,Clear,,OLD COLONY AVENUE / MOUNT VERNON STREET,,,,,236937.771,896846.3844
4017039,BOSTON (HYDE PARK),20-Dec-2014,1:10 PM,Property damage only (none injured),5,0,0,Not reported,V1: Other / V2:Parked / V3:Parked / V4:Parked / V5:Parked,V1:Not reported / V2:Not reported / V3:Not reported / V4:Not reported / V5:Not reported ,V1: Collision with parked motor vehicle / V2: Collision with motor vehicle in traffic / V3: Collision with motor vehicle in traffic / V4: Collision with motor vehicle in traffic / V5: Collision with motor vehicle in traffic ,V1: Passenger car / V2:Passenger car / V3:Passenger car / V4:Passenger car / V5:Passenger car,Not reported,Not reported,Not Reported,,SUMMER STREET / GORDON AVENUE,,,,,230850.0936,889613.6876
3987164,BOSTON,20-Dec-2014,3:02 PM,Property damage only (none injured),2,0,0,Rear-end,V1: Travelling straight ahead / V2:Travelling straight ahead,V1:Northbound / V2:Northbound ,V1: Collision with motor vehicle in traffic / V2: Collision with motor vehicle in traffic ,"V1: Light truck(van, mini-van, panel, pickup, sport utility) with only four tires / V2:Passenger car",Dry,Dark - lighted roadway,Clear,,Rte 93 N / UNKNOWN,,Exit 23 on Rte 93 N,,,236957.4837,900943.9828
3992756,BOSTON (SOUTH BOSTON),20-Dec-2014,7:00 PM,Not Reported,2,0,0,Not reported,V1: Travelling straight ahead / V2:Parked,V1:Eastbound / V2:Not reported ,V1: Not reported / V2: Not reported ,"V1: Light truck(van, mini-van, panel, pickup, sport utility) with only four tires / V2:Light truck(van, mini-van, panel, pickup, sport utility) with only four tires",Not reported,Not reported,Not Reported,,343 CONGRESS STREET,,,,,237157.5117,900121.9136
3987664,BOSTON,20-Dec-2014,8:06 PM,Property damage only (none injured),2,0,0,Rear-end,V1: Travelling straight ahead / V2:Travelling straight ahead,V1:Westbound / V2:Not reported ,V1: Collision with motor vehicle in traffic / V2: Collision with motor vehicle in traffic ,"V1: Light truck(van, mini-van, panel, pickup, sport utility) with only four tires / V2:Light truck(van, mini-van, panel, pickup, sport utility) with only four tires",Dry,Dark - lighted roadway,Clear,,MASSACHUSETTS TURNPIKE Rte 90 W / TED WILLIAMS TUNNEL,,,,,239051.4028,900924.2439
3989842,BOSTON,20-Dec-2014,8:27 PM,Property damage only (none injured),2,0,0,Angle,V1: Travelling straight ahead / V2:Entering traffic lane,V1:Eastbound / V2:Northbound ,V1: Collision with motor vehicle in traffic / V2: Collision with motor vehicle in traffic ,V1: Passenger car / V2:Passenger car,Dry,Dark - lighted roadway,Cloudy,,SOLDIERS FIELD ROAD / NORTH BEACON STREET,,,STAPLES PARKING LOT,,228076.4976,901010.8434
4022189,BOSTON (BRIGHTON),21-Dec-2014,4:31 PM,Non-fatal injury,3,1,0,Single vehicle crash,V1: Travelling straight ahead / V2:Parked / V3:Parked,V1:Eastbound / V2:Not reported / V3:Not reported ,V1: Collision with motor vehicle in traffic / V2: Collision with parked motor vehicle / V3: Not reported ,"V1: Passenger car / V2:Light truck(van, mini-van, panel, pickup, sport utility) with only four tires / V3:Passenger car",Wet,Dark - lighted roadway,Snow/Rain,,344 WASHINGTON STREET,,,,,236314.0826,900770.951
3987165,BOSTON,21-Dec-2014,4:49 PM,Non-fatal injury,3,1,0,Rear-end,V1: Slowing or stopped in traffic / V2:Travelling straight ahead / V3:Travelling straight ahead,V1:Northbound / V2:Northbound / V3:Northbound ,V1: Collision with motor vehicle in traffic / V2: Collision with motor vehicle in traffic / V3: Collision with motor vehicle in traffic ,"V1: Light truck(van, mini-van, panel, pickup, sport utility) with only four tires / V2:Light truck(van, mini-van, panel, pickup, sport utility) with only four tires / V3:Light truck(van, mini-van, panel, pickup, sport utility) with only four tires",Dry,Dark - lighted roadway,Cloudy,,RAMP-FRONTAGE RD TO RTS 93 NB/3 NB / MASSACHUSETTS AVENUE CONNECTOR,,,II RAMP,,235858.9381,898443.3453
4011557,BOSTON,21-Dec-2014,5:50 PM,Non-fatal injury,2,1,0,Rear-end,V1: Travelling straight ahead / V2:Slowing or stopped in traffic,V1:Southbound / V2:Southbound ,V1: Collision with motor vehicle in traffic / V2: Collision with motor vehicle in traffic ,"V1: Passenger car / V2:Light truck(van, mini-van, panel, pickup, sport utility) with only four tires",Dry,Dark - lighted roadway,Not Reported,,Rte 93 S / UNKNOWN,,Exit 15 on Rte 93 S,,,236629.6253,897168.5001
4009768,BOSTON,21-Dec-2014,5:59 PM,Property damage only (none injured),2,0,0,Rear-end,V1: Travelling straight ahead / V2:Parked,V1:Not reported / V2:Not reported ,V1: Collision with parked motor vehicle / V2: Collision with parked motor vehicle ,V1: Passenger car / V2:Passenger car,Wet,Dark - lighted roadway,"Rain/Fog, smog, smoke",,50 feet W from Intersection SYDNEY STREET / SAVIN HILL AVENUE,,,,,236799.5522,895791.7592
3993733,BOSTON,21-Dec-2014,6:25 PM,Property damage only (none injured),2,0,0,Rear-end,V1: Travelling straight ahead / V2:Slowing or stopped in traffic,V1:Southbound / V2:Southbound ,V1: Collision with motor vehicle in traffic / V2: Collision with motor vehicle in traffic ,"V1: Passenger car / V2:Light truck(van, mini-van, panel, pickup, sport utility) with only four tires",Dry,Dark - roadway not lighted,Not Reported,,Rte 93,,Exit 15 on Rte 93,,,236629.6253,897168.5001
3987166,BOSTON,22-Dec-2014,2:05 AM,Property damage only (none injured),1,0,0,Single vehicle crash,V1: Travelling straight ahead,V1:Northbound ,V1: Collision with other movable object ,"V1: Light truck(van, mini-van, panel, pickup, sport utility) with only four tires",Dry,Other,Clear,,CALLAHAN TUNNEL / RAMP-NORTH ST TO CALLAHAN TUNL TUNNEL,,,CALLAHAN TUNNEL,,236765.4894,901459.6275
3987701,BOSTON,22-Dec-2014,3:00 AM,Property damage only (none injured),1,0,0,Single vehicle crash,V1: Travelling straight ahead,V1:Westbound ,V1: Collision with median barrier ,V1: Passenger car,Dry,Dark - lighted roadway,Clear,,RAMP-RT 90 WB/CONGRESS ST TO RTS 93/3 Rte 1A S / RAMP-RTS 90 WB/1A SB TO RTS 93 SB/3 SB Rte 1A S,,,RAMP TO ROUTE 93 (D RAMP),,236639.382,899720.207
3990036,BOSTON,22-Dec-2014,1:24 PM,Property damage only (none injured),2,0,0,Rear-end,V1: Slowing or stopped in traffic / V2:Not reported,V1:Eastbound / V2:Not reported ,V1: Collision with motor vehicle in traffic / V2: Not reported ,V1: Passenger car / V2:Passenger car,Dry,Daylight,Cloudy,,STORROW DRIVE / RAMP-STORROW DR EB TO RT 28 SB (BEACON S,,,COPLEY TUNNEL,,234994.22,900643.1217
3989539,BOSTON,22-Dec-2014,4:40 PM,Property damage only (none injured),1,0,0,Single vehicle crash,V1: Travelling straight ahead,V1:Eastbound ,V1: Collision with light pole or other post/support ,V1: Passenger car,Wet,Dark - lighted roadway,Rain,,GALLIVAN BOULEVARD Rte 3A S / NEPONSET AVENUE,,,RT 93 OVERPASS GALLIVAN BLVD.,,237688.3898,892873.4991
4043414,BOSTON (CHARLESTOWN),22-Dec-2014,5:17 PM,Not Reported,1,0,0,"Sideswipe, opposite direction",V1: Turning right,V1:Eastbound ,V1: Not reported ,V1: Passenger car,Wet,Dark - lighted roadway,Rain/Unknown,CHELSEA STREET / NEW RUTHERFORD AVENUE Rte SR99 S,,,,,,236056.7761,902375.4099
4031868,BOSTON,22-Dec-2014,5:25 PM,Not Reported,1,0,0,Head-on,V1: Slowing or stopped in traffic,V1:Southbound ,V1: Not reported ,V1: Passenger car,Wet,Dark - lighted roadway,Rain,,15 feet E from Intersection 41 BRAINARD STREET / GORHAM STREET,,,,P2:Pedestrian,230260.3648,889461.1594
3990728,BOSTON,22-Dec-2014,6:40 PM,Property damage only (none injured),1,0,0,Single vehicle crash,V1: Changing lanes,V1:Southbound ,V1: Collision with median barrier ,V1: Passenger car,Wet,Dark - lighted roadway,Rain,RAMP-RT 1 SB (TOBIN BRG) TO RT 93 SB Rte US1 S / RAMP-RT 1 SB TO RTS 3 NB/28 (LEVERETT CO,,,,RAMP TO I-93S,,235493.2797,902491.7967
4009769,BOSTON,22-Dec-2014,7:01 PM,Property damage only (none injured),2,0,0,"Sideswipe, same direction",V1: Turning left / V2:Not reported,V1:Not reported / V2:Not reported ,V1: Collision with motor vehicle in traffic / V2: Not reported ,V1: Passenger car / V2:Not reported,Dry,Dark - lighted roadway,Clear/Clear,WILLIAM T MORRISSEY BOULEVARD / FREEPORT STREET,,,,,,237149.8439,894580.3748
4023900,BOSTON (ROXBURY),22-Dec-2014,9:08 PM,Non-fatal injury,2,1,0,Rear-end,V1: Travelling straight ahead / V2:Travelling straight ahead,V1:Northbound / V2:Northbound ,V1: Collision with motor vehicle in traffic / V2: Collision with motor vehicle in traffic ,V1: Passenger car / V2:Passenger car,Wet,Dark - lighted roadway,Rain,WARREN STREET / WARREN STREET / WINTHROP STREET,,,,,,234355.0781,897430.3751
3988020,BOSTON,23-Dec-2014,4:45 AM,Property damage only (none injured),2,0,0,"Sideswipe, opposite direction",V1: Travelling straight ahead / V2:Travelling straight ahead,V1:Southbound / V2:Northbound ,V1: Collision with motor vehicle in traffic / V2: Collision with motor vehicle in traffic ,V1: Passenger car / V2:Passenger car,Wet,Dark - lighted roadway,Rain,,RAMP-SUMNER TUNL TO RT 93 NB/MARKET ST / RAMP-SUMNER TUNL TO RT 3 NB (STORROW DR),,Exit SACT R on Rte 1 S,,,236651.739,901438.0759
3990244,BOSTON,23-Dec-2014,5:46 AM,Property damage only (none injured),2,0,0,Rear-end,V1: Travelling straight ahead / V2:Travelling straight ahead,V1:Northbound / V2:Northbound ,V1: Collision with motor vehicle in traffic / V2: Collision with motor vehicle in traffic ,"V1: Light truck(van, mini-van, panel, pickup, sport utility) with only four tires / V2:Passenger car",Wet,Dark - lighted roadway,Rain,,Rte 93 N / UNKNOWN,,Exit 13 on Rte 93 N,,,237420.1414,894076.5227
3990245,BOSTON,23-Dec-2014,8:39 AM,Property damage only (none injured),2,0,0,Rear-end,V1: Slowing or stopped in traffic / V2:Travelling straight ahead,V1:Northbound / V2:Northbound ,V1: Collision with motor vehicle in traffic / V2: Collision with motor vehicle in traffic ,"V1: Light truck(van, mini-van, panel, pickup, sport utility) with only four tires / V2:Light truck(van, mini-van, panel, pickup, sport utility) with only four tires",Dry,Daylight,Clear,,Rte 93 N / UNKNOWN,,Exit 14 on Rte 93 N,,,237258.9796,894483.3974
3993137,BOSTON,23-Dec-2014,11:23 AM,Property damage only (none injured),2,0,0,Angle,V1: Travelling straight ahead / V2:Travelling straight ahead,V1:Southbound / V2:Westbound ,V1: Collision with motor vehicle in traffic / V2: Collision with motor vehicle in traffic ,"V1: Passenger car / V2:Light truck(van, mini-van, panel, pickup, sport utility) with only four tires",Dry,Daylight,Clear,,COMMONWEALTH AVENUE / CHARLESGATE WEST,,,,,233546.2741,899931.2545
3989509,BOSTON,23-Dec-2014,12:27 PM,Property damage only (none injured),1,0,0,Single vehicle crash,V1: Travelling straight ahead,V1:Southbound ,V1: Collision with guardrail ,V1: Passenger car,Wet,Daylight,Cloudy/Rain,,LEVERETT CONNECTOR SOUTH / LEVERETT CONNECTOR SOUTH,,,LEVERETT CONNECTOR SB,,235910.3315,901853.5278
3991525,BOSTON,23-Dec-2014,12:53 PM,Property damage only (none injured),2,0,0,Rear-end,V1: Parked / V2:Travelling straight ahead,V1:Westbound / V2:Westbound ,V1: Collision with parked motor vehicle / V2: Collision with parked motor vehicle ,"V1: Single-unit truck (2-axle, 6-tire) / V2:Passenger car",Wet,Daylight,Rain,,100 feet W from Intersection 107 SAVIN HILL AVENUE / SYDNEY STREET,,,,,236769.0729,895794.1035
3992382,BOSTON,23-Dec-2014,2:10 PM,Property damage only (none injured),2,0,0,Single vehicle crash,V1: Slowing or stopped in traffic / V2:Travelling straight ahead,V1:Southbound / V2:Southbound ,V1: Collision with motor vehicle in traffic / V2: Collision with motor vehicle in traffic ,V1: Passenger car / V2:Passenger car,Dry,Daylight,Cloudy/Rain,,Rte 93 S,,Exit 20 on Rte 93 S,,,236954.209,900826.9442
3987678,BOSTON,23-Dec-2014,3:59 PM,Non-fatal injury,2,1,0,"Sideswipe, opposite direction",V1: Not reported / V2:Travelling straight ahead,V1:Southbound / V2:Northbound ,V1: Collision with motor vehicle in traffic / V2: Collision with motor vehicle in traffic ,"V1: Passenger car / V2:Light truck(van, mini-van, panel, pickup, sport utility) with only four tires",Wet,Dusk,Cloudy/Rain,,JAMAICAWAY Rte UNKNOW / BYNNER STREET,,,,,231761.9221,897172.3749
4031873,BOSTON (HYDE PARK),23-Dec-2014,4:00 PM,Not Reported,1,0,0,Head-on,V1: Travelling straight ahead,V1:Westbound ,V1: Collision with pedestrian ,V1: Passenger car,Wet,Dark - lighted roadway,Rain/Cloudy,WASHINGTON STREET / GARFIELD AVENUE,,,,,P2:Pedestrian,231332.1717,888444.4377
4023907,BOSTON,23-Dec-2014,5:16 PM,Non-fatal injury,1,1,0,Single vehicle crash,V1: Turning left,V1:Not reported ,V1: Collision with pedestrian ,V1: Passenger car,Wet,Dark - roadway not lighted,Rain,WASHINGTON STREET / CRISPUS ATTUCKS PLACE,,,,,P2:Pedestrian,233947.8287,897271.372
4041535,BOSTON (ROXBURY),23-Dec-2014,5:44 PM,Not Reported,2,0,0,"Sideswipe, same direction",V1: Not reported / V2:Not reported,V1:Not reported / V2:Not reported ,V1: Not reported / V2: Not reported ,"V1: Passenger car / V2:Light truck(van, mini-van, panel, pickup, sport utility) with only four tires",Wet,Dark - lighted roadway,Rain,,1990 COLUMBUS AVENUE,,,,,233202.3873,896124.0911
4031470,BOSTON,23-Dec-2014,8:09 PM,Non-fatal injury,3,1,0,Angle,V1: Travelling straight ahead / V2:Travelling straight ahead / V3:Parked,V1:Not reported / V2:Not reported / V3:Not reported ,V1: Collision with motor vehicle in traffic / V2: Collision with motor vehicle in traffic / V3: Collision with parked motor vehicle ,V1: Passenger car / V2:Passenger car / V3:Passenger car,Wet,Dark - lighted roadway,Rain,DRAPER STREET / WESTVILLE STREET,,,,,,235994.3905,894705.1251
4023914,BOSTON (ROXBURY),23-Dec-2014,9:29 PM,Non-fatal injury,1,1,0,Single vehicle crash,V1: Travelling straight ahead,V1:Not reported ,V1: Collision with pedestrian ,"V1: Light truck(van, mini-van, panel, pickup, sport utility) with only four tires",Wet,Dark - lighted roadway,Rain/Rain,,1400 TREMONT STREET,,,,P2:Pedestrian,233474.3664,898016.1333
3987679,BOSTON,23-Dec-2014,9:54 PM,Property damage only (none injured),1,0,0,Single vehicle crash,V1: Travelling straight ahead,V1:Eastbound ,V1: Collision with curb ,"V1: Light truck(van, mini-van, panel, pickup, sport utility) with only four tires",Wet,Dark - lighted roadway,Cloudy/Rain,,STORROW DRIVE Rte 28 S / RAMP - RT 3 TO RT 28 SB,,,MUGAR WAY E/B BY MEEI,,235207.2581,901221.8119
3987273,BOSTON,23-Dec-2014,10:21 PM,Non-fatal injury,1,1,0,Angle,V1: Leaving traffic lane,V1:Northbound ,V1: Collision with median barrier ,V1: Passenger car,Wet,Dark - lighted roadway,Cloudy/Rain,,JOHN F FITZGERALD EXPRESSWAY Rte 93 N / RAMP-RTS 93 NB/3 NB TO NORTH ST STREET,,,AFTER RAMP D.1/2 MILE BEFORE X23,,236994.5806,900814.4998
4029035,BOSTON (DORCHESTER),23-Dec-2014,11:31 PM,Property damage only (none injured),3,0,0,Rear-end,V1: Travelling straight ahead / V2:Parked / V3:Parked,V1:Northbound / V2:Northbound / V3:Northbound ,V1: Collision with parked motor vehicle / V2: Collision with motor vehicle in traffic / V3: Collision with motor vehicle in traffic ,V1: Passenger car / V2:Passenger car / V3:Passenger car,Wet,Dark - lighted roadway,Rain,MASCOMA STREET / GREENHEYS STREET,,,,,,235012.3438,895793.1251