Crash Number,City/Town Name,Crash Date,Crash Time,Crash Severity,Number of Vehicles,Total Nonfatal Injuries,Total Fatal Injuries,Manner of Collision,Vehicle Action Prior to Crash,Vehicle Travel Directions,Most Harmful Events,Vehicle Configuration,Road Surface Condition,Ambient Light,Weather Condition,At Roadway Intersection,Distance from Nearest Roadway Intersection,Distance from Nearest Milemarker,Distance from Nearest Exit,Distance from Nearest Landmark,Non Motorist Type,X Coordinate,Y Coordinate
4038197,BOSTON,24-Dec-2014,00:00 AM,Property damage only (none injured),1,0,0,Single vehicle crash,V1: Travelling straight ahead,V1:Southbound ,V1: Collision with pedestrian ,"V1: Light truck(van, mini-van, panel, pickup, sport utility) with only four tires",Dry,Dark - lighted roadway,Rain,MASSACHUSETTS AVENUE / SHAWMUT AVENUE,,,,,P2:Pedestrian,234776.2344,898629.9374
3994258,BOSTON,24-Dec-2014,00:00 AM,Not Reported,1,0,0,Single vehicle crash,V1: Travelling straight ahead,V1:Westbound ,V1: Collision with median barrier ,V1: Passenger car,Dry,Dark - lighted roadway,Clear,,RAMP-RT 28 NB (STORROW DR) TO RTS 93 NB/ / RAMP-RT 3 SB/LEVERETT CIR TO RTS 93 NB/1,,,STATION TUNNEL,,235687.5198,901860.4409
3989510,BOSTON,24-Dec-2014,2:50 AM,Property damage only (none injured),1,0,0,Single vehicle crash,V1: Travelling straight ahead,V1:Eastbound ,V1: Collision with guardrail ,V1: Passenger car,Dry,Dark - lighted roadway,Clear,MASSACHUSETTS AVENUE CONNECTOR / MASSACHUSETTS AVENUE CONNECTOR / FRONTAGE ROAD,,,,MASS AVE CONNECTOR,,235865.0173,898419.1854
3993727,BOSTON,24-Dec-2014,6:05 AM,Non-fatal injury,1,1,0,Single vehicle crash,V1: Travelling straight ahead,V1:Southbound ,V1: Collision with median barrier ,V1: Passenger car,Dry,Daylight,Clear,,Rte 93 S,,Exit 20 on Rte 93 S,EXIT 20,,236954.209,900826.9442
3989511,BOSTON,24-Dec-2014,8:52 AM,Property damage only (none injured),1,0,0,Single vehicle crash,V1: Travelling straight ahead,V1:Southbound ,V1: Collision with median barrier ,V1: Passenger car,Wet,Daylight,Cloudy/Rain,,RAMP-RT 90 WB/CONGRESS ST TO RTS 93/3 Rte 1A S / RAMP-RTS 90 WB/1A SB TO RTS 93 SB/3 SB Rte 1A S,,Exit 24 on Rte 90 W,AT THE D RAMP SPLIT,,236478.1316,899742.5645
3987680,BOSTON,24-Dec-2014,11:10 AM,Property damage only (none injured),3,0,0,Angle,V1: Travelling straight ahead / V2:Changing lanes / V3:Travelling straight ahead,V1:Eastbound / V2:Eastbound / V3:Eastbound ,V1: Collision with motor vehicle in traffic / V2: Collision with motor vehicle in traffic / V3: Collision with motor vehicle in traffic ,V1: Passenger car / V2:Passenger car / V3:Passenger car,Wet,Daylight,Cloudy/Rain,STORROW DRIVE Rte SR28 N / RAMP-RT 28 NB TO CAMBRIDGE ST / EMBANKMENT ROAD Rte SR28 N,,,,MUGAR WAY E/B BY CHARLES CIRCLE,,235254.3907,901130.5454
4029064,BOSTON,24-Dec-2014,1:05 PM,Not Reported,2,0,0,Rear-end,V1: Not reported / V2:Not reported,V1:Not reported / V2:Not reported ,V1: Not reported / V2: Not reported ,V1: MOPED / V2:Passenger car,Wet,Daylight,Rain,,116 HOMESTEAD STREET,,,,,233870.8195,895729.3014
3987681,BOSTON,24-Dec-2014,2:00 PM,Property damage only (none injured),1,0,0,Angle,V1: Travelling straight ahead,V1:Westbound ,V1: Collision with curb ,V1: Passenger car,Wet,Daylight,Cloudy/Rain,,STORROW DRIVE Rte 28 S / RAMP-RTS 3/3A TO RT 28 SB,,,MUGAR WAY W/B PAST LONGFELLOW BR,,235193.1548,901258.5358
4126778,BOSTON,24-Dec-2014,2:01 PM,Fatal injury,1,0,1,Not reported,V1: Not reported,V1:Not reported ,V1: Collision with pedestrian ,"V1: Light truck(van, mini-van, panel, pickup, sport utility) with only four tires",Not reported,Not reported,Not Reported,,WALDEMAR AVENUE,,,,,240571.162,904851.1302
3988039,BOSTON,24-Dec-2014,2:09 PM,Non-fatal injury,1,1,0,Single vehicle crash,V1: Travelling straight ahead,V1:Westbound ,V1: Collision with median barrier ,V1: Passenger car,Wet,Daylight,Cloudy/Rain,,SOLDIERS FIELD ROAD Rte UNKNOW W / NORTH HARVARD STREET,,,,,230992.3482,902048.2872
4030968,BOSTON (DORCHESTER),24-Dec-2014,3:30 PM,Non-fatal injury,2,2,0,Angle,V1: Travelling straight ahead / V2:Travelling straight ahead,V1:Not reported / V2:Not reported ,V1: Collision with motor vehicle in traffic / V2: Collision with motor vehicle in traffic ,V1: Passenger car / V2:Passenger car,Wet,Daylight,Rain,DORCHESTER AVENUE / BAY STREET,,,,,,236473.8283,895746.8751
3989512,BOSTON,24-Dec-2014,4:50 PM,Property damage only (none injured),1,0,0,Single vehicle crash,V1: Leaving traffic lane,V1:Westbound ,V1: Collision with median barrier ,V1: Passenger car,Wet,Dusk,Cloudy/Rain,,MASSACHUSETTS TURNPIKE Rte 90 W / RAMP-RT 28 SB (CLARENDON ST) TO RT 90 WB,,,PRU-TUNNEL,,234831.3136,899795.1068
3993136,BOSTON,24-Dec-2014,7:05 PM,Property damage only (none injured),1,0,0,Angle,V1: Leaving traffic lane,V1:Westbound ,V1: Collision with median barrier ,V1: Passenger car,Wet,Dark - lighted roadway,Cloudy/Rain,,RAMP-RT 90 WB/CONGRESS ST TO RTS 93/3 Rte 1A S / RAMP-RTS 90 WB/1A SB TO RTS 93 SB/3 SB Rte 1A S,,Exit 24 on Rte 90 W,D-RAMP,,236486.9432,899732.2768
3991774,BOSTON,24-Dec-2014,8:08 PM,Property damage only (none injured),2,0,0,Rear-end,V1: Travelling straight ahead / V2:Changing lanes,V1:Eastbound / V2:Eastbound ,V1: Collision with motor vehicle in traffic / V2: Collision with motor vehicle in traffic ,V1: Passenger car / V2:Passenger car,Wet,Dark - lighted roadway,Cloudy,,SOLDIERS FIELD ROAD Rte UNKNOW E / NORTH HARVARD STREET,,,,,230992.3482,902048.2872
4024387,BOSTON (ROXBURY),24-Dec-2014,8:47 PM,Not Reported,2,0,0,Head-on,V1: Travelling straight ahead / V2:Turning right,V1:Not reported / V2:Not reported ,V1: Collision with motor vehicle in traffic / V2: Collision with motor vehicle in traffic ,V1: Passenger car / V2:Passenger car,Wet,Dark - lighted roadway,Rain,NORFOLK AVENUE / LANGDON STREET,,,,,,235473.9061,897305.4374
3989513,BOSTON,24-Dec-2014,10:00 PM,Property damage only (none injured),2,0,0,Rear-end,V1: Slowing or stopped in traffic / V2:Travelling straight ahead,V1:Northbound / V2:Northbound ,V1: Collision with motor vehicle in traffic / V2: Collision with motor vehicle in traffic ,"V1: Light truck(van, mini-van, panel, pickup, sport utility) with only four tires / V2:Light truck(van, mini-van, panel, pickup, sport utility) with only four tires",Wet,Dark - lighted roadway,Clear,RAMP-RT 93 NB TO CAMBRIDGE ST STREET / CAMBRIDGE STREET,,,,,,234902.7814,903729.9453
4011558,BOSTON,24-Dec-2014,10:45 PM,Non-fatal injury,2,1,0,Head-on,V1: Travelling straight ahead / V2:Travelling straight ahead,V1:Eastbound / V2:Westbound ,V1: Collision with motor vehicle in traffic / V2: Collision with motor vehicle in traffic ,V1: Passenger car / V2:Passenger car,Wet,Dark - lighted roadway,Cloudy,,GALLIVAN BOULEVARD Rte UNKNOW / MORTON STREET,,,,,234631.4265,892127.267
3993728,BOSTON,25-Dec-2014,8:25 AM,Not Reported,1,0,0,Single vehicle crash,V1: Travelling straight ahead,V1:Northbound ,V1: Collision with median barrier ,"V1: Light truck(van, mini-van, panel, pickup, sport utility) with only four tires",Dry,Daylight,Clear,,Rte 93,,Exit 23 on Rte 93,,,236957.4837,900943.9828
3987441,BOSTON,25-Dec-2014,8:28 AM,Property damage only (none injured),1,0,0,Single vehicle crash,V1: Entering traffic lane,V1:Southbound ,V1: Collision with median barrier ,V1: Passenger car,Wet,Daylight,Rain,,Rte 90 W / UNKNOWN,,Exit 24 on Rte 90 W,,,238090.4393,899691.5691
4012034,BOSTON (DORCHESTER),25-Dec-2014,11:00 AM,Non-fatal injury,2,1,0,Head-on,V1: Travelling straight ahead / V2:Travelling straight ahead,V1:Not reported / V2:Not reported ,V1: Collision with motor vehicle in traffic / V2: Collision with motor vehicle in traffic ,V1: Passenger car / V2:Passenger car,Wet,Daylight,Clear/Cloudy,,13 STOUGHTON STREET,,,BAKERS FIELD,,235220.4593,898584.4646
3990668,BOSTON,25-Dec-2014,4:29 PM,Property damage only (none injured),2,0,0,Rear-end,V1: Slowing or stopped in traffic / V2:Slowing or stopped in traffic,V1:Northbound / V2:Northbound ,V1: Collision with motor vehicle in traffic / V2: Collision with motor vehicle in traffic ,"V1: Light truck(van, mini-van, panel, pickup, sport utility) with only four tires / V2:Passenger car",Dry,Daylight,Not Reported,NEPONSET AVENUE Rte SR3A N / WILLIAM T MORRISSEY BOULEVARD Rte SR3A N,,,,NEPONSET ROTARY,,237753.7034,892977.1251
3990945,BOSTON,25-Dec-2014,5:36 PM,Property damage only (none injured),3,0,0,Rear-end,V1: Slowing or stopped in traffic / V2:Travelling straight ahead / V3:Travelling straight ahead,V1:Northbound / V2:Northbound / V3:Northbound ,V1: Collision with motor vehicle in traffic / V2: Collision with motor vehicle in traffic / V3: Collision with motor vehicle in traffic ,"V1: Passenger car / V2:Light truck(van, mini-van, panel, pickup, sport utility) with only four tires / V3:Light truck(van, mini-van, panel, pickup, sport utility) with only four tires",Dry,Dark - lighted roadway,Cloudy,,Rte 93 N / UNKNOWN,,Exit 27 on Rte 93 N,,,235655.07,902467.5364
3991766,BOSTON,25-Dec-2014,8:50 PM,Property damage only (none injured),2,0,0,Angle,V1: Travelling straight ahead / V2:Turning left,V1:Southbound / V2:Northbound ,V1: Collision with motor vehicle in traffic / V2: Collision with motor vehicle in traffic ,V1: Passenger car / V2:Passenger car,Dry,Dark - lighted roadway,Clear,,RIVERWAY / LONGWOOD AVENUE,,,RIVERWAY AT LONGWOOD AVE,,232142.9084,898941.3686
4031871,BOSTON (BRIGHTON),26-Dec-2014,11:39 AM,Not Reported,3,0,0,Angle,V1: Parked / V2:Turning right / V3:Parked,V1:Not reported / V2:Not reported / V3:Not reported ,V1: Collision with parked motor vehicle / V2: Collision with motor vehicle in traffic / V3: Collision with parked motor vehicle ,V1: Passenger car / V2:Passenger car / V3:Passenger car,Dry,Daylight,Clear,GLENVILLE AVENUE / ALLSTON STREET,,,,,,229893.2971,899926.6875
3989514,BOSTON,26-Dec-2014,12:52 PM,Property damage only (none injured),4,0,0,Rear-end,V1: Travelling straight ahead / V2:Travelling straight ahead / V3:Travelling straight ahead / V4:Travelling straight ahead,V1:Northbound / V2:Northbound / V3:Northbound / V4:Northbound ,V1: Collision with motor vehicle in traffic / V2: Collision with motor vehicle in traffic / V3: Collision with motor vehicle in traffic / V4: Collision with motor vehicle in traffic ,V1: Passenger car / V2:Passenger car / V3:Passenger car / V4:Passenger car,Dry,Daylight,Clear,,Rte 93 N,Rte 93  N Milemarker 16.9,,,,236742.6233,900426.5825
4009785,BOSTON,26-Dec-2014,2:08 PM,Non-fatal injury,1,1,0,Single vehicle crash,V1: Travelling straight ahead,V1:Southbound ,V1: Collision with pedestrian ,V1: Passenger car,Dry,Daylight,Clear/Clear,WASHINGTON STREET / SOUTHERN AVENUE,,,,,,235324.844,893479.5625
3998538,BOSTON,26-Dec-2014,2:14 PM,Property damage only (none injured),3,0,0,Rear-end,V1: Slowing or stopped in traffic / V2:Slowing or stopped in traffic / V3:Travelling straight ahead,V1:Southbound / V2:Southbound / V3:Southbound ,V1: Collision with motor vehicle in traffic / V2: Collision with motor vehicle in traffic / V3: Collision with motor vehicle in traffic ,V1: Passenger car / V2:Passenger car / V3:Passenger car,Dry,Daylight,Clear,,Rte 93 S / UNKNOWN,,Exit 12 on Rte 93 S,,,237620.5493,892713.0989
3990248,BOSTON,26-Dec-2014,2:17 PM,Non-fatal injury,3,1,0,Rear-end,V1: Slowing or stopped in traffic / V2:Slowing or stopped in traffic / V3:Travelling straight ahead,V1:Southbound / V2:Southbound / V3:Southbound ,V1: Collision with motor vehicle in traffic / V2: Collision with motor vehicle in traffic / V3: Collision with motor vehicle in traffic ,"V1: Light truck(van, mini-van, panel, pickup, sport utility) with only four tires / V2:Light truck(van, mini-van, panel, pickup, sport utility) with only four tires / V3:Light truck(van, mini-van, panel, pickup, sport utility) with only four tires",Dry,Daylight,Clear,,Rte 93 S / UNKNOWN,,Exit 11 on Rte 93 S,,,237076.8671,891681.5326
3995745,BOSTON,26-Dec-2014,2:50 PM,Property damage only (none injured),2,0,0,Rear-end,V1: Travelling straight ahead / V2:Slowing or stopped in traffic,V1:Southbound / V2:Southbound ,V1: Collision with motor vehicle in traffic / V2: Collision with motor vehicle in traffic ,V1: Passenger car / V2:Passenger car,Dry,Daylight,Clear,,GALLIVAN BOULEVARD / DORCHESTER AVENUE,,,,,235804.4062,892252.5627
3989515,BOSTON,26-Dec-2014,5:42 PM,Property damage only (none injured),2,0,0,"Sideswipe, same direction",V1: Not reported / V2:Changing lanes,V1:Southbound / V2:Southbound ,V1: Collision with motor vehicle in traffic / V2: Collision with motor vehicle in traffic ,"V1: Passenger car / V2:Light truck(van, mini-van, panel, pickup, sport utility) with only four tires",Dry,Dark - lighted roadway,Clear,,TEMPORARY RAMP Rte 1 S / MAURICE TOBIN BRIDGE,,,,,235853.0976,902245.2623
3987682,BOSTON,26-Dec-2014,9:47 PM,Property damage only (none injured),2,0,0,Rear-end,V1: Travelling straight ahead / V2:Slowing or stopped in traffic,V1:Northbound / V2:Northbound ,V1: Collision with motor vehicle in traffic / V2: Collision with motor vehicle in traffic ,V1: Passenger car / V2:Passenger car,Dry,Dark - lighted roadway,Clear,,STORROW DRIVE Rte 28 N / RAMP-RT 28 NB (STORROW DR) TO RTS 93 NB/,,,@ BLOSSOM ST,,235431.1637,901630.9208
3989516,BOSTON,27-Dec-2014,1:45 PM,Property damage only (none injured),4,0,0,Rear-end,V1: Slowing or stopped in traffic / V2:Slowing or stopped in traffic / V3:Slowing or stopped in traffic / V4:Travelling straight ahead,V1:Northbound / V2:Northbound / V3:Northbound / V4:Northbound ,V1: Collision with motor vehicle in traffic / V2: Collision with motor vehicle in traffic / V3: Collision with motor vehicle in traffic / V4: Collision with motor vehicle in traffic ,"V1: Light truck(van, mini-van, panel, pickup, sport utility) with only four tires / V2:Light truck(van, mini-van, panel, pickup, sport utility) with only four tires / V3:Light truck(van, mini-van, panel, pickup, sport utility) with only four tires / V4:Light truck(van, mini-van, panel, pickup, sport utility) with only four tires",Dry,Daylight,Clear,,JOHN F FITZGERALD EXPRESSWAY Rte 93 N / RAMP-RT 93 NB TO RT 3 NB (STORROW DR) Rte 3A N,,,,,236419.5387,901575.0622
3990249,BOSTON,27-Dec-2014,2:08 PM,Property damage only (none injured),2,0,0,Rear-end,V1: Slowing or stopped in traffic / V2:Travelling straight ahead,V1:Northbound / V2:Northbound ,V1: Collision with motor vehicle in traffic / V2: Collision with motor vehicle in traffic ,"V1: Light truck(van, mini-van, panel, pickup, sport utility) with only four tires / V2:Passenger car",Dry,Daylight,Clear,,Rte 93 N / UNKNOWN,,Exit 13 on Rte 93 N,,,237420.1414,894076.5227
3990250,BOSTON,27-Dec-2014,3:10 PM,Property damage only (none injured),2,0,0,Rear-end,V1: Travelling straight ahead / V2:Slowing or stopped in traffic,V1:Northbound / V2:Northbound ,V1: Collision with motor vehicle in traffic / V2: Collision with motor vehicle in traffic ,V1: Passenger car / V2:Passenger car,Dry,Daylight,Clear,,Rte 93 N / UNKNOWN,,Exit 12 on Rte 93 N,,,237641.3431,892708.5028
3990055,BOSTON,27-Dec-2014,5:40 PM,Property damage only (none injured),2,0,0,Rear-end,V1: Travelling straight ahead / V2:Travelling straight ahead,V1:Northbound / V2:Northbound ,V1: Collision with motor vehicle in traffic / V2: Collision with motor vehicle in traffic ,"V1: Light truck(van, mini-van, panel, pickup, sport utility) with only four tires / V2:Light truck(van, mini-van, panel, pickup, sport utility) with only four tires",Dry,Dark - roadway not lighted,Clear,,Rte 93 N,,Exit 20 on Rte 93 N,,,235935.6734,898219.8317
3991119,BOSTON,27-Dec-2014,6:30 PM,Property damage only (none injured),3,0,0,Rear-end,V1: Slowing or stopped in traffic / V2:Slowing or stopped in traffic / V3:Changing lanes,V1:Southbound / V2:Southbound / V3:Southbound ,V1: Collision with motor vehicle in traffic / V2: Collision with motor vehicle in traffic / V3: Collision with motor vehicle in traffic ,V1: Passenger car / V2:Passenger car / V3:Passenger car,Dry,Dark - lighted roadway,Clear,,Rte 93 S,,Exit 20 on Rte 93 S,,,236954.209,900826.9442
3990730,BOSTON,27-Dec-2014,7:15 PM,Property damage only (none injured),2,0,0,Rear-end,V1: Slowing or stopped in traffic / V2:Travelling straight ahead,V1:Northbound / V2:Northbound ,V1: Collision with motor vehicle in traffic / V2: Collision with motor vehicle in traffic ,V1: Passenger car / V2:Passenger car,Dry,Dark - lighted roadway,Clear,,Rte 93 N,,Exit 26 on Rte 93 N,,,236402.7433,901600.0342
4009770,BOSTON (DORCHESTER),28-Dec-2014,5:51 AM,Property damage only (none injured),3,0,0,Rear-end,V1: Travelling straight ahead / V2:Parked / V3:Parked,V1:Eastbound / V2:Not reported / V3:Not reported ,V1: Collision with parked motor vehicle / V2: Collision with parked motor vehicle / V3: Collision with parked motor vehicle ,"V1: Light truck(van, mini-van, panel, pickup, sport utility) with only four tires / V2:Light truck(van, mini-van, panel, pickup, sport utility) with only four tires / V3:Light truck(van, mini-van, panel, pickup, sport utility) with only four tires",Dry,Dark - lighted roadway,Clear,,7 OAKLEY STREET,,,,,235309.4002,894624.8981
3991768,BOSTON,28-Dec-2014,11:35 PM,Non-fatal injury,2,1,0,Angle,V1: Other / V2:Travelling straight ahead,V1:Eastbound / V2:Northbound ,V1: Collision with motor vehicle in traffic / V2: Collision with motor vehicle in traffic ,V1: Passenger car / V2:Passenger car,Dry,Dark - lighted roadway,Clear,BACK STREET / BERKELEY STREET / RAMP-BERKELEY ST TO STORROW DR EB (RT 28,,,,,,235009.6998,900623.457
3992387,BOSTON,29-Dec-2014,1:05 AM,Non-fatal injury,1,2,0,Single vehicle crash,V1: Travelling straight ahead,V1:Eastbound ,V1: Collision with median barrier ,V1: Passenger car,Dry,Dark - lighted roadway,Not Reported,,STORROW DRIVE / DAVID G MUGAR WAY,,,,,235214.6816,900915.4701
3992388,BOSTON,29-Dec-2014,1:45 AM,Property damage only (none injured),1,0,0,Single vehicle crash,V1: Entering traffic lane,V1:Southbound ,V1: Collision with motor vehicle in traffic ,V1: Passenger car,Dry,Dark - lighted roadway,Clear,,RAMP-STORROW DR EB TO RT 28 SB (BEACON S / STORR BACK STREET,,,,,235148.4426,900679.6544
3991120,BOSTON,29-Dec-2014,6:15 AM,Property damage only (none injured),2,0,0,"Sideswipe, same direction",V1: Travelling straight ahead / V2:Travelling straight ahead,V1:Eastbound / V2:Eastbound ,V1: Collision with motor vehicle in traffic / V2: Collision with motor vehicle in traffic ,V1: Passenger car / V2:Truck/trailer,Dry,Dark - lighted roadway,Clear,,Rte 90 E,,Exit 22 on Rte 90 E,,,234741.7413,899775.696
3993734,BOSTON,29-Dec-2014,10:45 AM,Property damage only (none injured),2,0,0,Rear-end,V1: Slowing or stopped in traffic / V2:Travelling straight ahead,V1:Southbound / V2:Southbound ,V1: Collision with motor vehicle in traffic / V2: Collision with motor vehicle in traffic ,"V1: Light truck(van, mini-van, panel, pickup, sport utility) with only four tires / V2:Light truck(van, mini-van, panel, pickup, sport utility) with only four tires",Dry,Daylight,Clear,,Rte 93,,Exit 13 on Rte 93,,,237399.8866,894072.472
3991145,BOSTON,29-Dec-2014,3:01 PM,Property damage only (none injured),2,0,0,Rear-end,V1: Travelling straight ahead / V2:Travelling straight ahead,V1:Southbound / V2:Southbound ,V1: Collision with motor vehicle in traffic / V2: Collision with motor vehicle in traffic ,V1: Passenger car / V2:Passenger car,Dry,Daylight,Clear,,Rte 93 S,,Exit 18 on Rte 93 S,,,236013.2783,899092.9981
3991121,BOSTON,29-Dec-2014,4:45 PM,Property damage only (none injured),3,0,0,"Sideswipe, same direction",V1: Travelling straight ahead / V2:Travelling straight ahead / V3:Travelling straight ahead,V1:Northbound / V2:Northbound / V3:Northbound ,V1: Collision with motor vehicle in traffic / V2: Collision with median barrier / V3: Collision with motor vehicle in traffic ,"V1: Passenger car / V2:Passenger car / V3:Light truck(van, mini-van, panel, pickup, sport utility) with only four tires",Dry,Dark - lighted roadway,Clear,,Rte 93 N,Rte 93  N Milemarker 16.9,,,,236742.6233,900426.5825
3997526,BOSTON,29-Dec-2014,6:12 PM,Property damage only (none injured),2,0,0,Rear-end,V1: Travelling straight ahead / V2:Travelling straight ahead,V1:Northbound / V2:Northbound ,V1: Collision with motor vehicle in traffic / V2: Collision with motor vehicle in traffic ,V1: Passenger car / V2:Passenger car,Dry,Dark - lighted roadway,Clear,,Rte 93 N,,,,,,
4027602,BOSTON (CHARLESTOWN),29-Dec-2014,8:00 PM,Not Reported,1,0,0,Single vehicle crash,V1: Turning left,V1:Southbound ,"V1: Collision with other fixed object (wall, building, tunnel, etc.) ","V1: Light truck(van, mini-van, panel, pickup, sport utility) with only four tires",Dry,Dark - lighted roadway,Clear/Other,,RUTHERFORD AVENUE / MISHAWU STREET,,,,,235177.0006,903706.0316
3990946,BOSTON,29-Dec-2014,8:15 PM,Property damage only (none injured),1,0,0,Single vehicle crash,V1: Leaving traffic lane,V1:Westbound ,V1: Collision with motor vehicle in traffic ,"V1: Light truck(van, mini-van, panel, pickup, sport utility) with only four tires",Dry,Dark - lighted roadway,Clear,,RAMP-RT 90 WB TO RT 90 EB,,Exit 20 on Rte 90 W,IC 20,,231300.3852,900826.1764
3988395,BOSTON,29-Dec-2014,9:55 PM,Property damage only (none injured),1,0,0,Single vehicle crash,V1: Travelling straight ahead,V1:Southbound ,V1: Collision with ditch ,V1: Passenger car,Dry,Dark - lighted roadway,Clear,,ENNEKING PARKWAY Rte UNKNOW / TURTLE POND PARKWAY,,,,,229687.9375,889839.1252
3990243,BOSTON,30-Dec-2014,00:00 AM,Non-fatal injury,1,1,0,Single vehicle crash,V1: Travelling straight ahead,V1:Eastbound ,V1: Collision with motor vehicle in traffic ,V1: Motorcycle,Dry,Dark - lighted roadway,Not Reported,,SOLDIERS FIELD ROAD / RAMP-SOLDIERS FIELD RD EB TO N HARVARD S,,,HARVARD TURN,"P2:Other non-motorist (wheelchair, etc.)",230822.9723,902130.0513
4075039,BOSTON,30-Dec-2014,12:30 PM,Property damage only (none injured),1,0,0,Single vehicle crash,V1: Turning left,V1:Northbound ,V1: Collision with fence ,V1: Passenger car,Dry,Daylight,Clear,COREY ROAD / SUMMIT AVENUE,,,,,,229808.5002,899355.5627
4031748,BOSTON,30-Dec-2014,1:57 PM,Not Reported,2,0,0,Rear-end,V1: Not reported / V2:Not reported,V1:Not reported / V2:Not reported ,V1: Not reported / V2: Not reported ,"V1: Light truck(van, mini-van, panel, pickup, sport utility) with only four tires / V2:Passenger car",Dry,Daylight,Clear,COLUMBUS AVENUE / HEATH STREET,,,,,,233100.8312,897238.0956
3990669,BOSTON,30-Dec-2014,6:42 PM,Property damage only (none injured),2,0,0,Rear-end,V1: Slowing or stopped in traffic / V2:Travelling straight ahead,V1:Southbound / V2:Southbound ,V1: Collision with motor vehicle in traffic / V2: Collision with motor vehicle in traffic ,V1: Passenger car / V2:Passenger car,Dry,Dark - lighted roadway,Clear,,GENERAL CASIMIR PULASKI SKYWAY Rte 93 S / RAMP - RT 93 SB TO RT 3A SB,,Exit 16 on Rte 93 S,,,236388.1605,897517.5198
3990947,BOSTON,30-Dec-2014,11:00 PM,Non-fatal injury,1,1,0,Single vehicle crash,V1: Leaving traffic lane,V1:Southbound ,V1: Reported but invalid ,V1: Passenger car,Dry,Dark - lighted roadway,Clear,CONGRESS STREET / PURCHASE STREET,,,,RS RAMP FROM PURCHASE STREET,,236737.7735,900497.1333
4002227,BOSTON,30-Dec-2014,11:30 PM,Not Reported,2,0,0,Not reported,V1: Not reported / V2:Not reported,V1:Not reported / V2:Not reported ,V1: Not reported / V2: Not reported ,V1: Other / V2:Passenger car,Not reported,Not reported,Not Reported,BROOKLINE AVENUE / RIVERWAY,,,,,,232136.0747,898499.2837
3998541,BOSTON,31-Dec-2014,1:50 AM,Property damage only (none injured),2,0,0,Rear-end,V1: Travelling straight ahead / V2:Travelling straight ahead,V1:Eastbound / V2:Eastbound ,V1: Collision with motor vehicle in traffic / V2: Collision with motor vehicle in traffic ,V1: Passenger car / V2:Passenger car,Dry,Dark - lighted roadway,Clear,,WILLIAM T MORRISSEY BOULEVARD / FREEPORT STREET,,,,,237303.2186,893602.3749
3991764,BOSTON,31-Dec-2014,3:01 AM,Non-fatal injury,1,2,0,Single vehicle crash,V1: Turning left,V1:Eastbound ,V1: Collision with guardrail ,V1: Passenger car,Dry,Dark - lighted roadway,Clear,MASSACHUSETTS AVENUE CONNECTOR / FRONTAGE ROAD,,,,MASS AVE,,235865.0173,898419.1854
4029062,BOSTON (SOUTH BOSTON),31-Dec-2014,7:45 AM,Non-fatal injury,1,1,0,Head-on,V1: Turning left,V1:Northbound ,V1: Collision with pedestrian ,V1: Passenger car,Dry,Daylight,Clear,WEST BROADWAY / F STREET,,,,,P2:Pedestrian,237268.7657,898578.7502
4009794,BOSTON (DORCHESTER),31-Dec-2014,10:09 AM,Property damage only (none injured),2,0,0,Not reported,V1: Entering traffic lane / V2:Travelling straight ahead,V1:Not reported / V2:Not reported ,V1: Collision with motor vehicle in traffic / V2: Collision with motor vehicle in traffic ,V1: Passenger car / V2:Passenger car,Not reported,Daylight,Not Reported,DORCHESTER AVENUE / GIBSON STREET,,,,,,236197.4374,894173.75
3993967,BOSTON,31-Dec-2014,11:55 AM,Property damage only (none injured),1,0,0,Single vehicle crash,V1: Leaving traffic lane,V1:Northbound ,V1: Collision with guardrail ,V1: Passenger car,Dry,Daylight,Clear,,Rte 93 N,,Exit 14 on Rte 93 N,,,237258.9796,894483.3974
3997763,BOSTON,31-Dec-2014,12:30 PM,Property damage only (none injured),2,0,0,Angle,V1: Travelling straight ahead / V2:Travelling straight ahead,V1:Southbound / V2:Eastbound ,V1: Collision with motor vehicle in traffic / V2: Collision with motor vehicle in traffic ,"V1: Passenger car / V2:Light truck(van, mini-van, panel, pickup, sport utility) with only four tires",Dry,Daylight,Clear,,BACK STREET / CLARENDON STREET,,,,,234829.2352,900557.7935
4009814,BOSTON (DORCHESTER),31-Dec-2014,6:33 PM,Property damage only (none injured),2,0,0,Angle,V1: Turning left / V2:Not reported,V1:Not reported / V2:Not reported ,V1: Collision with motor vehicle in traffic / V2: Not reported ,V1: Passenger car / V2:Unknown vehicle configuration,Dry,Dark - lighted roadway,Clear/Clear,DORCHESTER AVENUE / LINDEN STREET,,,,,,236377.453,895152.5624
3998886,BOSTON,31-Dec-2014,10:59 PM,Property damage only (none injured),2,0,0,"Sideswipe, same direction",V1: Turning left / V2:Travelling straight ahead,V1:Southbound / V2:Westbound ,V1: Collision with motor vehicle in traffic / V2: Collision with motor vehicle in traffic ,V1: Passenger car / V2:Passenger car,Dry,Dark - lighted roadway,Clear,MASSACHUSETTS TURNPIKE Rte I90 W / RAMP-CAMBRIDGE ST/WESTERN AVE TO RT 90 W,,,,ALONGSIDE DOUBLETREE HOTEL,,230739.6111,900798.6583